customer_id,last_order,frequency,monetary,recency,R,F,M,segment
1,2024-05-09,5,122996.75,237,1,5,4,Loyal
2,2024-06-23,1,4265.02,192,1,1,1,Lost
3,2024-12-18,5,128418.48,14,5,5,5,Champions
4,2024-12-27,8,146348.74,5,5,5,5,Champions
5,2024-06-12,2,10419.15,203,1,2,1,Lost
6,2024-11-17,6,191847.93,45,4,5,5,Champions
7,2023-12-17,2,49212.23,381,1,2,3,Lost
8,2024-12-26,1,416.79,6,5,1,1,New / Promising
9,2024-06-01,2,12000.69,214,1,2,1,Lost
10,2024-05-28,3,25367.76,218,1,3,2,At Risk
12,2024-12-11,1,25040.02,21,4,1,2,New / Promising
13,2024-11-15,6,154738.02,47,3,5,5,Loyal
14,2024-09-22,2,22906.64,101,2,2,1,Lost
15,2024-10-08,2,32354.64,85,2,2,2,Lost
16,2024-10-17,2,35782.13,76,3,2,2,Needs Attention
17,2024-05-28,2,39734.01,218,1,2,2,Lost
18,2024-11-04,5,61351.58,58,3,5,3,Loyal
19,2024-11-17,3,7593.55,45,4,3,1,Needs Attention
20,2024-06-24,2,33521.43,191,1,2,2,Lost
21,2024-09-15,2,5974.04,108,2,2,1,Lost
22,2023-09-22,4,80210.72,467,1,4,4,Loyal
24,2024-11-21,1,24035.28,41,4,1,2,New / Promising
25,2024-12-15,2,13688.62,17,5,2,1,New / Promising
26,2024-10-15,2,21683.27,78,3,2,1,Needs Attention
27,2024-12-23,2,70860.55,9,5,2,3,New / Promising
28,2024-11-29,5,35895.64,33,4,5,2,Champions
29,2024-12-03,3,14501.64,29,4,3,1,Needs Attention
30,2024-07-16,2,85643.46,169,2,2,4,Lost
31,2024-12-23,1,16555.23,9,5,1,1,New / Promising
32,2024-02-02,2,21724.07,334,1,2,1,Lost
34,2024-12-10,6,145113.47,22,4,5,5,Champions
35,2024-12-02,1,29285.6,30,4,1,2,New / Promising
36,2024-04-28,3,59549.56,248,1,3,3,At Risk
37,2024-12-22,4,110832.26,10,5,4,4,Champions
38,2024-07-24,1,2165.41,161,2,1,1,Lost
39,2024-10-17,3,45477.32,76,3,3,2,Needs Attention
40,2024-08-08,1,1070.4,146,2,1,1,Lost
41,2024-09-20,3,38583.45,103,2,3,2,At Risk
42,2024-12-11,9,94058.54,21,4,5,4,Champions
43,2024-09-03,1,26830.08,120,2,1,2,Lost
44,2023-11-04,2,37117.25,424,1,2,2,Lost
45,2024-04-04,4,42975.14,272,1,4,2,Loyal
46,2024-12-12,4,97322.81,20,5,4,4,Champions
47,2024-10-14,1,6186.18,79,3,1,1,Needs Attention
48,2024-05-22,1,4159.83,224,1,1,1,Lost
49,2024-12-18,9,177485.68,14,5,5,5,Champions
51,2024-10-31,7,170374.45,62,3,5,5,Loyal
52,2024-12-12,1,36994.71,20,5,1,2,New / Promising
53,2024-12-27,7,74609.98,5,5,5,3,Champions
54,2023-11-30,1,11409.18,398,1,1,1,Lost
55,2023-11-01,1,23414.55,427,1,1,2,Lost
56,2024-02-22,2,42053.11,314,1,2,2,Lost
58,2024-04-05,9,188324.95,271,1,5,5,Loyal
59,2024-12-01,4,126465.62,31,4,4,5,Champions
60,2024-12-08,5,99738.41,24,4,5,4,Champions
61,2024-11-30,2,55462.33,32,4,2,3,New / Promising
62,2024-11-07,5,78059.87,55,3,5,4,Loyal
63,2024-12-21,3,41483.21,11,5,3,2,Needs Attention
64,2024-10-29,1,5807.28,64,3,1,1,Needs Attention
65,2024-09-20,2,56302.3,103,2,2,3,Lost
67,2024-12-06,5,265017.96,26,4,5,5,Champions
68,2024-12-21,3,58203.21,11,5,3,3,Needs Attention
69,2024-10-05,4,96743.47,88,2,4,4,Loyal
70,2024-12-28,17,368496.62,4,5,5,5,Champions
71,2024-11-11,3,48279.38,51,3,3,3,Needs Attention
72,2024-07-29,2,28207.66,156,2,2,2,Lost
73,2023-12-30,2,49887.02,368,1,2,3,Lost
74,2024-12-26,3,69651.66,6,5,3,3,Needs Attention
76,2024-12-31,2,20857.39,1,5,2,1,New / Promising
77,2024-11-23,4,92947.86,39,4,4,4,Champions
78,2024-12-18,4,65965.33,14,5,4,3,Champions
79,2024-10-18,1,2220.21,75,3,1,1,Needs Attention
80,2024-12-12,6,57616.83,20,5,5,3,Champions
81,2024-12-30,5,59359.66,2,5,5,3,Champions
83,2024-12-25,3,97137.47,7,5,3,4,Needs Attention
84,2024-12-19,4,77304.84,13,5,4,4,Champions
85,2024-12-17,13,243403.31,15,5,5,5,Champions
86,2024-09-05,2,36654.88,118,2,2,2,Lost
87,2024-11-09,4,37360.87,53,3,4,2,Loyal
88,2024-06-29,3,52846.97,186,1,3,3,At Risk
89,2024-10-08,3,93009.63,85,2,3,4,At Risk
91,2024-06-12,2,24168.59,203,1,2,2,Lost
92,2024-09-23,1,6692.56,100,2,1,1,Lost
93,2024-12-27,10,161238.48,5,5,5,5,Champions
94,2024-12-17,1,17979.54,15,5,1,1,New / Promising
95,2024-11-11,2,5384.37,51,3,2,1,Needs Attention
96,2024-12-12,5,105525.14,20,5,5,4,Champions
97,2024-12-29,3,51105.31,3,5,3,3,Needs Attention
98,2024-12-07,5,42382.02,25,4,5,2,Champions
99,2024-12-19,9,153757.1,13,5,5,5,Champions
100,2024-12-03,8,180265.39,29,4,5,5,Champions
102,2023-11-19,3,123550.56,409,1,3,4,At Risk
103,2024-10-12,4,40464.99,81,3,4,2,Loyal
105,2024-07-31,1,7299.05,154,2,1,1,Lost
106,2024-12-19,9,89748.87,13,5,5,4,Champions
107,2024-11-28,6,111728.44,34,4,5,4,Champions
108,2024-12-30,18,332036.11,2,5,5,5,Champions
111,2024-11-29,1,45365.67,33,4,1,2,New / Promising
112,2024-12-14,5,60261.26,18,5,5,3,Champions
114,2024-06-23,6,99213.5,192,1,5,4,Loyal
115,2024-09-28,4,66588.12,95,2,4,3,Loyal
116,2024-08-29,2,46336.4,125,2,2,3,Lost
117,2024-12-22,9,184111.16,10,5,5,5,Champions
118,2024-03-09,2,32604.87,298,1,2,2,Lost
119,2024-06-03,4,86485.65,212,1,4,4,Loyal
120,2024-12-27,7,75098.08,5,5,5,3,Champions
121,2024-12-25,2,36229.94,7,5,2,2,New / Promising
122,2024-08-02,4,148369.52,152,2,4,5,Loyal
123,2024-10-11,1,3413.92,82,3,1,1,Needs Attention
124,2024-12-03,13,202650.6,29,4,5,5,Champions
125,2024-12-31,6,76846.39,1,5,5,4,Champions
126,2024-12-03,6,77733.05,29,4,5,4,Champions
127,2024-11-05,4,123948.31,57,3,4,5,Loyal
128,2024-11-25,3,72481.41,37,4,3,3,Needs Attention
129,2024-11-28,2,16469.16,34,4,2,1,New / Promising
130,2024-12-15,9,319584.85,17,5,5,5,Champions
131,2024-03-23,4,51749.3,284,1,4,3,Loyal
132,2024-11-26,6,209796.57,36,4,5,5,Champions
133,2023-09-25,1,22281.52,464,1,1,1,Lost
134,2024-10-24,2,76146.73,69,3,2,3,Needs Attention
135,2024-11-05,3,42461.95,57,3,3,2,Needs Attention
136,2024-12-24,9,148955.72,8,5,5,5,Champions
137,2024-09-19,1,8903.73,104,2,1,1,Lost
138,2024-02-24,4,46833.31,312,1,4,3,Loyal
140,2024-06-22,1,21888.14,193,1,1,1,Lost
141,2024-10-12,4,23411.28,81,3,4,2,Loyal
142,2024-10-04,1,20998.6,89,2,1,1,Lost
143,2024-12-24,4,71003.64,8,5,4,3,Champions
144,2024-04-12,1,11442.35,264,1,1,1,Lost
146,2024-12-26,4,81531.04,6,5,4,4,Champions
147,2024-11-12,3,22761.0,50,3,3,1,Needs Attention
148,2024-09-20,1,13737.9,103,2,1,1,Lost
149,2024-11-24,10,86731.0,38,4,5,4,Champions
150,2024-10-02,4,77796.04,91,2,4,4,Loyal
151,2024-09-25,4,90255.59,98,2,4,4,Loyal
153,2024-10-30,3,77940.1,63,3,3,4,Needs Attention
154,2024-10-11,4,55177.65,82,3,4,3,Loyal
155,2024-12-24,2,51465.99,8,5,2,3,New / Promising
156,2024-12-07,9,143853.82,25,4,5,5,Champions
157,2024-08-01,1,17658.52,153,2,1,1,Lost
158,2023-12-24,1,3987.56,374,1,1,1,Lost
159,2024-08-18,2,72104.47,136,2,2,3,Lost
161,2024-11-05,5,102631.36,57,3,5,4,Loyal
162,2024-12-14,5,128254.87,18,5,5,5,Champions
163,2024-11-02,8,68007.63,60,3,5,3,Loyal
164,2024-11-18,9,181273.21,44,4,5,5,Champions
165,2024-09-19,2,9787.81,104,2,2,1,Lost
166,2024-10-30,6,105455.65,63,3,5,4,Loyal
167,2024-12-30,6,164017.15,2,5,5,5,Champions
170,2024-10-22,2,48114.0,71,3,2,3,Needs Attention
171,2024-10-29,11,303611.84,64,3,5,5,Loyal
172,2024-09-30,4,77277.75,93,2,4,4,Loyal
173,2024-10-14,6,163512.84,79,3,5,5,Loyal
174,2024-06-20,3,108822.69,195,1,3,4,At Risk
175,2024-11-01,16,348365.55,61,3,5,5,Loyal
176,2024-12-29,2,40830.48,3,5,2,2,New / Promising
177,2024-08-26,1,18290.06,128,2,1,1,Lost
178,2024-04-27,1,8756.66,249,1,1,1,Lost
179,2024-06-24,1,995.7,191,1,1,1,Lost
180,2024-05-09,2,62561.61,237,1,2,3,Lost
181,2024-12-28,8,121296.21,4,5,5,4,Champions
182,2023-05-08,1,65787.1,604,1,1,3,Lost
184,2024-12-16,6,138806.7,16,5,5,5,Champions
185,2024-12-21,3,52716.56,11,5,3,3,Needs Attention
186,2024-10-15,3,42352.92,78,3,3,2,Needs Attention
187,2024-12-12,5,64196.92,20,5,5,3,Champions
188,2023-08-18,1,14558.65,502,1,1,1,Lost
189,2024-03-16,2,109651.5,291,1,2,4,Lost
190,2024-12-23,5,103908.2,9,5,5,4,Champions
191,2024-03-23,1,20322.29,284,1,1,1,Lost
192,2024-12-06,10,202762.27,26,4,5,5,Champions
193,2024-11-07,7,135451.99,55,3,5,5,Loyal
194,2024-12-06,7,136251.0,26,4,5,5,Champions
195,2024-11-08,3,50078.83,54,3,3,3,Needs Attention
196,2024-12-29,4,77727.38,3,5,4,4,Champions
197,2024-09-04,8,134955.44,119,2,5,5,Loyal
198,2024-08-01,2,39215.83,153,2,2,2,Lost
199,2023-12-12,1,6455.02,386,1,1,1,Lost
200,2024-12-06,3,79732.64,26,4,3,4,Needs Attention
201,2024-07-22,3,27323.96,163,2,3,2,At Risk
203,2024-10-10,6,89779.99,83,3,5,4,Loyal
204,2024-08-17,4,111504.21,137,2,4,4,Loyal
206,2024-10-10,2,6098.28,83,3,2,1,Needs Attention
207,2024-10-15,5,42222.17,78,3,5,2,Loyal
208,2024-08-21,1,16441.2,133,2,1,1,Lost
209,2024-01-28,1,26330.89,339,1,1,2,Lost
210,2024-12-25,4,55674.57,7,5,4,3,Champions
211,2024-12-29,3,22858.78,3,5,3,1,Needs Attention
212,2024-05-17,2,39705.98,229,1,2,2,Lost
213,2024-12-21,4,120707.72,11,5,4,4,Champions
214,2024-12-22,6,110494.55,10,5,5,4,Champions
215,2024-12-10,4,38235.63,22,4,4,2,Champions
216,2023-11-06,2,57528.17,422,1,2,3,Lost
217,2023-09-14,1,92243.9,475,1,1,4,Lost
218,2024-11-11,7,55310.77,51,3,5,3,Loyal
219,2024-05-05,2,36524.39,241,1,2,2,Lost
220,2024-12-26,6,125427.08,6,5,5,5,Champions
222,2024-12-13,7,126996.75,19,5,5,5,Champions
223,2024-09-04,1,8471.26,119,2,1,1,Lost
225,2024-09-13,1,24625.19,110,2,1,2,Lost
226,2024-10-22,2,23410.35,71,3,2,2,Needs Attention
228,2024-07-30,3,30053.79,155,2,3,2,At Risk
229,2024-12-15,5,185102.82,17,5,5,5,Champions
230,2024-12-12,2,69462.19,20,5,2,3,New / Promising
231,2024-12-01,5,119872.29,31,4,5,4,Champions
232,2024-12-13,4,66445.36,19,5,4,3,Champions
233,2023-10-12,2,70619.08,447,1,2,3,Lost
234,2024-09-15,2,14903.23,108,2,2,1,Lost
235,2024-12-08,6,102959.65,24,4,5,4,Champions
237,2024-09-18,4,133048.77,105,2,4,5,Loyal
238,2024-02-22,1,32745.87,314,1,1,2,Lost
239,2024-11-12,2,53720.86,50,3,2,3,Needs Attention
240,2024-07-17,4,94368.87,168,2,4,4,Loyal
241,2024-12-20,4,72681.89,12,5,4,3,Champions
242,2024-07-31,1,9002.7,154,2,1,1,Lost
243,2024-12-01,4,147931.73,31,4,4,5,Champions
244,2024-01-12,1,15038.51,355,1,1,1,Lost
245,2024-09-02,3,42210.53,121,2,3,2,At Risk
246,2024-12-15,4,55180.0,17,5,4,3,Champions
247,2024-11-22,13,227136.14,40,4,5,5,Champions
248,2024-05-06,2,26580.96,240,1,2,2,Lost
249,2024-10-25,2,21497.12,68,3,2,1,Needs Attention
250,2024-12-19,8,111075.91,13,5,5,4,Champions
251,2024-10-17,6,110206.14,76,3,5,4,Loyal
252,2024-06-25,3,118067.32,190,1,3,4,At Risk
253,2024-12-27,9,192294.85,5,5,5,5,Champions
254,2024-12-06,7,102702.35,26,4,5,4,Champions
255,2024-09-02,3,51227.44,121,2,3,3,At Risk
256,2024-09-25,3,30516.2,98,2,3,2,At Risk
257,2024-11-30,1,5260.7,32,4,1,1,New / Promising
258,2023-07-20,1,2138.23,531,1,1,1,Lost
259,2024-10-10,6,112848.26,83,3,5,4,Loyal
260,2024-08-08,2,39127.5,146,2,2,2,Lost
261,2024-12-05,13,235339.6,27,4,5,5,Champions
262,2024-09-17,2,51897.75,106,2,2,3,Lost
263,2024-06-28,3,130656.75,187,1,3,5,At Risk
264,2024-12-13,6,69400.04,19,5,5,3,Champions
265,2024-07-13,1,3323.12,172,2,1,1,Lost
266,2024-07-15,3,47533.3,170,2,3,3,At Risk
267,2024-03-07,2,4976.88,300,1,2,1,Lost
268,2024-09-25,3,63381.35,98,2,3,3,At Risk
270,2024-12-06,5,134024.29,26,4,5,5,Champions
271,2024-09-19,7,181399.24,104,2,5,5,Loyal
272,2024-12-11,4,106803.39,21,4,4,4,Champions
273,2024-12-19,11,182311.88,13,5,5,5,Champions
274,2024-11-06,3,47830.53,56,3,3,3,Needs Attention
275,2024-12-26,7,152778.49,6,5,5,5,Champions
276,2024-11-28,10,230495.3,34,4,5,5,Champions
277,2024-12-20,6,143542.4,12,5,5,5,Champions
278,2024-12-13,6,75741.06,19,5,5,3,Champions
281,2024-03-31,2,31839.2,276,1,2,2,Lost
282,2024-04-22,2,30265.93,254,1,2,2,Lost
283,2024-11-28,8,225179.59,34,4,5,5,Champions
284,2024-03-13,1,6876.78,294,1,1,1,Lost
285,2024-08-04,1,2339.17,150,2,1,1,Lost
286,2024-11-05,8,120888.1,57,3,5,4,Loyal
287,2023-11-15,2,15006.69,413,1,2,1,Lost
288,2024-11-17,8,125996.42,45,4,5,5,Champions
289,2024-12-27,3,34812.9,5,5,3,2,Needs Attention
290,2024-11-04,9,161275.97,58,3,5,5,Loyal
291,2024-11-22,5,120407.74,40,4,5,4,Champions
292,2024-10-19,2,35164.28,74,3,2,2,Needs Attention
293,2024-08-03,2,17713.39,151,2,2,1,Lost
294,2024-07-28,2,8201.25,157,2,2,1,Lost
295,2023-10-26,1,14591.73,433,1,1,1,Lost
296,2024-05-12,5,134075.6,234,1,5,5,Loyal
297,2024-09-25,3,111586.74,98,2,3,4,At Risk
298,2024-09-20,1,15736.65,103,2,1,1,Lost
299,2024-12-27,2,31808.99,5,5,2,2,New / Promising
300,2024-11-28,4,48966.5,34,4,4,3,Champions
301,2024-11-05,3,31495.53,57,3,3,2,Needs Attention
302,2024-11-05,4,61926.5,57,3,4,3,Loyal
303,2023-10-01,2,33472.61,458,1,2,2,Lost
304,2024-12-06,9,151132.6,26,4,5,5,Champions
305,2024-10-17,11,153265.81,76,3,5,5,Loyal
306,2024-05-04,2,48553.04,242,1,2,3,Lost
307,2024-07-22,3,72372.44,163,2,3,3,At Risk
308,2024-12-13,5,121590.21,19,5,5,4,Champions
309,2023-10-29,1,23660.52,430,1,1,2,Lost
310,2024-09-23,6,90038.4,100,2,5,4,Loyal
311,2024-12-06,4,38389.11,26,4,4,2,Champions
312,2024-12-06,6,98983.18,26,4,5,4,Champions
313,2024-10-07,2,12514.91,86,2,2,1,Lost
314,2023-09-02,1,5183.97,487,1,1,1,Lost
315,2024-10-27,8,226543.64,66,3,5,5,Loyal
316,2024-12-12,2,14832.66,20,5,2,1,New / Promising
317,2024-12-02,6,156655.31,30,4,5,5,Champions
318,2024-12-06,2,12503.03,26,4,2,1,New / Promising
319,2024-10-31,1,30719.03,62,3,1,2,Needs Attention
320,2024-12-23,5,139765.08,9,5,5,5,Champions
321,2024-05-03,2,77473.69,243,1,2,4,Lost
322,2024-12-12,1,52725.72,20,5,1,3,New / Promising
323,2024-10-16,4,145388.02,77,3,4,5,Loyal
324,2024-11-30,3,73618.82,32,4,3,3,Needs Attention
325,2024-11-27,6,101418.48,35,4,5,4,Champions
326,2024-12-29,4,102435.15,3,5,4,4,Champions
327,2023-11-18,1,13617.96,410,1,1,1,Lost
329,2024-09-16,3,20608.07,107,2,3,1,At Risk
330,2024-07-12,1,10579.33,173,2,1,1,Lost
331,2024-10-30,3,66507.19,63,3,3,3,Needs Attention
332,2024-10-13,2,68776.5,80,3,2,3,Needs Attention
333,2024-11-14,7,166513.23,48,3,5,5,Loyal
334,2024-09-30,5,128045.16,93,2,5,5,Loyal
335,2024-12-08,3,75744.57,24,4,3,3,Needs Attention
336,2024-11-18,2,103762.66,44,4,2,4,New / Promising
337,2024-10-08,1,16354.83,85,2,1,1,Lost
338,2024-07-22,3,33100.77,163,2,3,2,At Risk
339,2024-07-04,1,10512.26,181,2,1,1,Lost
341,2024-08-10,2,22973.6,144,2,2,1,Lost
342,2024-05-28,2,44471.06,218,1,2,2,Lost
343,2024-12-11,2,45225.55,21,4,2,2,New / Promising
344,2024-11-23,1,9240.61,39,4,1,1,New / Promising
346,2024-12-05,4,44861.17,27,4,4,2,Champions
347,2024-10-09,4,90510.02,84,2,4,4,Loyal
348,2024-12-08,3,76447.5,24,4,3,3,Needs Attention
349,2024-12-08,10,122436.26,24,4,5,4,Champions
350,2024-12-21,1,47831.27,11,5,1,3,New / Promising
351,2024-11-06,9,175800.36,56,3,5,5,Loyal
352,2024-07-17,3,137146.18,168,2,3,5,At Risk
353,2024-05-25,2,49704.23,221,1,2,3,Lost
354,2024-09-12,4,46374.39,111,2,4,3,Loyal
355,2024-09-28,2,4666.21,95,2,2,1,Lost
356,2024-12-24,7,108901.5,8,5,5,4,Champions
357,2023-12-03,2,23779.91,395,1,2,2,Lost
359,2024-07-20,4,140997.53,165,2,4,5,Loyal
360,2024-03-08,1,1240.67,299,1,1,1,Lost
361,2024-09-19,6,84415.04,104,2,5,4,Loyal
362,2024-12-16,6,78563.32,16,5,5,4,Champions
363,2024-12-30,8,89724.3,2,5,5,4,Champions
364,2024-12-15,3,54423.61,17,5,3,3,Needs Attention
367,2024-12-19,1,19466.63,13,5,1,1,New / Promising
368,2023-09-20,2,17385.35,469,1,2,1,Lost
370,2024-09-20,2,68305.2,103,2,2,3,Lost
372,2024-12-26,5,87150.55,6,5,5,4,Champions
373,2024-08-15,3,42444.65,139,2,3,2,At Risk
374,2024-12-26,11,196264.6,6,5,5,5,Champions
375,2024-10-30,8,147176.7,63,3,5,5,Loyal
376,2024-08-04,11,207456.37,150,2,5,5,Loyal
377,2024-10-07,6,95025.81,86,2,5,4,Loyal
378,2024-10-04,3,41580.69,89,2,3,2,At Risk
380,2024-12-23,2,20478.64,9,5,2,1,New / Promising
381,2023-08-17,1,24779.27,503,1,1,2,Lost
382,2024-12-20,6,45934.38,12,5,5,3,Champions
383,2024-11-26,2,37047.72,36,4,2,2,New / Promising
384,2024-10-21,10,140207.76,72,3,5,5,Loyal
385,2024-11-08,1,14372.42,54,3,1,1,Needs Attention
386,2024-11-29,11,198422.68,33,4,5,5,Champions
387,2024-09-30,1,5101.94,93,2,1,1,Lost
388,2024-12-26,9,166792.03,6,5,5,5,Champions
389,2024-11-04,1,1141.48,58,3,1,1,Needs Attention
390,2024-06-30,2,24762.46,185,1,2,2,Lost
391,2024-10-23,6,75180.7,70,3,5,3,Loyal
393,2024-07-19,2,18332.49,166,2,2,1,Lost
394,2024-10-13,4,44575.3,80,3,4,2,Loyal
395,2024-10-30,4,51904.53,63,3,4,3,Loyal
396,2024-12-05,8,108634.37,27,4,5,4,Champions
397,2024-05-04,3,37356.43,242,1,3,2,At Risk
398,2024-12-12,6,74374.32,20,5,5,3,Champions
399,2024-12-30,14,219258.57,2,5,5,5,Champions
400,2024-11-14,1,18290.06,48,3,1,1,Needs Attention
401,2024-12-22,6,97672.02,10,5,5,4,Champions
402,2024-06-19,2,51210.72,196,1,2,3,Lost
403,2024-10-29,4,53812.25,64,3,4,3,Loyal
404,2024-11-06,6,48709.69,56,3,5,3,Loyal
405,2024-10-20,3,75837.98,73,3,3,3,Needs Attention
406,2024-11-10,4,50787.95,52,3,4,3,Loyal
407,2024-06-05,3,47091.32,210,1,3,3,At Risk
409,2024-11-25,4,121456.19,37,4,4,4,Champions
410,2024-10-19,8,157451.18,74,3,5,5,Loyal
412,2024-12-22,8,105157.22,10,5,5,4,Champions
413,2023-11-30,1,15058.26,398,1,1,1,Lost
414,2023-09-17,1,25330.22,472,1,1,2,Lost
415,2024-08-25,3,37802.3,129,2,3,2,At Risk
416,2024-11-10,1,4042.52,52,3,1,1,Needs Attention
417,2024-10-20,2,47754.57,73,3,2,3,Needs Attention
418,2024-11-07,5,80885.72,55,3,5,4,Loyal
420,2024-07-15,1,29803.54,170,2,1,2,Lost
421,2024-11-12,5,91607.02,50,3,5,4,Loyal
422,2024-09-15,1,11308.68,108,2,1,1,Lost
423,2024-06-11,1,19639.12,204,1,1,1,Lost
424,2024-07-30,2,36872.96,155,2,2,2,Lost
425,2024-12-11,2,39683.38,21,4,2,2,New / Promising
426,2024-10-08,1,29295.75,85,2,1,2,Lost
427,2024-12-26,9,196136.34,6,5,5,5,Champions
428,2024-08-16,4,81107.99,138,2,4,4,Loyal
429,2024-03-16,3,29214.61,291,1,3,2,At Risk
430,2024-11-30,3,28375.44,32,4,3,2,Needs Attention
431,2024-11-10,4,75493.83,52,3,4,3,Loyal
432,2024-09-29,1,20942.87,94,2,1,1,Lost
433,2024-08-31,4,69722.3,123,2,4,3,Loyal
434,2024-05-16,4,72978.44,230,1,4,3,Loyal
436,2024-10-08,5,98825.22,85,2,5,4,Loyal
437,2024-10-07,5,27192.27,86,2,5,2,Loyal
438,2024-11-14,9,125619.23,48,3,5,5,Loyal
439,2024-11-07,6,142592.13,55,3,5,5,Loyal
440,2023-12-16,2,72541.23,382,1,2,3,Lost
441,2024-12-13,5,44466.2,19,5,5,2,Champions
442,2024-08-11,3,82065.92,143,2,3,4,At Risk
443,2024-07-14,5,128080.82,171,2,5,5,Loyal
444,2024-12-23,4,83538.3,9,5,4,4,Champions
445,2024-12-30,10,173769.0,2,5,5,5,Champions
446,2024-10-15,1,9176.96,78,3,1,1,Needs Attention
447,2024-04-05,1,8494.28,271,1,1,1,Lost
448,2024-12-22,6,204003.17,10,5,5,5,Champions
449,2024-05-24,3,44995.52,222,1,3,2,At Risk
450,2024-12-27,8,126209.92,5,5,5,5,Champions
451,2024-12-20,9,166781.83,12,5,5,5,Champions
452,2024-12-31,8,193625.37,1,5,5,5,Champions
453,2024-02-16,1,10141.29,320,1,1,1,Lost
454,2023-03-20,1,32480.26,653,1,1,2,Lost
455,2024-12-23,2,98648.1,9,5,2,4,New / Promising
456,2024-11-27,2,50828.68,35,4,2,3,New / Promising
457,2024-07-05,4,76064.38,180,2,4,3,Loyal
458,2024-11-19,5,42398.89,43,4,5,2,Champions
460,2024-10-22,5,83393.82,71,3,5,4,Loyal
461,2024-11-22,3,110863.77,40,4,3,4,Needs Attention
462,2024-08-21,1,6575.88,133,2,1,1,Lost
463,2024-11-29,2,12856.4,33,4,2,1,New / Promising
464,2023-10-22,2,42302.05,437,1,2,2,Lost
465,2024-12-22,4,52503.42,10,5,4,3,Champions
466,2024-09-28,1,39255.13,95,2,1,2,Lost
467,2024-12-28,2,45588.14,4,5,2,2,New / Promising
468,2024-09-09,1,10912.36,114,2,1,1,Lost
469,2024-08-24,6,156537.97,130,2,5,5,Loyal
470,2024-12-27,2,63929.76,5,5,2,3,New / Promising
471,2024-12-06,2,15146.41,26,4,2,1,New / Promising
472,2024-08-06,1,945.92,148,2,1,1,Lost
473,2024-10-27,6,109756.36,66,3,5,4,Loyal
474,2023-09-13,1,9887.75,476,1,1,1,Lost
475,2024-12-07,3,34645.56,25,4,3,2,Needs Attention
476,2024-11-27,5,108571.42,35,4,5,4,Champions
477,2024-09-30,1,8544.22,93,2,1,1,Lost
478,2024-11-08,6,123570.23,54,3,5,4,Loyal
480,2024-07-29,4,46707.26,156,2,4,3,Loyal
481,2024-11-22,3,51283.16,40,4,3,3,Needs Attention
482,2024-12-02,4,65317.31,30,4,4,3,Champions
483,2024-10-16,2,76054.56,77,3,2,3,Needs Attention
484,2024-12-11,8,84430.04,21,4,5,4,Champions
485,2024-12-03,2,86087.38,29,4,2,4,New / Promising
486,2024-09-17,3,52158.59,106,2,3,3,At Risk
490,2024-04-22,1,15413.52,254,1,1,1,Lost
491,2024-12-31,11,216981.99,1,5,5,5,Champions
493,2024-12-14,3,68417.42,18,5,3,3,Needs Attention
494,2024-10-31,4,59527.39,62,3,4,3,Loyal
496,2024-12-24,6,139716.91,8,5,5,5,Champions
497,2024-12-15,4,53114.27,17,5,4,3,Champions
498,2023-12-02,1,12003.35,396,1,1,1,Lost
499,2024-11-01,3,78489.87,61,3,3,4,Needs Attention
500,2024-12-12,6,176486.43,20,5,5,5,Champions
501,2024-11-30,1,7394.6,32,4,1,1,New / Promising
502,2024-08-31,2,15157.98,123,2,2,1,Lost
503,2024-12-13,3,25203.27,19,5,3,2,Needs Attention
504,2024-12-04,13,273503.42,28,4,5,5,Champions
505,2024-11-20,12,249042.95,42,4,5,5,Champions
506,2024-12-12,18,370062.52,20,5,5,5,Champions
507,2024-12-20,3,45578.31,12,5,3,2,Needs Attention
510,2024-12-13,3,7444.53,19,5,3,1,Needs Attention
511,2024-10-08,1,26739.46,85,2,1,2,Lost
513,2024-09-15,4,79190.6,108,2,4,4,Loyal
514,2024-12-31,5,98397.35,1,5,5,4,Champions
515,2024-11-29,2,36728.7,33,4,2,2,New / Promising
516,2024-11-29,4,60060.66,33,4,4,3,Champions
517,2024-10-28,1,14200.72,65,3,1,1,Needs Attention
518,2024-07-02,3,76265.22,183,1,3,3,At Risk
520,2024-12-12,9,133382.3,20,5,5,5,Champions
521,2024-08-08,3,51371.51,146,2,3,3,At Risk
522,2024-11-15,6,215074.52,47,3,5,5,Loyal
523,2024-10-03,4,148234.53,90,2,4,5,Loyal
524,2024-12-29,6,106248.33,3,5,5,4,Champions
526,2024-12-01,13,240763.68,31,4,5,5,Champions
527,2024-12-30,8,110410.05,2,5,5,4,Champions
528,2024-03-14,1,36960.53,293,1,1,2,Lost
529,2024-12-29,8,152833.31,3,5,5,5,Champions
530,2024-11-03,1,30410.09,59,3,1,2,Needs Attention
531,2024-08-30,1,36691.84,124,2,1,2,Lost
532,2024-11-15,3,59296.74,47,3,3,3,Needs Attention
533,2024-11-15,6,153712.12,47,3,5,5,Loyal
534,2024-12-21,7,110535.67,11,5,5,4,Champions
535,2024-06-26,1,20256.07,189,1,1,1,Lost
536,2024-12-31,5,93481.2,1,5,5,4,Champions
537,2024-09-07,2,30182.55,116,2,2,2,Lost
538,2024-11-23,3,39424.84,39,4,3,2,Needs Attention
539,2024-09-11,6,96608.74,112,2,5,4,Loyal
540,2024-09-05,7,77844.75,118,2,5,4,Loyal
541,2024-12-11,5,61709.29,21,4,5,3,Champions
542,2024-06-11,3,57256.74,204,1,3,3,At Risk
543,2024-08-25,4,64479.35,129,2,4,3,Loyal
544,2024-09-22,1,2959.15,101,2,1,1,Lost
545,2024-05-26,1,3900.69,220,1,1,1,Lost
547,2024-12-21,10,140170.54,11,5,5,5,Champions
548,2024-11-22,6,61046.88,40,4,5,3,Champions
549,2024-12-27,11,175774.38,5,5,5,5,Champions
550,2024-11-10,6,64754.54,52,3,5,3,Loyal
551,2024-12-17,8,166550.14,15,5,5,5,Champions
552,2024-10-11,6,156155.02,82,3,5,5,Loyal
555,2024-12-05,7,104505.52,27,4,5,4,Champions
557,2024-04-21,3,94323.28,255,1,3,4,At Risk
558,2024-08-06,3,57197.59,148,2,3,3,At Risk
559,2024-12-28,4,162408.02,4,5,4,5,Champions
560,2024-12-20,4,44290.38,12,5,4,2,Champions
561,2024-09-24,1,49084.82,99,2,1,3,Lost
562,2024-04-01,2,29249.4,275,1,2,2,Lost
563,2023-12-20,1,9946.79,378,1,1,1,Lost
564,2024-03-04,3,34136.93,303,1,3,2,At Risk
565,2024-12-14,3,83705.76,18,5,3,4,Needs Attention
566,2024-12-19,7,175182.56,13,5,5,5,Champions
568,2024-01-12,1,5703.31,355,1,1,1,Lost
569,2024-11-08,5,59966.39,54,3,5,3,Loyal
570,2024-11-13,2,24382.57,49,3,2,2,Needs Attention
571,2024-12-18,8,188372.7,14,5,5,5,Champions
572,2023-08-31,1,26981.9,489,1,1,2,Lost
573,2024-12-11,3,44922.0,21,4,3,2,Needs Attention
574,2023-10-08,1,21897.16,451,1,1,1,Lost
575,2024-01-01,2,16373.28,366,1,2,1,Lost
576,2024-10-29,7,59537.22,64,3,5,3,Loyal
577,2024-11-21,3,67654.42,41,4,3,3,Needs Attention
578,2024-12-17,6,37857.11,15,5,5,2,Champions
579,2024-12-05,3,66428.7,27,4,3,3,Needs Attention
580,2024-12-12,4,44478.2,20,5,4,2,Champions
581,2024-11-30,7,121931.14,32,4,5,4,Champions
582,2024-12-02,9,215994.75,30,4,5,5,Champions
583,2023-05-10,1,30255.3,602,1,1,2,Lost
584,2024-12-26,14,246124.83,6,5,5,5,Champions
585,2024-11-21,5,155648.44,41,4,5,5,Champions
586,2024-11-16,4,66822.89,46,3,4,3,Loyal
587,2024-12-22,3,96261.32,10,5,3,4,Needs Attention
588,2024-12-08,9,166662.76,24,4,5,5,Champions
589,2024-05-13,1,22223.43,233,1,1,1,Lost
590,2024-11-13,1,11008.22,49,3,1,1,Needs Attention
591,2024-12-13,4,81287.31,19,5,4,4,Champions
592,2024-12-15,3,59336.41,17,5,3,3,Needs Attention
593,2024-12-31,5,118584.02,1,5,5,4,Champions
594,2024-12-16,9,181121.63,16,5,5,5,Champions
595,2024-09-17,3,63377.13,106,2,3,3,At Risk
596,2024-12-02,4,118030.35,30,4,4,4,Champions
597,2024-12-30,7,44540.47,2,5,5,2,Champions
598,2024-06-19,1,10504.26,196,1,1,1,Lost
599,2024-12-14,1,14981.84,18,5,1,1,New / Promising
600,2024-09-30,5,78537.23,93,2,5,4,Loyal
601,2024-12-30,11,157640.07,2,5,5,5,Champions
602,2024-09-03,3,36736.14,120,2,3,2,At Risk
603,2024-10-05,8,88896.4,88,2,5,4,Loyal
605,2024-09-16,1,16581.76,107,2,1,1,Lost
607,2024-11-11,2,49257.29,51,3,2,3,Needs Attention
608,2024-11-06,3,21456.92,56,3,3,1,Needs Attention
609,2024-07-23,1,25450.65,162,2,1,2,Lost
610,2024-11-02,7,119055.22,60,3,5,4,Loyal
611,2024-07-13,1,22322.83,172,2,1,1,Lost
612,2024-11-05,2,20558.57,57,3,2,1,Needs Attention
613,2024-11-16,2,64837.13,46,3,2,3,Needs Attention
614,2024-09-25,5,60461.51,98,2,5,3,Loyal
616,2024-07-25,3,27431.56,160,2,3,2,At Risk
617,2024-10-24,2,10411.52,69,3,2,1,Needs Attention
618,2024-12-06,6,191321.46,26,4,5,5,Champions
619,2024-05-08,1,43879.9,238,1,1,2,Lost
620,2024-11-16,2,71644.45,46,3,2,3,Needs Attention
621,2024-10-05,3,31847.89,88,2,3,2,At Risk
622,2024-04-06,3,12822.14,270,1,3,1,At Risk
623,2024-10-15,5,88103.07,78,3,5,4,Loyal
624,2024-09-20,6,92629.45,103,2,5,4,Loyal
625,2024-12-28,11,237814.78,4,5,5,5,Champions
626,2023-05-11,1,5169.39,601,1,1,1,Lost
627,2024-11-19,9,177313.33,43,4,5,5,Champions
628,2024-10-26,4,105674.56,67,3,4,4,Loyal
629,2024-11-24,5,69554.1,38,4,5,3,Champions
630,2023-11-01,1,18552.93,427,1,1,1,Lost
631,2024-11-13,1,5733.58,49,3,1,1,Needs Attention
632,2024-12-01,6,160108.15,31,4,5,5,Champions
633,2024-07-28,1,9626.82,157,2,1,1,Lost
634,2024-05-08,2,39408.95,238,1,2,2,Lost
635,2024-07-08,5,71013.01,177,2,5,3,Loyal
636,2024-11-09,1,19038.48,53,3,1,1,Needs Attention
637,2024-03-31,2,71367.38,276,1,2,3,Lost
638,2024-12-02,5,124567.31,30,4,5,5,Champions
639,2024-10-07,5,66818.41,86,2,5,3,Loyal
640,2024-07-22,1,11127.76,163,2,1,1,Lost
641,2024-01-08,1,10116.22,359,1,1,1,Lost
644,2024-08-22,3,33665.7,132,2,3,2,At Risk
645,2024-12-16,7,66073.26,16,5,5,3,Champions
647,2024-12-13,4,85846.37,19,5,4,4,Champions
648,2024-12-05,7,186071.55,27,4,5,5,Champions
649,2024-08-31,1,10519.07,123,2,1,1,Lost
650,2024-12-20,4,133462.91,12,5,4,5,Champions
651,2024-11-18,10,207256.72,44,4,5,5,Champions
652,2024-12-14,10,162997.52,18,5,5,5,Champions
654,2024-11-14,5,60052.35,48,3,5,3,Loyal
656,2024-11-28,8,130410.79,34,4,5,5,Champions
657,2024-11-24,9,154582.06,38,4,5,5,Champions
658,2024-12-29,8,146805.87,3,5,5,5,Champions
659,2023-03-10,1,22105.99,663,1,1,1,Lost
661,2024-07-04,5,92656.33,181,2,5,4,Loyal
663,2024-09-27,2,5574.36,96,2,2,1,Lost
664,2024-09-23,4,74415.96,100,2,4,3,Loyal
665,2024-09-04,3,33166.25,119,2,3,2,At Risk
666,2024-10-19,1,45475.22,74,3,1,2,Needs Attention
667,2024-08-23,4,57797.53,131,2,4,3,Loyal
668,2024-12-16,6,140722.99,16,5,5,5,Champions
670,2024-11-18,9,209126.66,44,4,5,5,Champions
671,2024-12-07,6,67907.41,25,4,5,3,Champions
672,2024-12-21,7,109280.76,11,5,5,4,Champions
673,2024-12-31,6,119563.0,1,5,5,4,Champions
674,2024-11-11,6,105033.31,51,3,5,4,Loyal
675,2024-08-07,2,65296.07,147,2,2,3,Lost
676,2024-10-12,3,62234.06,81,3,3,3,Needs Attention
677,2024-11-23,4,60603.78,39,4,4,3,Champions
678,2024-10-14,2,26840.14,79,3,2,2,Needs Attention
680,2024-12-06,3,27048.38,26,4,3,2,Needs Attention
681,2024-10-08,4,40661.7,85,2,4,2,Loyal
682,2024-10-29,5,65130.9,64,3,5,3,Loyal
683,2024-12-03,3,42436.29,29,4,3,2,Needs Attention
684,2024-10-31,5,93523.31,62,3,5,4,Loyal
685,2024-10-23,1,14060.0,70,3,1,1,Needs Attention
687,2024-11-05,1,19310.6,57,3,1,1,Needs Attention
688,2024-10-28,2,13598.9,65,3,2,1,Needs Attention
689,2024-05-03,2,13015.32,243,1,2,1,Lost
690,2024-11-07,6,84768.85,55,3,5,4,Loyal
691,2024-11-28,3,53389.69,34,4,3,3,Needs Attention
693,2024-12-29,6,126015.6,3,5,5,5,Champions
694,2024-11-21,6,82393.87,41,4,5,4,Champions
695,2024-11-30,6,151405.4,32,4,5,5,Champions
696,2024-12-09,2,45977.06,23,4,2,3,New / Promising
697,2024-12-17,4,124662.91,15,5,4,5,Champions
698,2024-09-06,4,19844.65,117,2,4,1,Loyal
699,2024-11-17,7,158472.71,45,4,5,5,Champions
700,2023-09-07,3,34659.2,482,1,3,2,At Risk
701,2024-10-27,2,30673.86,66,3,2,2,Needs Attention
702,2024-11-15,2,62670.7,47,3,2,3,Needs Attention
703,2023-09-15,2,23340.31,474,1,2,1,Lost
704,2024-10-01,5,77056.77,92,2,5,4,Loyal
705,2024-08-14,4,48104.54,140,2,4,3,Loyal
706,2024-10-09,9,106287.24,84,2,5,4,Loyal
707,2024-11-18,2,6725.47,44,4,2,1,New / Promising
708,2024-08-21,1,16688.08,133,2,1,1,Lost
709,2024-09-10,4,179889.76,113,2,4,5,Loyal
710,2024-12-17,6,96663.7,15,5,5,4,Champions
711,2024-11-16,6,113944.23,46,3,5,4,Loyal
712,2024-03-15,1,770.56,292,1,1,1,Lost
713,2024-12-25,6,132893.49,7,5,5,5,Champions
714,2024-12-23,3,53998.62,9,5,3,3,Needs Attention
715,2024-11-08,1,10145.92,54,3,1,1,Needs Attention
716,2024-12-26,2,29426.25,6,5,2,2,New / Promising
717,2024-09-06,1,28083.31,117,2,1,2,Lost
718,2024-12-16,12,283568.36,16,5,5,5,Champions
719,2024-11-16,4,103394.12,46,3,4,4,Loyal
720,2024-10-15,2,45122.8,78,3,2,2,Needs Attention
721,2023-12-09,3,69234.88,389,1,3,3,At Risk
722,2024-11-08,4,102361.58,54,3,4,4,Loyal
723,2024-12-30,5,71311.13,2,5,5,3,Champions
724,2024-09-30,3,28123.27,93,2,3,2,At Risk
725,2024-06-22,1,9661.95,193,1,1,1,Lost
726,2024-03-04,4,27924.97,303,1,4,2,Loyal
727,2024-04-08,2,51566.27,268,1,2,3,Lost
728,2024-07-16,4,84591.02,169,2,4,4,Loyal
729,2024-09-01,3,39447.98,122,2,3,2,At Risk
730,2024-09-06,3,44824.42,117,2,3,2,At Risk
731,2024-10-24,3,58204.84,69,3,3,3,Needs Attention
732,2024-02-29,1,33342.62,307,1,1,2,Lost
733,2024-09-15,3,21221.39,108,2,3,1,At Risk
734,2024-12-09,4,85450.5,23,4,4,4,Champions
735,2024-11-04,8,160551.35,58,3,5,5,Loyal
736,2024-04-08,2,40704.15,268,1,2,2,Lost
738,2024-07-06,2,78099.88,179,2,2,4,Lost
739,2024-12-22,2,21476.8,10,5,2,1,New / Promising
740,2024-09-21,4,87668.47,102,2,4,4,Loyal
741,2024-07-30,1,27200.79,155,2,1,2,Lost
742,2024-11-25,1,6689.94,37,4,1,1,New / Promising
743,2024-12-13,6,106050.63,19,5,5,4,Champions
744,2024-11-26,6,112704.43,36,4,5,4,Champions
745,2024-07-26,1,30628.09,159,2,1,2,Lost
746,2024-09-30,4,115719.98,93,2,4,4,Loyal
748,2024-12-06,2,11267.14,26,4,2,1,New / Promising
749,2023-08-23,1,15221.98,497,1,1,1,Lost
750,2024-09-26,6,84266.45,97,2,5,4,Loyal
751,2024-11-29,4,42671.86,33,4,4,2,Champions
752,2024-11-02,3,31943.94,60,3,3,2,Needs Attention
753,2023-11-26,2,24043.42,402,1,2,2,Lost
754,2024-11-14,3,80188.58,48,3,3,4,Needs Attention
755,2024-03-28,1,2006.98,279,1,1,1,Lost
756,2024-12-16,4,84967.07,16,5,4,4,Champions
757,2024-06-06,2,50719.68,209,1,2,3,Lost
758,2024-10-27,5,64629.96,66,3,5,3,Loyal
759,2024-11-19,5,137276.91,43,4,5,5,Champions
760,2024-12-03,3,13185.69,29,4,3,1,Needs Attention
761,2024-10-31,10,304555.89,62,3,5,5,Loyal
762,2024-10-26,2,13645.35,67,3,2,1,Needs Attention
763,2024-11-22,7,115746.65,40,4,5,4,Champions
764,2024-09-25,1,3335.33,98,2,1,1,Lost
765,2024-11-01,8,92020.29,61,3,5,4,Loyal
766,2024-09-24,1,9002.7,99,2,1,1,Lost
767,2024-11-22,2,93723.49,40,4,2,4,New / Promising
768,2024-10-28,2,18539.8,65,3,2,1,Needs Attention
769,2024-08-16,1,2474.8,138,2,1,1,Lost
770,2024-12-14,1,14493.72,18,5,1,1,New / Promising
771,2024-11-12,3,51378.78,50,3,3,3,Needs Attention
772,2024-12-24,1,27970.93,8,5,1,2,New / Promising
773,2023-12-27,4,89417.42,371,1,4,4,Loyal
774,2024-11-16,3,53634.22,46,3,3,3,Needs Attention
775,2024-08-20,1,5160.64,134,2,1,1,Lost
777,2024-02-19,3,23965.78,317,1,3,2,At Risk
778,2024-11-12,4,79767.11,50,3,4,4,Loyal
779,2024-12-08,6,109701.41,24,4,5,4,Champions
780,2024-12-13,1,18693.08,19,5,1,1,New / Promising
781,2024-09-24,1,6913.35,99,2,1,1,Lost
784,2024-09-16,4,89422.62,107,2,4,4,Loyal
786,2024-11-19,4,59608.76,43,4,4,3,Champions
788,2024-12-26,8,133134.62,6,5,5,5,Champions
789,2024-12-11,3,33547.07,21,4,3,2,Needs Attention
790,2024-04-03,4,40705.03,273,1,4,2,Loyal
791,2024-12-20,7,116908.59,12,5,5,4,Champions
792,2024-11-15,2,3340.5,47,3,2,1,Needs Attention
793,2024-11-29,6,86493.95,33,4,5,4,Champions
794,2024-11-30,6,95298.86,32,4,5,4,Champions
795,2023-10-08,1,23067.96,451,1,1,1,Lost
796,2024-05-10,2,68436.15,236,1,2,3,Lost
797,2024-11-27,4,160350.78,35,4,4,5,Champions
798,2024-07-05,3,31865.38,180,2,3,2,At Risk
799,2024-12-28,11,251350.14,4,5,5,5,Champions
800,2024-12-23,5,72039.69,9,5,5,3,Champions
801,2024-03-19,1,10613.39,288,1,1,1,Lost
802,2024-05-24,1,21113.53,222,1,1,1,Lost
803,2024-12-20,5,85724.02,12,5,5,4,Champions
804,2024-12-17,2,34512.15,15,5,2,2,New / Promising
805,2024-12-11,3,41649.14,21,4,3,2,Needs Attention
806,2024-10-31,5,67882.02,62,3,5,3,Loyal
807,2024-10-19,1,7849.22,74,3,1,1,Needs Attention
808,2024-11-25,2,27678.17,37,4,2,2,New / Promising
809,2024-06-20,7,187406.86,195,1,5,5,Loyal
810,2024-12-06,3,71958.79,26,4,3,3,Needs Attention
811,2024-12-19,2,16103.21,13,5,2,1,New / Promising
812,2024-11-19,4,84189.9,43,4,4,4,Champions
813,2024-03-30,2,10094.07,277,1,2,1,Lost
815,2024-10-23,1,8304.16,70,3,1,1,Needs Attention
816,2024-09-27,3,71669.03,96,2,3,3,At Risk
817,2024-07-09,2,57083.97,176,2,2,3,Lost
818,2024-09-19,4,107623.35,104,2,4,4,Loyal
819,2024-12-05,4,83661.07,27,4,4,4,Champions
820,2024-11-24,7,147138.07,38,4,5,5,Champions
821,2024-04-06,3,67872.02,270,1,3,3,At Risk
822,2024-05-13,1,19708.81,233,1,1,1,Lost
823,2024-01-08,1,15098.83,359,1,1,1,Lost
825,2024-12-29,5,165725.25,3,5,5,5,Champions
826,2024-09-23,5,207121.75,100,2,5,5,Loyal
827,2024-12-09,9,146564.56,23,4,5,5,Champions
828,2024-11-21,6,103918.56,41,4,5,4,Champions
829,2024-11-25,10,169323.47,37,4,5,5,Champions
830,2024-12-11,3,114411.05,21,4,3,4,Needs Attention
831,2024-07-27,3,51725.19,158,2,3,3,At Risk
832,2024-11-08,5,57455.57,54,3,5,3,Loyal
833,2024-10-21,2,24904.84,72,3,2,2,Needs Attention
834,2024-12-17,20,542262.95,15,5,5,5,Champions
835,2024-07-01,2,38244.8,184,1,2,2,Lost
836,2024-07-08,1,5714.56,177,2,1,1,Lost
837,2024-11-26,5,83246.38,36,4,5,4,Champions
838,2024-12-29,13,269680.33,3,5,5,5,Champions
839,2024-08-05,3,105686.56,149,2,3,4,At Risk
840,2024-10-24,4,18922.31,69,3,4,1,Loyal
841,2024-11-06,5,111260.39,56,3,5,4,Loyal
842,2024-08-17,3,31836.4,137,2,3,2,At Risk
843,2024-11-24,3,54720.65,38,4,3,3,Needs Attention
844,2024-11-23,11,209204.79,39,4,5,5,Champions
845,2023-11-21,2,42219.32,407,1,2,2,Lost
846,2024-05-25,4,50614.37,221,1,4,3,Loyal
847,2024-08-13,2,8850.6,141,2,2,1,Lost
848,2024-12-04,6,80426.82,28,4,5,4,Champions
849,2024-12-31,2,22241.0,1,5,2,1,New / Promising
850,2024-12-14,3,145051.82,18,5,3,5,Needs Attention
851,2024-09-08,1,272.78,115,2,1,1,Lost
852,2024-12-11,3,53433.29,21,4,3,3,Needs Attention
853,2024-12-08,4,61215.52,24,4,4,3,Champions
855,2024-07-04,5,74530.81,181,2,5,3,Loyal
856,2024-11-26,2,75119.22,36,4,2,3,New / Promising
857,2024-12-19,12,230362.06,13,5,5,5,Champions
858,2024-09-08,5,27465.44,115,2,5,2,Loyal
859,2024-02-06,1,59950.76,330,1,1,3,Lost
860,2024-12-06,11,198301.19,26,4,5,5,Champions
861,2024-11-11,6,76023.53,51,3,5,3,Loyal
862,2024-12-27,14,223757.49,5,5,5,5,Champions
863,2024-04-30,2,101620.57,246,1,2,4,Lost
864,2024-11-21,4,115530.18,41,4,4,4,Champions
866,2024-04-29,1,7310.4,247,1,1,1,Lost
867,2024-10-31,2,25652.72,62,3,2,2,Needs Attention
868,2024-10-19,4,96794.64,74,3,4,4,Loyal
869,2024-05-25,1,7368.66,221,1,1,1,Lost
870,2024-07-10,2,74878.98,175,2,2,3,Lost
871,2024-12-14,7,122143.21,18,5,5,4,Champions
872,2024-11-16,8,147571.5,46,3,5,5,Loyal
873,2024-10-16,10,140155.87,77,3,5,5,Loyal
874,2024-11-21,7,152881.33,41,4,5,5,Champions
875,2024-12-22,3,90707.62,10,5,3,4,Needs Attention
876,2024-10-02,1,40578.35,91,2,1,2,Lost
878,2024-12-26,16,360267.96,6,5,5,5,Champions
879,2024-11-21,4,125174.1,41,4,4,5,Champions
880,2024-10-17,3,77187.09,76,3,3,4,Needs Attention
881,2024-11-13,4,66201.62,49,3,4,3,Loyal
882,2024-12-26,4,161818.35,6,5,4,5,Champions
883,2024-07-02,1,30972.11,183,1,1,2,Lost
884,2024-12-05,2,4982.43,27,4,2,1,New / Promising
885,2024-12-30,5,87555.37,2,5,5,4,Champions
886,2024-09-10,1,1267.8,113,2,1,1,Lost
887,2024-03-12,4,81790.72,295,1,4,4,Loyal
888,2024-12-21,6,127916.22,11,5,5,5,Champions
889,2024-10-14,4,33567.43,79,3,4,2,Loyal
890,2023-12-20,1,4060.82,378,1,1,1,Lost
891,2024-12-20,5,60429.18,12,5,5,3,Champions
892,2024-06-01,2,51430.84,214,1,2,3,Lost
895,2024-11-12,6,50981.68,50,3,5,3,Loyal
896,2024-12-31,5,114156.9,1,5,5,4,Champions
897,2024-11-21,13,201463.91,41,4,5,5,Champions
898,2023-12-29,2,29275.5,369,1,2,2,Lost
899,2024-08-28,8,228646.37,126,2,5,5,Loyal
900,2024-10-13,1,14162.89,80,3,1,1,Needs Attention
902,2024-12-01,2,30441.67,31,4,2,2,New / Promising
904,2024-12-18,1,2030.41,14,5,1,1,New / Promising
906,2024-10-30,5,142988.85,63,3,5,5,Loyal
907,2024-11-26,7,170584.53,36,4,5,5,Champions
908,2024-11-15,1,3048.49,47,3,1,1,Needs Attention
910,2024-11-24,13,283381.34,38,4,5,5,Champions
911,2024-11-06,4,33155.36,56,3,4,2,Loyal
912,2024-02-17,2,24549.2,319,1,2,2,Lost
913,2024-12-26,10,308394.32,6,5,5,5,Champions
914,2024-12-11,7,123944.91,21,4,5,5,Champions
916,2024-07-08,5,71594.26,177,2,5,3,Loyal
920,2024-12-13,17,397044.9,19,5,5,5,Champions
921,2024-06-13,1,3600.06,202,1,1,1,Lost
922,2024-11-27,3,76179.9,35,4,3,3,Needs Attention
923,2024-03-04,1,34685.41,303,1,1,2,Lost
925,2024-12-18,5,89091.69,14,5,5,4,Champions
927,2024-12-14,2,30539.78,18,5,2,2,New / Promising
928,2024-10-29,1,15843.13,64,3,1,1,Needs Attention
930,2024-10-25,3,61265.27,68,3,3,3,Needs Attention
931,2024-11-07,3,106056.88,55,3,3,4,Needs Attention
932,2024-10-12,1,39605.98,81,3,1,2,Needs Attention
933,2024-12-22,9,156465.74,10,5,5,5,Champions
934,2024-12-13,2,8968.2,19,5,2,1,New / Promising
935,2024-11-06,1,995.7,56,3,1,1,Needs Attention
937,2024-12-02,11,269771.71,30,4,5,5,Champions
939,2024-10-02,7,95044.1,91,2,5,4,Loyal
940,2024-12-29,3,32838.26,3,5,3,2,Needs Attention
941,2024-09-07,4,69436.95,116,2,4,3,Loyal
942,2024-12-01,4,98579.63,31,4,4,4,Champions
943,2024-11-22,6,85680.38,40,4,5,4,Champions
944,2024-05-04,2,24437.18,242,1,2,2,Lost
945,2023-04-13,1,19207.54,629,1,1,1,Lost
946,2024-12-22,9,145098.54,10,5,5,5,Champions
947,2024-12-17,4,54661.77,15,5,4,3,Champions
948,2024-10-19,4,50927.59,74,3,4,3,Loyal
949,2024-12-03,9,122583.87,29,4,5,4,Champions
950,2024-12-10,6,129458.3,22,4,5,5,Champions
951,2024-12-13,3,18532.57,19,5,3,1,Needs Attention
953,2024-09-21,2,23680.07,102,2,2,2,Lost
954,2024-12-11,13,257361.69,21,4,5,5,Champions
955,2024-04-11,1,5441.46,265,1,1,1,Lost
956,2024-12-10,11,225713.66,22,4,5,5,Champions
957,2024-12-10,9,103189.98,22,4,5,4,Champions
958,2024-07-13,2,66791.11,172,2,2,3,Lost
959,2024-12-30,5,125677.76,2,5,5,5,Champions
960,2024-12-19,9,82375.39,13,5,5,4,Champions
961,2024-10-20,2,21277.01,73,3,2,1,Needs Attention
962,2024-11-20,6,119753.65,42,4,5,4,Champions
964,2024-08-24,7,47071.53,130,2,5,3,Loyal
965,2024-11-30,9,140636.08,32,4,5,5,Champions
966,2024-06-05,1,8289.75,210,1,1,1,Lost
967,2024-12-26,2,37075.84,6,5,2,2,New / Promising
968,2024-12-20,2,12613.38,12,5,2,1,New / Promising
969,2024-10-03,4,124586.02,90,2,4,5,Loyal
970,2024-08-05,1,10742.99,149,2,1,1,Lost
971,2024-12-19,5,88532.74,13,5,5,4,Champions
973,2024-11-07,3,34646.71,55,3,3,2,Needs Attention
974,2024-11-27,7,183909.75,35,4,5,5,Champions
975,2024-10-27,2,12118.83,66,3,2,1,Needs Attention
977,2024-03-21,4,97702.68,286,1,4,4,Loyal
978,2024-03-17,2,43331.53,290,1,2,2,Lost
979,2023-12-02,1,30613.7,396,1,1,2,Lost
980,2024-04-22,1,27651.0,254,1,1,2,Lost
981,2024-07-25,2,40289.28,160,2,2,2,Lost
982,2024-08-11,2,42767.89,143,2,2,2,Lost
983,2024-10-16,4,64799.62,77,3,4,3,Loyal
984,2024-12-12,3,39879.51,20,5,3,2,Needs Attention
985,2024-10-29,8,150284.49,64,3,5,5,Loyal
986,2024-11-25,2,25767.73,37,4,2,2,New / Promising
988,2024-04-28,1,16167.85,248,1,1,1,Lost
989,2024-03-14,1,19343.1,293,1,1,1,Lost
990,2024-11-09,4,82283.81,53,3,4,4,Loyal
991,2024-12-22,2,9711.18,10,5,2,1,New / Promising
992,2023-11-03,1,170.49,425,1,1,1,Lost
994,2024-12-14,5,82350.28,18,5,5,4,Champions
995,2024-12-25,3,30827.61,7,5,3,2,Needs Attention
996,2024-10-15,3,17124.21,78,3,3,1,Needs Attention
998,2024-10-30,4,115541.44,63,3,4,4,Loyal
999,2024-08-10,1,8110.06,144,2,1,1,Lost
1000,2023-11-13,2,25754.71,415,1,2,2,Lost
1001,2024-10-06,3,41150.57,87,2,3,2,At Risk
1002,2024-12-14,1,20764.65,18,5,1,1,New / Promising
1003,2024-11-04,3,31335.95,58,3,3,2,Needs Attention
1004,2024-11-22,4,88850.35,40,4,4,4,Champions
1005,2024-11-15,6,100908.19,47,3,5,4,Loyal
1006,2024-11-30,3,65711.75,32,4,3,3,Needs Attention
1007,2024-11-11,3,29274.19,51,3,3,2,Needs Attention
1008,2024-09-22,2,37153.01,101,2,2,2,Lost
1009,2024-10-12,2,74950.01,81,3,2,3,Needs Attention
1010,2024-02-11,2,59879.66,325,1,2,3,Lost
1011,2024-09-12,2,29821.1,111,2,2,2,Lost
1013,2024-08-09,2,19969.89,145,2,2,1,Lost
1014,2024-12-10,3,54190.51,22,4,3,3,Needs Attention
1015,2024-11-05,6,125608.34,57,3,5,5,Loyal
1016,2024-11-04,5,121284.62,58,3,5,4,Loyal
1017,2024-11-09,5,43335.04,53,3,5,2,Loyal
1018,2024-08-20,5,100006.32,134,2,5,4,Loyal
1019,2024-10-03,1,53541.46,90,2,1,3,Lost
1020,2024-11-01,12,334708.61,61,3,5,5,Loyal
1021,2024-10-11,2,42949.96,82,3,2,2,Needs Attention
1022,2024-12-06,2,63776.2,26,4,2,3,New / Promising
1024,2024-12-13,4,94950.76,19,5,4,4,Champions
1025,2024-12-26,5,61134.22,6,5,5,3,Champions
1026,2024-06-23,6,41021.57,192,1,5,2,Loyal
1027,2023-10-15,3,59705.79,444,1,3,3,At Risk
1028,2024-10-08,6,123712.68,85,2,5,4,Loyal
1029,2024-04-10,4,53662.27,266,1,4,3,Loyal
1030,2024-10-22,4,58239.06,71,3,4,3,Loyal
1031,2024-11-15,6,54398.57,47,3,5,3,Loyal
1032,2024-11-01,3,42732.68,61,3,3,2,Needs Attention
1033,2024-12-20,16,206760.01,12,5,5,5,Champions
1034,2024-12-12,3,64351.75,20,5,3,3,Needs Attention
1035,2024-09-25,4,57815.47,98,2,4,3,Loyal
1036,2024-11-07,4,95794.76,55,3,4,4,Loyal
1037,2024-08-24,1,7368.66,130,2,1,1,Lost
1038,2024-10-15,4,135228.9,78,3,4,5,Loyal
1039,2024-11-17,8,158661.64,45,4,5,5,Champions
1040,2024-11-24,4,62034.01,38,4,4,3,Champions
1041,2024-11-03,4,79313.24,59,3,4,4,Loyal
1042,2024-10-29,3,85755.98,64,3,3,4,Needs Attention
1043,2024-12-18,2,31589.14,14,5,2,2,New / Promising
1044,2024-11-29,2,25355.35,33,4,2,2,New / Promising
1045,2024-06-22,3,27486.84,193,1,3,2,At Risk
1046,2024-12-30,2,52278.22,2,5,2,3,New / Promising
1047,2024-12-20,2,48426.54,12,5,2,3,New / Promising
1048,2024-12-04,3,39820.96,28,4,3,2,Needs Attention
1049,2024-11-11,3,39376.51,51,3,3,2,Needs Attention
1050,2023-12-06,1,492.82,392,1,1,1,Lost
1051,2024-07-24,5,179153.7,161,2,5,5,Loyal
1052,2024-09-11,3,40656.9,112,2,3,2,At Risk
1053,2024-09-16,4,77578.39,107,2,4,4,Loyal
1054,2024-11-19,4,61442.54,43,4,4,3,Champions
1055,2024-10-27,5,175135.16,66,3,5,5,Loyal
1057,2024-11-23,8,136165.27,39,4,5,5,Champions
1058,2024-12-22,5,34579.67,10,5,5,2,Champions
1059,2024-11-12,5,44213.98,50,3,5,2,Loyal
1060,2024-12-03,11,244411.31,29,4,5,5,Champions
1061,2024-12-11,3,58879.65,21,4,3,3,Needs Attention
1062,2024-12-03,2,32564.6,29,4,2,2,New / Promising
1063,2024-11-16,7,84483.99,46,3,5,4,Loyal
1064,2024-12-20,10,162416.65,12,5,5,5,Champions
1065,2024-10-29,4,41269.33,64,3,4,2,Loyal
1066,2024-11-22,10,186283.75,40,4,5,5,Champions
1067,2024-11-20,3,93577.07,42,4,3,4,Needs Attention
1068,2024-11-02,2,18559.46,60,3,2,1,Needs Attention
1069,2024-11-20,2,50602.89,42,4,2,3,New / Promising
1070,2023-10-31,2,48832.13,428,1,2,3,Lost
1071,2024-12-23,7,108416.7,9,5,5,4,Champions
1072,2023-06-25,1,7035.28,556,1,1,1,Lost
1073,2024-12-09,6,102029.54,23,4,5,4,Champions
1074,2024-12-31,10,197800.44,1,5,5,5,Champions
1075,2024-10-12,2,25778.84,81,3,2,2,Needs Attention
1076,2023-09-15,1,35427.78,474,1,1,2,Lost
1077,2024-12-29,2,5366.73,3,5,2,1,New / Promising
1078,2024-12-09,6,113030.8,23,4,5,4,Champions
1079,2024-11-05,5,86341.92,57,3,5,4,Loyal
1080,2024-12-02,3,27999.86,30,4,3,2,Needs Attention
1081,2024-12-09,7,141491.72,23,4,5,5,Champions
1082,2024-12-29,4,44115.59,3,5,4,2,Champions
1083,2024-11-27,4,86763.25,35,4,4,4,Champions
1084,2024-11-22,5,68807.72,40,4,5,3,Champions
1085,2023-12-01,2,19636.96,397,1,2,1,Lost
1086,2024-08-17,1,18097.57,137,2,1,1,Lost
1087,2024-11-18,9,175959.31,44,4,5,5,Champions
1088,2024-12-17,5,73680.21,15,5,5,3,Champions
1089,2024-11-30,1,4704.46,32,4,1,1,New / Promising
1090,2024-02-25,3,29793.72,311,1,3,2,At Risk
1091,2024-10-19,5,108148.31,74,3,5,4,Loyal
1092,2024-12-30,3,46871.64,2,5,3,3,Needs Attention
1093,2024-08-29,2,15711.6,125,2,2,1,Lost
1094,2024-11-12,2,75851.83,50,3,2,3,Needs Attention
1095,2024-07-18,2,132673.49,167,2,2,5,Lost
1096,2024-09-24,1,3822.7,99,2,1,1,Lost
1097,2024-04-24,1,27578.78,252,1,1,2,Lost
1098,2024-12-25,8,85414.92,7,5,5,4,Champions
1100,2024-08-31,2,31018.84,123,2,2,2,Lost
1101,2024-10-03,3,68677.23,90,2,3,3,At Risk
1103,2024-12-14,4,65422.75,18,5,4,3,Champions
1104,2024-09-24,4,34130.03,99,2,4,2,Loyal
1105,2024-12-09,4,75915.6,23,4,4,3,Champions
1106,2024-12-18,7,80315.86,14,5,5,4,Champions
1107,2024-10-16,6,112565.82,77,3,5,4,Loyal
1108,2024-08-15,1,18899.07,139,2,1,1,Lost
1109,2024-10-30,4,41779.47,63,3,4,2,Loyal
1111,2024-11-11,3,23201.42,51,3,3,1,Needs Attention
1112,2024-11-11,5,89739.96,51,3,5,4,Loyal
1113,2024-11-14,1,20075.06,48,3,1,1,Needs Attention
1115,2023-08-12,2,19234.49,508,1,2,1,Lost
1116,2024-09-29,3,53141.35,94,2,3,3,At Risk
1117,2024-12-20,3,36822.54,12,5,3,2,Needs Attention
1118,2024-12-30,5,10427.62,2,5,5,1,Champions
1119,2024-10-17,2,25313.38,76,3,2,2,Needs Attention
1120,2024-10-19,6,87267.3,74,3,5,4,Loyal
1121,2024-05-14,8,137433.54,232,1,5,5,Loyal
1123,2024-03-05,1,17224.97,302,1,1,1,Lost
1124,2024-10-30,6,82010.7,63,3,5,4,Loyal
1125,2024-12-25,8,120456.92,7,5,5,4,Champions
1126,2024-11-13,1,5918.29,49,3,1,1,Needs Attention
1127,2024-12-01,9,78676.1,31,4,5,4,Champions
1128,2024-11-25,5,111720.48,37,4,5,4,Champions
1129,2024-08-28,1,27632.49,126,2,1,2,Lost
1130,2024-08-22,2,75412.66,132,2,2,3,Lost
1131,2024-11-20,2,81657.63,42,4,2,4,New / Promising
1132,2024-09-20,1,4806.86,103,2,1,1,Lost
1133,2024-08-01,2,42519.07,153,2,2,2,Lost
1134,2024-10-10,10,146202.62,83,3,5,5,Loyal
1135,2024-08-03,3,85482.11,151,2,3,4,At Risk
1136,2024-12-28,9,282203.6,4,5,5,5,Champions
1138,2024-11-28,6,103127.29,34,4,5,4,Champions
1139,2024-11-14,5,113875.22,48,3,5,4,Loyal
1140,2024-09-04,2,56012.83,119,2,2,3,Lost
1141,2024-10-18,4,62617.24,75,3,4,3,Loyal
1142,2024-10-22,3,16917.29,71,3,3,1,Needs Attention
1143,2024-07-01,1,1263.53,184,1,1,1,Lost
1144,2024-10-31,4,59984.91,62,3,4,3,Loyal
1145,2024-12-01,11,131658.94,31,4,5,5,Champions
1146,2024-12-24,12,250548.65,8,5,5,5,Champions
1147,2024-12-29,1,18581.85,3,5,1,1,New / Promising
1148,2024-10-23,3,100170.8,70,3,3,4,Needs Attention
1149,2024-12-14,3,62577.08,18,5,3,3,Needs Attention
1150,2024-06-20,2,35380.83,195,1,2,2,Lost
1151,2024-02-24,1,56829.57,312,1,1,3,Lost
1153,2024-11-19,1,7483.14,43,4,1,1,New / Promising
1154,2024-10-13,3,40595.98,80,3,3,2,Needs Attention
1155,2024-12-17,19,458779.59,15,5,5,5,Champions
1156,2024-10-10,4,71696.36,83,3,4,3,Loyal
1157,2023-10-09,1,19708.92,450,1,1,1,Lost
1158,2024-10-05,4,71758.36,88,2,4,3,Loyal
1159,2024-11-23,9,213832.49,39,4,5,5,Champions
1161,2024-12-17,4,42586.82,15,5,4,2,Champions
1162,2024-12-30,12,273778.31,2,5,5,5,Champions
1163,2024-10-26,3,63196.12,67,3,3,3,Needs Attention
1164,2024-11-02,4,94944.59,60,3,4,4,Loyal
1165,2024-12-26,8,135435.13,6,5,5,5,Champions
1166,2024-07-24,6,100789.82,161,2,5,4,Loyal
1167,2024-07-18,3,98620.93,167,2,3,4,At Risk
1168,2024-12-05,6,122065.76,27,4,5,4,Champions
1169,2024-12-24,6,97679.73,8,5,5,4,Champions
1170,2024-12-02,11,287182.09,30,4,5,5,Champions
1171,2024-11-01,1,61171.28,61,3,1,3,Needs Attention
1173,2024-11-09,2,36873.03,53,3,2,2,Needs Attention
1174,2024-12-20,5,84500.0,12,5,5,4,Champions
1175,2024-08-28,2,43370.32,126,2,2,2,Lost
1176,2024-11-21,4,136703.16,41,4,4,5,Champions
1177,2024-09-16,8,246501.27,107,2,5,5,Loyal
1179,2024-03-28,4,148132.89,279,1,4,5,Loyal
1180,2024-10-12,2,77201.94,81,3,2,4,Needs Attention
1181,2024-11-23,6,122940.24,39,4,5,4,Champions
1182,2024-10-30,7,150579.41,63,3,5,5,Loyal
1183,2024-12-01,7,155152.25,31,4,5,5,Champions
1185,2024-10-14,1,31807.34,79,3,1,2,Needs Attention
1186,2024-09-14,9,151098.2,109,2,5,5,Loyal
1187,2024-11-21,10,238623.12,41,4,5,5,Champions
1188,2024-11-25,7,76832.63,37,4,5,4,Champions
1189,2024-10-24,5,99174.7,69,3,5,4,Loyal
1190,2023-08-04,1,11253.37,516,1,1,1,Lost
1191,2024-11-20,17,292516.96,42,4,5,5,Champions
1192,2023-10-23,2,44200.06,436,1,2,2,Lost
1193,2023-11-12,3,23548.95,416,1,3,2,At Risk
1195,2024-08-23,2,20915.31,131,2,2,1,Lost
1196,2024-12-10,5,139631.46,22,4,5,5,Champions
1197,2024-12-11,11,179170.07,21,4,5,5,Champions
1198,2024-12-18,3,83859.36,14,5,3,4,Needs Attention
1199,2024-12-06,11,148749.7,26,4,5,5,Champions
1201,2024-10-04,4,91694.31,89,2,4,4,Loyal
1202,2024-12-18,6,102495.01,14,5,5,4,Champions
1203,2024-11-24,4,77235.48,38,4,4,4,Champions
1204,2024-12-13,10,230972.13,19,5,5,5,Champions
1205,2024-10-13,4,102858.34,80,3,4,4,Loyal
1206,2024-06-09,1,41598.87,206,1,1,2,Lost
1207,2024-12-17,25,323198.39,15,5,5,5,Champions
1208,2024-12-13,1,22682.84,19,5,1,1,New / Promising
1210,2024-09-29,2,58110.76,94,2,2,3,Lost
1211,2024-09-22,3,88178.96,101,2,3,4,At Risk
1213,2024-05-24,1,10338.03,222,1,1,1,Lost
1214,2024-12-30,7,104947.15,2,5,5,4,Champions
1215,2024-05-29,4,64108.86,217,1,4,3,Loyal
1216,2024-06-22,1,8001.06,193,1,1,1,Lost
1217,2024-04-07,2,13547.58,269,1,2,1,Lost
1218,2024-12-28,3,72199.66,4,5,3,3,Needs Attention
1219,2024-12-07,4,53574.34,25,4,4,3,Champions
1220,2023-12-08,1,10611.72,390,1,1,1,Lost
1221,2024-12-08,5,81979.42,24,4,5,4,Champions
1222,2024-09-07,7,152721.44,116,2,5,5,Loyal
1224,2024-12-16,5,105182.44,16,5,5,4,Champions
1225,2024-05-24,4,88194.44,222,1,4,4,Loyal
1226,2024-12-22,5,72944.43,10,5,5,3,Champions
1227,2023-12-30,6,129691.45,368,1,5,5,Loyal
1228,2024-10-27,1,7235.15,66,3,1,1,Needs Attention
1229,2024-11-05,2,92758.52,57,3,2,4,Needs Attention
1230,2024-10-28,9,224141.97,65,3,5,5,Loyal
1231,2024-12-13,3,51264.99,19,5,3,3,Needs Attention
1232,2024-11-27,10,132734.43,35,4,5,5,Champions
1233,2024-12-27,3,108960.6,5,5,3,4,Needs Attention
1234,2024-09-24,9,183855.89,99,2,5,5,Loyal
1235,2024-09-11,3,44958.68,112,2,3,2,At Risk
1236,2023-11-23,2,62357.23,405,1,2,3,Lost
1237,2024-09-08,4,125740.86,115,2,4,5,Loyal
1238,2024-09-18,6,73670.42,105,2,5,3,Loyal
1239,2024-03-23,2,12941.52,284,1,2,1,Lost
1240,2024-01-22,1,12234.86,345,1,1,1,Lost
1241,2024-10-08,7,106494.34,85,2,5,4,Loyal
1242,2024-12-30,4,61770.63,2,5,4,3,Champions
1243,2024-12-11,11,258644.77,21,4,5,5,Champions
1245,2024-10-09,4,69535.33,84,2,4,3,Loyal
1246,2024-12-03,13,186439.12,29,4,5,5,Champions
1247,2024-12-13,6,177763.42,19,5,5,5,Champions
1248,2024-10-07,1,2133.08,86,2,1,1,Lost
1249,2024-08-26,2,37406.86,128,2,2,2,Lost
1250,2024-12-11,4,111717.51,21,4,4,4,Champions
1252,2024-05-31,6,89161.27,215,1,5,4,Loyal
1253,2024-10-27,7,191923.25,66,3,5,5,Loyal
1254,2024-11-06,5,81445.06,56,3,5,4,Loyal
1255,2024-11-01,5,71457.18,61,3,5,3,Loyal
1256,2024-12-10,11,203779.21,22,4,5,5,Champions
1257,2024-04-11,2,24195.33,265,1,2,2,Lost
1258,2024-11-06,10,174434.07,56,3,5,5,Loyal
1259,2023-11-21,1,6297.25,407,1,1,1,Lost
1260,2024-08-20,5,118507.23,134,2,5,4,Loyal
1261,2024-03-19,3,105745.95,288,1,3,4,At Risk
1262,2024-12-25,4,21409.03,7,5,4,1,Champions
1263,2024-11-23,1,22973.4,39,4,1,1,New / Promising
1264,2024-10-02,3,56201.61,91,2,3,3,At Risk
1265,2024-12-18,4,99452.52,14,5,4,4,Champions
1266,2024-10-31,2,24614.65,62,3,2,2,Needs Attention
1267,2024-12-01,4,67675.75,31,4,4,3,Champions
1268,2024-08-14,4,61225.79,140,2,4,3,Loyal
1270,2024-10-07,2,22832.55,86,2,2,1,Lost
1272,2024-07-10,9,184984.03,175,2,5,5,Loyal
1273,2024-08-07,6,98620.37,147,2,5,4,Loyal
1275,2024-07-09,1,9038.42,176,2,1,1,Lost
1276,2024-12-07,5,81374.97,25,4,5,4,Champions
1277,2024-06-15,2,32273.39,200,1,2,2,Lost
1278,2024-07-13,1,11745.86,172,2,1,1,Lost
1279,2023-01-20,1,33210.96,712,1,1,2,Lost
1280,2024-12-06,5,79621.98,26,4,5,4,Champions
1282,2024-06-13,1,14236.48,202,1,1,1,Lost
1283,2024-05-01,1,30898.49,245,1,1,2,Lost
1285,2024-07-22,1,13843.64,163,2,1,1,Lost
1286,2024-11-16,13,334681.12,46,3,5,5,Loyal
1287,2024-08-19,1,24319.69,135,2,1,2,Lost
1288,2024-12-18,17,323551.44,14,5,5,5,Champions
1289,2023-03-31,1,15094.9,642,1,1,1,Lost
1290,2024-02-20,1,6575.88,316,1,1,1,Lost
1291,2024-11-27,3,16539.87,35,4,3,1,Needs Attention
1292,2024-12-06,12,279745.6,26,4,5,5,Champions
1293,2024-12-17,5,111596.93,15,5,5,4,Champions
1294,2023-11-10,2,28529.87,418,1,2,2,Lost
1295,2024-12-20,7,123208.87,12,5,5,4,Champions
1297,2024-12-18,5,114105.43,14,5,5,4,Champions
1298,2024-06-10,1,44747.72,205,1,1,2,Lost
1299,2024-06-15,2,27413.69,200,1,2,2,Lost
1300,2024-12-22,5,70398.18,10,5,5,3,Champions
1301,2024-10-30,7,126936.93,63,3,5,5,Loyal
1302,2024-08-10,1,18112.39,144,2,1,1,Lost
1303,2024-12-13,5,65822.01,19,5,5,3,Champions
1304,2024-12-31,6,117559.14,1,5,5,4,Champions
1305,2024-11-13,6,89913.25,49,3,5,4,Loyal
1308,2023-11-24,1,15465.85,404,1,1,1,Lost
1309,2024-10-12,1,3744.36,81,3,1,1,Needs Attention
1311,2024-12-28,3,121478.27,4,5,3,4,Needs Attention
1313,2024-08-29,2,53915.19,125,2,2,3,Lost
1314,2024-12-26,6,116304.66,6,5,5,4,Champions
1315,2024-06-14,2,22589.2,201,1,2,1,Lost
1316,2024-03-20,1,654.27,287,1,1,1,Lost
1317,2024-05-01,1,29731.72,245,1,1,2,Lost
1318,2024-11-28,9,214624.17,34,4,5,5,Champions
1319,2024-11-19,4,55019.6,43,4,4,3,Champions
1320,2024-07-10,7,119921.55,175,2,5,4,Loyal
1321,2024-11-01,7,174039.29,61,3,5,5,Loyal
1322,2024-12-28,7,56103.35,4,5,5,3,Champions
1323,2024-11-18,6,67170.36,44,4,5,3,Champions
1324,2024-12-22,11,191626.06,10,5,5,5,Champions
1325,2024-12-29,3,83952.74,3,5,3,4,Needs Attention
1326,2024-10-12,4,66609.85,81,3,4,3,Loyal
1327,2024-12-31,10,237509.6,1,5,5,5,Champions
1328,2024-06-03,4,54521.61,212,1,4,3,Loyal
1329,2024-12-17,7,182348.11,15,5,5,5,Champions
1330,2024-10-16,4,80592.86,77,3,4,4,Loyal
1331,2024-11-11,4,33002.04,51,3,4,2,Loyal
1332,2024-12-20,3,49793.69,12,5,3,3,Needs Attention
1333,2024-12-27,3,76017.55,5,5,3,3,Needs Attention
1335,2024-11-16,6,173196.22,46,3,5,5,Loyal
1336,2024-11-07,5,84646.21,55,3,5,4,Loyal
1337,2024-07-15,1,16268.96,170,2,1,1,Lost
1338,2024-09-02,3,65364.33,121,2,3,3,At Risk
1339,2024-12-30,8,116042.55,2,5,5,4,Champions
1340,2024-09-09,4,79326.68,114,2,4,4,Loyal
1341,2024-09-17,6,96056.51,106,2,5,4,Loyal
1343,2024-02-11,2,25087.89,325,1,2,2,Lost
1344,2024-11-15,2,18116.07,47,3,2,1,Needs Attention
1345,2024-11-29,5,123980.71,33,4,5,5,Champions
1346,2024-11-04,3,39338.02,58,3,3,2,Needs Attention
1347,2024-12-17,4,76667.58,15,5,4,4,Champions
1348,2024-09-13,3,73655.67,110,2,3,3,At Risk
1349,2024-09-17,2,11271.84,106,2,2,1,Lost
1350,2024-11-02,2,49932.2,60,3,2,3,Needs Attention
1351,2024-10-21,5,62182.3,72,3,5,3,Loyal
1352,2024-02-26,2,45996.42,310,1,2,3,Lost
1353,2024-10-07,7,96505.7,86,2,5,4,Loyal
1354,2024-11-24,6,184544.78,38,4,5,5,Champions
1355,2024-10-19,3,11921.09,74,3,3,1,Needs Attention
1357,2024-11-02,5,122921.84,60,3,5,4,Loyal
1358,2024-07-22,3,46713.49,163,2,3,3,At Risk
1359,2024-12-23,2,69081.99,9,5,2,3,New / Promising
1360,2024-07-26,6,95553.52,159,2,5,4,Loyal
1361,2024-08-31,8,134554.4,123,2,5,5,Loyal
1362,2024-08-02,3,56382.02,152,2,3,3,At Risk
1363,2023-08-11,1,13821.77,509,1,1,1,Lost
1364,2024-10-15,4,131157.55,78,3,4,5,Loyal
1365,2024-11-30,4,35898.5,32,4,4,2,Champions
1366,2024-11-10,3,46249.8,52,3,3,3,Needs Attention
1367,2024-11-16,1,23259.39,46,3,1,1,Needs Attention
1368,2024-03-02,1,3148.22,305,1,1,1,Lost
1369,2024-11-26,5,56510.63,36,4,5,3,Champions
1370,2024-09-22,2,35754.35,101,2,2,2,Lost
1371,2024-12-19,4,196276.1,13,5,4,5,Champions
1372,2024-02-23,2,13135.45,313,1,2,1,Lost
1373,2024-08-07,6,97203.05,147,2,5,4,Loyal
1374,2024-12-31,11,161566.13,1,5,5,5,Champions
1375,2024-12-17,3,117221.95,15,5,3,4,Needs Attention
1376,2024-11-30,5,105003.44,32,4,5,4,Champions
1377,2024-10-05,1,49505.48,88,2,1,3,Lost
1378,2024-11-09,4,37440.84,53,3,4,2,Loyal
1379,2024-09-04,2,39099.28,119,2,2,2,Lost
1380,2024-12-20,13,218466.98,12,5,5,5,Champions
1381,2024-08-19,1,9477.03,135,2,1,1,Lost
1382,2024-12-13,6,70227.39,19,5,5,3,Champions
1384,2024-12-14,17,269914.25,18,5,5,5,Champions
1385,2024-02-14,2,47944.14,322,1,2,3,Lost
1386,2024-11-28,6,121528.65,34,4,5,4,Champions
1387,2024-10-06,2,30220.67,87,2,2,2,Lost
1388,2024-12-12,8,119092.43,20,5,5,4,Champions
1389,2024-09-28,2,33900.76,95,2,2,2,Lost
1390,2024-12-19,5,107988.18,13,5,5,4,Champions
1391,2024-12-03,3,93396.28,29,4,3,4,Needs Attention
1393,2024-10-16,4,85596.43,77,3,4,4,Loyal
1394,2024-11-28,3,25589.06,34,4,3,2,Needs Attention
1395,2023-05-08,1,395.45,604,1,1,1,Lost
1396,2024-11-01,3,70867.03,61,3,3,3,Needs Attention
1397,2023-12-07,1,35889.87,391,1,1,2,Lost
1398,2024-07-29,1,2030.41,156,2,1,1,Lost
1399,2024-11-30,2,24152.06,32,4,2,2,New / Promising
1401,2024-12-26,3,31050.37,6,5,3,2,Needs Attention
1402,2024-10-08,4,55367.5,85,2,4,3,Loyal
1403,2024-10-07,6,116548.22,86,2,5,4,Loyal
1404,2024-11-26,9,176702.93,36,4,5,5,Champions
1406,2024-09-25,5,115050.78,98,2,5,4,Loyal
1407,2024-10-26,5,77530.27,67,3,5,4,Loyal
1408,2024-05-28,1,3670.17,218,1,1,1,Lost
1410,2023-10-18,1,38144.12,441,1,1,2,Lost
1411,2024-12-20,9,171352.29,12,5,5,5,Champions
1412,2024-06-09,1,14097.06,206,1,1,1,Lost
1413,2024-10-14,2,42371.99,79,3,2,2,Needs Attention
1414,2024-11-10,3,60214.84,52,3,3,3,Needs Attention
1415,2024-12-25,6,60183.73,7,5,5,3,Champions
1416,2024-12-02,12,262828.57,30,4,5,5,Champions
1417,2024-12-26,7,191457.04,6,5,5,5,Champions
1418,2024-11-22,7,164710.44,40,4,5,5,Champions
1419,2024-06-23,1,10295.34,192,1,1,1,Lost
1420,2024-12-03,3,45140.09,29,4,3,2,Needs Attention
1421,2024-10-08,1,5441.46,85,2,1,1,Lost
1422,2024-10-31,2,31364.42,62,3,2,2,Needs Attention
1423,2024-06-29,3,81266.72,186,1,3,4,At Risk
1424,2024-12-08,3,22790.84,24,4,3,1,Needs Attention
1425,2024-01-29,1,4727.67,338,1,1,1,Lost
1427,2024-08-01,2,14245.0,153,2,2,1,Lost
1429,2024-12-25,5,68681.0,7,5,5,3,Champions
1430,2024-12-09,1,5765.69,23,4,1,1,New / Promising
1431,2024-12-02,9,223276.96,30,4,5,5,Champions
1433,2024-11-28,12,195735.66,34,4,5,5,Champions
1434,2024-07-05,3,84289.07,180,2,3,4,At Risk
1435,2024-11-24,1,1536.26,38,4,1,1,New / Promising
1436,2024-06-15,1,24408.12,200,1,1,2,Lost
1438,2024-10-02,9,175884.6,91,2,5,5,Loyal
1439,2023-12-26,3,68030.17,372,1,3,3,At Risk
1440,2024-10-19,4,66741.6,74,3,4,3,Loyal
1441,2024-12-14,6,136483.83,18,5,5,5,Champions
1442,2024-10-31,5,39150.88,62,3,5,2,Loyal
1443,2024-12-22,7,144364.38,10,5,5,5,Champions
1444,2024-12-30,10,108680.51,2,5,5,4,Champions
1445,2024-09-10,5,130605.53,113,2,5,5,Loyal
1446,2024-08-12,6,80657.09,142,2,5,4,Loyal
1447,2024-11-08,4,78496.96,54,3,4,4,Loyal
1450,2024-11-17,8,218362.97,45,4,5,5,Champions
1451,2024-09-30,3,68351.32,93,2,3,3,At Risk
1452,2024-11-05,2,47034.27,57,3,2,3,Needs Attention
1453,2023-11-22,1,14359.37,406,1,1,1,Lost
1454,2024-12-29,9,162850.63,3,5,5,5,Champions
1455,2024-12-21,5,164771.61,11,5,5,5,Champions
1456,2024-11-11,6,127742.98,51,3,5,5,Loyal
1457,2024-11-28,3,34195.58,34,4,3,2,Needs Attention
1459,2024-03-16,4,86078.41,291,1,4,4,Loyal
1460,2024-10-04,5,57621.56,89,2,5,3,Loyal
1461,2024-11-25,2,22471.36,37,4,2,1,New / Promising
1462,2024-07-18,7,31957.45,167,2,5,2,Loyal
1463,2024-11-07,3,77249.86,55,3,3,4,Needs Attention
1464,2024-09-19,4,73473.53,104,2,4,3,Loyal
1465,2024-11-21,4,28102.82,41,4,4,2,Champions
1466,2024-11-17,22,322437.26,45,4,5,5,Champions
1467,2024-11-17,5,198769.42,45,4,5,5,Champions
1468,2023-11-28,1,10667.62,400,1,1,1,Lost
1469,2024-11-16,3,43635.49,46,3,3,2,Needs Attention
1470,2024-04-06,2,7798.26,270,1,2,1,Lost
1471,2024-12-18,7,45056.02,14,5,5,2,Champions
1474,2023-06-30,3,8793.05,551,1,3,1,At Risk
1475,2024-08-01,1,12742.2,153,2,1,1,Lost
1476,2024-09-16,7,115688.72,107,2,5,4,Loyal
1477,2024-12-18,9,136372.19,14,5,5,5,Champions
1478,2023-10-14,4,136818.56,445,1,4,5,Loyal
1479,2024-11-29,11,233234.06,33,4,5,5,Champions
1480,2024-12-28,6,116823.55,4,5,5,4,Champions
1481,2023-11-21,3,64282.4,407,1,3,3,At Risk
1482,2024-11-30,13,246608.33,32,4,5,5,Champions
1483,2024-11-23,2,22889.51,39,4,2,1,New / Promising
1484,2024-11-28,7,172009.58,34,4,5,5,Champions
1485,2024-10-23,5,50578.09,70,3,5,3,Loyal
1486,2024-10-30,8,248936.64,63,3,5,5,Loyal
1487,2023-07-19,1,52675.71,532,1,1,3,Lost
1488,2024-12-25,3,46381.12,7,5,3,3,Needs Attention
1489,2024-07-29,2,33776.07,156,2,2,2,Lost
1490,2024-08-14,3,85947.07,140,2,3,4,At Risk
1491,2024-09-09,7,189267.23,114,2,5,5,Loyal
1492,2024-11-12,12,319410.87,50,3,5,5,Loyal
1495,2024-12-17,9,222221.03,15,5,5,5,Champions
1496,2024-03-23,3,187584.05,284,1,3,5,At Risk
1497,2024-10-31,9,210928.51,62,3,5,5,Loyal
1498,2024-12-16,1,8722.8,16,5,1,1,New / Promising
1499,2024-01-18,1,22752.81,349,1,1,1,Lost
1500,2024-12-26,10,157787.22,6,5,5,5,Champions
1501,2024-10-22,1,21435.41,71,3,1,1,Needs Attention
1502,2024-10-23,4,78097.62,70,3,4,4,Loyal
1503,2024-05-13,4,94068.25,233,1,4,4,Loyal
1504,2023-12-29,1,44297.61,369,1,1,2,Lost
1505,2024-10-05,2,12928.26,88,2,2,1,Lost
1506,2024-12-10,4,97511.93,22,4,4,4,Champions
1507,2024-12-27,9,260731.04,5,5,5,5,Champions
1510,2024-09-03,2,29763.04,120,2,2,2,Lost
1511,2024-12-14,7,98274.31,18,5,5,4,Champions
1512,2024-02-27,2,53204.56,309,1,2,3,Lost
1513,2024-10-23,4,78325.8,70,3,4,4,Loyal
1514,2024-11-02,6,107180.49,60,3,5,4,Loyal
1515,2024-09-04,1,30624.87,119,2,1,2,Lost
1517,2024-10-03,1,6591.99,90,2,1,1,Lost
1519,2024-11-16,2,15590.89,46,3,2,1,Needs Attention
1520,2023-12-30,1,4883.86,368,1,1,1,Lost
1521,2024-11-01,2,25398.93,61,3,2,2,Needs Attention
1522,2024-12-26,3,48934.19,6,5,3,3,Needs Attention
1523,2024-03-05,8,109366.44,302,1,5,4,Loyal
1524,2024-10-07,1,27451.74,86,2,1,2,Lost
1525,2024-12-21,4,76047.82,11,5,4,3,Champions
1526,2023-08-04,1,11362.82,516,1,1,1,Lost
1527,2024-06-22,1,24061.29,193,1,1,2,Lost
1528,2024-11-18,5,73417.56,44,4,5,3,Champions
1529,2024-11-01,3,76603.28,61,3,3,4,Needs Attention
1530,2024-10-16,1,26437.66,77,3,1,2,Needs Attention
1531,2023-03-09,1,14255.67,664,1,1,1,Lost
1532,2024-11-11,13,395515.23,51,3,5,5,Loyal
1533,2024-12-20,2,31726.05,12,5,2,2,New / Promising
1534,2024-03-30,4,94430.76,277,1,4,4,Loyal
1535,2024-12-19,3,49121.03,13,5,3,3,Needs Attention
1536,2024-11-01,4,48336.54,61,3,4,3,Loyal
1537,2023-07-29,1,7840.11,522,1,1,1,Lost
1538,2024-05-07,2,68753.23,239,1,2,3,Lost
1540,2024-10-10,5,89608.83,83,3,5,4,Loyal
1541,2023-12-05,1,52234.63,393,1,1,3,Lost
1542,2024-09-30,11,225859.56,93,2,5,5,Loyal
1543,2024-02-05,3,51563.76,331,1,3,3,At Risk
1544,2024-12-27,8,190420.08,5,5,5,5,Champions
1545,2024-12-08,8,108462.24,24,4,5,4,Champions
1546,2024-05-25,2,56065.67,221,1,2,3,Lost
1547,2024-12-27,7,129331.33,5,5,5,5,Champions
1548,2024-12-21,9,155549.5,11,5,5,5,Champions
1549,2024-12-28,4,56213.41,4,5,4,3,Champions
1550,2024-12-28,5,94441.41,4,5,5,4,Champions
1551,2024-04-28,3,47691.85,248,1,3,3,At Risk
1552,2024-12-23,6,85516.69,9,5,5,4,Champions
1553,2024-12-31,2,17034.72,1,5,2,1,New / Promising
1554,2024-10-01,1,10423.54,92,2,1,1,Lost
1556,2024-08-24,5,47059.81,130,2,5,3,Loyal
1557,2024-12-14,1,10561.9,18,5,1,1,New / Promising
1558,2024-10-14,1,2192.46,79,3,1,1,Needs Attention
1559,2024-11-07,4,110219.89,55,3,4,4,Loyal
1560,2024-10-14,4,72712.17,79,3,4,3,Loyal
1561,2024-11-13,1,16756.71,49,3,1,1,Needs Attention
1562,2024-12-23,3,34191.77,9,5,3,2,Needs Attention
1563,2024-07-08,2,43400.48,177,2,2,2,Lost
1564,2024-09-14,1,6803.66,109,2,1,1,Lost
1565,2024-11-18,4,60163.37,44,4,4,3,Champions
1566,2024-12-19,12,286192.45,13,5,5,5,Champions
1567,2024-12-25,7,112683.1,7,5,5,4,Champions
1568,2024-09-22,4,95603.65,101,2,4,4,Loyal
1569,2024-12-24,4,92516.47,8,5,4,4,Champions
1570,2024-11-06,2,17881.33,56,3,2,1,Needs Attention
1571,2023-12-23,5,160685.69,375,1,5,5,Loyal
1572,2024-12-12,4,82569.63,20,5,4,4,Champions
1573,2024-09-27,1,24695.12,96,2,1,2,Lost
1574,2024-06-14,1,3961.65,201,1,1,1,Lost
1575,2024-04-06,4,76699.44,270,1,4,4,Loyal
1576,2024-11-17,11,192806.3,45,4,5,5,Champions
1578,2024-11-29,4,77535.96,33,4,4,4,Champions
1579,2024-12-17,2,39983.7,15,5,2,2,New / Promising
1580,2024-12-15,1,165.34,17,5,1,1,New / Promising
1581,2024-08-07,2,15983.66,147,2,2,1,Lost
1582,2024-12-05,6,99024.72,27,4,5,4,Champions
1583,2024-05-23,3,76725.8,223,1,3,4,At Risk
1584,2024-10-15,3,69028.19,78,3,3,3,Needs Attention
1585,2024-10-28,2,17655.21,65,3,2,1,Needs Attention
1587,2024-12-22,8,106680.6,10,5,5,4,Champions
1588,2023-11-30,2,36164.43,398,1,2,2,Lost
1589,2024-12-28,4,119287.95,4,5,4,4,Champions
1590,2023-05-19,1,945.92,593,1,1,1,Lost
1591,2024-12-26,8,118125.27,6,5,5,4,Champions
1592,2024-08-23,2,83458.52,131,2,2,4,Lost
1593,2024-10-26,5,158749.94,67,3,5,5,Loyal
1594,2024-02-05,1,7686.04,331,1,1,1,Lost
1595,2024-11-09,5,91885.49,53,3,5,4,Loyal
1596,2024-09-05,5,105977.45,118,2,5,4,Loyal
1597,2024-12-24,3,102685.86,8,5,3,4,Needs Attention
1598,2024-12-01,11,265372.48,31,4,5,5,Champions
1599,2024-06-12,1,10193.76,203,1,1,1,Lost
1600,2024-11-30,4,53416.52,32,4,4,3,Champions
1603,2024-12-20,4,83553.44,12,5,4,4,Champions
1604,2024-06-03,6,138282.94,212,1,5,5,Loyal
1605,2024-08-01,2,19436.5,153,2,2,1,Lost
1606,2024-10-25,1,30289.11,68,3,1,2,Needs Attention
1607,2024-12-05,5,140719.66,27,4,5,5,Champions
1608,2024-12-15,14,279558.52,17,5,5,5,Champions
1609,2024-10-13,3,40495.2,80,3,3,2,Needs Attention
1610,2024-02-21,5,45450.04,315,1,5,2,Loyal
1611,2024-04-07,1,27608.24,269,1,1,2,Lost
1612,2024-07-31,1,647.86,154,2,1,1,Lost
1613,2024-11-16,4,67035.96,46,3,4,3,Loyal
1614,2024-10-17,4,82922.1,76,3,4,4,Loyal
1615,2024-11-10,4,35035.11,52,3,4,2,Loyal
1616,2023-11-24,3,33027.81,404,1,3,2,At Risk
1617,2024-11-09,3,101896.2,53,3,3,4,Needs Attention
1618,2024-11-10,12,240281.67,52,3,5,5,Loyal
1619,2024-07-05,3,62331.31,180,2,3,3,At Risk
1620,2024-11-22,3,36843.07,40,4,3,2,Needs Attention
1621,2023-12-17,2,123184.22,381,1,2,4,Lost
1623,2024-12-13,6,180112.17,19,5,5,5,Champions
1624,2024-03-29,4,92993.36,278,1,4,4,Loyal
1625,2024-12-16,3,69756.85,16,5,3,3,Needs Attention
1626,2024-11-17,3,31246.68,45,4,3,2,Needs Attention
1629,2024-11-17,3,30562.1,45,4,3,2,Needs Attention
1630,2024-12-24,8,150633.13,8,5,5,5,Champions
1631,2024-07-05,4,67798.29,180,2,4,3,Loyal
1632,2024-11-30,1,3440.43,32,4,1,1,New / Promising
1633,2024-09-15,1,10997.04,108,2,1,1,Lost
1634,2024-10-14,3,39600.13,79,3,3,2,Needs Attention
1635,2024-11-07,5,122539.03,55,3,5,4,Loyal
1636,2024-06-13,3,33668.97,202,1,3,2,At Risk
1637,2024-12-25,2,5959.86,7,5,2,1,New / Promising
1638,2024-12-30,15,229079.61,2,5,5,5,Champions
1639,2023-06-06,1,11295.71,575,1,1,1,Lost
1640,2024-03-31,3,31145.47,276,1,3,2,At Risk
1642,2024-11-22,3,50802.56,40,4,3,3,Needs Attention
1643,2024-05-02,3,29948.27,244,1,3,2,At Risk
1644,2024-12-26,9,245772.57,6,5,5,5,Champions
1645,2024-10-04,4,36816.58,89,2,4,2,Loyal
1646,2024-11-15,2,24408.5,47,3,2,2,Needs Attention
1647,2024-09-30,1,29767.69,93,2,1,2,Lost
1649,2024-12-20,3,67832.66,12,5,3,3,Needs Attention
1650,2024-11-23,2,65076.2,39,4,2,3,New / Promising
1653,2024-10-12,5,102400.38,81,3,5,4,Loyal
1654,2024-06-02,1,21982.58,213,1,1,1,Lost
1655,2024-10-08,4,52195.26,85,2,4,3,Loyal
1656,2024-12-08,2,68970.43,24,4,2,3,New / Promising
1657,2024-09-27,1,45850.6,96,2,1,2,Lost
1659,2024-12-31,11,136317.62,1,5,5,5,Champions
1660,2024-10-29,4,67933.24,64,3,4,3,Loyal
1661,2024-08-14,5,22281.0,140,2,5,1,Loyal
1662,2024-03-25,1,67822.34,282,1,1,3,Lost
1663,2024-11-07,2,16487.05,55,3,2,1,Needs Attention
1664,2023-12-12,2,35975.37,386,1,2,2,Lost
1665,2024-12-24,8,177626.68,8,5,5,5,Champions
1666,2024-04-07,1,7290.01,269,1,1,1,Lost
1667,2024-07-04,1,12548.46,181,2,1,1,Lost
1668,2024-11-08,4,52234.6,54,3,4,3,Loyal
1669,2024-12-25,4,42193.85,7,5,4,2,Champions
1670,2024-10-27,4,74397.71,66,3,4,3,Loyal
1671,2024-12-15,7,118099.6,17,5,5,4,Champions
1672,2024-02-11,1,3314.34,325,1,1,1,Lost
1673,2024-08-09,3,145637.29,145,2,3,5,At Risk
1674,2024-06-23,1,808.25,192,1,1,1,Lost
1675,2024-11-05,2,27356.34,57,3,2,2,Needs Attention
1676,2024-11-09,1,3248.66,53,3,1,1,Needs Attention
1677,2024-12-31,3,29226.55,1,5,3,2,Needs Attention
1678,2024-12-22,6,183359.37,10,5,5,5,Champions
1679,2024-12-21,7,102734.22,11,5,5,4,Champions
1680,2024-09-16,1,510.62,107,2,1,1,Lost
1681,2024-11-25,3,48063.46,37,4,3,3,Needs Attention
1682,2024-11-23,16,256924.38,39,4,5,5,Champions
1683,2024-03-31,2,23018.53,276,1,2,1,Lost
1684,2024-09-16,3,38840.17,107,2,3,2,At Risk
1685,2024-07-10,3,71656.37,175,2,3,3,At Risk
1686,2024-11-29,3,116660.07,33,4,3,4,Needs Attention
1687,2024-12-11,11,224701.01,21,4,5,5,Champions
1688,2024-10-02,6,81454.8,91,2,5,4,Loyal
1690,2023-09-05,1,10221.51,484,1,1,1,Lost
1691,2024-10-03,4,98994.76,90,2,4,4,Loyal
1692,2024-12-20,5,107115.26,12,5,5,4,Champions
1693,2024-10-18,3,43072.75,75,3,3,2,Needs Attention
1694,2024-10-04,11,288078.86,89,2,5,5,Loyal
1695,2024-09-20,4,78261.43,103,2,4,4,Loyal
1696,2024-12-17,6,113956.81,15,5,5,4,Champions
1697,2024-10-21,5,101236.69,72,3,5,4,Loyal
1698,2024-12-15,2,15345.17,17,5,2,1,New / Promising
1699,2024-06-18,1,27792.09,197,1,1,2,Lost
1700,2024-12-12,2,62247.65,20,5,2,3,New / Promising
1701,2023-12-27,1,6852.37,371,1,1,1,Lost
1702,2024-11-30,2,63118.41,32,4,2,3,New / Promising
1703,2024-12-14,4,48996.59,18,5,4,3,Champions
1705,2024-12-09,4,122559.68,23,4,4,4,Champions
1707,2024-11-22,3,52211.25,40,4,3,3,Needs Attention
1709,2024-07-24,3,43509.53,161,2,3,2,At Risk
1710,2024-11-27,3,40488.93,35,4,3,2,Needs Attention
1711,2024-05-14,2,36441.18,232,1,2,2,Lost
1712,2024-10-07,2,59377.95,86,2,2,3,Lost
1713,2024-11-25,7,142021.26,37,4,5,5,Champions
1714,2024-11-25,7,234311.64,37,4,5,5,Champions
1715,2024-12-17,7,118633.14,15,5,5,4,Champions
1717,2024-11-11,5,65490.84,51,3,5,3,Loyal
1719,2024-10-08,4,80017.7,85,2,4,4,Loyal
1720,2024-09-26,4,41662.91,97,2,4,2,Loyal
1721,2024-12-19,8,184258.72,13,5,5,5,Champions
1722,2024-12-24,6,129173.58,8,5,5,5,Champions
1723,2024-12-20,7,109802.93,12,5,5,4,Champions
1724,2024-09-21,3,60446.56,102,2,3,3,At Risk
1725,2024-09-28,5,108136.74,95,2,5,4,Loyal
1726,2024-12-24,1,866.36,8,5,1,1,New / Promising
1727,2024-11-15,6,145090.18,47,3,5,5,Loyal
1728,2024-09-05,3,8894.06,118,2,3,1,At Risk
1729,2024-12-01,2,50107.89,31,4,2,3,New / Promising
1732,2024-09-09,2,29820.84,114,2,2,2,Lost
1733,2024-11-26,5,75468.69,36,4,5,3,Champions
1734,2024-10-30,2,30449.84,63,3,2,2,Needs Attention
1735,2024-10-29,3,88748.66,64,3,3,4,Needs Attention
1736,2024-09-04,1,19164.77,119,2,1,1,Lost
1737,2024-11-07,6,67717.97,55,3,5,3,Loyal
1738,2024-11-12,2,39387.78,50,3,2,2,Needs Attention
1739,2024-10-22,2,11177.65,71,3,2,1,Needs Attention
1741,2024-11-15,5,75169.21,47,3,5,3,Loyal
1742,2024-06-08,1,19308.68,207,1,1,1,Lost
1743,2024-12-20,2,9307.09,12,5,2,1,New / Promising
1744,2024-11-18,5,234438.38,44,4,5,5,Champions
1745,2023-11-29,1,22973.4,399,1,1,1,Lost
1748,2024-06-28,2,84848.22,187,1,2,4,Lost
1749,2024-11-15,4,107410.12,47,3,4,4,Loyal
1750,2024-09-16,3,131287.63,107,2,3,5,At Risk
1751,2024-10-13,5,107405.68,80,3,5,4,Loyal
1752,2024-12-11,2,35358.69,21,4,2,2,New / Promising
1753,2024-08-16,3,29904.65,138,2,3,2,At Risk
1754,2023-10-09,1,10128.03,450,1,1,1,Lost
1755,2024-05-07,2,41208.39,239,1,2,2,Lost
1756,2023-10-22,3,62090.68,437,1,3,3,At Risk
1757,2024-01-23,1,18938.37,344,1,1,1,Lost
1758,2024-09-30,2,23825.45,93,2,2,2,Lost
1759,2024-06-16,1,62645.75,199,1,1,3,Lost
1760,2024-12-18,12,199929.47,14,5,5,5,Champions
1761,2024-12-30,2,6280.3,2,5,2,1,New / Promising
1763,2024-10-18,2,71201.37,75,3,2,3,Needs Attention
1764,2024-12-18,9,234628.08,14,5,5,5,Champions
1765,2024-06-13,5,106872.2,202,1,5,4,Loyal
1766,2024-12-26,4,70803.67,6,5,4,3,Champions
1767,2024-09-30,3,65579.44,93,2,3,3,At Risk
1768,2023-12-24,1,8267.24,374,1,1,1,Lost
1769,2023-12-19,5,48320.43,379,1,5,3,Loyal
1770,2024-10-16,3,56470.51,77,3,3,3,Needs Attention
1771,2024-12-01,3,130198.96,31,4,3,5,Needs Attention
1772,2024-11-22,5,100972.25,40,4,5,4,Champions
1773,2024-12-03,5,68802.08,29,4,5,3,Champions
1774,2024-11-15,2,10914.05,47,3,2,1,Needs Attention
1775,2024-12-29,3,65004.91,3,5,3,3,Needs Attention
1776,2024-10-26,11,228304.4,67,3,5,5,Loyal
1777,2024-12-15,2,34564.54,17,5,2,2,New / Promising
1778,2023-09-28,1,28852.02,461,1,1,2,Lost
1780,2024-12-01,9,190511.21,31,4,5,5,Champions
1781,2024-10-23,3,22873.84,70,3,3,1,Needs Attention
1782,2024-11-27,3,57877.2,35,4,3,3,Needs Attention
1783,2024-09-21,3,95581.11,102,2,3,4,At Risk
1784,2024-11-26,4,45666.03,36,4,4,2,Champions
1785,2024-12-02,4,65548.44,30,4,4,3,Champions
1786,2024-11-23,1,2853.7,39,4,1,1,New / Promising
1787,2024-03-08,6,125960.02,299,1,5,5,Loyal
1788,2024-12-09,11,168178.04,23,4,5,5,Champions
1789,2024-11-09,2,14358.27,53,3,2,1,Needs Attention
1790,2024-08-28,3,58004.8,126,2,3,3,At Risk
1792,2024-04-27,1,13032.63,249,1,1,1,Lost
1793,2023-11-25,1,38573.84,403,1,1,2,Lost
1795,2024-12-10,2,13849.95,22,4,2,1,New / Promising
1796,2023-10-23,1,4658.35,436,1,1,1,Lost
1797,2024-12-22,10,140777.84,10,5,5,5,Champions
1798,2024-11-12,4,107997.37,50,3,4,4,Loyal
1799,2024-06-12,4,102419.64,203,1,4,4,Loyal
1800,2024-10-19,6,127246.25,74,3,5,5,Loyal
1801,2024-12-10,5,54636.38,22,4,5,3,Champions
1802,2023-10-17,1,14969.68,442,1,1,1,Lost
1803,2024-12-24,2,21568.76,8,5,2,1,New / Promising
1804,2024-04-21,2,73072.2,255,1,2,3,Lost
1805,2024-11-14,6,102247.0,48,3,5,4,Loyal
1806,2024-12-06,2,78623.93,26,4,2,4,New / Promising
1807,2024-11-10,5,100122.1,52,3,5,4,Loyal
1808,2024-07-04,4,87363.91,181,2,4,4,Loyal
1809,2024-04-23,3,17071.65,253,1,3,1,At Risk
1810,2024-12-07,4,51576.46,25,4,4,3,Champions
1811,2024-12-22,4,30087.4,10,5,4,2,Champions
1813,2024-11-19,10,300495.3,43,4,5,5,Champions
1814,2024-11-24,3,66463.43,38,4,3,3,Needs Attention
1815,2024-11-15,3,20209.4,47,3,3,1,Needs Attention
1816,2023-10-18,3,29978.27,441,1,3,2,At Risk
1817,2024-12-22,2,28672.92,10,5,2,2,New / Promising
1818,2024-11-06,9,200131.15,56,3,5,5,Loyal
1819,2024-11-25,8,162062.2,37,4,5,5,Champions
1820,2024-07-30,3,96206.87,155,2,3,4,At Risk
1821,2024-08-27,3,54343.85,127,2,3,3,At Risk
1822,2024-11-17,6,52031.54,45,4,5,3,Champions
1823,2024-06-09,3,50841.58,206,1,3,3,At Risk
1824,2024-12-09,1,3315.15,23,4,1,1,New / Promising
1825,2024-10-18,7,248846.95,75,3,5,5,Loyal
1826,2024-11-02,1,10931.05,60,3,1,1,Needs Attention
1827,2024-06-02,3,54029.35,213,1,3,3,At Risk
1828,2024-10-02,1,43471.5,91,2,1,2,Lost
1830,2024-09-30,3,64906.81,93,2,3,3,At Risk
1831,2024-01-25,1,9101.38,342,1,1,1,Lost
1833,2024-12-26,8,240475.62,6,5,5,5,Champions
1834,2024-12-12,10,172550.56,20,5,5,5,Champions
1835,2024-10-19,7,183347.59,74,3,5,5,Loyal
1836,2023-12-06,2,74695.15,392,1,2,3,Lost
1838,2023-11-15,2,14355.57,413,1,2,1,Lost
1839,2024-08-05,4,48850.82,149,2,4,3,Loyal
1840,2024-10-20,2,75062.97,73,3,2,3,Needs Attention
1842,2024-09-23,4,47694.56,100,2,4,3,Loyal
1843,2024-10-02,3,45229.62,91,2,3,2,At Risk
1844,2024-11-08,7,123300.88,54,3,5,4,Loyal
1845,2024-10-24,3,26636.31,69,3,3,2,Needs Attention
1846,2024-10-10,3,108709.66,83,3,3,4,Needs Attention
1847,2024-09-19,10,94840.86,104,2,5,4,Loyal
1848,2024-07-28,4,93829.57,157,2,4,4,Loyal
1850,2024-04-30,2,14637.83,246,1,2,1,Lost
1851,2024-11-10,13,306978.8,52,3,5,5,Loyal
1853,2023-09-13,1,11253.37,476,1,1,1,Lost
1854,2024-09-21,7,148571.56,102,2,5,5,Loyal
1858,2024-11-11,5,93099.8,51,3,5,4,Loyal
1859,2024-09-24,4,53035.25,99,2,4,3,Loyal
1861,2024-09-26,2,24090.07,97,2,2,2,Lost
1862,2024-11-19,2,17645.41,43,4,2,1,New / Promising
1864,2024-11-30,6,108095.31,32,4,5,4,Champions
1865,2024-08-02,3,31019.93,152,2,3,2,At Risk
1866,2024-07-12,3,88027.54,173,2,3,4,At Risk
1867,2024-04-06,1,37068.78,270,1,1,2,Lost
1868,2024-10-27,2,24090.35,66,3,2,2,Needs Attention
1869,2024-06-18,2,39951.72,197,1,2,2,Lost
1870,2024-11-18,2,82724.34,44,4,2,4,New / Promising
1871,2023-12-17,2,8966.38,381,1,2,1,Lost
1872,2024-12-23,6,90831.31,9,5,5,4,Champions
1873,2024-08-17,3,45425.71,137,2,3,2,At Risk
1874,2024-12-29,1,1556.96,3,5,1,1,New / Promising
1875,2024-09-11,2,32767.69,112,2,2,2,Lost
1876,2024-12-05,6,154091.57,27,4,5,5,Champions
1877,2024-04-14,1,9064.49,262,1,1,1,Lost
1878,2024-12-24,6,80196.03,8,5,5,4,Champions
1879,2024-12-18,11,203759.5,14,5,5,5,Champions
1880,2024-11-23,8,208611.07,39,4,5,5,Champions
1883,2023-11-11,2,32235.59,417,1,2,2,Lost
1884,2024-10-13,4,40533.8,80,3,4,2,Loyal
1885,2024-12-09,14,257191.38,23,4,5,5,Champions
1886,2023-11-04,3,64436.71,424,1,3,3,At Risk
1887,2024-07-06,1,9473.37,179,2,1,1,Lost
1890,2024-11-27,6,99629.08,35,4,5,4,Champions
1891,2024-12-20,2,67653.63,12,5,2,3,New / Promising
1892,2024-11-30,5,106448.8,32,4,5,4,Champions
1893,2024-12-01,3,58210.14,31,4,3,3,Needs Attention
1894,2024-08-17,1,15562.43,137,2,1,1,Lost
1895,2024-12-04,10,184829.78,28,4,5,5,Champions
1897,2024-12-19,8,148601.54,13,5,5,5,Champions
1898,2024-11-15,4,78892.18,47,3,4,4,Loyal
1899,2024-10-24,2,11661.52,69,3,2,1,Needs Attention
1901,2024-12-27,4,123509.76,5,5,4,4,Champions
1903,2024-12-24,8,132477.89,8,5,5,5,Champions
1904,2024-11-12,7,188607.19,50,3,5,5,Loyal
1905,2024-03-07,2,46163.32,300,1,2,3,Lost
1906,2023-10-16,2,36552.25,443,1,2,2,Lost
1907,2024-12-07,4,43650.62,25,4,4,2,Champions
1908,2024-11-17,2,16882.97,45,4,2,1,New / Promising
1912,2024-12-11,1,3287.94,21,4,1,1,New / Promising
1913,2023-10-18,1,12566.91,441,1,1,1,Lost
1914,2024-11-01,5,117310.85,61,3,5,4,Loyal
1915,2024-09-09,6,153958.16,114,2,5,5,Loyal
1916,2024-06-17,3,35684.72,198,1,3,2,At Risk
1918,2024-07-16,2,42576.35,169,2,2,2,Lost
1919,2024-12-07,8,201445.95,25,4,5,5,Champions
1920,2024-12-16,8,134343.86,16,5,5,5,Champions
1921,2024-06-22,3,28676.16,193,1,3,2,At Risk
1922,2024-12-10,10,169070.68,22,4,5,5,Champions
1923,2024-12-10,7,111583.31,22,4,5,4,Champions
1924,2024-07-29,4,38592.68,156,2,4,2,Loyal
1925,2024-11-17,7,150932.87,45,4,5,5,Champions
1926,2024-12-29,8,101476.77,3,5,5,4,Champions
1927,2024-02-06,1,1924.41,330,1,1,1,Lost
1928,2023-11-05,2,10273.21,423,1,2,1,Lost
1929,2024-09-17,4,67688.68,106,2,4,3,Loyal
1930,2024-12-07,1,415.01,25,4,1,1,New / Promising
1931,2023-10-20,1,22412.56,439,1,1,1,Lost
1933,2024-10-28,6,66718.85,65,3,5,3,Loyal
1934,2024-12-16,7,154922.46,16,5,5,5,Champions
1936,2024-12-10,4,62336.0,22,4,4,3,Champions
1938,2024-10-04,3,52116.66,89,2,3,3,At Risk
1939,2024-10-27,6,94887.34,66,3,5,4,Loyal
1940,2023-12-07,2,57197.37,391,1,2,3,Lost
1941,2024-12-13,8,101917.37,19,5,5,4,Champions
1942,2024-12-21,4,61304.01,11,5,4,3,Champions
1943,2024-11-18,1,45854.84,44,4,1,2,New / Promising
1944,2024-10-08,2,30364.43,85,2,2,2,Lost
1945,2024-04-28,6,85779.2,248,1,5,4,Loyal
1946,2023-11-20,1,15814.62,408,1,1,1,Lost
1947,2024-11-29,8,165877.76,33,4,5,5,Champions
1950,2024-11-01,4,64804.7,61,3,4,3,Loyal
1951,2024-11-28,4,75561.7,34,4,4,3,Champions
1952,2024-11-27,8,114311.49,35,4,5,4,Champions
1953,2023-09-07,1,18290.06,482,1,1,1,Lost
1954,2024-11-27,3,55604.12,35,4,3,3,Needs Attention
1955,2024-08-22,2,27816.05,132,2,2,2,Lost
1956,2024-11-30,9,153337.75,32,4,5,5,Champions
1957,2024-10-07,4,33584.56,86,2,4,2,Loyal
1958,2024-08-05,4,146168.64,149,2,4,5,Loyal
1959,2024-12-28,8,88277.03,4,5,5,4,Champions
1960,2024-08-21,11,244456.48,133,2,5,5,Loyal
1962,2024-11-19,2,20619.19,43,4,2,1,New / Promising
1963,2023-11-20,2,45610.5,408,1,2,2,Lost
1964,2024-11-27,2,94938.15,35,4,2,4,New / Promising
1965,2024-11-07,2,46692.64,55,3,2,3,Needs Attention
1966,2024-11-29,7,158783.67,33,4,5,5,Champions
1967,2024-06-06,3,31120.66,209,1,3,2,At Risk
1968,2024-12-07,12,243050.03,25,4,5,5,Champions
1969,2024-09-16,3,77819.16,107,2,3,4,At Risk
1971,2024-11-03,2,22342.39,59,3,2,1,Needs Attention
1972,2024-12-22,10,268626.52,10,5,5,5,Champions
1973,2024-05-23,2,14491.64,223,1,2,1,Lost
1974,2024-07-24,1,4586.86,161,2,1,1,Lost
1976,2024-09-19,4,53854.25,104,2,4,3,Loyal
1977,2024-10-14,1,31189.77,79,3,1,2,Needs Attention
1978,2024-11-29,5,81052.09,33,4,5,4,Champions
1979,2024-12-21,4,79637.84,11,5,4,4,Champions
1980,2024-11-27,5,69011.63,35,4,5,3,Champions
1981,2024-11-17,3,42078.67,45,4,3,2,Needs Attention
1982,2024-10-02,2,29176.74,91,2,2,2,Lost
1983,2024-08-15,7,149620.11,139,2,5,5,Loyal
1984,2024-10-01,3,33687.56,92,2,3,2,At Risk
1985,2024-10-04,3,42739.33,89,2,3,2,At Risk
1987,2024-09-15,3,51456.6,108,2,3,3,At Risk
1988,2024-05-27,6,151820.57,219,1,5,5,Loyal
1989,2024-10-22,4,38908.75,71,3,4,2,Loyal
1990,2024-11-07,4,95374.2,55,3,4,4,Loyal
1991,2024-12-27,7,148305.04,5,5,5,5,Champions
1992,2024-12-05,7,140144.55,27,4,5,5,Champions
1993,2024-11-10,3,38937.38,52,3,3,2,Needs Attention
1994,2024-06-28,1,26316.97,187,1,1,2,Lost
1996,2024-07-29,4,85773.09,156,2,4,4,Loyal
1997,2024-11-18,3,62635.57,44,4,3,3,Needs Attention
1998,2024-12-23,5,89351.36,9,5,5,4,Champions
1999,2024-12-16,8,151972.14,16,5,5,5,Champions
2000,2024-10-31,2,120995.59,62,3,2,4,Needs Attention
2001,2024-10-03,3,98200.27,90,2,3,4,At Risk
2002,2024-08-07,1,14811.15,147,2,1,1,Lost
2003,2023-09-19,1,26484.02,470,1,1,2,Lost
2004,2024-03-25,3,31959.79,282,1,3,2,At Risk
2005,2024-10-15,1,13654.1,78,3,1,1,Needs Attention
2006,2024-01-05,1,19526.41,362,1,1,1,Lost
2007,2024-12-29,2,29722.52,3,5,2,2,New / Promising
2009,2024-11-23,2,12466.37,39,4,2,1,New / Promising
2011,2024-12-28,7,225144.7,4,5,5,5,Champions
2012,2024-12-02,3,48664.54,30,4,3,3,Needs Attention
2013,2024-12-26,5,200471.63,6,5,5,5,Champions
2017,2023-08-28,1,4057.35,492,1,1,1,Lost
2018,2024-10-16,3,46679.88,77,3,3,3,Needs Attention
2019,2024-12-21,2,76079.84,11,5,2,3,New / Promising
2020,2024-08-03,2,35200.55,151,2,2,2,Lost
2021,2024-01-03,2,40780.38,364,1,2,2,Lost
2022,2024-11-28,1,3208.94,34,4,1,1,New / Promising
2023,2024-10-29,8,62037.21,64,3,5,3,Loyal
2024,2024-09-25,4,62233.09,98,2,4,3,Loyal
2025,2024-09-02,5,145315.86,121,2,5,5,Loyal
2026,2024-06-12,13,296401.39,203,1,5,5,Loyal
2028,2024-11-07,4,178134.64,55,3,4,5,Loyal
2029,2024-01-29,3,65744.48,338,1,3,3,At Risk
2030,2024-11-18,3,34149.12,44,4,3,2,Needs Attention
2031,2024-12-11,3,55539.81,21,4,3,3,Needs Attention
2032,2024-08-17,6,80238.63,137,2,5,4,Loyal
2034,2024-05-13,1,32821.03,233,1,1,2,Lost
2035,2024-12-29,6,132278.59,3,5,5,5,Champions
2036,2024-12-03,14,227334.53,29,4,5,5,Champions
2037,2024-11-29,8,141914.32,33,4,5,5,Champions
2038,2024-12-08,8,154968.93,24,4,5,5,Champions
2040,2023-10-15,1,15237.67,444,1,1,1,Lost
2041,2024-12-12,8,94253.28,20,5,5,4,Champions
2042,2024-11-17,1,53277.49,45,4,1,3,New / Promising
2043,2024-10-19,1,8289.75,74,3,1,1,Needs Attention
2044,2024-12-18,6,107102.48,14,5,5,4,Champions
2045,2024-11-18,9,283913.19,44,4,5,5,Champions
2046,2024-11-10,8,136258.59,52,3,5,5,Loyal
2047,2024-10-12,4,33351.5,81,3,4,2,Loyal
2048,2024-03-20,3,44782.79,287,1,3,2,At Risk
2049,2024-12-02,9,128264.15,30,4,5,5,Champions
2050,2024-10-17,1,7933.56,76,3,1,1,Needs Attention
2052,2024-06-06,2,40860.06,209,1,2,2,Lost
2053,2023-09-15,1,11380.64,474,1,1,1,Lost
2054,2024-11-01,6,93207.29,61,3,5,4,Loyal
2055,2024-12-23,19,317623.43,9,5,5,5,Champions
2056,2024-10-26,7,97176.37,67,3,5,4,Loyal
2057,2024-12-07,6,70885.49,25,4,5,3,Champions
2058,2024-09-09,5,83577.36,114,2,5,4,Loyal
2059,2024-10-04,4,131388.02,89,2,4,5,Loyal
2060,2024-10-07,7,125427.47,86,2,5,5,Loyal
2061,2024-12-02,3,34290.12,30,4,3,2,Needs Attention
2062,2024-09-14,6,147172.54,109,2,5,5,Loyal
2064,2024-12-26,6,181599.09,6,5,5,5,Champions
2065,2024-11-29,12,170658.63,33,4,5,5,Champions
2066,2024-11-17,5,79515.11,45,4,5,4,Champions
2067,2024-11-30,3,44636.84,32,4,3,2,Needs Attention
2069,2024-12-08,4,99451.33,24,4,4,4,Champions
2070,2024-01-19,1,61694.35,348,1,1,3,Lost
2071,2024-11-10,4,104148.88,52,3,4,4,Loyal
2072,2024-09-25,2,53604.08,98,2,2,3,Lost
2073,2024-11-21,6,183606.03,41,4,5,5,Champions
2074,2024-07-13,2,35215.21,172,2,2,2,Lost
2075,2024-08-17,1,10221.8,137,2,1,1,Lost
2076,2024-11-20,4,29398.39,42,4,4,2,Champions
2077,2024-02-06,1,12942.01,330,1,1,1,Lost
2078,2024-03-11,2,95905.66,296,1,2,4,Lost
2080,2024-06-03,5,160409.95,212,1,5,5,Loyal
2081,2024-04-24,1,20110.86,252,1,1,1,Lost
2082,2024-05-03,2,27120.56,243,1,2,2,Lost
2083,2024-07-21,3,86579.48,164,2,3,4,At Risk
2086,2024-12-10,2,51282.85,22,4,2,3,New / Promising
2087,2024-12-29,3,82860.44,3,5,3,4,Needs Attention
2088,2024-11-21,10,190804.62,41,4,5,5,Champions
2091,2024-09-05,2,42885.3,118,2,2,2,Lost
2092,2024-10-26,8,126811.64,67,3,5,5,Loyal
2093,2024-12-11,2,58466.45,21,4,2,3,New / Promising
2094,2024-01-25,1,34145.01,342,1,1,2,Lost
2096,2024-07-20,1,4447.91,165,2,1,1,Lost
2097,2024-06-04,1,9210.83,211,1,1,1,Lost
2099,2024-11-04,2,52322.77,58,3,2,3,Needs Attention
2100,2024-10-06,1,13200.82,87,2,1,1,Lost
2101,2024-12-01,10,196755.58,31,4,5,5,Champions
2103,2024-11-23,1,6996.04,39,4,1,1,New / Promising
2104,2024-12-30,4,40255.96,2,5,4,2,Champions
2105,2024-12-03,3,12773.59,29,4,3,1,Needs Attention
2106,2024-01-26,2,22650.34,341,1,2,1,Lost
2107,2024-11-07,7,79406.44,55,3,5,4,Loyal
2108,2024-11-17,3,35258.07,45,4,3,2,Needs Attention
2109,2024-05-08,3,18935.55,238,1,3,1,At Risk
2111,2024-09-23,1,20724.12,100,2,1,1,Lost
2112,2024-05-04,2,46871.7,242,1,2,3,Lost
2113,2024-12-14,4,99326.79,18,5,4,4,Champions
2114,2024-11-14,3,86326.71,48,3,3,4,Needs Attention
2115,2024-10-28,6,160154.01,65,3,5,5,Loyal
2116,2024-03-30,4,80653.61,277,1,4,4,Loyal
2117,2024-12-02,4,35394.14,30,4,4,2,Champions
2118,2023-11-03,1,3872.52,425,1,1,1,Lost
2120,2024-12-21,2,22256.84,11,5,2,1,New / Promising
2121,2024-06-22,2,25635.11,193,1,2,2,Lost
2122,2024-10-28,4,66782.91,65,3,4,3,Loyal
2123,2024-12-31,3,40408.86,1,5,3,2,Needs Attention
2124,2024-12-01,9,162141.39,31,4,5,5,Champions
2125,2024-10-26,5,58950.94,67,3,5,3,Loyal
2126,2024-11-17,4,89436.25,45,4,4,4,Champions
2127,2024-12-23,7,90386.94,9,5,5,4,Champions
2128,2024-11-19,4,97620.57,43,4,4,4,Champions
2129,2024-09-26,1,13654.56,97,2,1,1,Lost
2130,2024-12-27,5,90076.86,5,5,5,4,Champions
2131,2024-11-23,8,104349.11,39,4,5,4,Champions
2132,2024-12-04,5,134891.47,28,4,5,5,Champions
2133,2024-12-30,4,117219.91,2,5,4,4,Champions
2134,2024-12-10,4,22760.28,22,4,4,1,Champions
2136,2024-12-22,18,283587.36,10,5,5,5,Champions
2137,2024-06-14,3,61573.6,201,1,3,3,At Risk
2138,2024-11-26,10,219950.63,36,4,5,5,Champions
2139,2024-10-18,3,43831.09,75,3,3,2,Needs Attention
2140,2024-10-27,3,46189.12,66,3,3,3,Needs Attention
2141,2024-11-01,3,22653.43,61,3,3,1,Needs Attention
2142,2024-09-13,1,37618.08,110,2,1,2,Lost
2143,2024-10-22,6,126401.76,71,3,5,5,Loyal
2144,2024-10-29,5,89036.59,64,3,5,4,Loyal
2145,2024-10-07,4,45946.68,86,2,4,3,Loyal
2146,2024-11-04,3,109249.88,58,3,3,4,Needs Attention
2147,2024-05-31,2,30074.04,215,1,2,2,Lost
2148,2024-06-30,1,8055.24,185,1,1,1,Lost
2149,2024-12-21,4,60885.41,11,5,4,3,Champions
2150,2024-12-03,4,129651.63,29,4,4,5,Champions
2151,2024-12-16,4,60782.5,16,5,4,3,Champions
2153,2024-11-23,1,14317.47,39,4,1,1,New / Promising
2154,2024-11-23,2,44705.62,39,4,2,2,New / Promising
2155,2024-03-22,2,54399.07,285,1,2,3,Lost
2156,2024-01-31,1,17688.76,336,1,1,1,Lost
2157,2024-06-26,2,42095.86,189,1,2,2,Lost
2158,2024-12-28,9,98490.62,4,5,5,4,Champions
2160,2024-03-10,1,20864.21,297,1,1,1,Lost
2162,2024-09-04,3,32392.52,119,2,3,2,At Risk
2163,2024-10-27,7,177514.25,66,3,5,5,Loyal
2164,2024-12-01,2,43365.4,31,4,2,2,New / Promising
2165,2024-12-09,7,98649.28,23,4,5,4,Champions
2166,2024-10-22,3,26405.83,71,3,3,2,Needs Attention
2167,2024-09-27,5,83825.27,96,2,5,4,Loyal
2168,2024-09-24,2,28057.69,99,2,2,2,Lost
2169,2024-10-30,6,225390.1,63,3,5,5,Loyal
2170,2024-12-07,3,35437.62,25,4,3,2,Needs Attention
2171,2024-12-01,9,269620.54,31,4,5,5,Champions
2172,2024-12-31,2,40976.78,1,5,2,2,New / Promising
2174,2024-10-25,5,94546.6,68,3,5,4,Loyal
2175,2024-12-24,3,51711.87,8,5,3,3,Needs Attention
2177,2024-12-14,13,253895.32,18,5,5,5,Champions
2178,2024-09-20,5,137040.97,103,2,5,5,Loyal
2179,2024-09-22,2,41499.28,101,2,2,2,Lost
2180,2024-07-17,6,139618.84,168,2,5,5,Loyal
2181,2024-12-12,8,195059.33,20,5,5,5,Champions
2182,2024-11-19,2,32082.11,43,4,2,2,New / Promising
2183,2024-07-08,1,15894.83,177,2,1,1,Lost
2184,2024-10-24,2,3522.77,69,3,2,1,Needs Attention
2186,2024-12-07,2,46536.56,25,4,2,3,New / Promising
2187,2024-10-31,2,45403.48,62,3,2,2,Needs Attention
2188,2024-05-06,1,16484.95,240,1,1,1,Lost
2189,2024-12-31,3,53142.72,1,5,3,3,Needs Attention
2192,2023-12-30,4,93094.63,368,1,4,4,Loyal
2193,2024-03-23,3,49597.37,284,1,3,3,At Risk
2194,2023-07-18,1,40390.15,533,1,1,2,Lost
2195,2024-11-13,10,223721.7,49,3,5,5,Loyal
2196,2024-12-22,5,68381.49,10,5,5,3,Champions
2197,2024-12-15,6,101265.3,17,5,5,4,Champions
2198,2024-12-25,7,120280.88,7,5,5,4,Champions
2199,2024-11-27,7,87770.77,35,4,5,4,Champions
2200,2024-12-15,3,43803.9,17,5,3,2,Needs Attention
2201,2024-10-21,7,226531.88,72,3,5,5,Loyal
2202,2023-10-04,2,54494.91,455,1,2,3,Lost
2203,2024-12-04,14,332587.81,28,4,5,5,Champions
2204,2024-09-01,3,25771.89,122,2,3,2,At Risk
2205,2024-11-25,6,130150.47,37,4,5,5,Champions
2206,2024-12-07,3,61095.11,25,4,3,3,Needs Attention
2207,2024-07-10,4,131664.77,175,2,4,5,Loyal
2208,2024-12-15,5,120615.21,17,5,5,4,Champions
2209,2023-07-23,2,40051.63,528,1,2,2,Lost
2210,2024-11-25,8,104522.02,37,4,5,4,Champions
2211,2024-09-08,2,54444.39,115,2,2,3,Lost
2212,2024-11-05,4,86125.34,57,3,4,4,Loyal
2213,2024-09-24,1,9918.77,99,2,1,1,Lost
2214,2024-04-22,5,41074.76,254,1,5,2,Loyal
2215,2024-09-13,4,78593.69,110,2,4,4,Loyal
2216,2023-09-12,2,57090.23,477,1,2,3,Lost
2217,2024-11-30,6,109762.77,32,4,5,4,Champions
2218,2024-10-13,1,18028.39,80,3,1,1,Needs Attention
2219,2024-08-03,5,71131.59,151,2,5,3,Loyal
2220,2024-10-07,3,96546.0,86,2,3,4,At Risk
2221,2024-11-09,5,25045.45,53,3,5,2,Loyal
2222,2024-12-28,6,82543.44,4,5,5,4,Champions
2223,2024-10-16,6,200150.39,77,3,5,5,Loyal
2224,2024-11-23,4,108652.85,39,4,4,4,Champions
2225,2024-12-07,8,141127.69,25,4,5,5,Champions
2226,2024-12-03,9,186195.71,29,4,5,5,Champions
2227,2024-10-24,2,34785.93,69,3,2,2,Needs Attention
2229,2024-12-23,4,157234.72,9,5,4,5,Champions
2230,2024-12-02,4,22815.1,30,4,4,1,Champions
2231,2024-12-13,8,185190.12,19,5,5,5,Champions
2232,2024-08-22,1,40137.95,132,2,1,2,Lost
2234,2024-11-06,4,152413.08,56,3,4,5,Loyal
2235,2024-12-06,4,71672.09,26,4,4,3,Champions
2237,2023-07-12,1,5518.4,539,1,1,1,Lost
2238,2024-08-06,1,492.82,148,2,1,1,Lost
2239,2024-12-16,3,62672.37,16,5,3,3,Needs Attention
2240,2024-12-12,5,43079.07,20,5,5,2,Champions
2241,2024-11-03,2,25170.76,59,3,2,2,Needs Attention
2242,2024-12-21,4,71389.29,11,5,4,3,Champions
2243,2024-12-16,7,137426.46,16,5,5,5,Champions
2244,2024-05-25,1,24367.89,221,1,1,2,Lost
2245,2024-12-27,4,50528.21,5,5,4,3,Champions
2246,2024-09-26,6,122405.62,97,2,5,4,Loyal
2248,2024-11-21,7,173680.34,41,4,5,5,Champions
2250,2024-04-22,3,69656.74,254,1,3,3,At Risk
2251,2024-12-18,1,11367.21,14,5,1,1,New / Promising
2252,2024-11-16,5,115620.27,46,3,5,4,Loyal
2253,2024-03-25,3,24135.29,282,1,3,2,At Risk
2254,2024-11-24,10,116410.63,38,4,5,4,Champions
2255,2023-12-03,1,8531.04,395,1,1,1,Lost
2256,2024-12-27,2,69909.46,5,5,2,3,New / Promising
2258,2024-08-08,1,6828.57,146,2,1,1,Lost
2259,2024-09-30,7,172439.42,93,2,5,5,Loyal
2260,2024-11-29,12,167857.6,33,4,5,5,Champions
2261,2024-06-17,2,22411.0,198,1,2,1,Lost
2262,2024-11-27,4,91902.78,35,4,4,4,Champions
2263,2024-10-30,8,102717.23,63,3,5,4,Loyal
2264,2024-09-06,4,63032.02,117,2,4,3,Loyal
2267,2024-09-25,2,47189.64,98,2,2,3,Lost
2268,2024-08-27,2,50219.61,127,2,2,3,Lost
2270,2024-12-29,6,117358.15,3,5,5,4,Champions
2271,2024-12-18,4,62451.41,14,5,4,3,Champions
2272,2023-10-25,1,19562.26,434,1,1,1,Lost
2274,2024-10-30,12,182091.87,63,3,5,5,Loyal
2276,2024-12-30,11,266860.99,2,5,5,5,Champions
2277,2024-02-07,1,13198.1,329,1,1,1,Lost
2278,2024-12-22,14,264391.3,10,5,5,5,Champions
2279,2024-08-22,3,85981.79,132,2,3,4,At Risk
2280,2024-11-22,7,115315.24,40,4,5,4,Champions
2282,2024-12-19,4,113291.56,13,5,4,4,Champions
2283,2023-11-06,1,7529.13,422,1,1,1,Lost
2284,2024-11-24,3,66982.84,38,4,3,3,Needs Attention
2285,2024-12-16,13,293500.33,16,5,5,5,Champions
2286,2024-09-30,4,38863.17,93,2,4,2,Loyal
2287,2024-11-04,6,137312.02,58,3,5,5,Loyal
2288,2024-11-11,1,8440.24,51,3,1,1,Needs Attention
2289,2024-08-26,1,9456.9,128,2,1,1,Lost
2290,2024-11-26,7,138546.72,36,4,5,5,Champions
2291,2023-12-24,3,69159.5,374,1,3,3,At Risk
2292,2024-05-23,2,27540.4,223,1,2,2,Lost
2293,2024-06-22,5,64044.24,193,1,5,3,Loyal
2294,2024-12-22,8,71839.42,10,5,5,3,Champions
2295,2024-10-16,1,16603.35,77,3,1,1,Needs Attention
2296,2024-06-02,1,26977.45,213,1,1,2,Lost
2297,2024-11-19,2,34049.76,43,4,2,2,New / Promising
2298,2024-12-10,2,14811.4,22,4,2,1,New / Promising
2299,2024-03-10,5,155341.76,297,1,5,5,Loyal
2301,2024-08-18,2,23580.03,136,2,2,2,Lost
2302,2024-08-19,5,104159.19,135,2,5,4,Loyal
2303,2023-11-25,1,22892.25,403,1,1,1,Lost
2304,2024-11-26,5,110680.08,36,4,5,4,Champions
2305,2024-11-03,2,27178.68,59,3,2,2,Needs Attention
2306,2024-12-19,5,97077.91,13,5,5,4,Champions
2307,2024-05-05,1,13074.17,241,1,1,1,Lost
2308,2024-11-29,4,28241.75,33,4,4,2,Champions
2309,2024-12-03,12,247093.74,29,4,5,5,Champions
2310,2024-08-08,2,69432.46,146,2,2,3,Lost
2311,2024-08-24,3,43673.13,130,2,3,2,At Risk
2312,2024-07-30,4,63830.09,155,2,4,3,Loyal
2313,2024-06-01,2,3372.94,214,1,2,1,Lost
2314,2024-11-27,5,182220.91,35,4,5,5,Champions
2315,2024-03-12,5,108085.07,295,1,5,4,Loyal
2316,2024-09-23,2,70413.52,100,2,2,3,Lost
2317,2024-10-15,5,180758.06,78,3,5,5,Loyal
2318,2024-11-05,8,155404.37,57,3,5,5,Loyal
2320,2024-11-03,1,6570.16,59,3,1,1,Needs Attention
2321,2024-09-22,10,201605.16,101,2,5,5,Loyal
2322,2024-11-04,1,23158.57,58,3,1,1,Needs Attention
2323,2023-12-22,1,38612.35,376,1,1,2,Lost
2324,2024-08-16,3,30592.81,138,2,3,2,At Risk
2325,2024-12-31,8,145217.79,1,5,5,5,Champions
2326,2024-12-02,5,77156.13,30,4,5,4,Champions
2327,2024-10-08,4,73305.02,85,2,4,3,Loyal
2329,2024-11-22,9,126097.1,40,4,5,5,Champions
2330,2024-08-24,5,69199.39,130,2,5,3,Loyal
2331,2024-04-17,3,74163.83,259,1,3,3,At Risk
2332,2024-06-30,2,32361.18,185,1,2,2,Lost
2333,2024-10-26,1,15379.03,67,3,1,1,Needs Attention
2334,2024-11-20,9,120520.32,42,4,5,4,Champions
2336,2024-12-20,10,242296.95,12,5,5,5,Champions
2338,2024-12-08,2,44109.39,24,4,2,2,New / Promising
2339,2024-11-13,5,75545.98,49,3,5,3,Loyal
2340,2024-11-13,3,38913.05,49,3,3,2,Needs Attention
2342,2024-08-31,3,58731.52,123,2,3,3,At Risk
2344,2024-11-29,5,63389.19,33,4,5,3,Champions
2345,2024-12-26,3,44200.67,6,5,3,2,Needs Attention
2346,2024-12-24,4,65918.93,8,5,4,3,Champions
2347,2024-11-19,3,32950.62,43,4,3,2,Needs Attention
2348,2024-09-23,2,66973.4,100,2,2,3,Lost
2350,2024-12-08,5,87454.08,24,4,5,4,Champions
2352,2024-12-03,2,53495.09,29,4,2,3,New / Promising
2354,2024-01-24,1,9446.07,343,1,1,1,Lost
2356,2024-10-07,4,46894.94,86,2,4,3,Loyal
2357,2023-10-20,1,1827.37,439,1,1,1,Lost
2358,2024-11-23,5,53483.59,39,4,5,3,Champions
2359,2024-11-08,6,75703.38,54,3,5,3,Loyal
2360,2024-10-07,7,69840.39,86,2,5,3,Loyal
2362,2024-12-19,1,2274.35,13,5,1,1,New / Promising
2363,2024-12-29,4,96204.33,3,5,4,4,Champions
2364,2024-08-24,3,76203.81,130,2,3,3,At Risk
2365,2024-12-24,6,110440.39,8,5,5,4,Champions
2366,2024-07-10,10,194439.9,175,2,5,5,Loyal
2368,2023-10-11,1,40644.58,448,1,1,2,Lost
2369,2024-12-10,9,153965.72,22,4,5,5,Champions
2370,2024-11-04,4,97108.48,58,3,4,4,Loyal
2371,2024-11-23,2,22700.82,39,4,2,1,New / Promising
2372,2024-10-06,3,73599.58,87,2,3,3,At Risk
2373,2024-06-29,2,20756.18,186,1,2,1,Lost
2374,2024-12-03,3,37612.14,29,4,3,2,Needs Attention
2375,2024-04-08,1,4280.55,268,1,1,1,Lost
2376,2024-11-17,3,36109.83,45,4,3,2,Needs Attention
2377,2024-11-29,7,151201.85,33,4,5,5,Champions
2378,2024-04-30,3,77769.84,246,1,3,4,At Risk
2379,2024-11-03,4,46900.51,59,3,4,3,Loyal
2380,2024-11-18,2,21690.19,44,4,2,1,New / Promising
2381,2023-12-17,3,43269.02,381,1,3,2,At Risk
2382,2024-11-30,5,129099.01,32,4,5,5,Champions
2383,2024-12-16,8,183164.78,16,5,5,5,Champions
2385,2023-09-07,1,26253.6,482,1,1,2,Lost
2386,2024-11-15,2,37754.63,47,3,2,2,Needs Attention
2387,2024-12-06,5,90061.08,26,4,5,4,Champions
2388,2024-11-15,1,61205.94,47,3,1,3,Needs Attention
2389,2024-12-13,9,201743.21,19,5,5,5,Champions
2390,2024-11-13,6,123358.65,49,3,5,4,Loyal
2391,2024-12-17,8,111774.9,15,5,5,4,Champions
2392,2024-11-22,4,30770.03,40,4,4,2,Champions
2393,2024-06-11,2,30450.28,204,1,2,2,Lost
2394,2024-12-23,3,113181.94,9,5,3,4,Needs Attention
2395,2024-12-18,6,133473.98,14,5,5,5,Champions
2396,2024-12-14,10,118467.85,18,5,5,4,Champions
2397,2024-11-29,2,28379.86,33,4,2,2,New / Promising
2398,2024-10-30,3,81164.0,63,3,3,4,Needs Attention
2400,2024-12-20,3,37647.19,12,5,3,2,Needs Attention
2401,2024-10-19,5,105121.49,74,3,5,4,Loyal
2402,2024-11-14,1,41325.28,48,3,1,2,Needs Attention
2403,2024-11-26,4,44071.54,36,4,4,2,Champions
2404,2024-08-14,1,6247.09,140,2,1,1,Lost
2405,2024-11-26,3,69422.38,36,4,3,3,Needs Attention
2406,2024-12-29,5,85443.9,3,5,5,4,Champions
2407,2024-06-25,2,80871.1,190,1,2,4,Lost
2408,2024-11-04,4,40770.32,58,3,4,2,Loyal
2410,2024-07-06,8,169582.82,179,2,5,5,Loyal
2412,2024-09-08,3,84139.4,115,2,3,4,At Risk
2413,2024-11-29,6,106563.16,33,4,5,4,Champions
2414,2024-10-21,1,2907.05,72,3,1,1,Needs Attention
2415,2024-02-29,2,15698.88,307,1,2,1,Lost
2416,2024-07-21,2,28620.83,164,2,2,2,Lost
2417,2024-12-10,10,210114.44,22,4,5,5,Champions
2418,2023-12-21,3,33935.71,377,1,3,2,At Risk
2419,2024-10-27,6,77479.14,66,3,5,4,Loyal
2420,2024-10-29,2,58589.19,64,3,2,3,Needs Attention
2421,2024-05-02,3,66661.8,244,1,3,3,At Risk
2422,2024-09-22,1,791.9,101,2,1,1,Lost
2425,2024-11-11,6,105415.82,51,3,5,4,Loyal
2426,2024-12-23,7,153589.36,9,5,5,5,Champions
2428,2024-10-18,4,85706.18,75,3,4,4,Loyal
2429,2024-12-20,9,246624.51,12,5,5,5,Champions
2430,2024-10-27,5,54727.81,66,3,5,3,Loyal
2431,2024-03-07,2,58660.78,300,1,2,3,Lost
2432,2023-10-29,1,14543.31,430,1,1,1,Lost
2434,2024-11-29,12,287404.78,33,4,5,5,Champions
2435,2024-12-25,7,131923.34,7,5,5,5,Champions
2436,2024-10-26,6,106023.08,67,3,5,4,Loyal
2438,2024-12-08,14,280031.6,24,4,5,5,Champions
2439,2024-12-31,7,103176.04,1,5,5,4,Champions
2440,2023-12-23,4,76430.37,375,1,4,3,Loyal
2442,2024-10-28,3,48614.13,65,3,3,3,Needs Attention
2443,2024-07-23,4,42105.02,162,2,4,2,Loyal
2444,2024-03-25,2,19567.15,282,1,2,1,Lost
2445,2024-12-22,5,57468.31,10,5,5,3,Champions
2446,2024-12-05,2,12645.51,27,4,2,1,New / Promising
2447,2024-09-03,2,45794.96,120,2,2,2,Lost
2448,2024-12-23,2,41784.73,9,5,2,2,New / Promising
2450,2024-11-19,3,80064.32,43,4,3,4,Needs Attention
2451,2024-12-16,12,228138.05,16,5,5,5,Champions
2452,2024-11-23,1,12224.58,39,4,1,1,New / Promising
2453,2024-12-20,11,288253.46,12,5,5,5,Champions
2456,2024-06-16,5,148809.36,199,1,5,5,Loyal
2457,2024-12-03,3,33027.2,29,4,3,2,Needs Attention
2458,2024-08-26,2,31642.67,128,2,2,2,Lost
2459,2024-04-24,3,47752.65,252,1,3,3,At Risk
2460,2024-12-22,3,21342.84,10,5,3,1,Needs Attention
2461,2024-12-04,1,17204.03,28,4,1,1,New / Promising
2463,2024-02-27,3,91209.52,309,1,3,4,At Risk
2464,2024-12-29,3,31799.3,3,5,3,2,Needs Attention
2465,2024-12-19,4,56687.48,13,5,4,3,Champions
2466,2024-05-12,4,54116.41,234,1,4,3,Loyal
2467,2024-12-25,6,84326.58,7,5,5,4,Champions
2468,2024-11-06,1,6692.56,56,3,1,1,Needs Attention
2469,2024-11-23,13,219643.02,39,4,5,5,Champions
2470,2024-10-15,10,273107.97,78,3,5,5,Loyal
2471,2024-11-23,9,150942.88,39,4,5,5,Champions
2472,2024-11-21,7,103113.7,41,4,5,4,Champions
2473,2024-07-02,2,13491.35,183,1,2,1,Lost
2474,2024-12-10,6,79237.59,22,4,5,4,Champions
2475,2024-08-08,5,76071.84,146,2,5,3,Loyal
2476,2024-08-16,3,25551.44,138,2,3,2,At Risk
2477,2024-12-13,2,42528.86,19,5,2,2,New / Promising
2479,2023-05-10,1,19947.13,602,1,1,1,Lost
2480,2024-12-19,1,9408.91,13,5,1,1,New / Promising
2481,2024-11-21,1,33879.25,41,4,1,2,New / Promising
2482,2024-12-22,2,32407.67,10,5,2,2,New / Promising
2483,2024-10-07,5,104481.34,86,2,5,4,Loyal
2484,2024-12-14,14,254824.13,18,5,5,5,Champions
2485,2024-12-08,8,152513.74,24,4,5,5,Champions
2486,2023-12-14,2,18557.52,384,1,2,1,Lost
2488,2024-07-14,5,50962.28,171,2,5,3,Loyal
2489,2024-11-18,8,139883.68,44,4,5,5,Champions
2490,2024-01-05,1,3140.31,362,1,1,1,Lost
2491,2024-12-05,8,109001.78,27,4,5,4,Champions
2492,2024-10-23,9,189113.54,70,3,5,5,Loyal
2493,2024-12-16,10,205242.42,16,5,5,5,Champions
2494,2024-10-20,2,86228.89,73,3,2,4,Needs Attention
2495,2024-10-04,2,30153.17,89,2,2,2,Lost
2496,2024-11-24,4,59287.83,38,4,4,3,Champions
2497,2024-12-20,6,107908.37,12,5,5,4,Champions
2499,2024-12-10,2,38550.08,22,4,2,2,New / Promising
2500,2024-11-09,2,7185.86,53,3,2,1,Needs Attention
2501,2024-12-20,5,51509.78,12,5,5,3,Champions
2502,2023-10-31,2,53561.36,428,1,2,3,Lost
2503,2024-11-17,6,99700.79,45,4,5,4,Champions
2504,2024-12-22,11,202098.38,10,5,5,5,Champions
2505,2024-11-09,4,81190.45,53,3,4,4,Loyal
2506,2024-11-27,5,71997.03,35,4,5,3,Champions
2507,2024-10-18,6,135662.03,75,3,5,5,Loyal
2508,2024-08-24,3,59705.29,130,2,3,3,At Risk
2510,2024-12-13,9,161457.08,19,5,5,5,Champions
2511,2024-12-12,3,67770.4,20,5,3,3,Needs Attention
2512,2024-06-22,1,8750.29,193,1,1,1,Lost
2513,2024-11-26,3,46161.01,36,4,3,3,Needs Attention
2514,2024-10-24,5,232135.7,69,3,5,5,Loyal
2515,2024-12-23,1,2982.91,9,5,1,1,New / Promising
2516,2024-05-28,1,1646.08,218,1,1,1,Lost
2518,2023-10-18,1,63883.35,441,1,1,3,Lost
2519,2024-01-22,2,11493.98,345,1,2,1,Lost
2520,2024-12-21,3,37947.62,11,5,3,2,Needs Attention
2521,2024-04-20,6,99254.14,256,1,5,4,Loyal
2522,2024-11-18,5,111831.62,44,4,5,4,Champions
2525,2024-12-19,7,120103.91,13,5,5,4,Champions
2528,2024-10-21,2,36163.47,72,3,2,2,Needs Attention
2529,2024-03-13,6,64075.85,294,1,5,3,Loyal
2530,2024-12-09,4,48332.26,23,4,4,3,Champions
2531,2024-11-09,5,160819.45,53,3,5,5,Loyal
2532,2024-09-28,4,69799.85,95,2,4,3,Loyal
2533,2024-10-05,2,65972.95,88,2,2,3,Lost
2534,2024-11-16,4,78271.52,46,3,4,4,Loyal
2535,2024-04-06,1,11249.11,270,1,1,1,Lost
2536,2024-12-18,7,67899.3,14,5,5,3,Champions
2537,2024-12-03,11,204253.78,29,4,5,5,Champions
2538,2024-09-04,3,44805.5,119,2,3,2,At Risk
2539,2024-04-07,3,27817.65,269,1,3,2,At Risk
2540,2024-10-18,1,34238.83,75,3,1,2,Needs Attention
2542,2024-12-07,4,56108.52,25,4,4,3,Champions
2543,2024-12-25,4,109322.47,7,5,4,4,Champions
2544,2024-02-06,2,14701.75,330,1,2,1,Lost
2545,2024-11-27,5,156580.89,35,4,5,5,Champions
2546,2024-10-02,1,15730.02,91,2,1,1,Lost
2548,2023-12-21,1,13886.28,377,1,1,1,Lost
2549,2024-11-30,5,159655.27,32,4,5,5,Champions
2550,2024-09-12,8,203966.66,111,2,5,5,Loyal
2551,2024-10-02,3,42614.36,91,2,3,2,At Risk
2552,2024-09-03,12,121396.66,120,2,5,4,Loyal
2553,2024-10-26,7,110479.54,67,3,5,4,Loyal
2554,2024-11-18,3,66446.31,44,4,3,3,Needs Attention
2555,2024-12-26,8,133674.34,6,5,5,5,Champions
2556,2024-04-08,3,12790.13,268,1,3,1,At Risk
2557,2024-11-18,5,67591.64,44,4,5,3,Champions
2558,2024-11-01,2,13529.79,61,3,2,1,Needs Attention
2559,2024-09-08,1,5178.63,115,2,1,1,Lost
2561,2024-10-05,5,72144.69,88,2,5,3,Loyal
2562,2024-11-26,5,66555.39,36,4,5,3,Champions
2563,2024-10-20,3,40828.42,73,3,3,2,Needs Attention
2564,2024-05-18,2,140677.59,228,1,2,5,Lost
2565,2024-01-25,2,60691.6,342,1,2,3,Lost
2568,2024-10-30,1,4074.29,63,3,1,1,Needs Attention
2569,2024-05-24,2,55924.07,222,1,2,3,Lost
2570,2024-12-17,4,58391.15,15,5,4,3,Champions
2571,2024-10-26,3,45894.73,67,3,3,2,Needs Attention
2572,2024-12-31,3,37396.36,1,5,3,2,Needs Attention
2574,2024-12-15,3,15074.28,17,5,3,1,Needs Attention
2575,2024-11-08,5,105161.87,54,3,5,4,Loyal
2576,2023-07-14,1,29202.08,537,1,1,2,Lost
2578,2024-11-19,1,6172.34,43,4,1,1,New / Promising
2579,2024-12-01,4,75565.96,31,4,4,3,Champions
2580,2024-10-26,6,138905.09,67,3,5,5,Loyal
2581,2024-09-04,1,11665.03,119,2,1,1,Lost
2582,2024-12-26,7,120362.4,6,5,5,4,Champions
2583,2024-10-07,3,54715.75,86,2,3,3,At Risk
2584,2024-11-19,2,37845.74,43,4,2,2,New / Promising
2585,2024-12-31,16,448534.65,1,5,5,5,Champions
2586,2024-10-25,7,141755.22,68,3,5,5,Loyal
2587,2023-11-13,1,20063.16,415,1,1,1,Lost
2588,2024-11-22,4,135329.33,40,4,4,5,Champions
2589,2024-12-14,1,7267.87,18,5,1,1,New / Promising
2590,2024-10-28,3,56415.83,65,3,3,3,Needs Attention
2591,2024-12-10,4,128020.84,22,4,4,5,Champions
2593,2024-02-27,1,23485.89,309,1,1,2,Lost
2594,2024-04-12,2,37670.89,264,1,2,2,Lost
2596,2024-11-06,7,214151.91,56,3,5,5,Loyal
2597,2024-06-01,1,20676.06,214,1,1,1,Lost
2598,2024-11-04,3,102548.42,58,3,3,4,Needs Attention
2600,2024-01-07,5,68670.62,360,1,5,3,Loyal
2601,2024-08-18,2,42037.92,136,2,2,2,Lost
2603,2024-06-22,1,4605.38,193,1,1,1,Lost
2604,2024-12-04,7,146834.24,28,4,5,5,Champions
2605,2024-12-16,10,101781.99,16,5,5,4,Champions
2606,2024-11-23,15,236928.94,39,4,5,5,Champions
2607,2024-01-07,1,8740.66,360,1,1,1,Lost
2608,2024-11-20,5,90373.74,42,4,5,4,Champions
2609,2024-10-26,1,7878.78,67,3,1,1,Needs Attention
2610,2024-09-05,5,59027.4,118,2,5,3,Loyal
2611,2024-11-19,3,49276.44,43,4,3,3,Needs Attention
2613,2024-08-28,6,69785.9,126,2,5,3,Loyal
2614,2024-12-06,3,129765.36,26,4,3,5,Needs Attention
2615,2024-09-15,1,27662.56,108,2,1,2,Lost
2616,2024-12-31,25,593824.02,1,5,5,5,Champions
2617,2024-12-13,2,71936.35,19,5,2,3,New / Promising
2618,2024-05-03,5,63491.84,243,1,5,3,Loyal
2619,2024-11-13,4,34503.41,49,3,4,2,Loyal
2620,2024-12-17,2,25835.91,15,5,2,2,New / Promising
2621,2024-06-29,2,45800.86,186,1,2,2,Lost
2622,2024-09-30,5,67876.39,93,2,5,3,Loyal
2623,2023-12-28,1,30278.84,370,1,1,2,Lost
2624,2024-12-30,6,61243.37,2,5,5,3,Champions
2625,2024-12-24,4,37649.55,8,5,4,2,Champions
2626,2024-09-10,2,30390.08,113,2,2,2,Lost
2627,2024-12-10,1,7964.82,22,4,1,1,New / Promising
2628,2024-07-04,2,53147.2,181,1,2,3,Lost
2629,2024-09-05,3,60606.76,118,2,3,3,At Risk
2630,2024-12-24,4,76221.0,8,5,4,3,Champions
2631,2024-07-15,2,45053.46,170,2,2,2,Lost
2633,2024-10-13,1,1016.88,80,3,1,1,Needs Attention
2635,2024-09-09,1,50710.86,114,2,1,3,Lost
2636,2024-11-16,9,86047.27,46,3,5,4,Loyal
2637,2024-11-04,3,78066.85,58,3,3,4,Needs Attention
2638,2024-08-28,3,93659.68,126,2,3,4,At Risk
2639,2024-01-10,2,36032.26,357,1,2,2,Lost
2640,2024-10-01,2,30871.14,92,2,2,2,Lost
2641,2024-07-17,3,30358.56,168,2,3,2,At Risk
2642,2024-11-13,7,166463.29,49,3,5,5,Loyal
2643,2023-10-31,3,27959.25,428,1,3,2,At Risk
2644,2024-11-04,3,42828.18,58,3,3,2,Needs Attention
2645,2023-11-07,1,25441.81,421,1,1,2,Lost
2646,2024-11-11,3,119561.65,51,3,3,4,Needs Attention
2647,2024-02-29,1,6978.65,307,1,1,1,Lost
2651,2024-08-03,2,37359.91,151,2,2,2,Lost
2652,2024-12-29,5,62014.06,3,5,5,3,Champions
2653,2024-12-30,4,107695.78,2,5,4,4,Champions
2654,2024-11-09,5,80887.02,53,3,5,4,Loyal
2655,2024-12-24,4,49484.34,8,5,4,3,Champions
2656,2024-12-27,1,17879.61,5,5,1,1,New / Promising
2660,2024-12-30,10,317585.67,2,5,5,5,Champions
2661,2024-03-22,2,24565.05,285,1,2,2,Lost
2662,2024-12-28,2,40838.69,4,5,2,2,New / Promising
2663,2024-12-26,1,19919.56,6,5,1,1,New / Promising
2664,2024-07-09,5,56445.1,176,2,5,3,Loyal
2665,2024-10-16,6,157031.99,77,3,5,5,Loyal
2666,2024-12-23,4,52333.89,9,5,4,3,Champions
2667,2024-03-01,3,50130.66,306,1,3,3,At Risk
2668,2024-12-21,5,83715.03,11,5,5,4,Champions
2669,2024-12-26,10,169320.66,6,5,5,5,Champions
2670,2024-12-20,10,217320.66,12,5,5,5,Champions
2671,2024-11-16,4,24069.34,46,3,4,2,Loyal
2672,2024-10-02,1,18647.17,91,2,1,1,Lost
2673,2024-08-10,2,24861.83,144,2,2,2,Lost
2674,2024-04-06,3,90368.73,270,1,3,4,At Risk
2675,2024-12-09,3,56319.79,23,4,3,3,Needs Attention
2676,2024-09-01,4,58337.86,122,2,4,3,Loyal
2677,2024-12-19,6,90671.34,13,5,5,4,Champions
2678,2024-11-28,8,113969.86,34,4,5,4,Champions
2679,2024-02-07,1,24282.91,329,1,1,2,Lost
2680,2024-10-17,9,170379.23,76,3,5,5,Loyal
2681,2024-11-28,6,78034.69,34,4,5,4,Champions
2682,2024-12-23,4,87580.44,9,5,4,4,Champions
2683,2024-11-15,8,255222.35,47,3,5,5,Loyal
2684,2024-07-25,2,44954.74,160,2,2,2,Lost
2685,2024-12-11,1,63510.9,21,4,1,3,New / Promising
2686,2024-06-11,1,28595.98,204,1,1,2,Lost
2688,2024-10-25,2,16430.38,68,3,2,1,Needs Attention
2689,2024-10-20,5,77424.55,73,3,5,4,Loyal
2690,2024-09-15,1,7299.05,108,2,1,1,Lost
2691,2024-12-20,12,208766.73,12,5,5,5,Champions
2693,2024-12-10,2,56123.03,22,4,2,3,New / Promising
2694,2024-10-14,5,182280.19,79,3,5,5,Loyal
2695,2024-11-07,3,53018.49,55,3,3,3,Needs Attention
2696,2024-12-25,5,65900.2,7,5,5,3,Champions
2697,2024-08-14,5,98609.6,140,2,5,4,Loyal
2698,2024-07-23,3,22215.82,162,2,3,1,At Risk
2699,2024-11-27,3,106061.82,35,4,3,4,Needs Attention
2700,2024-10-30,2,9135.45,63,3,2,1,Needs Attention
2701,2024-08-06,2,18059.79,148,2,2,1,Lost
2702,2024-12-12,5,43219.12,20,5,5,2,Champions
2703,2024-12-04,2,67801.48,28,4,2,3,New / Promising
2704,2024-09-23,1,18209.05,100,2,1,1,Lost
2705,2023-12-22,3,48878.03,376,1,3,3,At Risk
2706,2024-11-27,2,54494.96,35,4,2,3,New / Promising
2707,2024-12-29,11,180012.03,3,5,5,5,Champions
2708,2024-08-30,4,25125.54,124,2,4,2,Loyal
2709,2024-12-01,2,23527.78,31,4,2,2,New / Promising
2710,2024-12-20,8,96267.51,12,5,5,4,Champions
2711,2024-11-20,4,54172.28,42,4,4,3,Champions
2712,2024-12-08,2,66208.45,24,4,2,3,New / Promising
2713,2024-12-30,3,34556.42,2,5,3,2,Needs Attention
2714,2024-07-26,4,78906.2,159,2,4,4,Loyal
2715,2024-11-03,6,169988.54,59,3,5,5,Loyal
2717,2024-09-02,2,13043.53,121,2,2,1,Lost
2719,2024-12-21,1,16242.91,11,5,1,1,New / Promising
2720,2024-11-14,6,58154.32,48,3,5,3,Loyal
2721,2024-10-26,2,15934.71,67,3,2,1,Needs Attention
2722,2024-10-01,1,416.79,92,2,1,1,Lost
2724,2024-11-27,6,75410.15,35,4,5,3,Champions
2725,2024-12-30,9,196664.49,2,5,5,5,Champions
2726,2024-08-21,3,120392.42,133,2,3,4,At Risk
2727,2023-12-16,1,25219.6,382,1,1,2,Lost
2728,2024-12-21,2,40425.16,11,5,2,2,New / Promising
2729,2024-10-31,10,185470.4,62,3,5,5,Loyal
2730,2024-12-31,6,187023.22,1,5,5,5,Champions
2731,2024-12-02,2,10861.73,30,4,2,1,New / Promising
2732,2024-11-30,5,118007.32,32,4,5,4,Champions
2733,2024-11-25,4,51526.2,37,4,4,3,Champions
2734,2024-12-07,4,112224.28,25,4,4,4,Champions
2735,2024-10-05,4,49867.08,88,2,4,3,Loyal
2736,2024-11-26,2,20171.92,36,4,2,1,New / Promising
2737,2024-08-09,2,38714.3,145,2,2,2,Lost
2738,2024-08-22,2,54789.58,132,2,2,3,Lost
2739,2024-05-05,2,50015.88,241,1,2,3,Lost
2740,2024-04-24,3,46547.95,252,1,3,3,At Risk
2741,2024-03-03,2,40495.92,304,1,2,2,Lost
2742,2024-06-25,1,10650.77,190,1,1,1,Lost
2744,2024-10-26,2,34812.24,67,3,2,2,Needs Attention
2745,2024-12-18,6,181461.0,14,5,5,5,Champions
2746,2024-10-04,3,53422.8,89,2,3,3,At Risk
2748,2024-09-07,1,27659.76,116,2,1,2,Lost
2749,2024-12-09,8,130376.3,23,4,5,5,Champions
2750,2024-11-15,12,301020.91,47,3,5,5,Loyal
2751,2024-11-30,9,214110.89,32,4,5,5,Champions
2752,2024-12-12,6,122269.79,20,4,5,4,Champions
2754,2024-05-22,3,88184.51,224,1,3,4,At Risk
2755,2024-10-13,4,68264.91,80,3,4,3,Loyal
2756,2024-11-01,2,64854.68,61,3,2,3,Needs Attention
2757,2024-11-21,1,6695.74,41,4,1,1,New / Promising
2758,2024-10-19,4,37364.0,74,3,4,2,Loyal
2760,2023-12-19,2,108109.18,379,1,2,4,Lost
2761,2024-09-17,1,10971.71,106,2,1,1,Lost
2762,2024-10-29,2,33494.83,64,3,2,2,Needs Attention
2763,2024-12-10,9,160012.2,22,4,5,5,Champions
2764,2024-12-24,5,68497.07,8,5,5,3,Champions
2765,2024-10-05,3,34308.07,88,2,3,2,At Risk
2766,2024-06-11,3,89658.76,204,1,3,4,At Risk
2767,2024-01-28,1,22735.62,339,1,1,1,Lost
2768,2024-08-09,1,23351.37,145,2,1,2,Lost
2769,2024-09-11,1,14340.38,112,2,1,1,Lost
2770,2024-11-23,5,75698.85,39,4,5,3,Champions
2771,2024-12-23,5,74067.2,9,5,5,3,Champions
2772,2024-08-14,3,43542.09,140,2,3,2,At Risk
2773,2024-11-08,6,183553.48,54,3,5,5,Loyal
2774,2024-07-11,1,4456.85,174,2,1,1,Lost
2775,2024-11-02,8,118280.69,60,3,5,4,Loyal
2777,2024-10-05,6,95460.51,88,2,5,4,Loyal
2778,2024-10-11,2,29772.11,82,3,2,2,Needs Attention
2779,2024-09-12,3,48749.8,111,2,3,3,At Risk
2780,2024-08-29,1,4605.38,125,2,1,1,Lost
2781,2024-07-06,4,60857.22,179,2,4,3,Loyal
2782,2024-12-19,4,85793.63,13,5,4,4,Champions
2783,2024-11-03,1,66028.59,59,3,1,3,Needs Attention
2784,2024-11-12,4,67332.54,50,3,4,3,Loyal
2785,2024-10-20,1,8725.99,73,3,1,1,Needs Attention
2786,2024-05-29,2,11064.39,217,1,2,1,Lost
2787,2024-04-26,3,156417.01,250,1,3,5,At Risk
2788,2023-11-01,2,21040.36,427,1,2,1,Lost
2789,2023-08-20,1,48418.14,500,1,1,3,Lost
2790,2024-11-19,4,55728.17,43,4,4,3,Champions
2791,2024-12-03,7,166590.87,29,4,5,5,Champions
2792,2024-12-10,7,95738.65,22,4,5,4,Champions
2794,2024-11-09,2,30771.33,53,3,2,2,Needs Attention
2795,2024-10-04,7,35515.44,89,2,5,2,Loyal
2796,2024-11-13,2,37937.92,49,3,2,2,Needs Attention
2797,2024-12-30,3,104642.92,2,5,3,4,Needs Attention
2798,2024-09-19,5,48954.15,104,2,5,3,Loyal
2799,2024-10-28,6,115635.87,65,3,5,4,Loyal
2800,2023-10-24,1,19205.74,435,1,1,1,Lost
2801,2024-12-27,6,96026.86,5,5,5,4,Champions
2802,2024-11-18,2,27023.96,44,4,2,2,New / Promising
2803,2024-11-23,3,74010.78,39,4,3,3,Needs Attention
2804,2024-09-05,2,21931.96,118,2,2,1,Lost
2805,2023-06-25,1,23613.87,556,1,1,2,Lost
2806,2024-12-28,4,42898.32,4,5,4,2,Champions
2807,2024-05-28,3,44827.1,218,1,3,2,At Risk
2808,2024-12-31,2,36187.79,1,5,2,2,New / Promising
2809,2024-05-09,1,39222.05,237,1,1,2,Lost
2811,2024-07-19,5,97198.15,166,2,5,4,Loyal
2812,2024-12-25,3,43833.47,7,5,3,2,Needs Attention
2813,2024-05-31,5,91579.89,215,1,5,4,Loyal
2814,2024-11-04,3,20824.81,58,3,3,1,Needs Attention
2815,2024-11-07,6,103343.38,55,3,5,4,Loyal
2816,2024-12-17,4,68691.15,15,5,4,3,Champions
2817,2024-11-29,1,416.79,33,4,1,1,New / Promising
2818,2024-10-13,3,37713.82,80,3,3,2,Needs Attention
2819,2024-11-02,8,146125.46,60,3,5,5,Loyal
2820,2024-09-12,1,10122.71,111,2,1,1,Lost
2821,2024-01-23,1,5370.46,344,1,1,1,Lost
2822,2024-07-25,2,64166.6,160,2,2,3,Lost
2823,2023-12-06,4,90826.84,392,1,4,4,Loyal
2824,2024-11-28,10,159222.7,34,4,5,5,Champions
2826,2024-10-05,4,57422.32,88,2,4,3,Loyal
2828,2024-12-14,7,106072.62,18,5,5,4,Champions
2829,2024-09-05,2,66034.79,118,2,2,3,Lost
2830,2024-12-25,2,29950.2,7,5,2,2,New / Promising
2831,2024-08-24,3,27953.58,130,2,3,2,At Risk
2832,2024-12-17,2,9959.73,15,5,2,1,New / Promising
2833,2024-12-28,6,93274.27,4,5,5,4,Champions
2834,2024-08-28,3,56459.84,126,2,3,3,At Risk
2835,2024-09-23,3,61227.87,100,2,3,3,At Risk
2836,2024-09-26,8,64943.91,97,2,5,3,Loyal
2838,2024-11-15,4,40427.93,47,3,4,2,Loyal
2839,2024-12-12,4,47989.33,20,4,4,3,Champions
2840,2024-08-27,2,43367.0,127,2,2,2,Lost
2842,2024-11-19,2,64435.99,43,4,2,3,New / Promising
2843,2024-11-20,10,163233.82,42,4,5,5,Champions
2844,2024-03-05,2,56405.38,302,1,2,3,Lost
2846,2024-11-04,2,15609.18,58,3,2,1,Needs Attention
2847,2024-12-02,7,264792.84,30,4,5,5,Champions
2848,2024-06-30,3,52536.07,185,1,3,3,At Risk
2849,2024-09-27,2,25268.79,96,2,2,2,Lost
2850,2024-12-23,6,166647.05,9,5,5,5,Champions
2851,2024-12-22,1,29391.9,10,5,1,2,New / Promising
2852,2024-09-12,3,104567.71,111,2,3,4,At Risk
2853,2023-12-26,1,10998.11,372,1,1,1,Lost
2854,2024-12-14,4,54610.94,18,5,4,3,Champions
2856,2024-06-10,5,58889.33,205,1,5,3,Loyal
2857,2024-11-26,1,31411.27,36,4,1,2,New / Promising
2858,2024-12-31,18,358045.97,1,5,5,5,Champions
2859,2024-11-18,2,19625.07,44,4,2,1,New / Promising
2860,2024-12-11,5,78693.76,21,4,5,4,Champions
2862,2024-12-26,2,11659.9,6,5,2,1,New / Promising
2863,2024-10-12,1,1426.28,81,3,1,1,Needs Attention
2864,2024-01-18,1,39505.04,349,1,1,2,Lost
2865,2023-08-12,1,57918.53,508,1,1,3,Lost
2866,2024-12-30,10,222409.24,2,5,5,5,Champions
2867,2024-10-09,7,122788.02,84,2,5,4,Loyal
2868,2024-10-19,5,133231.21,74,3,5,5,Loyal
2869,2024-11-29,2,39653.97,33,4,2,2,New / Promising
2870,2024-09-11,14,228974.73,112,2,5,5,Loyal
2871,2024-02-19,3,50220.19,317,1,3,3,At Risk
2872,2024-11-02,6,221157.0,60,3,5,5,Loyal
2873,2024-11-30,3,17321.61,32,4,3,1,Needs Attention
2874,2024-11-23,4,43734.83,39,4,4,2,Champions
2875,2024-03-10,1,7213.02,297,1,1,1,Lost
2876,2024-11-05,1,20351.12,57,3,1,1,Needs Attention
2877,2024-12-15,6,158896.16,17,5,5,5,Champions
2879,2024-12-31,9,184303.75,1,5,5,5,Champions
2880,2024-11-15,1,12260.97,47,3,1,1,Needs Attention
2881,2024-08-03,3,61839.7,151,2,3,3,At Risk
2882,2024-06-07,2,95513.92,208,1,2,4,Lost
2883,2024-09-23,2,104652.6,100,2,2,4,Lost
2885,2024-07-23,1,12738.99,162,2,1,1,Lost
2886,2023-07-13,1,22454.52,538,1,1,1,Lost
2887,2024-12-13,9,135234.62,19,5,5,5,Champions
2888,2023-11-17,1,40368.21,411,1,1,2,Lost
2889,2024-05-18,5,95981.86,228,1,5,4,Loyal
2890,2024-10-16,11,217710.85,77,3,5,5,Loyal
2891,2024-12-31,3,26999.97,1,5,3,2,Needs Attention
2893,2024-12-15,6,40949.09,17,5,5,2,Champions
2894,2024-09-30,2,106842.1,93,2,2,4,Lost
2895,2024-11-21,1,12670.09,41,4,1,1,New / Promising
2896,2024-11-23,9,183585.88,39,4,5,5,Champions
2897,2024-09-23,3,25396.56,100,2,3,2,At Risk
2899,2024-10-31,2,54456.87,62,3,2,3,Needs Attention
2900,2024-09-04,2,65266.48,119,2,2,3,Lost
2901,2024-12-15,14,264707.66,17,5,5,5,Champions
2902,2024-11-24,6,163514.77,38,4,5,5,Champions
2903,2024-11-19,2,27113.84,43,4,2,2,New / Promising
2905,2024-12-27,17,225617.36,5,5,5,5,Champions
2906,2024-08-27,3,31589.24,127,2,3,2,At Risk
2907,2024-10-18,3,41691.04,75,3,3,2,Needs Attention
2908,2024-12-04,6,51541.97,28,4,5,3,Champions
2909,2024-11-19,7,219030.34,43,4,5,5,Champions
2910,2024-10-31,6,136727.51,62,3,5,5,Loyal
2912,2024-01-30,4,48616.63,337,1,4,3,Loyal
2913,2024-06-09,6,91806.53,206,1,5,4,Loyal
2914,2024-06-02,4,107324.77,213,1,4,4,Loyal
2915,2024-09-14,4,98887.18,109,2,4,4,Loyal
2916,2024-11-07,6,70898.96,55,3,5,3,Loyal
2917,2024-12-24,5,90674.66,8,5,5,4,Champions
2919,2024-12-06,4,28126.94,26,4,4,2,Champions
2921,2024-12-19,2,47439.82,13,5,2,3,New / Promising
2922,2024-10-14,5,125815.6,79,3,5,5,Loyal
2923,2024-11-01,8,103025.6,61,3,5,4,Loyal
2924,2024-09-21,4,40313.35,102,2,4,2,Loyal
2925,2024-12-20,6,95216.09,12,5,5,4,Champions
2926,2024-10-28,3,38492.24,65,3,3,2,Needs Attention
2927,2024-10-12,5,68104.54,81,3,5,3,Loyal
2928,2024-11-22,12,179244.19,40,4,5,5,Champions
2929,2024-12-03,11,243462.95,29,4,5,5,Champions
2931,2024-07-25,6,103969.14,160,2,5,4,Loyal
2932,2024-05-05,4,54436.39,241,1,4,3,Loyal
2933,2023-06-02,1,16468.08,579,1,1,1,Lost
2934,2024-12-12,9,202720.76,20,4,5,5,Champions
2935,2024-10-02,2,26589.18,91,2,2,2,Lost
2936,2024-10-03,14,154970.05,90,2,5,5,Loyal
2937,2024-12-14,9,106464.72,18,5,5,4,Champions
2938,2024-12-01,1,40119.26,31,4,1,2,New / Promising
2939,2024-07-20,1,11013.79,165,2,1,1,Lost
2940,2024-11-13,10,189045.82,49,3,5,5,Loyal
2941,2024-06-08,1,30630.26,207,1,1,2,Lost
2942,2024-12-04,2,64444.22,28,4,2,3,New / Promising
2943,2024-12-12,6,141942.12,20,4,5,5,Champions
2944,2024-12-10,3,72609.99,22,4,3,3,Needs Attention
2945,2024-09-05,5,121834.23,118,2,5,4,Loyal
2946,2023-07-28,1,20983.91,523,1,1,1,Lost
2947,2023-11-24,1,6491.72,404,1,1,1,Lost
2948,2024-12-05,6,178330.56,27,4,5,5,Champions
2949,2024-08-21,5,50555.49,133,2,5,3,Loyal
2950,2024-05-25,1,29380.16,221,1,1,2,Lost
2951,2024-02-09,4,78852.29,327,1,4,4,Loyal
2952,2024-09-22,3,51444.91,101,2,3,3,At Risk
2953,2024-10-09,2,28775.07,84,2,2,2,Lost
2954,2024-09-15,6,147911.33,108,2,5,5,Loyal
2955,2024-04-14,6,82289.99,262,1,5,4,Loyal
2956,2024-08-08,1,24675.31,146,2,1,2,Lost
2957,2023-08-17,3,41004.28,503,1,3,2,At Risk
2958,2024-05-20,2,34258.15,226,1,2,2,Lost
2959,2024-10-22,2,33034.41,71,3,2,2,Needs Attention
2960,2024-11-23,5,48894.37,39,4,5,3,Champions
2961,2024-11-10,4,98892.08,52,3,4,4,Loyal
2962,2024-03-31,2,24327.72,276,1,2,2,Lost
2963,2024-12-30,2,39837.82,2,5,2,2,New / Promising
2964,2024-12-08,12,173117.96,24,4,5,5,Champions
2965,2024-06-21,1,2568.33,194,1,1,1,Lost
2966,2024-10-28,5,60734.12,65,3,5,3,Loyal
2967,2024-12-27,7,137459.33,5,5,5,5,Champions
2968,2024-07-24,2,30245.41,161,2,2,2,Lost
2970,2024-03-20,2,6900.28,287,1,2,1,Lost
2971,2024-12-30,2,15288.1,2,5,2,1,New / Promising
2973,2024-08-09,2,19858.86,145,2,2,1,Lost
2976,2024-07-24,1,14888.64,161,2,1,1,Lost
2977,2024-06-17,1,969.88,198,1,1,1,Lost
2978,2024-12-20,6,131963.65,12,5,5,5,Champions
2979,2024-10-07,7,129212.27,86,2,5,5,Loyal
2983,2024-11-07,3,11693.58,55,3,3,1,Needs Attention
2984,2024-11-29,5,173513.36,33,4,5,5,Champions
2985,2024-12-11,2,47342.97,21,4,2,3,New / Promising
2986,2024-11-22,3,68318.57,40,4,3,3,Needs Attention
2987,2024-11-17,5,138463.98,45,3,5,5,Loyal
2988,2024-12-15,6,97689.38,17,5,5,4,Champions
2989,2024-12-14,3,32960.65,18,5,3,2,Needs Attention
2990,2024-10-23,2,52803.03,70,3,2,3,Needs Attention
2991,2024-12-21,4,60475.61,11,5,4,3,Champions
2992,2024-10-22,11,157193.46,71,3,5,5,Loyal
2993,2024-09-22,1,6112.29,101,2,1,1,Lost
2994,2024-08-02,1,25714.01,152,2,1,2,Lost
2995,2024-08-24,2,8246.45,130,2,2,1,Lost
2996,2024-05-25,2,44798.26,221,1,2,2,Lost
2997,2024-01-14,2,63825.84,353,1,2,3,Lost
2998,2024-10-18,5,165428.37,75,3,5,5,Loyal
2999,2024-03-15,2,58197.05,292,1,2,3,Lost
3000,2024-11-04,3,85839.37,58,3,3,4,Needs Attention
3002,2024-10-28,3,40827.95,65,3,3,2,Needs Attention
3003,2024-11-23,3,44270.27,39,4,3,2,Needs Attention
3004,2024-08-16,1,13999.79,138,2,1,1,Lost
3005,2024-12-01,1,7005.41,31,4,1,1,New / Promising
3006,2024-12-17,2,14851.03,15,5,2,1,New / Promising
3007,2024-10-26,1,7850.91,67,3,1,1,Needs Attention
3008,2024-10-10,9,193516.72,83,3,5,5,Loyal
3009,2024-12-26,3,24294.4,6,5,3,2,Needs Attention
3010,2024-11-11,7,108138.32,51,3,5,4,Loyal
3011,2024-12-23,3,70440.18,9,5,3,3,Needs Attention
3012,2024-08-23,4,100990.14,131,2,4,4,Loyal
3013,2024-08-27,5,66813.85,127,2,5,3,Loyal
3014,2024-10-11,5,56158.95,82,3,5,3,Loyal
3015,2024-12-15,6,42212.92,17,5,5,2,Champions
3017,2024-07-07,1,395.95,178,2,1,1,Lost
3018,2024-12-09,3,49402.17,23,4,3,3,Needs Attention
3019,2024-11-29,7,119622.33,33,4,5,4,Champions
3020,2024-04-23,2,45019.51,253,1,2,2,Lost
3021,2024-11-28,4,40511.93,34,4,4,2,Champions
3022,2023-11-06,2,8494.01,422,1,2,1,Lost
3023,2024-05-07,2,16979.85,239,1,2,1,Lost
3024,2024-12-18,7,99461.25,14,5,5,4,Champions
3026,2024-11-04,7,100211.7,58,3,5,4,Loyal
3027,2024-12-28,5,52801.93,4,5,5,3,Champions
3028,2024-08-10,3,71256.56,144,2,3,3,At Risk
3029,2024-12-02,5,104920.72,30,4,5,4,Champions
3030,2024-12-28,4,35977.37,4,5,4,2,Champions
3031,2024-02-21,2,3961.08,315,1,2,1,Lost
3032,2024-12-26,18,231436.37,6,5,5,5,Champions
3034,2024-02-22,3,54447.06,314,1,3,3,At Risk
3036,2024-10-13,2,16759.8,80,3,2,1,Needs Attention
3037,2024-08-16,2,12437.73,138,2,2,1,Lost
3038,2024-09-21,1,19280.14,102,2,1,1,Lost
3039,2024-10-25,3,66624.95,68,3,3,3,Needs Attention
3040,2024-07-29,5,63913.07,156,2,5,3,Loyal
3041,2024-12-22,10,123138.09,10,5,5,4,Champions
3042,2024-11-19,17,439554.3,43,4,5,5,Champions
3044,2024-08-24,2,51593.07,130,2,2,3,Lost
3045,2023-11-07,1,2149.0,421,1,1,1,Lost
3046,2024-10-12,1,50368.73,81,3,1,3,Needs Attention
3047,2024-09-19,6,126217.92,104,2,5,5,Loyal
3050,2024-12-26,15,305483.5,6,5,5,5,Champions
3051,2024-12-05,6,107619.78,27,4,5,4,Champions
3052,2023-05-26,1,51466.89,586,1,1,3,Lost
3054,2024-11-12,7,149688.34,50,3,5,5,Loyal
3055,2024-11-28,9,206804.1,34,4,5,5,Champions
3056,2023-12-26,1,31042.82,372,1,1,2,Lost
3057,2024-11-12,5,43172.67,50,3,5,2,Loyal
3058,2024-12-14,3,37722.04,18,5,3,2,Needs Attention
3059,2024-03-20,3,52798.7,287,1,3,3,At Risk
3060,2024-06-08,3,43180.44,207,1,3,2,At Risk
3061,2024-11-27,6,220916.3,35,4,5,5,Champions
3062,2024-09-23,1,21823.22,100,2,1,1,Lost
3064,2023-10-11,3,43793.39,448,1,3,2,At Risk
3065,2024-10-17,4,67268.62,76,3,4,3,Loyal
3066,2023-11-30,1,9155.4,398,1,1,1,Lost
3067,2024-09-14,4,44937.77,109,2,4,2,Loyal
3068,2024-12-26,3,59393.0,6,5,3,3,Needs Attention
3069,2024-08-08,4,115554.44,146,2,4,4,Loyal
3070,2024-12-04,1,15086.72,28,4,1,1,New / Promising
3071,2024-05-11,2,32267.51,235,1,2,2,Lost
3072,2024-12-15,7,101929.42,17,5,5,4,Champions
3073,2024-11-24,3,68045.24,38,4,3,3,Needs Attention
3075,2024-11-10,9,204656.01,52,3,5,5,Loyal
3076,2024-10-28,2,54426.23,65,3,2,3,Needs Attention
3078,2024-10-10,2,53287.62,83,3,2,3,Needs Attention
3080,2024-12-26,5,117801.11,6,5,5,4,Champions
3081,2024-12-28,6,88009.51,4,5,5,4,Champions
3082,2024-12-29,9,98592.86,3,5,5,4,Champions
3083,2024-10-27,10,219497.22,66,3,5,5,Loyal
3084,2024-12-28,2,28321.27,4,5,2,2,New / Promising
3085,2024-12-09,4,82379.85,23,4,4,4,Champions
3086,2024-03-17,1,15116.71,290,1,1,1,Lost
3087,2024-04-17,3,104370.16,259,1,3,4,At Risk
3088,2024-12-31,7,158905.11,1,5,5,5,Champions
3089,2024-12-22,10,258588.28,10,5,5,5,Champions
3090,2024-12-05,2,41237.99,27,4,2,2,New / Promising
3091,2023-12-27,1,6112.29,371,1,1,1,Lost
3092,2024-12-12,11,158382.14,20,4,5,5,Champions
3093,2024-11-25,2,46484.48,37,4,2,3,New / Promising
3094,2024-06-24,1,12742.2,191,1,1,1,Lost
3095,2024-12-26,3,51610.69,6,5,3,3,Needs Attention
3096,2024-07-22,2,30181.58,163,2,2,2,Lost
3097,2024-04-19,1,77387.23,257,1,1,4,Lost
3098,2024-11-26,9,120423.14,36,4,5,4,Champions
3099,2024-09-13,5,126233.5,110,2,5,5,Loyal
3100,2024-09-30,4,149475.18,93,2,4,5,Loyal
3102,2024-11-07,5,50845.26,55,3,5,3,Loyal
3103,2024-09-23,3,27516.96,100,2,3,2,At Risk
3104,2024-11-22,2,22041.52,40,4,2,1,New / Promising
3106,2024-12-15,4,82370.99,17,5,4,4,Champions
3107,2024-10-08,8,64566.83,85,2,5,3,Loyal
3108,2024-12-20,6,112502.41,12,5,5,4,Champions
3109,2024-11-30,8,111096.36,32,4,5,4,Champions
3110,2024-12-17,4,75976.6,15,5,4,3,Champions
3111,2024-10-29,1,4280.55,64,3,1,1,Needs Attention
3112,2024-12-10,11,232967.13,22,4,5,5,Champions
3113,2024-01-17,3,71934.82,350,1,3,3,At Risk
3114,2024-08-13,4,40807.36,141,2,4,2,Loyal
3115,2024-11-22,1,21814.53,40,4,1,1,New / Promising
3116,2024-10-16,2,64705.62,77,3,2,3,Needs Attention
3117,2024-10-29,4,87075.26,64,3,4,4,Loyal
3118,2024-10-12,7,160828.71,81,3,5,5,Loyal
3120,2024-12-19,5,100886.58,13,5,5,4,Champions
3121,2024-11-01,7,61380.5,61,3,5,3,Loyal
3122,2024-12-21,5,98871.28,11,5,5,4,Champions
3123,2023-10-04,2,24753.06,455,1,2,2,Lost
3124,2024-12-25,4,73418.11,7,5,4,3,Champions
3125,2024-08-17,5,144574.23,137,2,5,5,Loyal
3126,2024-11-15,1,11576.24,47,3,1,1,Needs Attention
3127,2024-12-31,3,22299.96,1,5,3,1,Needs Attention
3128,2024-11-29,8,210760.18,33,4,5,5,Champions
3129,2024-08-28,4,154689.94,126,2,4,5,Loyal
3130,2024-05-22,1,31733.41,224,1,1,2,Lost
3131,2024-07-27,3,51761.41,158,2,3,3,At Risk
3132,2024-08-27,2,58817.7,127,2,2,3,Lost
3133,2024-12-13,5,81822.03,19,5,5,4,Champions
3135,2024-11-13,3,50814.91,49,3,3,3,Needs Attention
3136,2024-02-21,6,144259.97,315,1,5,5,Loyal
3137,2024-09-05,8,105368.17,118,2,5,4,Loyal
3138,2024-08-04,7,97045.54,150,2,5,4,Loyal
3139,2024-12-31,1,32982.53,1,5,1,2,New / Promising
3140,2024-11-25,6,119630.68,37,4,5,4,Champions
3141,2024-11-14,4,20833.04,48,3,4,1,Loyal
3142,2024-08-22,2,17209.94,132,2,2,1,Lost
3143,2023-09-01,1,10608.97,488,1,1,1,Lost
3144,2024-11-03,2,18679.01,59,3,2,1,Needs Attention
3145,2024-11-15,1,12764.84,47,3,1,1,Needs Attention
3146,2024-07-12,2,9107.57,173,2,2,1,Lost
3147,2024-10-31,3,132662.48,62,3,3,5,Needs Attention
3148,2024-08-13,1,8860.22,141,2,1,1,Lost
3149,2024-08-05,3,110655.7,149,2,3,4,At Risk
3150,2024-08-08,9,191349.14,146,2,5,5,Loyal
3151,2024-12-06,5,58550.98,26,4,5,3,Champions
3153,2024-12-09,16,224705.85,23,4,5,5,Champions
3154,2024-03-14,2,41693.81,293,1,2,2,Lost
3155,2024-10-26,16,226208.72,67,3,5,5,Loyal
3156,2024-06-05,2,18980.33,210,1,2,1,Lost
3157,2024-12-20,5,62410.71,12,5,5,3,Champions
3158,2024-10-12,3,230417.82,81,3,3,5,Needs Attention
3159,2024-05-23,3,53488.84,223,1,3,3,At Risk
3160,2024-07-22,1,10838.43,163,2,1,1,Lost
3162,2024-10-13,4,52352.47,80,3,4,3,Loyal
3163,2023-08-19,2,37247.55,501,1,2,2,Lost
3164,2024-12-03,4,55384.81,29,4,4,3,Champions
3166,2024-11-29,2,20111.61,33,4,2,1,New / Promising
3167,2024-12-13,3,77458.93,19,5,3,4,Needs Attention
3168,2024-05-04,5,209883.5,242,1,5,5,Loyal
3169,2024-10-09,1,24624.33,84,2,1,2,Lost
3170,2024-12-14,7,58796.13,18,5,5,3,Champions
3171,2024-09-29,2,16790.57,94,2,2,1,Lost
3172,2024-09-18,2,14621.3,105,2,2,1,Lost
3173,2024-11-25,4,65991.06,37,4,4,3,Champions
3174,2024-10-08,5,120784.6,85,2,5,4,Loyal
3175,2024-12-26,10,261284.78,6,5,5,5,Champions
3176,2024-08-01,2,37225.53,153,2,2,2,Lost
3177,2024-12-28,5,74950.09,4,5,5,3,Champions
3178,2023-11-29,1,13201.24,399,1,1,1,Lost
3179,2024-12-04,9,167246.45,28,4,5,5,Champions
3180,2024-10-02,8,134534.39,91,2,5,5,Loyal
3181,2024-02-18,5,155510.14,318,1,5,5,Loyal
3182,2024-12-20,5,138214.45,12,5,5,5,Champions
3183,2024-08-28,2,45734.04,126,2,2,2,Lost
3184,2024-11-16,4,43981.78,46,3,4,2,Loyal
3185,2024-11-17,4,64211.45,45,3,4,3,Loyal
3186,2024-10-30,1,4273.37,63,3,1,1,Needs Attention
3187,2024-12-30,5,134987.09,2,5,5,5,Champions
3188,2024-09-20,1,12291.38,103,2,1,1,Lost
3189,2024-09-24,9,146204.7,99,2,5,5,Loyal
3190,2024-12-06,6,179531.87,26,4,5,5,Champions
3191,2024-07-16,2,75995.02,169,2,2,3,Lost
3192,2024-09-10,1,1276.54,113,2,1,1,Lost
3193,2024-10-13,1,266.6,80,3,1,1,Needs Attention
3194,2024-10-01,3,44261.46,92,2,3,2,At Risk
3195,2024-11-25,1,26066.74,37,4,1,2,New / Promising
3196,2024-10-03,5,100592.68,90,2,5,4,Loyal
3197,2024-07-16,1,9923.87,169,2,1,1,Lost
3198,2024-11-28,11,228441.45,34,4,5,5,Champions
3199,2024-12-28,4,34207.64,4,5,4,2,Champions
3201,2024-10-22,3,49593.71,71,3,3,3,Needs Attention
3202,2024-11-10,3,58930.59,52,3,3,3,Needs Attention
3203,2024-11-30,8,119099.04,32,4,5,4,Champions
3204,2024-08-10,5,116239.34,144,2,5,4,Loyal
3205,2024-06-11,3,25057.56,204,1,3,2,At Risk
3206,2024-11-28,8,99002.06,34,4,5,4,Champions
3207,2024-10-15,2,54744.24,78,3,2,3,Needs Attention
3209,2024-11-12,8,194454.39,50,3,5,5,Loyal
3211,2024-12-17,3,42213.16,15,5,3,2,Needs Attention
3212,2024-06-04,6,172430.18,211,1,5,5,Loyal
3213,2024-12-03,13,248290.69,29,4,5,5,Champions
3214,2024-12-15,8,156974.54,17,5,5,5,Champions
3215,2024-12-08,3,46694.43,24,4,3,3,Needs Attention
3216,2024-12-23,2,8442.71,9,5,2,1,New / Promising
3217,2024-12-25,3,43628.1,7,5,3,2,Needs Attention
3218,2024-06-20,1,6101.94,195,1,1,1,Lost
3219,2024-12-24,13,294117.15,8,5,5,5,Champions
3220,2024-07-25,4,101610.6,160,2,4,4,Loyal
3221,2024-12-13,1,51320.53,19,5,1,3,New / Promising
3222,2023-12-28,3,50572.71,370,1,3,3,At Risk
3223,2024-11-04,2,28578.5,58,3,2,2,Needs Attention
3224,2024-11-18,3,14246.81,44,4,3,1,Needs Attention
3225,2024-12-27,3,57566.05,5,5,3,3,Needs Attention
3226,2024-11-27,4,63369.76,35,4,4,3,Champions
3228,2024-10-03,3,44486.04,90,2,3,2,At Risk
3230,2024-12-21,4,55978.94,11,5,4,3,Champions
3231,2024-08-31,2,34220.23,123,2,2,2,Lost
3232,2024-10-16,3,29897.69,77,3,3,2,Needs Attention
3233,2024-01-28,3,54287.72,339,1,3,3,At Risk
3234,2024-03-23,4,53022.82,284,1,4,3,Loyal
3235,2023-11-22,1,45781.81,406,1,1,2,Lost
3236,2024-12-08,8,190214.07,24,4,5,5,Champions
3237,2024-08-05,1,264.54,149,2,1,1,Lost
3238,2024-12-22,10,185823.1,10,5,5,5,Champions
3239,2024-12-13,9,162317.35,19,5,5,5,Champions
3240,2024-11-25,2,16833.93,37,4,2,1,New / Promising
3241,2023-05-04,1,57821.86,608,1,1,3,Lost
3242,2024-11-10,2,46550.86,52,3,2,3,Needs Attention
3243,2024-06-01,2,45115.97,214,1,2,2,Lost
3245,2024-07-16,1,4629.4,169,2,1,1,Lost
3246,2024-10-07,3,72277.42,86,2,3,3,At Risk
3247,2024-10-24,3,28377.23,69,3,3,2,Needs Attention
3248,2024-06-16,2,64290.61,199,1,2,3,Lost
3249,2024-11-01,1,12742.2,61,3,1,1,Needs Attention
3250,2023-11-28,2,24281.9,400,1,2,2,Lost
3251,2024-10-30,5,52826.81,63,3,5,3,Loyal
3252,2024-12-27,4,69784.95,5,5,4,3,Champions
3253,2024-10-19,2,44968.55,74,3,2,2,Needs Attention
3255,2024-12-04,8,160944.6,28,4,5,5,Champions
3256,2023-08-03,1,20610.04,517,1,1,1,Lost
3257,2024-10-13,3,78722.61,80,3,3,4,Needs Attention
3258,2024-10-31,3,89540.05,62,3,3,4,Needs Attention
3259,2024-09-14,6,105223.21,109,2,5,4,Loyal
3260,2024-12-06,5,124455.75,26,4,5,5,Champions
3263,2024-11-02,2,9004.6,60,3,2,1,Needs Attention
3264,2024-10-12,1,10105.65,81,3,1,1,Needs Attention
3265,2024-11-28,9,129506.23,34,4,5,5,Champions
3266,2024-12-31,11,147363.89,1,5,5,5,Champions
3267,2024-11-13,5,49809.27,49,3,5,3,Loyal
3268,2024-11-13,4,43281.79,49,3,4,2,Loyal
3269,2024-04-28,5,91850.5,248,1,5,4,Loyal
3270,2024-12-07,3,69547.42,25,4,3,3,Needs Attention
3271,2024-11-01,3,51565.56,61,3,3,3,Needs Attention
3272,2024-08-22,1,15656.88,132,2,1,1,Lost
3273,2024-11-28,5,105913.14,34,4,5,4,Champions
3274,2024-12-03,3,46881.23,29,4,3,3,Needs Attention
3275,2024-09-28,10,156313.25,95,2,5,5,Loyal
3276,2024-11-28,3,28621.99,34,4,3,2,Needs Attention
3277,2024-11-08,2,25488.91,54,3,2,2,Needs Attention
3278,2024-11-25,2,26251.69,37,4,2,2,New / Promising
3279,2024-08-25,2,46695.96,129,2,2,3,Lost
3280,2024-11-12,8,229274.01,50,3,5,5,Loyal
3281,2024-07-27,10,114781.2,158,2,5,4,Loyal
3282,2024-11-20,1,15133.16,42,4,1,1,New / Promising
3283,2024-11-14,2,32755.9,48,3,2,2,Needs Attention
3284,2023-05-10,1,11253.37,602,1,1,1,Lost
3285,2024-10-14,6,145084.77,79,3,5,5,Loyal
3286,2024-01-10,2,59753.57,357,1,2,3,Lost
3287,2024-05-01,1,13139.57,245,1,1,1,Lost
3288,2024-12-30,8,166221.38,2,5,5,5,Champions
3289,2024-09-09,4,70471.73,114,2,4,3,Loyal
3290,2024-11-14,4,28988.88,48,3,4,2,Loyal
3291,2024-10-01,4,80981.65,92,2,4,4,Loyal
3292,2024-12-05,5,80135.88,27,4,5,4,Champions
3293,2023-12-06,3,13536.34,392,1,3,1,At Risk
3294,2024-11-30,12,227962.78,32,4,5,5,Champions
3295,2024-10-15,4,39040.3,78,3,4,2,Loyal
3296,2024-07-22,2,32112.15,163,2,2,2,Lost
3297,2024-12-17,13,178048.79,15,5,5,5,Champions
3300,2024-05-28,1,13471.63,218,1,1,1,Lost
3301,2024-11-06,3,27262.81,56,3,3,2,Needs Attention
3302,2024-10-15,1,16257.83,78,3,1,1,Needs Attention
3303,2024-06-03,2,11265.65,212,1,2,1,Lost
3304,2024-11-21,12,199341.43,41,4,5,5,Champions
3306,2024-10-25,4,91582.4,68,3,4,4,Loyal
3307,2024-10-20,4,109074.22,73,3,4,4,Loyal
3308,2024-12-29,11,270578.99,3,5,5,5,Champions
3312,2024-06-16,4,73683.93,199,1,4,3,Loyal
3313,2024-12-01,1,24526.07,31,4,1,2,New / Promising
3314,2024-10-05,5,154178.36,88,2,5,5,Loyal
3315,2023-10-03,1,18092.85,456,1,1,1,Lost
3316,2024-12-15,8,191169.56,17,5,5,5,Champions
3317,2024-12-26,6,160738.24,6,5,5,5,Champions
3318,2024-03-13,3,27629.32,294,1,3,2,At Risk
3319,2024-07-01,2,48193.47,184,1,2,3,Lost
3321,2024-10-19,6,98362.92,74,3,5,4,Loyal
3323,2024-10-16,3,93340.97,77,3,3,4,Needs Attention
3324,2024-11-19,4,91085.46,43,4,4,4,Champions
3325,2024-10-03,2,41790.65,90,2,2,2,Lost
3326,2024-12-27,1,1998.19,5,5,1,1,New / Promising
3327,2024-08-23,1,19719.35,131,2,1,1,Lost
3328,2024-10-24,5,77303.55,69,3,5,4,Loyal
3329,2024-10-14,10,236992.77,79,3,5,5,Loyal
3331,2024-01-27,1,5305.71,340,1,1,1,Lost
3332,2024-11-28,4,75279.42,34,4,4,3,Champions
3333,2024-12-17,2,42173.23,15,5,2,2,New / Promising
3334,2024-12-07,10,132911.35,25,4,5,5,Champions
3335,2024-11-30,9,165381.28,32,4,5,5,Champions
3336,2024-09-14,2,26826.51,109,2,2,2,Lost
3337,2024-10-30,4,83013.6,63,3,4,4,Loyal
3339,2024-12-13,7,107505.35,19,5,5,4,Champions
3340,2024-12-17,1,9396.2,15,5,1,1,New / Promising
3341,2024-11-07,5,86109.36,55,3,5,4,Loyal
3342,2024-07-04,1,13993.44,181,1,1,1,Lost
3343,2024-12-19,3,33863.06,13,5,3,2,Needs Attention
3344,2024-12-28,5,74327.9,4,5,5,3,Champions
3346,2024-12-08,5,50658.44,24,4,5,3,Champions
3347,2024-11-19,6,95902.44,43,4,5,4,Champions
3350,2024-05-23,2,33066.23,223,1,2,2,Lost
3351,2024-10-06,5,104794.9,87,2,5,4,Loyal
3353,2024-11-14,3,98298.27,48,3,3,4,Needs Attention
3354,2024-12-03,1,11744.15,29,4,1,1,New / Promising
3355,2024-12-28,17,349454.1,4,5,5,5,Champions
3356,2024-05-13,1,29347.74,233,1,1,2,Lost
3357,2023-03-22,1,12781.6,651,1,1,1,Lost
3358,2024-12-23,5,40521.11,9,5,5,2,Champions
3359,2024-10-29,6,57484.13,64,3,5,3,Loyal
3360,2024-11-22,5,134447.33,40,4,5,5,Champions
3361,2024-12-25,5,103952.97,7,5,5,4,Champions
3362,2024-11-26,1,46928.31,36,4,1,3,New / Promising
3363,2024-06-02,10,284719.51,213,1,5,5,Loyal
3365,2023-06-30,1,35546.92,551,1,1,2,Lost
3367,2024-11-24,2,15878.54,38,4,2,1,New / Promising
3368,2024-12-05,3,72050.71,27,4,3,3,Needs Attention
3369,2024-11-23,3,77727.32,39,4,3,4,Needs Attention
3370,2024-04-29,1,19704.53,247,1,1,1,Lost
3371,2024-12-20,1,12391.82,12,5,1,1,New / Promising
3372,2024-10-02,4,141564.11,91,2,4,5,Loyal
3373,2024-12-06,2,5011.79,26,4,2,1,New / Promising
3375,2024-11-29,10,108896.95,33,4,5,4,Champions
3376,2024-01-26,3,73317.55,341,1,3,3,At Risk
3378,2024-11-27,6,102524.33,35,4,5,4,Champions
3379,2024-12-25,2,28818.35,7,5,2,2,New / Promising
3380,2024-09-27,5,55554.81,96,2,5,3,Loyal
3381,2024-09-19,3,91312.09,104,2,3,4,At Risk
3383,2024-11-23,4,120793.74,39,4,4,4,Champions
3384,2024-11-30,8,238014.54,32,4,5,5,Champions
3385,2024-11-22,4,44023.13,40,4,4,2,Champions
3386,2024-09-21,3,33824.16,102,2,3,2,At Risk
3387,2024-10-10,1,2260.08,83,3,1,1,Needs Attention
3388,2024-12-17,2,11963.04,15,5,2,1,New / Promising
3389,2023-08-20,2,27461.92,500,1,2,2,Lost
3391,2024-11-15,11,217288.53,47,3,5,5,Loyal
3392,2024-10-07,6,62790.61,86,2,5,3,Loyal
3393,2024-03-11,1,25088.5,296,1,1,2,Lost
3394,2024-12-02,3,45854.62,30,4,3,2,Needs Attention
3395,2024-11-10,5,182094.43,52,3,5,5,Loyal
3396,2024-11-30,6,150818.57,32,4,5,5,Champions
3397,2024-12-01,4,41502.67,31,4,4,2,Champions
3398,2024-11-23,6,78389.16,39,4,5,4,Champions
3399,2024-04-15,3,90492.78,261,1,3,4,At Risk
3400,2024-12-09,8,207982.14,23,4,5,5,Champions
3401,2024-12-23,15,345742.73,9,5,5,5,Champions
3402,2024-10-09,6,123085.23,84,2,5,4,Loyal
3405,2024-11-30,5,93233.68,32,4,5,4,Champions
3406,2024-09-23,8,153957.26,100,2,5,5,Loyal
3408,2024-09-20,8,146493.29,103,2,5,5,Loyal
3409,2024-11-11,8,174667.84,51,3,5,5,Loyal
3410,2024-10-11,2,12585.8,82,3,2,1,Needs Attention
3411,2024-09-07,7,38797.82,116,2,5,2,Loyal
3412,2024-11-27,2,21511.15,35,4,2,1,New / Promising
3413,2023-07-12,1,13329.89,539,1,1,1,Lost
3414,2024-10-10,3,47219.83,83,3,3,3,Needs Attention
3415,2024-09-01,2,1408.38,122,2,2,1,Lost
3416,2024-12-26,3,37637.12,6,5,3,2,Needs Attention
3417,2024-05-27,3,52041.2,219,1,3,3,At Risk
3418,2024-09-20,5,105006.0,103,2,5,4,Loyal
3419,2023-08-24,1,7188.1,496,1,1,1,Lost
3420,2024-09-26,6,151829.84,97,2,5,5,Loyal
3421,2024-02-03,1,6666.55,333,1,1,1,Lost
3422,2024-11-29,3,67166.47,33,4,3,3,Needs Attention
3423,2024-01-29,3,41547.61,338,1,3,2,At Risk
3424,2024-11-05,3,93585.54,57,3,3,4,Needs Attention
3425,2024-12-13,10,71948.24,19,5,5,3,Champions
3426,2024-12-11,3,85443.08,21,4,3,4,Needs Attention
3427,2024-10-31,4,108895.21,62,3,4,4,Loyal
3428,2024-12-22,4,34447.86,10,5,4,2,Champions
3429,2024-12-12,5,76843.56,20,4,5,4,Champions
3430,2023-10-22,3,77078.38,437,1,3,4,At Risk
3431,2024-12-21,9,162364.32,11,5,5,5,Champions
3432,2024-11-30,4,117120.65,32,4,4,4,Champions
3434,2024-10-28,6,89361.67,65,3,5,4,Loyal
3435,2024-08-03,4,50480.15,151,2,4,3,Loyal
3436,2024-03-23,2,34644.33,284,1,2,2,Lost
3438,2024-05-14,1,1570.62,232,1,1,1,Lost
3439,2024-06-19,1,24869.24,196,1,1,2,Lost
3440,2024-10-28,3,50216.19,65,3,3,3,Needs Attention
3442,2024-04-29,3,54943.53,247,1,3,3,At Risk
3443,2024-12-16,9,262181.18,16,5,5,5,Champions
3444,2023-12-08,2,53139.89,390,1,2,3,Lost
3445,2024-12-18,3,64245.12,14,5,3,3,Needs Attention
3446,2024-12-03,2,24511.97,29,4,2,2,New / Promising
3447,2024-08-31,3,63179.29,123,2,3,3,At Risk
3448,2024-07-16,3,70691.12,169,2,3,3,At Risk
3449,2024-12-06,4,108753.16,26,4,4,4,Champions
3450,2024-12-20,5,91475.16,12,5,5,4,Champions
3451,2024-12-29,14,211931.76,3,5,5,5,Champions
3453,2024-04-19,6,104762.48,257,1,5,4,Loyal
3455,2024-09-04,2,60863.91,119,2,2,3,Lost
3456,2024-12-28,8,146971.75,4,5,5,5,Champions
3457,2024-11-15,6,116698.6,47,3,5,4,Loyal
3458,2024-11-10,3,71025.36,52,3,3,3,Needs Attention
3459,2024-11-28,5,54641.09,34,4,5,3,Champions
3460,2024-12-13,13,173544.52,19,5,5,5,Champions
3463,2024-08-20,3,6359.49,134,2,3,1,At Risk
3464,2024-02-01,1,71630.01,335,1,1,3,Lost
3465,2023-12-11,2,52813.52,387,1,2,3,Lost
3466,2024-11-30,7,110804.27,32,4,5,4,Champions
3467,2024-03-29,2,24819.34,278,1,2,2,Lost
3469,2024-11-27,3,96312.77,35,4,3,4,Needs Attention
3470,2024-12-13,5,83779.67,19,5,5,4,Champions
3471,2024-11-30,4,59392.18,32,4,4,3,Champions
3472,2024-12-20,8,166805.48,12,5,5,5,Champions
3473,2024-10-31,4,44767.87,62,3,4,2,Loyal
3474,2024-07-20,2,34937.51,165,2,2,2,Lost
3475,2024-12-11,1,8474.1,21,4,1,1,New / Promising
3476,2024-11-21,16,267389.98,41,4,5,5,Champions
3477,2024-10-08,3,58953.13,85,2,3,3,At Risk
3479,2024-12-19,9,127700.5,13,5,5,5,Champions
3480,2024-10-23,2,45996.41,70,3,2,3,Needs Attention
3481,2024-11-11,8,123900.51,51,3,5,5,Loyal
3482,2024-11-30,9,99589.29,32,4,5,4,Champions
3483,2024-12-02,6,134599.28,30,4,5,5,Champions
3484,2024-10-15,9,100752.23,78,3,5,4,Loyal
3485,2023-08-13,1,10486.44,507,1,1,1,Lost
3486,2024-04-16,3,34076.22,260,1,3,2,At Risk
3487,2024-11-19,8,143673.37,43,4,5,5,Champions
3488,2024-11-08,2,27957.26,54,3,2,2,Needs Attention
3490,2024-10-05,3,31190.03,88,2,3,2,At Risk
3491,2024-08-26,2,31499.99,128,2,2,2,Lost
3492,2024-11-12,2,23812.87,50,3,2,2,Needs Attention
3494,2024-12-10,8,191439.36,22,4,5,5,Champions
3496,2024-11-24,12,209429.6,38,4,5,5,Champions
3497,2023-04-13,1,7448.58,629,1,1,1,Lost
3498,2023-09-15,1,7460.09,474,1,1,1,Lost
3499,2024-04-17,1,38529.0,259,1,1,2,Lost
3500,2024-11-24,3,38022.1,38,4,3,2,Needs Attention
3501,2024-08-02,4,74496.46,152,2,4,3,Loyal
3502,2024-12-31,12,179597.64,1,5,5,5,Champions
3503,2024-10-17,5,57613.95,76,3,5,3,Loyal
3504,2023-12-05,3,38871.64,393,1,3,2,At Risk
3505,2023-04-09,1,6572.18,633,1,1,1,Lost
3506,2024-10-31,8,115852.94,62,3,5,4,Loyal
3508,2024-12-31,9,129587.73,1,5,5,5,Champions
3509,2024-09-10,7,107486.39,113,2,5,4,Loyal
3510,2024-05-22,4,81715.32,224,1,4,4,Loyal
3511,2024-11-30,7,142644.39,32,4,5,5,Champions
3512,2024-08-12,4,65764.68,142,2,4,3,Loyal
3513,2024-10-18,9,189789.65,75,3,5,5,Loyal
3514,2024-11-02,2,29986.93,60,3,2,2,Needs Attention
3515,2024-09-25,4,49427.96,98,2,4,3,Loyal
3516,2024-08-06,1,6815.35,148,2,1,1,Lost
3517,2024-01-27,2,31089.42,340,1,2,2,Lost
3518,2024-11-09,9,214787.23,53,3,5,5,Loyal
3519,2024-12-17,6,71507.91,15,5,5,3,Champions
3520,2024-12-31,10,176057.82,1,5,5,5,Champions
3522,2024-11-22,10,142555.1,40,4,5,5,Champions
3523,2024-05-15,1,38226.6,231,1,1,2,Lost
3524,2024-04-23,2,47223.46,253,1,2,3,Lost
3525,2024-11-24,3,18012.1,38,4,3,1,Needs Attention
3526,2024-08-29,3,65568.08,125,2,3,3,At Risk
3527,2024-05-24,1,18871.59,222,1,1,1,Lost
3528,2024-11-14,8,218161.24,48,3,5,5,Loyal
3529,2024-07-22,1,28560.3,163,2,1,2,Lost
3531,2024-08-24,3,44115.65,130,2,3,2,At Risk
3532,2024-06-27,3,16408.07,188,1,3,1,At Risk
3533,2024-09-27,10,219185.71,96,2,5,5,Loyal
3535,2024-11-08,1,5806.68,54,3,1,1,Needs Attention
3537,2024-11-05,2,16941.69,57,3,2,1,Needs Attention
3538,2024-11-12,6,92024.58,50,3,5,4,Loyal
3539,2024-08-09,4,42562.1,145,2,4,2,Loyal
3540,2024-11-28,6,78668.16,34,4,5,4,Champions
3541,2024-12-27,5,58022.55,5,5,5,3,Champions
3543,2023-03-31,1,15449.89,642,1,1,1,Lost
3544,2024-12-16,7,134830.42,16,5,5,5,Champions
3545,2024-08-16,1,11253.37,138,2,1,1,Lost
3546,2024-12-07,3,79252.04,25,4,3,4,Needs Attention
3548,2024-11-08,3,72691.34,54,3,3,3,Needs Attention
3549,2024-12-19,12,239639.13,13,5,5,5,Champions
3550,2024-06-14,3,45158.76,201,1,3,2,At Risk
3551,2024-08-14,1,32065.04,140,2,1,2,Lost
3552,2024-11-17,6,149221.09,45,3,5,5,Loyal
3553,2024-12-18,4,160687.41,14,5,4,5,Champions
3554,2024-10-25,2,41126.31,68,3,2,2,Needs Attention
3555,2024-08-30,9,193979.77,124,2,5,5,Loyal
3556,2024-12-26,14,339563.86,6,5,5,5,Champions
3557,2024-12-17,2,27322.18,15,5,2,2,New / Promising
3558,2024-12-12,4,94763.23,20,4,4,4,Champions
3559,2024-04-26,2,30699.83,250,1,2,2,Lost
3560,2024-08-25,2,41192.82,129,2,2,2,Lost
3561,2024-12-04,5,69636.8,28,4,5,3,Champions
3562,2024-12-21,7,123766.33,11,5,5,4,Champions
3563,2024-01-27,1,69323.94,340,1,1,3,Lost
3564,2024-11-18,4,84285.72,44,4,4,4,Champions
3565,2024-12-24,9,258206.33,8,5,5,5,Champions
3566,2024-12-12,6,153212.23,20,4,5,5,Champions
3567,2024-01-12,5,60665.66,355,1,5,3,Loyal
3568,2024-12-06,1,18262.46,26,4,1,1,New / Promising
3569,2024-11-12,2,15266.58,50,3,2,1,Needs Attention
3572,2024-10-14,1,32787.98,79,3,1,2,Needs Attention
3573,2024-11-21,4,48077.05,41,4,4,3,Champions
3574,2024-12-17,2,25077.44,15,5,2,2,New / Promising
3575,2024-11-02,3,46034.2,60,3,3,3,Needs Attention
3576,2024-12-25,4,46851.27,7,5,4,3,Champions
3577,2024-10-16,2,8430.39,77,3,2,1,Needs Attention
3578,2024-12-30,3,10044.71,2,5,3,1,Needs Attention
3579,2024-10-08,6,109085.56,85,2,5,4,Loyal
3580,2024-09-04,2,29012.63,119,2,2,2,Lost
3581,2024-12-29,8,175677.38,3,5,5,5,Champions
3583,2024-05-23,1,35845.54,223,1,1,2,Lost
3584,2024-12-15,6,99786.51,17,5,5,4,Champions
3585,2024-10-09,3,15413.18,84,2,3,1,At Risk
3586,2024-06-06,2,34705.9,209,1,2,2,Lost
3587,2024-02-26,2,19033.14,310,1,2,1,Lost
3588,2024-01-26,1,46535.65,341,1,1,3,Lost
3589,2024-10-17,3,99070.44,76,3,3,4,Needs Attention
3590,2024-11-12,3,50818.04,50,3,3,3,Needs Attention
3591,2024-06-05,6,88018.6,210,1,5,4,Loyal
3592,2023-08-14,1,7947.42,506,1,1,1,Lost
3593,2024-12-07,9,182594.44,25,4,5,5,Champions
3594,2024-11-30,3,32071.2,32,4,3,2,Needs Attention
3595,2024-11-25,5,65050.88,37,4,5,3,Champions
3597,2023-12-28,1,36352.65,370,1,1,2,Lost
3598,2024-03-11,1,13386.08,296,1,1,1,Lost
3599,2024-08-11,3,68128.13,143,2,3,3,At Risk
3600,2024-10-02,2,53285.78,91,2,2,3,Lost
3601,2024-11-23,4,73710.47,39,4,4,3,Champions
3602,2024-11-09,3,7224.75,53,3,3,1,Needs Attention
3603,2024-06-26,4,49887.51,189,1,4,3,Loyal
3604,2024-02-11,2,50346.91,325,1,2,3,Lost
3605,2024-11-15,5,65992.96,47,3,5,3,Loyal
3606,2024-11-19,2,82796.69,43,4,2,4,New / Promising
3607,2024-11-07,8,160345.0,55,3,5,5,Loyal
3609,2024-06-29,3,21913.02,186,1,3,1,At Risk
3611,2024-09-07,3,22365.44,116,2,3,1,At Risk
3612,2024-06-07,1,15221.33,208,1,1,1,Lost
3613,2024-12-08,2,25269.14,24,4,2,2,New / Promising
3614,2024-09-13,6,169551.05,110,2,5,5,Loyal
3616,2024-09-21,1,14730.06,102,2,1,1,Lost
3617,2024-04-12,4,34436.72,264,1,4,2,Loyal
3618,2024-12-23,2,48950.87,9,5,2,3,New / Promising
3619,2024-09-02,4,34550.1,121,2,4,2,Loyal
3621,2024-11-29,5,102245.75,33,4,5,4,Champions
3622,2024-09-03,5,88648.94,120,2,5,4,Loyal
3623,2024-10-27,5,76488.96,66,3,5,4,Loyal
3624,2024-12-11,2,14538.85,21,4,2,1,New / Promising
3625,2024-10-28,4,139781.15,65,3,4,5,Loyal
3627,2024-12-09,7,119291.52,23,4,5,4,Champions
3631,2024-06-25,3,51125.38,190,1,3,3,At Risk
3632,2024-12-12,5,125818.39,20,4,5,5,Champions
3633,2023-05-22,1,8933.1,590,1,1,1,Lost
3634,2024-09-03,2,27180.86,120,2,2,2,Lost
3635,2024-12-23,7,161080.39,9,5,5,5,Champions
3636,2024-11-28,1,21590.83,34,4,1,1,New / Promising
3637,2024-01-26,2,82100.01,341,1,2,4,Lost
3638,2024-08-28,3,33884.22,126,2,3,2,At Risk
3639,2024-07-07,1,15798.4,178,2,1,1,Lost
3640,2024-12-11,3,73605.59,21,4,3,3,Needs Attention
3642,2024-07-27,1,18421.66,158,2,1,1,Lost
3644,2024-12-13,3,31097.5,19,5,3,2,Needs Attention
3645,2024-10-31,6,45811.71,62,3,5,2,Loyal
3646,2024-12-10,5,102413.74,22,4,5,4,Champions
3647,2024-12-18,6,106897.05,14,5,5,4,Champions
3648,2024-11-17,2,31643.16,45,3,2,2,Needs Attention
3649,2024-12-04,3,150630.58,28,4,3,5,Needs Attention
3650,2024-11-09,1,31951.18,53,3,1,2,Needs Attention
3651,2024-12-03,1,5745.49,29,4,1,1,New / Promising
3652,2024-11-15,5,47816.4,47,3,5,3,Loyal
3653,2023-10-07,1,17787.55,452,1,1,1,Lost
3654,2024-09-27,1,9582.31,96,2,1,1,Lost
3655,2024-12-29,5,66814.6,3,5,5,3,Champions
3656,2024-06-04,2,51354.67,211,1,2,3,Lost
3657,2024-11-22,3,45868.54,40,4,3,2,Needs Attention
3659,2024-12-07,3,38814.03,25,4,3,2,Needs Attention
3661,2024-12-10,6,55658.47,22,4,5,3,Champions
3662,2024-09-30,4,219150.36,93,2,4,5,Loyal
3663,2024-11-08,1,21298.94,54,3,1,1,Needs Attention
3664,2024-11-08,1,26819.14,54,3,1,2,Needs Attention
3666,2024-01-08,1,19122.19,359,1,1,1,Lost
3667,2024-11-05,7,148317.97,57,3,5,5,Loyal
3668,2024-11-27,10,183787.04,35,4,5,5,Champions
3669,2024-12-09,6,97076.72,23,4,5,4,Champions
3670,2023-09-13,1,21123.34,476,1,1,1,Lost
3671,2024-12-13,5,72852.36,19,5,5,3,Champions
3672,2023-12-20,1,43444.23,378,1,1,2,Lost
3673,2024-10-09,4,78135.05,84,2,4,4,Loyal
3674,2024-04-11,8,134722.03,265,1,5,5,Loyal
3675,2024-12-23,3,92128.48,9,5,3,4,Needs Attention
3676,2024-09-09,2,119345.89,114,2,2,4,Lost
3677,2024-11-09,5,86795.99,53,3,5,4,Loyal
3679,2024-07-05,6,157128.73,180,2,5,5,Loyal
3680,2024-10-02,3,42340.98,91,2,3,2,At Risk
3681,2024-11-12,7,170887.14,50,3,5,5,Loyal
3682,2023-02-28,1,24699.2,673,1,1,2,Lost
3683,2024-08-03,3,26500.16,151,2,3,2,At Risk
3684,2024-06-20,3,52548.69,195,1,3,3,At Risk
3685,2024-11-05,5,148864.7,57,3,5,5,Loyal
3686,2024-10-01,1,62895.99,92,2,1,3,Lost
3687,2024-10-29,3,53994.78,64,3,3,3,Needs Attention
3688,2024-10-24,3,70203.25,69,3,3,3,Needs Attention
3689,2024-12-11,1,574.44,21,4,1,1,New / Promising
3690,2024-12-14,8,194338.03,18,5,5,5,Champions
3691,2024-04-29,1,25484.4,247,1,1,2,Lost
3692,2024-11-28,1,395.95,34,4,1,1,New / Promising
3693,2024-07-27,2,23757.21,158,2,2,2,Lost
3694,2024-11-12,14,248884.81,50,3,5,5,Loyal
3695,2024-09-22,3,27283.2,101,2,3,2,At Risk
3696,2024-10-17,4,144077.01,76,3,4,5,Loyal
3697,2024-10-25,3,109265.34,68,3,3,4,Needs Attention
3698,2024-11-05,4,89933.22,57,3,4,4,Loyal
3700,2024-12-18,5,100158.19,14,5,5,4,Champions
3702,2024-08-19,1,70334.2,135,2,1,3,Lost
3704,2024-12-27,5,103319.7,5,5,5,4,Champions
3705,2024-12-06,2,34505.77,26,4,2,2,New / Promising
3706,2024-05-19,3,48147.93,227,1,3,3,At Risk
3707,2024-12-31,2,74621.65,1,5,2,3,New / Promising
3708,2024-11-26,3,18892.99,36,4,3,1,Needs Attention
3710,2024-11-25,4,56630.63,37,4,4,3,Champions
3712,2024-12-09,4,34277.62,23,4,4,2,Champions
3713,2024-12-18,2,29328.52,14,5,2,2,New / Promising
3714,2024-11-23,2,88610.19,39,4,2,4,New / Promising
3715,2024-04-18,1,3847.97,258,1,1,1,Lost
3716,2024-09-21,3,26810.82,102,2,3,2,At Risk
3717,2024-11-03,4,77147.46,59,3,4,4,Loyal
3718,2024-06-25,3,22138.7,190,1,3,1,At Risk
3719,2024-09-12,5,152703.23,111,2,5,5,Loyal
3720,2024-08-06,4,59243.83,148,2,4,3,Loyal
3721,2024-04-29,1,14789.2,247,1,1,1,Lost
3722,2024-07-06,2,19217.06,179,2,2,1,Lost
3723,2024-12-24,4,69209.7,8,5,4,3,Champions
3724,2024-10-20,4,63131.76,73,3,4,3,Loyal
3725,2024-12-16,5,115290.27,16,5,5,4,Champions
3728,2024-11-17,5,80583.61,45,3,5,4,Loyal
3730,2024-12-03,3,49576.19,29,4,3,3,Needs Attention
3731,2024-12-28,1,26334.65,4,5,1,2,New / Promising
3733,2024-12-14,4,115660.01,18,5,4,4,Champions
3735,2024-11-16,5,46678.98,46,3,5,3,Loyal
3736,2024-12-29,4,39583.68,3,5,4,2,Champions
3737,2024-01-30,1,14736.13,337,1,1,1,Lost
3739,2024-11-04,3,1180.84,58,3,3,1,Needs Attention
3740,2024-11-03,2,30888.36,59,3,2,2,Needs Attention
3741,2023-12-25,2,41182.31,373,1,2,2,Lost
3742,2024-10-17,3,45441.31,76,3,3,2,Needs Attention
3743,2024-12-22,2,80910.28,10,5,2,4,New / Promising
3746,2024-12-05,4,111622.12,27,4,4,4,Champions
3748,2024-12-22,9,188871.3,10,5,5,5,Champions
3749,2024-05-19,1,9238.14,227,1,1,1,Lost
3750,2024-07-28,1,7368.66,157,2,1,1,Lost
3751,2024-12-19,7,130728.99,13,5,5,5,Champions
3752,2024-12-01,6,117541.67,31,4,5,4,Champions
3753,2024-12-20,2,109859.6,12,5,2,4,New / Promising
3754,2023-09-24,1,14329.01,465,1,1,1,Lost
3755,2023-01-23,1,32257.06,709,1,1,2,Lost
3756,2024-12-14,5,105158.48,18,5,5,4,Champions
3758,2024-12-27,3,50819.15,5,5,3,3,Needs Attention
3759,2024-10-29,2,34217.55,64,3,2,2,Needs Attention
3760,2024-11-13,8,176099.93,49,3,5,5,Loyal
3761,2024-12-04,10,302961.09,28,4,5,5,Champions
3764,2024-12-29,8,106494.73,3,5,5,4,Champions
3765,2024-05-17,2,36758.45,229,1,2,2,Lost
3766,2024-12-25,8,146841.26,7,5,5,5,Champions
3768,2024-12-01,4,69754.7,31,4,4,3,Champions
3769,2024-10-29,2,20440.69,64,3,2,1,Needs Attention
3770,2024-03-01,4,28170.78,306,1,4,2,Loyal
3771,2024-12-24,12,185051.44,8,5,5,5,Champions
3772,2024-12-13,5,94214.08,19,5,5,4,Champions
3773,2024-07-11,8,106439.28,174,2,5,4,Loyal
3774,2024-09-13,2,31059.57,110,2,2,2,Lost
3775,2024-07-22,2,99155.22,163,2,2,4,Lost
3776,2024-10-08,5,127014.3,85,2,5,5,Loyal
3777,2024-02-18,3,62683.92,318,1,3,3,At Risk
3778,2024-12-01,3,59217.34,31,4,3,3,Needs Attention
3779,2024-12-04,4,77719.24,28,4,4,4,Champions
3781,2024-11-11,4,128298.18,51,3,4,5,Loyal
3782,2024-06-09,5,82118.3,206,1,5,4,Loyal
3783,2024-05-02,1,9999.01,244,1,1,1,Lost
3784,2024-04-04,1,5806.68,272,1,1,1,Lost
3785,2024-12-09,4,70592.52,23,4,4,3,Champions
3786,2024-05-15,4,56261.5,231,1,4,3,Loyal
3789,2024-12-29,4,63199.32,3,5,4,3,Champions
3791,2024-12-24,20,300273.39,8,5,5,5,Champions
3792,2023-08-17,1,14172.38,503,1,1,1,Lost
3794,2024-12-31,6,75639.97,1,5,5,3,Champions
3797,2024-11-01,6,101422.03,61,3,5,4,Loyal
3798,2024-11-22,4,51496.78,40,4,4,3,Champions
3799,2024-10-25,5,114788.83,68,3,5,4,Loyal
3800,2024-11-16,4,37379.02,46,3,4,2,Loyal
3801,2024-12-19,5,74135.4,13,5,5,3,Champions
3802,2023-12-08,2,19672.78,390,1,2,1,Lost
3803,2024-11-25,6,90558.41,37,4,5,4,Champions
3804,2024-07-31,2,37665.18,154,2,2,2,Lost
3805,2024-06-24,1,19295.4,191,1,1,1,Lost
3806,2024-08-24,2,27281.06,130,2,2,2,Lost
3808,2024-10-05,4,55898.72,88,2,4,3,Loyal
3809,2024-12-29,7,85270.39,3,5,5,4,Champions
3810,2023-12-20,1,3208.94,378,1,1,1,Lost
3811,2024-08-03,5,146596.74,151,2,5,5,Loyal
3812,2024-10-07,10,207663.34,86,2,5,5,Loyal
3813,2024-11-12,7,171501.38,50,3,5,5,Loyal
3814,2024-12-21,2,46163.47,11,5,2,3,New / Promising
3815,2024-07-18,1,23104.13,167,2,1,1,Lost
3816,2024-08-25,4,73636.09,129,2,4,3,Loyal
3817,2024-10-31,4,85544.48,62,3,4,4,Loyal
3818,2024-11-03,1,15887.65,59,3,1,1,Needs Attention
3819,2024-12-21,6,87848.23,11,5,5,4,Champions
3821,2024-11-29,11,169059.42,33,4,5,5,Champions
3822,2024-10-09,3,31764.78,84,2,3,2,At Risk
3823,2024-12-17,3,30078.64,15,5,3,2,Needs Attention
3824,2024-09-19,5,78880.09,104,2,5,4,Loyal
3825,2024-11-27,3,56568.0,35,4,3,3,Needs Attention
3826,2024-12-06,6,101047.82,26,4,5,4,Champions
3827,2024-05-24,8,81193.04,222,1,5,4,Loyal
3828,2024-08-06,3,94756.23,148,2,3,4,At Risk
3830,2024-08-02,4,105924.78,152,2,4,4,Loyal
3831,2024-12-09,2,47913.63,23,4,2,3,New / Promising
3832,2024-09-27,5,58410.11,96,2,5,3,Loyal
3833,2024-08-17,2,27509.84,137,2,2,2,Lost
3834,2024-03-24,2,21289.43,283,1,2,1,Lost
3835,2024-07-09,4,90419.33,176,2,4,4,Loyal
3837,2024-08-23,6,119347.98,131,2,5,4,Loyal
3838,2024-11-18,12,260722.81,44,4,5,5,Champions
3840,2024-11-07,1,7249.59,55,3,1,1,Needs Attention
3841,2024-08-22,1,6996.04,132,2,1,1,Lost
3842,2024-11-08,6,117161.58,54,3,5,4,Loyal
3843,2024-06-29,2,75593.01,186,1,2,3,Lost
3845,2024-08-06,4,74598.63,148,2,4,3,Loyal
3846,2024-12-08,1,3552.34,24,4,1,1,New / Promising
3848,2024-10-24,5,107443.53,69,3,5,4,Loyal
3849,2024-12-25,17,372331.15,7,5,5,5,Champions
3850,2024-08-10,1,12317.04,144,2,1,1,Lost
3851,2024-10-01,1,78605.04,92,2,1,4,Lost
3852,2024-11-27,2,44024.07,35,4,2,2,New / Promising
3853,2024-11-05,6,123841.71,57,3,5,5,Loyal
3854,2024-02-05,1,16179.92,331,1,1,1,Lost
3855,2024-12-09,4,116298.87,23,4,4,4,Champions
3858,2024-03-17,4,104331.76,290,1,4,4,Loyal
3859,2024-11-28,5,95794.62,34,4,5,4,Champions
3860,2024-12-24,17,365217.73,8,5,5,5,Champions
3861,2024-01-22,2,56581.14,345,1,2,3,Lost
3862,2024-10-27,4,112080.6,66,3,4,4,Loyal
3864,2024-12-13,3,73526.89,19,5,3,3,Needs Attention
3865,2024-10-20,7,170620.37,73,3,5,5,Loyal
3866,2024-12-12,3,73864.96,20,4,3,3,Needs Attention
3867,2024-12-09,4,89846.49,23,4,4,4,Champions
3868,2024-12-20,3,45227.4,12,5,3,2,Needs Attention
3870,2024-12-27,5,103980.52,5,5,5,4,Champions
3871,2024-11-06,5,79859.95,56,3,5,4,Loyal
3872,2024-11-06,3,27256.84,56,3,3,2,Needs Attention
3874,2024-12-05,4,76527.81,27,4,4,4,Champions
3875,2024-03-25,1,10716.12,282,1,1,1,Lost
3876,2024-12-01,2,57356.93,31,4,2,3,New / Promising
3877,2024-12-21,7,152468.19,11,5,5,5,Champions
3878,2024-11-17,5,91446.21,45,3,5,4,Loyal
3879,2024-12-31,12,302177.98,1,5,5,5,Champions
3880,2023-10-24,1,2567.15,435,1,1,1,Lost
3881,2024-12-04,3,17197.3,28,4,3,1,Needs Attention
3882,2024-06-22,5,104299.31,193,1,5,4,Loyal
3883,2024-04-12,2,29381.77,264,1,2,2,Lost
3884,2024-12-08,3,54650.69,24,4,3,3,Needs Attention
3885,2024-11-04,4,81925.7,58,3,4,4,Loyal
3886,2024-12-27,14,282868.33,5,5,5,5,Champions
3887,2024-04-24,1,17945.93,252,1,1,1,Lost
3889,2024-03-18,4,34457.24,289,1,4,2,Loyal
3890,2024-11-29,1,5875.15,33,4,1,1,New / Promising
3892,2024-12-06,2,114566.89,26,4,2,4,New / Promising
3893,2024-11-14,7,130951.9,48,3,5,5,Loyal
3894,2024-10-27,11,121760.12,66,3,5,4,Loyal
3895,2024-12-01,12,388807.99,31,4,5,5,Champions
3896,2024-12-28,5,83823.21,4,5,5,4,Champions
3897,2024-11-25,3,14474.69,37,4,3,1,Needs Attention
3898,2024-07-06,2,34105.47,179,2,2,2,Lost
3899,2024-10-28,7,83578.94,65,3,5,4,Loyal
3900,2024-12-05,8,109113.13,27,4,5,4,Champions
3901,2024-12-20,9,215088.13,12,5,5,5,Champions
3902,2024-10-27,2,14480.01,66,3,2,1,Needs Attention
3903,2024-08-27,4,50202.48,127,2,4,3,Loyal
3904,2023-10-01,2,42601.31,458,1,2,2,Lost
3905,2024-12-29,10,147271.91,3,5,5,5,Champions
3906,2024-08-14,2,16918.15,140,2,2,1,Lost
3907,2024-11-29,10,141916.73,33,4,5,5,Champions
3908,2024-11-18,8,105088.48,44,4,5,4,Champions
3909,2023-11-24,2,34210.0,404,1,2,2,Lost
3910,2024-08-01,3,62787.43,153,2,3,3,At Risk
3911,2024-11-06,2,10758.2,56,3,2,1,Needs Attention
3914,2024-05-11,3,81752.08,235,1,3,4,At Risk
3915,2024-08-19,3,9923.66,135,2,3,1,At Risk
3916,2024-02-23,1,15084.51,313,1,1,1,Lost
3918,2024-12-27,4,58411.04,5,5,4,3,Champions
3919,2024-06-11,2,49648.76,204,1,2,3,Lost
3920,2024-10-28,5,111607.31,65,3,5,4,Loyal
3924,2024-12-15,6,68727.95,17,5,5,3,Champions
3925,2024-12-24,12,299543.4,8,5,5,5,Champions
3926,2024-11-02,4,46747.08,60,3,4,3,Loyal
3927,2024-08-26,3,58290.49,128,2,3,3,At Risk
3928,2024-08-23,2,29364.45,131,2,2,2,Lost
3929,2024-10-28,4,91278.8,65,3,4,4,Loyal
3930,2024-12-13,4,89365.31,19,5,4,4,Champions
3931,2024-12-22,10,217283.33,10,5,5,5,Champions
3932,2024-03-16,1,9210.83,291,1,1,1,Lost
3933,2024-10-17,2,37346.12,76,3,2,2,Needs Attention
3934,2024-11-11,1,18051.67,51,3,1,1,Needs Attention
3936,2024-12-30,5,176367.44,2,5,5,5,Champions
3937,2024-11-26,3,15100.84,36,4,3,1,Needs Attention
3938,2024-11-18,4,40426.86,44,4,4,2,Champions
3939,2024-11-25,9,144381.73,37,4,5,5,Champions
3940,2024-12-13,4,55483.59,19,5,4,3,Champions
3941,2024-10-02,3,34426.5,91,2,3,2,At Risk
3942,2024-08-27,5,94566.26,127,2,5,4,Loyal
3943,2024-12-13,9,130180.99,19,5,5,5,Champions
3944,2024-11-03,1,27601.29,59,3,1,2,Needs Attention
3945,2024-10-05,3,36210.79,88,2,3,2,At Risk
3947,2024-12-03,1,22124.19,29,4,1,1,New / Promising
3948,2024-11-07,4,147907.23,55,3,4,5,Loyal
3951,2024-02-05,2,41354.45,331,1,2,2,Lost
3952,2024-09-23,6,93640.05,100,2,5,4,Loyal
3953,2024-09-12,3,73699.79,111,2,3,3,At Risk
3954,2024-03-08,3,102581.03,299,1,3,4,At Risk
3955,2024-11-21,3,24035.38,41,4,3,2,Needs Attention
3956,2024-12-14,5,183437.28,18,5,5,5,Champions
3957,2024-12-26,4,53483.53,6,5,4,3,Champions
3958,2024-09-30,3,36641.24,93,2,3,2,At Risk
3959,2024-11-29,3,65086.69,33,4,3,3,Needs Attention
3960,2023-07-08,1,52214.96,543,1,1,3,Lost
3961,2024-12-26,5,111562.81,6,5,5,4,Champions
3962,2024-12-11,5,120968.49,21,4,5,4,Champions
3963,2024-10-28,2,47132.93,65,3,2,3,Needs Attention
3964,2024-12-19,2,45568.13,13,5,2,2,New / Promising
3965,2023-11-28,2,16216.37,400,1,2,1,Lost
3966,2024-12-22,5,94249.86,10,5,5,4,Champions
3967,2024-04-19,2,42582.68,257,1,2,2,Lost
3968,2024-10-03,5,63554.93,90,2,5,3,Loyal
3969,2024-11-05,1,13731.44,57,3,1,1,Needs Attention
3970,2024-12-17,9,165248.44,15,5,5,5,Champions
3971,2024-11-23,17,207039.84,39,4,5,5,Champions
3972,2024-12-31,5,58146.6,1,5,5,3,Champions
3973,2024-11-27,3,81102.02,35,4,3,4,Needs Attention
3974,2024-04-10,3,52704.37,266,1,3,3,At Risk
3975,2024-11-10,2,24240.94,52,3,2,2,Needs Attention
3976,2024-07-15,3,57601.14,170,2,3,3,At Risk
3977,2024-10-15,5,65629.72,78,3,5,3,Loyal
3978,2024-12-17,10,217397.75,15,5,5,5,Champions
3979,2024-09-28,8,158398.5,95,2,5,5,Loyal
3980,2024-12-30,2,32223.25,2,5,2,2,New / Promising
3981,2024-11-26,5,99261.87,36,4,5,4,Champions
3982,2024-08-28,7,131364.56,126,2,5,5,Loyal
3983,2024-12-03,14,213594.29,29,4,5,5,Champions
3984,2024-10-03,2,59580.31,90,2,2,3,Lost
3985,2024-12-22,5,61135.34,10,5,5,3,Champions
3986,2024-12-17,4,127581.02,15,5,4,5,Champions
3988,2024-10-27,6,151154.85,66,3,5,5,Loyal
3989,2024-06-20,2,62157.31,195,1,2,3,Lost
3990,2024-06-19,2,75799.67,196,1,2,3,Lost
3991,2024-02-28,1,3314.34,308,1,1,1,Lost
3992,2024-11-03,9,175149.98,59,3,5,5,Loyal
3993,2024-12-28,6,148573.97,4,5,5,5,Champions
3994,2024-12-10,5,119657.27,22,4,5,4,Champions
3996,2024-11-27,5,53098.57,35,4,5,3,Champions
3997,2024-10-06,3,97923.42,87,2,3,4,At Risk
3998,2024-11-29,2,12884.06,33,4,2,1,New / Promising
3999,2024-12-28,13,160444.22,4,5,5,5,Champions
4001,2024-07-17,1,866.36,168,2,1,1,Lost
4002,2024-11-08,6,117518.2,54,3,5,4,Loyal
4003,2024-10-24,8,114040.35,69,3,5,4,Loyal
4006,2024-12-20,9,195766.49,12,5,5,5,Champions
4007,2024-12-08,5,96159.97,24,4,5,4,Champions
4008,2024-11-17,5,56368.64,45,3,5,3,Loyal
4009,2024-12-01,10,152411.9,31,4,5,5,Champions
4010,2023-07-19,2,60976.78,532,1,2,3,Lost
4011,2024-10-19,2,71401.0,74,3,2,3,Needs Attention
4012,2024-09-10,1,14772.73,113,2,1,1,Lost
4013,2024-08-18,1,25734.56,136,2,1,2,Lost
4014,2024-10-19,2,16696.14,74,3,2,1,Needs Attention
4015,2024-09-25,2,64026.45,98,2,2,3,Lost
4016,2023-10-03,1,36809.53,456,1,1,2,Lost
4017,2024-03-20,5,78619.21,287,1,5,4,Loyal
4018,2024-11-22,1,2406.81,40,4,1,1,New / Promising
4019,2023-11-30,3,53661.95,398,1,3,3,At Risk
4021,2024-08-01,7,119535.74,153,2,5,4,Loyal
4022,2024-10-29,6,86980.46,64,3,5,4,Loyal
4023,2024-10-09,4,41690.32,84,2,4,2,Loyal
4024,2023-08-21,1,17840.46,499,1,1,1,Lost
4025,2024-01-21,2,27288.21,346,1,2,2,Lost
4026,2023-11-20,1,21316.47,408,1,1,1,Lost
4027,2024-12-09,8,176123.61,23,4,5,5,Champions
4028,2024-11-02,2,29609.32,60,3,2,2,Needs Attention
4031,2024-04-13,2,18705.25,263,1,2,1,Lost
4032,2024-12-17,1,4060.82,15,5,1,1,New / Promising
4033,2024-08-10,5,48402.49,144,2,5,3,Loyal
4034,2024-08-17,2,37962.92,137,2,2,2,Lost
4035,2024-03-12,1,22734.84,295,1,1,1,Lost
4036,2024-02-25,1,9714.06,311,1,1,1,Lost
4037,2024-11-28,1,29855.01,34,4,1,2,New / Promising
4038,2024-06-12,2,10144.94,203,1,2,1,Lost
4040,2024-12-07,5,107438.85,25,4,5,4,Champions
4041,2024-12-06,5,98338.28,26,4,5,4,Champions
4042,2024-09-15,4,65512.73,108,2,4,3,Loyal
4045,2024-12-28,6,92771.2,4,5,5,4,Champions
4046,2024-10-07,2,36160.86,86,2,2,2,Lost
4048,2024-11-25,7,153488.03,37,4,5,5,Champions
4049,2023-08-04,1,2142.62,516,1,1,1,Lost
4050,2024-10-29,2,60980.71,64,3,2,3,Needs Attention
4051,2023-10-12,1,34996.75,447,1,1,2,Lost
4052,2024-11-17,2,14032.58,45,3,2,1,Needs Attention
4053,2024-11-06,7,112069.6,56,3,5,4,Loyal
4055,2024-11-21,2,29929.62,41,4,2,2,New / Promising
4056,2024-11-03,10,175414.07,59,3,5,5,Loyal
4057,2024-08-29,1,7529.13,125,2,1,1,Lost
4059,2024-07-10,10,225287.58,175,2,5,5,Loyal
4060,2024-10-06,3,43804.97,87,2,3,2,At Risk
4061,2024-12-30,10,174462.38,2,5,5,5,Champions
4063,2024-11-30,3,102644.78,32,4,3,4,Needs Attention
4064,2024-11-04,3,141654.41,58,3,3,5,Needs Attention
4065,2024-12-30,9,129397.74,2,5,5,5,Champions
4066,2024-11-27,6,47057.31,35,4,5,3,Champions
4067,2024-08-29,1,19776.99,125,2,1,1,Lost
4068,2024-05-21,4,60899.28,225,1,4,3,Loyal
4069,2024-11-30,4,85447.05,32,4,4,4,Champions
4070,2024-11-07,7,159085.39,55,3,5,5,Loyal
4071,2024-12-18,8,136097.33,14,5,5,5,Champions
4072,2024-12-03,6,124017.49,29,4,5,5,Champions
4073,2024-12-01,2,20717.74,31,4,2,1,New / Promising
4074,2024-11-28,4,23996.4,34,4,4,2,Champions
4075,2024-11-25,2,60331.17,37,4,2,3,New / Promising
4076,2024-10-24,1,3123.54,69,3,1,1,Needs Attention
4077,2024-12-06,2,44050.09,26,4,2,2,New / Promising
4078,2024-06-04,3,115019.26,211,1,3,4,At Risk
4079,2024-05-31,3,63513.9,215,1,3,3,At Risk
4080,2024-11-16,2,70092.53,46,3,2,3,Needs Attention
4081,2024-11-13,2,23564.04,49,3,2,2,Needs Attention
4082,2024-10-14,3,36609.8,79,3,3,2,Needs Attention
4083,2024-12-27,3,36554.23,5,5,3,2,Needs Attention
4084,2024-12-17,9,239738.94,15,5,5,5,Champions
4085,2024-10-11,3,32891.03,82,3,3,2,Needs Attention
4086,2024-12-09,5,79549.68,23,4,5,4,Champions
4087,2024-12-03,11,224337.21,29,4,5,5,Champions
4088,2024-11-14,3,34209.7,48,3,3,2,Needs Attention
4089,2024-12-27,9,205115.63,5,5,5,5,Champions
4090,2024-12-29,8,136634.94,3,5,5,5,Champions
4091,2024-11-11,4,39543.98,51,3,4,2,Loyal
4092,2024-10-29,3,31152.58,64,3,3,2,Needs Attention
4093,2024-12-15,5,74438.18,17,5,5,3,Champions
4095,2024-12-30,8,156121.9,2,5,5,5,Champions
4096,2024-12-21,4,29706.15,11,5,4,2,Champions
4097,2024-11-26,3,61705.77,36,4,3,3,Needs Attention
4098,2024-12-30,5,77609.23,2,5,5,4,Champions
4099,2024-09-30,2,37611.44,93,2,2,2,Lost
4100,2024-09-30,3,45787.52,93,2,3,2,At Risk
4101,2024-06-24,2,54250.43,191,1,2,3,Lost
4102,2024-12-09,5,95836.35,23,4,5,4,Champions
4103,2023-10-14,1,7691.59,445,1,1,1,Lost
4105,2024-09-23,1,27566.82,100,2,1,2,Lost
4106,2024-09-29,4,91986.46,94,2,4,4,Loyal
4107,2024-12-30,6,173584.81,2,5,5,5,Champions
4108,2024-06-01,1,1284.16,214,1,1,1,Lost
4109,2024-08-12,2,33622.88,142,2,2,2,Lost
4111,2024-11-30,6,97756.45,32,4,5,4,Champions
4112,2024-12-20,1,4318.9,12,5,1,1,New / Promising
4113,2024-04-16,3,50124.9,260,1,3,3,At Risk
4114,2024-10-30,4,27632.6,63,3,4,2,Loyal
4117,2023-11-26,1,2486.68,402,1,1,1,Lost
4118,2024-11-06,6,105558.9,56,3,5,4,Loyal
4120,2023-11-26,1,32778.08,402,1,1,2,Lost
4121,2024-10-27,2,29573.5,66,3,2,2,Needs Attention
4122,2024-12-11,7,100427.76,21,4,5,4,Champions
4123,2024-07-28,1,22955.29,157,2,1,1,Lost
4124,2024-07-11,7,115164.99,174,2,5,4,Loyal
4125,2024-11-13,7,164706.64,49,3,5,5,Loyal
4126,2024-03-11,1,15450.03,296,1,1,1,Lost
4127,2024-07-09,2,45002.92,176,2,2,2,Lost
4128,2024-12-27,8,208767.26,5,5,5,5,Champions
4129,2024-12-11,3,69111.14,21,4,3,3,Needs Attention
4130,2024-12-01,5,95908.87,31,4,5,4,Champions
4131,2024-07-06,6,149157.9,179,2,5,5,Loyal
4134,2024-12-02,11,133827.98,30,4,5,5,Champions
4135,2024-10-22,2,16027.37,71,3,2,1,Needs Attention
4136,2024-12-26,3,53684.13,6,5,3,3,Needs Attention
4137,2024-10-10,1,12631.92,83,3,1,1,Needs Attention
4138,2024-07-20,2,50903.57,165,2,2,3,Lost
4139,2024-06-14,3,43198.9,201,1,3,2,At Risk
4140,2024-08-30,1,12395.16,124,2,1,1,Lost
4141,2024-10-31,4,116753.44,62,3,4,4,Loyal
4142,2024-09-01,1,7368.66,122,2,1,1,Lost
4143,2024-11-15,3,50164.23,47,3,3,3,Needs Attention
4144,2024-07-02,3,81174.99,183,1,3,4,At Risk
4145,2024-01-13,2,25661.84,354,1,2,2,Lost
4146,2024-02-02,2,11658.28,334,1,2,1,Lost
4147,2024-08-19,6,87947.05,135,2,5,4,Loyal
4148,2024-12-31,5,139829.37,1,5,5,5,Champions
4149,2024-05-14,1,19692.57,232,1,1,1,Lost
4150,2024-12-08,8,138229.17,24,4,5,5,Champions
4151,2024-07-19,2,14551.63,166,2,2,1,Lost
4152,2024-12-29,15,253700.84,3,5,5,5,Champions
4153,2024-09-19,3,24929.75,104,2,3,2,At Risk
4155,2024-11-24,2,39056.48,38,4,2,2,New / Promising
4156,2024-03-20,3,56876.22,287,1,3,3,At Risk
4157,2024-11-26,5,44203.71,36,4,5,2,Champions
4158,2024-12-22,7,151887.6,10,5,5,5,Champions
4159,2024-11-21,5,75529.65,41,4,5,3,Champions
4160,2024-11-08,9,154616.61,54,3,5,5,Loyal
4161,2024-12-29,18,313020.78,3,5,5,5,Champions
4162,2024-03-08,1,91285.97,299,1,1,4,Lost
4163,2024-12-11,5,128824.27,21,4,5,5,Champions
4165,2024-12-19,1,11688.55,13,5,1,1,New / Promising
4166,2024-12-09,1,9927.58,23,4,1,1,New / Promising
4168,2024-01-27,2,42366.04,340,1,2,2,Lost
4170,2024-12-10,3,39200.37,22,4,3,2,Needs Attention
4172,2023-11-01,3,126786.46,427,1,3,5,At Risk
4173,2024-11-25,8,142283.82,37,4,5,5,Champions
4174,2024-08-18,2,20903.66,136,2,2,1,Lost
4175,2024-09-09,2,53056.47,114,2,2,3,Lost
4176,2024-09-22,1,866.36,101,2,1,1,Lost
4177,2024-12-05,5,74164.6,27,4,5,3,Champions
4178,2024-12-13,3,78565.51,19,5,3,4,Needs Attention
4179,2024-11-07,4,54151.36,55,3,4,3,Loyal
4180,2024-12-03,4,19848.49,29,4,4,1,Champions
4182,2023-12-17,2,29865.12,381,1,2,2,Lost
4183,2024-06-02,2,48104.69,213,1,2,3,Lost
4184,2024-11-16,3,66170.84,46,3,3,3,Needs Attention
4185,2024-11-06,7,182010.9,56,3,5,5,Loyal
4186,2024-11-23,6,91621.41,39,4,5,4,Champions
4187,2024-12-23,2,23252.31,9,5,2,1,New / Promising
4189,2024-05-09,2,31681.43,237,1,2,2,Lost
4190,2024-12-25,22,454806.84,7,5,5,5,Champions
4191,2024-11-07,4,66391.31,55,3,4,3,Loyal
4192,2024-10-29,1,15780.23,64,3,1,1,Needs Attention
4194,2023-09-09,1,3552.34,480,1,1,1,Lost
4195,2024-10-12,3,52307.86,81,3,3,3,Needs Attention
4196,2024-10-30,3,86177.82,63,3,3,4,Needs Attention
4197,2024-12-15,3,100353.11,17,5,3,4,Needs Attention
4198,2024-12-09,5,77670.59,23,4,5,4,Champions
4199,2024-11-29,2,108222.19,33,4,2,4,New / Promising
4200,2023-08-29,2,17237.57,491,1,2,1,Lost
4201,2024-07-25,1,11904.34,160,2,1,1,Lost
4202,2024-11-01,2,36830.45,61,3,2,2,Needs Attention
4203,2024-08-17,4,64289.67,137,2,4,3,Loyal
4204,2024-08-26,2,24449.71,128,2,2,2,Lost
4205,2024-03-22,1,14983.57,285,1,1,1,Lost
4206,2024-09-10,2,8923.47,113,2,2,1,Lost
4207,2024-12-30,11,316044.94,2,5,5,5,Champions
4208,2024-11-15,7,125852.42,47,3,5,5,Loyal
4209,2024-09-24,4,62868.09,99,2,4,3,Loyal
4210,2024-09-03,4,145719.54,120,2,4,5,Loyal
4211,2024-12-24,8,158171.8,8,5,5,5,Champions
4212,2024-10-18,1,12105.09,75,3,1,1,Needs Attention
4213,2024-12-25,11,245245.63,7,5,5,5,Champions
4214,2024-12-15,3,53568.01,17,5,3,3,Needs Attention
4215,2024-12-30,3,57635.44,2,5,3,3,Needs Attention
4216,2024-11-25,9,217984.29,37,4,5,5,Champions
4217,2024-12-26,7,131469.48,6,5,5,5,Champions
4218,2024-10-18,5,135859.1,75,3,5,5,Loyal
4219,2024-11-04,2,27561.19,58,3,2,2,Needs Attention
4220,2024-11-30,5,95089.1,32,4,5,4,Champions
4221,2024-11-10,3,54972.44,52,3,3,3,Needs Attention
4222,2024-11-30,5,103531.85,32,4,5,4,Champions
4223,2024-10-21,2,48967.03,72,3,2,3,Needs Attention
4224,2024-10-13,7,99685.5,80,3,5,4,Loyal
4225,2024-12-09,8,105904.88,23,4,5,4,Champions
4226,2023-12-30,2,9118.41,368,1,2,1,Lost
4229,2024-11-14,8,84462.31,48,3,5,4,Loyal
4230,2024-11-29,4,74755.48,33,4,4,3,Champions
4231,2024-11-22,16,204456.42,40,4,5,5,Champions
4232,2024-07-28,1,7959.27,157,2,1,1,Lost
4233,2024-11-10,9,79368.08,52,3,5,4,Loyal
4234,2024-12-15,11,155578.0,17,5,5,5,Champions
4235,2024-07-15,5,154580.73,170,2,5,5,Loyal
4236,2023-10-30,1,9133.54,429,1,1,1,Lost
4237,2024-09-20,2,36093.81,103,2,2,2,Lost
4238,2024-12-24,8,228669.68,8,5,5,5,Champions
4239,2024-12-09,6,57801.31,23,4,5,3,Champions
4240,2024-05-20,2,26873.08,226,1,2,2,Lost
4241,2024-10-25,6,149989.18,68,3,5,5,Loyal
4242,2024-11-01,4,42979.6,61,3,4,2,Loyal
4243,2024-06-23,3,105678.49,192,1,3,4,At Risk
4244,2024-04-25,5,59292.2,251,1,5,3,Loyal
4245,2024-05-11,1,14185.83,235,1,1,1,Lost
4246,2024-09-15,2,12764.98,108,2,2,1,Lost
4247,2024-07-15,10,168283.91,170,2,5,5,Loyal
4248,2024-10-26,3,59251.51,67,3,3,3,Needs Attention
4249,2024-09-13,2,42993.07,110,2,2,2,Lost
4250,2024-11-10,9,200932.48,52,3,5,5,Loyal
4251,2024-10-15,7,84459.89,78,3,5,4,Loyal
4252,2024-03-03,1,12884.09,304,1,1,1,Lost
4253,2024-12-05,4,54237.71,27,4,4,3,Champions
4255,2023-12-14,2,20533.32,384,1,2,1,Lost
4257,2024-10-08,1,8251.95,85,2,1,1,Lost
4258,2024-12-13,7,103729.25,19,5,5,4,Champions
4259,2024-10-16,5,61652.53,77,3,5,3,Loyal
4260,2024-10-15,2,19402.19,78,3,2,1,Needs Attention
4261,2024-12-01,14,220333.32,31,4,5,5,Champions
4262,2023-11-17,2,29319.14,411,1,2,2,Lost
4263,2024-12-30,1,19425.56,2,5,1,1,New / Promising
4264,2024-10-31,7,128224.58,62,3,5,5,Loyal
4265,2024-11-09,3,57937.78,53,3,3,3,Needs Attention
4266,2024-09-30,2,32359.93,93,2,2,2,Lost
4267,2024-04-18,2,37716.44,258,1,2,2,Lost
4268,2024-10-05,5,26997.97,88,2,5,2,Loyal
4269,2024-11-23,7,239852.79,39,4,5,5,Champions
4270,2023-11-21,1,2790.73,407,1,1,1,Lost
4271,2024-11-29,5,40499.33,33,4,5,2,Champions
4272,2024-11-16,1,27891.24,46,3,1,2,Needs Attention
4273,2024-11-16,3,27305.18,46,3,3,2,Needs Attention
4274,2024-10-09,4,105021.07,84,2,4,4,Loyal
4275,2024-09-17,4,82774.37,106,2,4,4,Loyal
4276,2024-12-12,8,152737.4,20,4,5,5,Champions
4277,2024-07-23,3,61222.34,162,2,3,3,At Risk
4278,2024-11-15,5,78767.5,47,3,5,4,Loyal
4279,2024-11-05,3,93367.8,57,3,3,4,Needs Attention
4280,2024-12-24,2,131421.96,8,5,2,5,New / Promising
4281,2024-01-30,1,12583.99,337,1,1,1,Lost
4282,2024-11-12,2,45293.46,50,3,2,2,Needs Attention
4285,2024-12-19,2,13138.14,13,5,2,1,New / Promising
4286,2024-11-11,1,33105.29,51,3,1,2,Needs Attention
4287,2024-10-02,1,6934.58,91,2,1,1,Lost
4288,2024-12-27,8,103846.54,5,5,5,4,Champions
4289,2024-11-29,11,280383.95,33,4,5,5,Champions
4290,2024-02-18,1,568.27,318,1,1,1,Lost
4291,2024-11-20,6,59719.52,42,4,5,3,Champions
4292,2024-10-24,3,41993.21,69,3,3,2,Needs Attention
4293,2024-11-14,6,66873.72,48,3,5,3,Loyal
4294,2023-11-19,1,8051.75,409,1,1,1,Lost
4295,2024-05-17,1,8365.7,229,1,1,1,Lost
4296,2024-11-18,3,16629.02,44,4,3,1,Needs Attention
4297,2024-12-19,3,109876.13,13,5,3,4,Needs Attention
4298,2024-11-05,2,1362.9,57,3,2,1,Needs Attention
4299,2024-05-26,3,90716.8,220,1,3,4,At Risk
4300,2024-02-02,1,8750.29,334,1,1,1,Lost
4301,2024-12-18,9,132658.87,14,5,5,5,Champions
4303,2024-03-02,2,31060.92,305,1,2,2,Lost
4305,2024-12-26,2,32494.23,6,5,2,2,New / Promising
4306,2024-11-23,6,135366.92,39,4,5,5,Champions
4307,2024-11-11,6,89765.63,51,3,5,4,Loyal
4308,2024-10-29,3,54499.84,64,3,3,3,Needs Attention
4309,2024-12-08,5,72898.78,24,4,5,3,Champions
4310,2024-11-23,1,27819.84,39,4,1,2,New / Promising
4311,2024-12-17,13,262084.26,15,5,5,5,Champions
4312,2024-12-16,13,213111.82,16,5,5,5,Champions
4313,2024-07-14,4,42244.92,171,2,4,2,Loyal
4314,2024-12-17,2,69492.99,15,5,2,3,New / Promising
4315,2024-12-05,7,172898.52,27,4,5,5,Champions
4316,2024-05-24,5,54722.7,222,1,5,3,Loyal
4317,2024-12-18,6,115852.31,14,5,5,4,Champions
4319,2024-10-03,5,157010.2,90,2,5,5,Loyal
4320,2023-07-03,1,13560.68,548,1,1,1,Lost
4321,2024-11-30,6,58794.94,32,4,5,3,Champions
4322,2024-10-28,1,14958.52,65,3,1,1,Needs Attention
4323,2024-12-03,13,252898.56,29,4,5,5,Champions
4326,2024-03-26,4,80659.33,281,1,4,4,Loyal
4327,2024-11-06,1,25233.75,56,3,1,2,Needs Attention
4328,2024-12-14,2,36289.87,18,5,2,2,New / Promising
4329,2024-09-12,4,78291.51,111,2,4,4,Loyal
4332,2023-09-20,2,24656.09,469,1,2,2,Lost
4333,2024-11-26,4,65494.8,36,4,4,3,Champions
4334,2024-11-12,2,12816.38,50,3,2,1,Needs Attention
4336,2024-11-30,5,86960.0,32,4,5,4,Champions
4337,2024-11-11,6,113566.95,51,3,5,4,Loyal
4338,2023-11-24,1,24374.7,404,1,1,2,Lost
4339,2024-10-30,3,58425.05,63,3,3,3,Needs Attention
4340,2024-11-22,5,74497.96,40,4,5,3,Champions
4341,2024-10-14,4,123383.57,79,3,4,4,Loyal
4343,2024-12-07,3,58288.65,25,4,3,3,Needs Attention
4344,2024-07-11,1,157.66,174,2,1,1,Lost
4345,2024-10-09,2,17369.6,84,2,2,1,Lost
4346,2024-03-14,2,134309.24,293,1,2,5,Lost
4347,2024-12-21,9,195805.8,11,5,5,5,Champions
4348,2024-11-18,8,100505.0,44,4,5,4,Champions
4349,2024-11-14,3,32006.06,48,3,3,2,Needs Attention
4350,2023-12-22,1,3440.43,376,1,1,1,Lost
4351,2024-08-24,4,84795.44,130,2,4,4,Loyal
4352,2024-08-17,5,83855.93,137,2,5,4,Loyal
4353,2024-08-11,2,5003.53,143,2,2,1,Lost
4354,2024-10-10,1,9776.28,83,3,1,1,Needs Attention
4355,2024-05-19,5,98542.67,227,1,5,4,Loyal
4356,2024-10-27,4,84164.78,66,3,4,4,Loyal
4357,2024-10-18,2,15355.07,75,3,2,1,Needs Attention
4359,2024-10-10,7,137846.68,83,3,5,5,Loyal
4360,2024-10-23,3,16139.38,70,3,3,1,Needs Attention
4361,2023-11-28,3,90274.76,400,1,3,4,At Risk
4362,2024-12-20,4,56139.38,12,5,4,3,Champions
4363,2024-05-08,2,13753.22,238,1,2,1,Lost
4364,2024-11-14,5,69879.65,48,3,5,3,Loyal
4365,2024-12-19,14,174874.79,13,5,5,5,Champions
4366,2024-12-09,6,109153.71,23,4,5,4,Champions
4367,2024-10-28,3,39785.96,65,3,3,2,Needs Attention
4368,2024-09-22,3,28648.92,101,2,3,2,At Risk
4369,2024-10-13,2,34062.65,80,3,2,2,Needs Attention
4370,2024-05-12,5,157056.22,234,1,5,5,Loyal
4372,2024-05-28,3,88365.16,218,1,3,4,At Risk
4373,2024-12-13,1,18421.66,19,5,1,1,New / Promising
4374,2024-12-21,1,11196.21,11,5,1,1,New / Promising
4375,2023-11-03,1,18427.05,425,1,1,1,Lost
4376,2023-11-19,2,15250.02,409,1,2,1,Lost
4377,2024-09-05,3,110369.92,118,2,3,4,At Risk
4378,2024-07-19,1,27678.1,166,2,1,2,Lost
4379,2024-09-02,2,29671.13,121,2,2,2,Lost
4380,2024-12-14,10,268874.67,18,5,5,5,Champions
4381,2024-11-09,3,74874.2,53,3,3,3,Needs Attention
4382,2024-11-01,2,53546.49,61,3,2,3,Needs Attention
4383,2024-08-28,8,216135.34,126,2,5,5,Loyal
4384,2024-06-26,3,23900.6,189,1,3,2,At Risk
4386,2024-12-13,7,113508.71,19,5,5,4,Champions
4387,2024-11-09,7,123374.7,53,3,5,4,Loyal
4388,2024-10-06,7,136761.52,87,2,5,5,Loyal
4389,2024-09-26,1,4687.03,97,2,1,1,Lost
4390,2024-12-07,3,69714.26,25,4,3,3,Needs Attention
4391,2024-11-14,8,258726.76,48,3,5,5,Loyal
4392,2024-08-10,1,4553.64,144,2,1,1,Lost
4393,2024-06-27,2,42756.14,188,1,2,2,Lost
4394,2024-04-21,4,54879.92,255,1,4,3,Loyal
4395,2024-11-04,3,48691.19,58,3,3,3,Needs Attention
4396,2024-11-03,6,117405.65,59,3,5,4,Loyal
4397,2024-05-06,2,37966.28,240,1,2,2,Lost
4399,2023-06-12,1,3786.89,569,1,1,1,Lost
4400,2024-12-24,4,128790.96,8,5,4,5,Champions
4402,2024-09-12,5,80513.66,111,2,5,4,Loyal
4403,2024-07-05,4,83912.49,180,2,4,4,Loyal
4404,2024-07-17,1,33815.27,168,2,1,2,Lost
4405,2024-11-29,5,140360.72,33,4,5,5,Champions
4406,2024-12-05,8,114212.84,27,4,5,4,Champions
4408,2024-09-24,3,41193.56,99,2,3,2,At Risk
4409,2024-10-20,1,54025.81,73,3,1,3,Needs Attention
4410,2024-12-03,12,197460.53,29,4,5,5,Champions
4412,2024-01-09,1,18290.06,358,1,1,1,Lost
4414,2024-11-12,1,11467.98,50,3,1,1,Needs Attention
4415,2024-12-28,4,59179.64,4,5,4,3,Champions
4416,2024-09-18,2,23840.86,105,2,2,2,Lost
4417,2024-12-10,9,176881.25,22,4,5,5,Champions
4418,2023-06-16,2,72918.78,565,1,2,3,Lost
4419,2024-01-21,1,6570.16,346,1,1,1,Lost
4420,2024-12-21,4,51489.94,11,5,4,3,Champions
4422,2024-11-21,9,143028.85,41,4,5,5,Champions
4424,2024-09-15,2,19094.12,108,2,2,1,Lost
4425,2024-08-06,3,53838.35,148,2,3,3,At Risk
4426,2024-08-25,1,5951.77,129,2,1,1,Lost
4427,2024-11-24,7,138059.67,38,4,5,5,Champions
4429,2024-12-20,5,62189.63,12,5,5,3,Champions
4431,2024-11-30,13,226937.6,32,4,5,5,Champions
4432,2024-10-06,2,42759.39,87,2,2,2,Lost
4433,2024-12-29,10,143271.05,3,5,5,5,Champions
4434,2024-12-26,2,17373.08,6,5,2,1,New / Promising
4435,2024-09-05,5,86972.65,118,2,5,4,Loyal
4436,2024-11-26,12,284093.11,36,4,5,5,Champions
4437,2024-02-27,1,1378.52,309,1,1,1,Lost
4438,2024-12-04,9,122049.5,28,4,5,4,Champions
4439,2024-11-27,4,24793.48,35,4,4,2,Champions
4440,2024-04-19,1,29461.91,257,1,1,2,Lost
4441,2024-09-14,2,94250.18,109,2,2,4,Lost
4442,2024-11-14,13,302032.24,48,3,5,5,Loyal
4444,2024-11-28,4,96870.39,34,4,4,4,Champions
4445,2024-08-20,1,14029.12,134,2,1,1,Lost
4446,2024-10-23,8,259929.77,70,3,5,5,Loyal
4447,2024-11-02,4,105651.31,60,3,4,4,Loyal
4448,2024-02-23,3,50594.97,313,1,3,3,At Risk
4449,2024-08-30,2,51273.77,124,2,2,3,Lost
4450,2024-10-13,4,100303.09,80,3,4,4,Loyal
4451,2024-11-21,6,100230.63,41,4,5,4,Champions
4453,2024-05-29,2,70768.84,217,1,2,3,Lost
4454,2024-12-22,9,167547.58,10,5,5,5,Champions
4455,2024-12-24,1,1284.16,8,5,1,1,New / Promising
4456,2024-02-23,4,130230.61,313,1,4,5,Loyal
4457,2024-12-14,6,135743.73,18,5,5,5,Champions
4458,2024-11-07,14,306485.46,55,3,5,5,Loyal
4459,2024-11-07,7,136249.56,55,3,5,5,Loyal
4460,2024-12-14,7,94560.36,18,5,5,4,Champions
4461,2024-11-24,7,149122.97,38,4,5,5,Champions
4462,2024-09-25,4,147388.28,98,2,4,5,Loyal
4463,2024-12-01,6,196783.66,31,4,5,5,Champions
4464,2024-11-11,5,71721.41,51,3,5,3,Loyal
4466,2023-12-16,3,11121.76,382,1,3,1,At Risk
4467,2024-12-02,5,78496.49,30,4,5,4,Champions
4468,2024-12-07,7,72034.78,25,4,5,3,Champions
4469,2024-11-15,5,73697.76,47,3,5,3,Loyal
4470,2024-03-02,1,30659.74,305,1,1,2,Lost
4471,2024-12-22,3,34211.37,10,5,3,2,Needs Attention
4472,2024-10-02,2,33546.54,91,2,2,2,Lost
4473,2024-10-09,3,38414.7,84,2,3,2,At Risk
4474,2024-12-20,5,91424.05,12,5,5,4,Champions
4475,2024-11-18,7,126469.49,44,4,5,5,Champions
4476,2024-12-24,2,11724.08,8,5,2,1,New / Promising
4480,2024-09-22,2,27557.44,101,2,2,2,Lost
4481,2023-10-22,3,77322.43,437,1,3,4,At Risk
4482,2024-11-28,3,89398.74,34,4,3,4,Needs Attention
4484,2023-12-20,4,37532.19,378,1,4,2,Loyal
4485,2024-10-22,5,104157.12,71,3,5,4,Loyal
4486,2024-04-13,2,25292.51,263,1,2,2,Lost
4487,2024-11-02,7,160619.08,60,3,5,5,Loyal
4488,2024-09-24,3,102464.1,99,2,3,4,At Risk
4489,2024-08-22,7,110987.42,132,2,5,4,Loyal
4490,2024-11-27,6,107685.85,35,4,5,4,Champions
4492,2024-05-12,1,29599.06,234,1,1,2,Lost
4493,2024-12-07,4,139472.04,25,4,4,5,Champions
4494,2023-11-23,1,64110.68,405,1,1,3,Lost
4495,2024-11-28,2,44980.16,34,4,2,2,New / Promising
4497,2024-11-21,10,230130.12,41,4,5,5,Champions
4498,2024-12-14,2,58403.04,18,5,2,3,New / Promising
4499,2024-01-22,5,50769.96,345,1,5,3,Loyal
4500,2024-11-12,2,25384.64,50,3,2,2,Needs Attention
4502,2024-10-23,5,159672.72,70,3,5,5,Loyal
4503,2024-11-14,6,111192.08,48,3,5,4,Loyal
4505,2024-11-17,1,11816.7,45,3,1,1,Needs Attention
4507,2023-09-07,4,140487.87,482,1,4,5,Loyal
4508,2024-12-15,8,101303.67,17,5,5,4,Champions
4510,2024-12-14,3,44175.84,18,5,3,2,Needs Attention
4511,2024-04-17,5,131957.54,259,1,5,5,Loyal
4512,2024-07-06,1,14187.93,179,2,1,1,Lost
4513,2024-11-06,5,201696.96,56,3,5,5,Loyal
4514,2024-11-09,3,106684.73,53,3,3,4,Needs Attention
4515,2024-12-30,5,132583.69,2,5,5,5,Champions
4516,2024-09-29,1,967.05,94,2,1,1,Lost
4517,2024-11-09,5,132730.22,53,3,5,5,Loyal
4518,2024-01-06,1,6554.9,361,1,1,1,Lost
4519,2024-02-06,1,9200.03,330,1,1,1,Lost
4520,2023-10-24,1,30423.28,435,1,1,2,Lost
4521,2024-11-08,5,80934.63,54,3,5,4,Loyal
4522,2024-11-18,2,23381.41,44,4,2,2,New / Promising
4523,2023-12-28,3,45515.14,370,1,3,2,At Risk
4524,2024-11-02,1,2852.89,60,3,1,1,Needs Attention
4526,2024-04-02,1,14089.0,274,1,1,1,Lost
4527,2024-06-02,5,75203.64,213,1,5,3,Loyal
4528,2024-02-10,2,17279.27,326,1,2,1,Lost
4529,2024-02-14,2,40129.71,322,1,2,2,Lost
4530,2024-11-30,7,195829.67,32,4,5,5,Champions
4531,2024-12-15,2,11440.16,17,5,2,1,New / Promising
4532,2024-10-06,2,24837.62,87,2,2,2,Lost
4533,2024-10-30,2,55912.91,63,3,2,3,Needs Attention
4534,2024-09-07,2,31346.16,116,2,2,2,Lost
4535,2024-12-05,2,28526.32,27,4,2,2,New / Promising
4536,2024-12-22,1,14470.3,10,5,1,1,New / Promising
4538,2024-11-29,7,112337.88,33,4,5,4,Champions
4539,2024-05-07,1,20005.34,239,1,1,1,Lost
4540,2024-11-21,5,49773.34,41,4,5,3,Champions
4541,2024-12-27,3,62143.37,5,5,3,3,Needs Attention
4542,2024-12-22,5,128897.03,10,5,5,5,Champions
4543,2024-12-25,7,137486.85,7,5,5,5,Champions
4544,2024-12-30,7,83250.68,2,5,5,4,Champions
4545,2024-05-14,2,11992.58,232,1,2,1,Lost
4546,2024-10-24,2,40588.31,69,3,2,2,Needs Attention
4547,2024-12-25,3,79130.88,7,5,3,4,Needs Attention
4548,2024-12-12,6,71318.95,20,4,5,3,Champions
4549,2024-11-21,2,35609.22,41,4,2,2,New / Promising
4550,2024-12-21,1,27435.71,11,5,1,2,New / Promising
4552,2024-08-13,13,228467.53,141,2,5,5,Loyal
4553,2024-12-13,4,88626.46,19,5,4,4,Champions
4555,2024-12-08,7,148317.29,24,4,5,5,Champions
4556,2024-06-30,2,22629.69,185,1,2,1,Lost
4558,2024-11-21,6,97502.15,41,4,5,4,Champions
4559,2024-12-14,4,52673.94,18,5,4,3,Champions
4560,2024-12-24,6,156016.93,8,5,5,5,Champions
4561,2024-12-27,2,21889.31,5,5,2,1,New / Promising
4562,2024-10-13,6,62875.77,80,3,5,3,Loyal
4563,2023-11-06,1,50999.94,422,1,1,3,Lost
4564,2024-05-22,2,20881.35,224,1,2,1,Lost
4566,2024-12-28,8,151050.82,4,5,5,5,Champions
4567,2024-10-29,1,6692.56,64,3,1,1,Needs Attention
4568,2024-12-27,12,277661.16,5,5,5,5,Champions
4569,2023-07-03,1,14007.13,548,1,1,1,Lost
4570,2024-01-11,2,28313.0,356,1,2,2,Lost
4571,2024-10-30,12,224107.37,63,3,5,5,Loyal
4572,2023-10-25,2,21381.74,434,1,2,1,Lost
4573,2024-12-03,1,6119.71,29,4,1,1,New / Promising
4574,2024-11-17,6,75734.35,45,3,5,3,Loyal
4575,2024-11-15,7,193477.69,47,3,5,5,Loyal
4576,2024-12-27,2,43958.75,5,5,2,2,New / Promising
4577,2024-02-08,3,43940.95,328,1,3,2,At Risk
4579,2023-12-18,1,9074.22,380,1,1,1,Lost
4580,2023-10-11,1,945.92,448,1,1,1,Lost
4581,2024-08-16,5,109782.64,138,2,5,4,Loyal
4582,2024-12-20,10,170494.81,12,5,5,5,Champions
4583,2024-09-18,1,13807.61,105,2,1,1,Lost
4584,2024-05-29,1,5064.11,217,1,1,1,Lost
4585,2024-10-02,2,23661.97,91,2,2,2,Lost
4586,2024-02-28,1,6797.31,308,1,1,1,Lost
4587,2024-11-20,5,110681.96,42,4,5,4,Champions
4588,2024-10-21,8,113997.18,72,3,5,4,Loyal
4589,2024-12-04,8,93983.32,28,4,5,4,Champions
4590,2024-10-19,6,84517.94,74,3,5,4,Loyal
4591,2024-12-23,1,38766.12,9,5,1,2,New / Promising
4592,2024-08-13,3,82084.9,141,2,3,4,At Risk
4593,2023-04-30,2,91901.92,612,1,2,4,Lost
4594,2024-12-19,3,35393.02,13,5,3,2,Needs Attention
4596,2024-10-15,5,82334.88,78,3,5,4,Loyal
4597,2024-12-27,4,39505.34,5,5,4,2,Champions
4598,2024-11-07,1,415.01,55,3,1,1,Needs Attention
4599,2024-08-31,4,78794.25,123,2,4,4,Loyal
4600,2024-11-11,5,72891.67,51,3,5,3,Loyal
4601,2024-11-14,3,29154.62,48,3,3,2,Needs Attention
4602,2024-12-30,6,93584.16,2,5,5,4,Champions
4603,2023-11-10,1,1355.51,418,1,1,1,Lost
4604,2024-12-10,8,104150.06,22,4,5,4,Champions
4605,2024-12-12,7,170464.64,20,4,5,5,Champions
4606,2024-12-28,3,16929.2,4,5,3,1,Needs Attention
4607,2024-12-28,6,67747.99,4,5,5,3,Champions
4608,2024-12-25,4,60994.57,7,5,4,3,Champions
4609,2024-11-15,2,13535.75,47,3,2,1,Needs Attention
4610,2024-12-21,4,25199.59,11,5,4,2,Champions
4611,2024-12-14,6,91039.02,18,5,5,4,Champions
4612,2024-04-25,1,34133.66,251,1,1,2,Lost
4615,2024-11-08,4,38930.57,54,3,4,2,Loyal
4616,2024-11-17,2,8463.31,45,3,2,1,Needs Attention
4617,2023-06-17,1,2885.21,564,1,1,1,Lost
4618,2024-12-13,2,7570.74,19,5,2,1,New / Promising
4619,2024-11-22,5,47937.99,40,4,5,3,Champions
4620,2024-09-25,3,53231.47,98,2,3,3,At Risk
4621,2024-12-08,6,111619.85,24,4,5,4,Champions
4622,2024-11-22,3,39421.45,40,4,3,2,Needs Attention
4623,2024-12-06,4,87700.2,26,4,4,4,Champions
4624,2024-12-09,3,52473.09,23,4,3,3,Needs Attention
4625,2024-12-21,9,146700.29,11,5,5,5,Champions
4626,2024-12-17,6,59556.07,15,5,5,3,Champions
4627,2024-12-02,8,139757.9,30,4,5,5,Champions
4628,2024-11-22,3,52868.96,40,4,3,3,Needs Attention
4629,2024-10-14,5,126535.31,79,3,5,5,Loyal
4630,2024-08-16,2,34669.86,138,2,2,2,Lost
4631,2024-02-13,2,77371.61,323,1,2,4,Lost
4633,2024-12-23,6,150923.69,9,5,5,5,Champions
4635,2024-05-17,3,51955.25,229,1,3,3,At Risk
4636,2024-12-17,3,34496.97,15,5,3,2,Needs Attention
4637,2024-12-22,11,199393.04,10,5,5,5,Champions
4638,2024-10-03,2,111029.08,90,2,2,4,Lost
4639,2024-09-19,2,66588.14,104,2,2,3,Lost
4640,2024-12-31,8,160433.09,1,5,5,5,Champions
4641,2024-12-13,11,216657.42,19,5,5,5,Champions
4642,2024-12-09,1,6255.41,23,4,1,1,New / Promising
4643,2024-06-04,1,5256.13,211,1,1,1,Lost
4645,2024-10-30,2,62438.32,63,3,2,3,Needs Attention
4646,2024-11-02,5,136669.85,60,3,5,5,Loyal
4647,2024-06-30,1,7639.98,185,1,1,1,Lost
4648,2024-12-03,7,123758.22,29,4,5,4,Champions
4649,2024-10-31,3,157656.8,62,3,3,5,Needs Attention
4651,2024-05-26,2,59584.14,220,1,2,3,Lost
4652,2024-12-27,8,188767.73,5,5,5,5,Champions
4653,2024-12-14,8,199353.48,18,5,5,5,Champions
4654,2024-05-03,3,76086.76,243,1,3,3,At Risk
4655,2023-11-19,1,31924.7,409,1,1,2,Lost
4656,2024-11-09,6,83468.74,53,3,5,4,Loyal
4657,2024-06-11,1,4805.47,204,1,1,1,Lost
4658,2024-12-20,7,124641.18,12,5,5,5,Champions
4659,2024-03-09,1,2888.05,298,1,1,1,Lost
4660,2024-11-18,12,171267.96,44,4,5,5,Champions
4661,2024-12-18,4,43880.57,14,5,4,2,Champions
4662,2024-12-10,3,92697.44,22,4,3,4,Needs Attention
4664,2024-11-14,2,50435.16,48,3,2,3,Needs Attention
4665,2024-12-08,4,55851.9,24,4,4,3,Champions
4666,2024-11-12,5,55949.46,50,3,5,3,Loyal
4667,2023-09-30,1,30333.49,459,1,1,2,Lost
4669,2024-08-23,1,1378.52,131,2,1,1,Lost
4671,2024-11-14,6,70699.94,48,3,5,3,Loyal
4673,2024-04-24,1,29963.62,252,1,1,2,Lost
4674,2024-12-04,2,67266.89,28,4,2,3,New / Promising
4676,2024-12-07,3,93384.48,25,4,3,4,Needs Attention
4678,2024-10-30,2,84621.66,63,3,2,4,Needs Attention
4679,2024-12-20,8,150982.29,12,5,5,5,Champions
4681,2024-11-03,3,25865.11,59,3,3,2,Needs Attention
4683,2024-03-11,2,29524.57,296,1,2,2,Lost
4684,2024-11-10,7,83001.18,52,3,5,4,Loyal
4685,2024-10-01,1,2849.82,92,2,1,1,Lost
4687,2024-12-03,4,151825.75,29,4,4,5,Champions
4688,2024-12-25,7,139399.69,7,5,5,5,Champions
4689,2023-03-27,2,49141.27,646,1,2,3,Lost
4690,2024-11-18,2,37005.67,44,4,2,2,New / Promising
4691,2024-10-08,2,37207.94,85,2,2,2,Lost
4692,2024-08-10,11,133670.75,144,2,5,5,Loyal
4693,2024-12-17,6,121769.85,15,5,5,4,Champions
4694,2024-12-28,7,199832.4,4,5,5,5,Champions
4695,2024-10-24,4,75841.78,69,3,4,3,Loyal
4696,2024-12-09,3,39116.97,23,4,3,2,Needs Attention
4698,2024-10-23,1,40116.48,70,3,1,2,Needs Attention
4699,2023-06-12,1,40413.18,569,1,1,2,Lost
4700,2024-12-09,10,215237.69,23,4,5,5,Champions
4701,2024-12-30,2,10387.24,2,5,2,1,New / Promising
4704,2024-10-23,4,59646.72,70,3,4,3,Loyal
4705,2024-12-28,3,57306.47,4,5,3,3,Needs Attention
4706,2024-12-21,1,30677.09,11,5,1,2,New / Promising
4707,2024-11-22,10,142562.38,40,4,5,5,Champions
4708,2024-10-24,1,29987.54,69,3,1,2,Needs Attention
4710,2024-12-28,9,161959.76,4,5,5,5,Champions
4711,2024-12-20,6,64097.62,12,5,5,3,Champions
4712,2024-12-21,8,138860.69,11,5,5,5,Champions
4713,2024-10-31,1,29462.57,62,3,1,2,Needs Attention
4714,2024-06-14,3,55816.11,201,1,3,3,At Risk
4715,2024-12-04,2,8034.7,28,4,2,1,New / Promising
4716,2024-12-25,8,191300.44,7,5,5,5,Champions
4717,2024-11-21,3,20641.55,41,4,3,1,Needs Attention
4719,2024-07-26,3,66442.74,159,2,3,3,At Risk
4720,2023-08-03,1,35957.42,517,1,1,2,Lost
4721,2024-12-04,9,261038.25,28,4,5,5,Champions
4722,2024-10-15,2,29151.61,78,3,2,2,Needs Attention
4723,2024-12-30,3,35113.14,2,5,3,2,Needs Attention
4724,2024-08-24,9,169676.78,130,2,5,5,Loyal
4725,2024-11-04,4,68270.6,58,3,4,3,Loyal
4726,2024-12-28,5,62614.81,4,5,5,3,Champions
4727,2024-07-28,1,1037.52,157,2,1,1,Lost
4728,2024-12-05,3,123773.9,27,4,3,5,Needs Attention
4729,2023-08-08,1,3323.12,512,1,1,1,Lost
4730,2024-12-05,2,77159.26,27,4,2,4,New / Promising
4731,2024-11-26,5,105452.2,36,4,5,4,Champions
4733,2024-08-26,2,72523.78,128,2,2,3,Lost
4734,2024-09-03,3,26477.56,120,2,3,2,At Risk
4737,2024-09-11,3,111379.05,112,2,3,4,At Risk
4738,2024-05-31,3,35497.56,215,1,3,2,At Risk
4739,2024-03-02,6,152299.51,305,1,5,5,Loyal
4740,2024-11-13,5,103547.8,49,3,5,4,Loyal
4741,2024-09-22,4,64617.61,101,2,4,3,Loyal
4742,2024-08-30,6,100601.4,124,2,5,4,Loyal
4743,2024-06-23,5,82874.51,192,1,5,4,Loyal
4744,2024-12-23,3,102061.7,9,5,3,4,Needs Attention
4746,2024-10-25,6,152504.35,68,3,5,5,Loyal
4747,2024-07-21,1,9163.29,164,2,1,1,Lost
4748,2024-07-06,5,153332.2,179,2,5,5,Loyal
4749,2024-10-22,3,32063.84,71,3,3,2,Needs Attention
4750,2024-11-27,3,119969.96,35,4,3,4,Needs Attention
4751,2024-12-27,9,224217.68,5,5,5,5,Champions
4752,2024-11-07,2,34522.46,55,3,2,2,Needs Attention
4753,2024-08-03,3,32476.38,151,2,3,2,At Risk
4754,2024-08-23,5,34807.31,131,2,5,2,Loyal
4755,2024-11-28,11,234332.79,34,4,5,5,Champions
4756,2024-12-12,1,2041.55,20,4,1,1,New / Promising
4757,2024-07-07,1,19313.89,178,2,1,1,Lost
4758,2024-11-05,5,38864.99,57,3,5,2,Loyal
4759,2024-11-03,2,29549.96,59,3,2,2,Needs Attention
4760,2024-02-25,1,8654.1,311,1,1,1,Lost
4762,2024-07-14,2,9049.74,171,2,2,1,Lost
4763,2023-11-23,2,41294.28,405,1,2,2,Lost
4764,2024-12-19,2,27242.22,13,5,2,2,New / Promising
4765,2023-10-23,2,14640.0,436,1,2,1,Lost
4766,2024-05-28,4,56915.1,218,1,4,3,Loyal
4767,2024-11-06,5,103076.39,56,3,5,4,Loyal
4768,2024-10-25,1,12656.62,68,3,1,1,Needs Attention
4770,2024-09-12,2,10770.71,111,2,2,1,Lost
4771,2024-02-08,4,84887.5,328,1,4,4,Loyal
4772,2024-12-02,2,56899.99,30,4,2,3,New / Promising
4773,2024-11-20,6,119919.84,42,4,5,4,Champions
4774,2024-09-13,2,27694.69,110,2,2,2,Lost
4776,2024-07-13,3,32086.49,172,2,3,2,At Risk
4777,2024-12-27,8,205318.75,5,5,5,5,Champions
4778,2024-11-08,2,25484.78,54,3,2,2,Needs Attention
4779,2023-09-30,1,17664.05,459,1,1,1,Lost
4780,2024-11-14,5,91843.8,48,3,5,4,Loyal
4781,2024-05-15,1,6867.26,231,1,1,1,Lost
4782,2024-05-23,1,2118.48,223,1,1,1,Lost
4783,2024-12-22,3,27385.24,10,5,3,2,Needs Attention
4784,2024-11-17,4,77479.99,45,3,4,4,Loyal
4786,2024-10-24,10,219840.65,69,3,5,5,Loyal
4787,2024-11-27,6,149347.53,35,4,5,5,Champions
4788,2024-12-14,15,244538.28,18,5,5,5,Champions
4789,2024-12-23,5,151204.1,9,5,5,5,Champions
4790,2024-08-28,1,33179.2,126,2,1,2,Lost
4791,2023-06-16,1,33517.94,565,1,1,2,Lost
4792,2024-12-26,4,165690.16,6,5,4,5,Champions
4793,2024-12-29,2,49274.4,3,5,2,3,New / Promising
4794,2024-04-12,1,26730.57,264,1,1,2,Lost
4795,2024-03-04,3,70938.26,303,1,3,3,At Risk
4796,2024-11-04,3,76127.34,58,3,3,3,Needs Attention
4797,2024-12-17,4,70216.43,15,5,4,3,Champions
4798,2024-08-29,4,80083.77,125,2,4,4,Loyal
4801,2024-06-25,2,17637.17,190,1,2,1,Lost
4802,2024-05-20,2,39352.63,226,1,2,2,Lost
4805,2024-12-24,1,24875.58,8,5,1,2,New / Promising
4806,2024-12-08,4,40471.6,24,4,4,2,Champions
4807,2024-12-18,4,35423.0,14,5,4,2,Champions
4808,2024-05-15,1,37087.8,231,1,1,2,Lost
4809,2023-12-16,1,9737.58,382,1,1,1,Lost
4810,2024-08-13,1,18604.12,141,2,1,1,Lost
4811,2023-11-28,1,25572.95,400,1,1,2,Lost
4812,2024-11-01,8,141830.65,61,3,5,5,Loyal
4813,2024-07-09,1,2630.35,176,2,1,1,Lost
4814,2024-05-26,3,29534.19,220,1,3,2,At Risk
4815,2024-06-09,3,35344.06,206,1,3,2,At Risk
4816,2024-10-24,6,137118.89,69,3,5,5,Loyal
4817,2024-12-01,6,68296.81,31,4,5,3,Champions
4818,2024-09-23,5,114923.66,100,2,5,4,Loyal
4820,2024-11-06,3,92983.82,56,3,3,4,Needs Attention
4821,2024-11-29,8,145994.57,33,4,5,5,Champions
4822,2024-11-23,5,106870.0,39,4,5,4,Champions
4823,2024-12-30,4,106374.25,2,5,4,4,Champions
4824,2024-12-23,2,69686.93,9,5,2,3,New / Promising
4825,2024-09-13,3,23350.32,110,2,3,1,At Risk
4826,2024-12-12,6,127053.64,20,4,5,5,Champions
4828,2023-12-31,1,5429.69,367,1,1,1,Lost
4829,2024-11-29,14,248938.65,33,4,5,5,Champions
4830,2023-12-23,3,79432.77,375,1,3,4,At Risk
4831,2024-08-18,8,117899.84,136,2,5,4,Loyal
4832,2023-12-19,2,48234.69,379,1,2,3,Lost
4833,2024-11-05,3,128737.64,57,3,3,5,Needs Attention
4834,2023-09-28,1,16358.64,461,1,1,1,Lost
4835,2024-07-28,2,48399.71,157,2,2,3,Lost
4836,2024-10-21,3,56322.56,72,3,3,3,Needs Attention
4837,2024-06-11,1,19999.72,204,1,1,1,Lost
4838,2024-12-13,3,44971.33,19,5,3,2,Needs Attention
4839,2024-08-30,1,7268.83,124,2,1,1,Lost
4840,2024-12-14,2,52470.85,18,5,2,3,New / Promising
4841,2024-12-18,2,77978.07,14,5,2,4,New / Promising
4842,2024-12-21,7,101618.96,11,5,5,4,Champions
4843,2024-10-06,6,148614.03,87,2,5,5,Loyal
4844,2023-11-05,2,31796.85,423,1,2,2,Lost
4846,2024-12-11,2,21694.98,21,4,2,1,New / Promising
4847,2024-12-21,8,178476.6,11,5,5,5,Champions
4848,2024-02-07,1,16927.47,329,1,1,1,Lost
4849,2024-04-25,3,45314.97,251,1,3,2,At Risk
4850,2024-10-28,1,8365.7,65,3,1,1,Needs Attention
4851,2024-08-10,1,25926.7,144,2,1,2,Lost
4852,2024-12-13,4,67368.19,19,5,4,3,Champions
4853,2024-12-26,7,60528.36,6,5,5,3,Champions
4854,2024-11-09,6,179118.2,53,3,5,5,Loyal
4857,2024-12-05,6,103523.42,27,4,5,4,Champions
4858,2024-12-31,9,130332.75,1,5,5,5,Champions
4859,2024-12-14,4,83721.58,18,5,4,4,Champions
4860,2024-06-21,5,43800.32,194,1,5,2,Loyal
4862,2024-12-20,5,72979.15,12,5,5,3,Champions
4863,2024-12-24,5,70740.12,8,5,5,3,Champions
4865,2024-12-19,4,51267.45,13,5,4,3,Champions
4866,2024-08-23,4,106412.26,131,2,4,4,Loyal
4867,2024-12-06,2,35879.19,26,4,2,2,New / Promising
4868,2024-10-08,2,37369.53,85,2,2,2,Lost
4870,2024-11-01,5,143805.94,61,3,5,5,Loyal
4871,2024-12-31,3,120322.18,1,5,3,4,Needs Attention
4872,2024-09-04,1,34626.3,119,2,1,2,Lost
4873,2024-08-16,3,127717.87,138,2,3,5,At Risk
4874,2024-10-23,15,258217.93,70,3,5,5,Loyal
4875,2024-10-02,2,26997.67,91,2,2,2,Lost
4877,2024-10-21,4,83143.92,72,3,4,4,Loyal
4878,2024-08-18,2,1635.52,136,2,2,1,Lost
4879,2024-12-18,6,121807.46,14,5,5,4,Champions
4880,2024-12-09,1,12742.2,23,4,1,1,New / Promising
4881,2024-12-17,3,88130.88,15,5,3,4,Needs Attention
4882,2024-12-28,6,72870.61,4,5,5,3,Champions
4883,2024-08-21,1,27204.01,133,2,1,2,Lost
4884,2024-05-07,3,47390.26,239,1,3,3,At Risk
4885,2024-10-25,6,132210.44,68,3,5,5,Loyal
4886,2024-12-21,6,174206.45,11,5,5,5,Champions
4887,2024-10-22,3,47185.0,71,3,3,3,Needs Attention
4890,2024-09-26,5,178779.36,97,2,5,5,Loyal
4891,2024-11-30,6,62861.55,32,4,5,3,Champions
4892,2024-10-29,5,32770.48,64,3,5,2,Loyal
4893,2023-07-23,2,20798.78,528,1,2,1,Lost
4894,2024-06-23,3,89721.57,192,1,3,4,At Risk
4896,2023-09-18,1,654.27,471,1,1,1,Lost
4897,2024-09-05,1,3314.34,118,2,1,1,Lost
4898,2024-10-20,4,100464.99,73,3,4,4,Loyal
4901,2024-12-15,3,49889.25,17,5,3,3,Needs Attention
4902,2024-10-28,1,29699.64,65,3,1,2,Needs Attention
4903,2024-12-03,6,94319.0,29,4,5,4,Champions
4904,2024-12-09,6,43755.98,23,4,5,2,Champions
4905,2024-03-14,2,40050.06,293,1,2,2,Lost
4906,2024-01-26,1,10074.26,341,1,1,1,Lost
4907,2024-12-16,11,227105.72,16,5,5,5,Champions
4908,2024-04-20,1,24436.71,256,1,1,2,Lost
4909,2024-10-13,3,27176.03,80,3,3,2,Needs Attention
4910,2024-08-02,1,13754.58,152,2,1,1,Lost
4911,2024-11-10,2,66763.61,52,3,2,3,Needs Attention
4912,2024-11-23,7,151904.95,39,4,5,5,Champions
4913,2024-06-27,1,21897.16,188,1,1,1,Lost
4914,2024-12-10,9,240631.64,22,4,5,5,Champions
4915,2024-12-01,9,168948.2,31,4,5,5,Champions
4916,2024-12-21,1,510.62,11,5,1,1,New / Promising
4917,2023-12-14,1,808.25,384,1,1,1,Lost
4919,2024-10-09,1,21526.88,84,2,1,1,Lost
4920,2024-12-21,4,71408.03,11,5,4,3,Champions
4921,2024-12-30,3,71469.04,2,5,3,3,Needs Attention
4922,2024-12-17,2,85427.8,15,5,2,4,New / Promising
4923,2023-11-16,2,59588.24,412,1,2,3,Lost
4924,2024-07-13,1,34065.36,172,2,1,2,Lost
4925,2024-11-07,10,138130.38,55,3,5,5,Loyal
4926,2024-07-29,1,13532.4,156,2,1,1,Lost
4927,2024-12-22,1,25233.9,10,5,1,2,New / Promising
4928,2024-01-13,3,19544.57,354,1,3,1,At Risk
4929,2023-10-04,1,71247.63,455,1,1,3,Lost
4931,2024-12-01,5,104887.23,31,4,5,4,Champions
4932,2024-12-21,4,105212.96,11,5,4,4,Champions
4933,2024-11-05,3,48988.68,57,3,3,3,Needs Attention
4934,2024-12-30,9,176202.72,2,5,5,5,Champions
4935,2024-04-19,3,121664.1,257,1,3,4,At Risk
4936,2024-11-30,1,9396.51,32,4,1,1,New / Promising
4937,2024-12-07,4,100828.97,25,4,4,4,Champions
4938,2024-03-19,1,16084.61,288,1,1,1,Lost
4939,2024-09-09,2,30031.49,114,2,2,2,Lost
4940,2024-11-06,4,99026.87,56,3,4,4,Loyal
4941,2024-03-27,1,19650.92,280,1,1,1,Lost
4942,2024-08-28,4,50615.96,126,2,4,3,Loyal
4944,2024-12-17,5,121325.91,15,5,5,4,Champions
4945,2024-11-23,8,169998.31,39,4,5,5,Champions
4946,2024-09-02,1,1378.52,121,2,1,1,Lost
4947,2024-12-28,5,64809.74,4,5,5,3,Champions
4948,2024-01-29,1,21102.01,338,1,1,1,Lost
4949,2024-12-04,5,78106.76,28,4,5,4,Champions
4950,2024-10-06,5,48921.03,87,2,5,3,Loyal
4951,2024-04-27,3,97664.73,249,1,3,4,At Risk
4952,2024-12-07,17,563884.7,25,4,5,5,Champions
4953,2024-12-09,3,108513.72,23,4,3,4,Needs Attention
4954,2024-01-30,1,16111.38,337,1,1,1,Lost
4955,2024-11-05,10,150095.63,57,3,5,5,Loyal
4956,2024-10-04,4,59715.85,89,2,4,3,Loyal
4957,2024-10-03,6,42404.59,90,2,5,2,Loyal
4959,2024-09-24,2,31103.04,99,2,2,2,Lost
4960,2024-07-31,1,4436.53,154,2,1,1,Lost
4961,2023-11-07,2,29241.61,421,1,2,2,Lost
4963,2024-11-24,3,24787.96,38,4,3,2,Needs Attention
4964,2024-07-05,8,140070.05,180,2,5,5,Loyal
4965,2024-12-08,1,84625.15,24,4,1,4,New / Promising
4966,2024-12-03,5,205835.15,29,4,5,5,Champions
4967,2024-12-05,12,289536.79,27,4,5,5,Champions
4968,2023-12-07,1,16800.06,391,1,1,1,Lost
4969,2024-04-30,4,82802.86,246,1,4,4,Loyal
4970,2024-12-29,5,181571.03,3,5,5,5,Champions
4971,2024-10-26,4,36642.87,67,3,4,2,Loyal
4972,2024-11-23,11,329499.07,39,4,5,5,Champions
4974,2024-10-11,4,100782.53,82,3,4,4,Loyal
4975,2024-10-10,8,110957.32,83,3,5,4,Loyal
4976,2024-11-16,9,176905.26,46,3,5,5,Loyal
4977,2024-06-30,2,29925.22,185,1,2,2,Lost
4978,2024-04-02,7,125108.22,274,1,5,5,Loyal
4979,2024-11-08,9,152138.37,54,3,5,5,Loyal
4980,2024-11-25,6,87590.89,37,4,5,4,Champions
4981,2024-11-06,2,114579.91,56,3,2,4,Needs Attention
4982,2024-12-21,1,38397.32,11,5,1,2,New / Promising
4983,2024-12-24,3,106286.33,8,5,3,4,Needs Attention
4984,2024-10-28,4,35103.93,65,3,4,2,Loyal
4985,2024-09-12,4,68327.87,111,2,4,3,Loyal
4986,2024-11-24,3,20946.01,38,4,3,1,Needs Attention
4987,2024-12-01,5,168767.32,31,4,5,5,Champions
4988,2024-10-28,1,2079.26,65,3,1,1,Needs Attention
4989,2024-10-29,3,80687.0,64,3,3,4,Needs Attention
4990,2024-10-18,3,68163.72,75,3,3,3,Needs Attention
4993,2024-09-13,3,35146.58,110,2,3,2,At Risk
4994,2024-07-14,2,50372.54,171,2,2,3,Lost
4995,2024-12-28,10,181684.5,4,5,5,5,Champions
4997,2024-12-21,10,180389.0,11,5,5,5,Champions
4998,2024-05-05,1,767.84,241,1,1,1,Lost
4999,2024-09-28,4,88041.63,95,2,4,4,Loyal
5000,2024-12-27,2,28194.08,5,5,2,2,New / Promising
