customer_id,signup_date,city,gender,age
1,2023-02-18,Pune,F,60
2,2024-02-22,Chennai,F,52
3,2023-12-20,Ahmedabad,M,37
4,2023-08-25,Kolkata,M,21
5,2023-08-22,Mumbai,F,25
6,2024-04-08,Pune,F,29
7,2023-02-16,Hyderabad,,37
8,2024-01-12,Hyderabad,F,59
9,2023-04-19,Bengaluru,F,23
10,2023-02-20,Bengaluru,F,45
11,2023-10-12,Delhi,F,34
12,2024-06-10,Delhi,F,20
13,2024-02-02,Pune,M,47
14,2024-02-16,Pune,F,51
15,2024-01-23,Mumbai,F,63
16,2024-02-29,Kolkata,F,41
17,2023-10-05,Mumbai,F,33
18,2023-03-11,Mumbai,F,58
19,2024-03-29,Bengaluru,M,29
20,2023-09-01,Mumbai,M,50
21,2023-09-28,Mumbai,M,62
22,2023-07-20,Bengaluru,M,18
23,2023-04-09,Delhi,M,61
24,2024-05-15,Bengaluru,M,27
25,2024-02-27,Hyderabad,M,40
26,2023-12-14,Mumbai,M,30
27,2023-08-06,Hyderabad,F,24
28,2024-03-20,hyderabad ,F,51
29,2023-10-22,Kolkata,M,40
30,2023-08-28,Bengaluru,M,41
31,2023-09-01,Bengaluru,M,40
32,2023-05-03,Bengaluru,M,53
33,2023-02-19,Chennai,M,63
34,2023-10-27,pune ,M,42
35,2024-04-24,Ahmedabad,M,25
36,2023-02-04,Bengaluru,,33
37,2024-04-08,Kolkata,F,41
38,2024-03-22,Delhi,F,22
39,2023-05-30,Pune,M,28
40,2023-12-08,Bengaluru,M,27
41,2023-03-31,Bengaluru,F,63
42,2024-02-14,Delhi,M,36
43,2024-01-14,Delhi,F,59
44,2023-07-11,Mumbai,,43
45,2023-02-06,Bengaluru,F,41
46,2024-06-08,Delhi,M,62
47,2023-08-29,Ahmedabad,F,50
48,2024-04-27,Mumbai,M,29
49,2024-01-02,Mumbai,M,31
50,2024-02-25,Mumbai,M,49
51,2024-02-15,Bengaluru,F,18
52,2023-04-16,Delhi,F,25
53,2023-07-16,Bengaluru,M,21
54,2023-09-10,Ahmedabad,M,51
55,2023-09-26,mumbai ,F,38
56,2023-01-24,Chennai,F,18
57,2023-10-23,Pune,M,52
58,2023-03-25,Mumbai,M,48
59,2024-02-06,Delhi,F,51
60,2024-01-04,Pune,F,25
61,2024-05-13,Bengaluru,F,59
62,2024-02-07,Bengaluru,M,26
63,2023-07-17,Chennai,M,44
64,2024-06-06,Bengaluru,M,44
65,2023-08-10,Bengaluru,M,28
66,2023-06-25,Delhi,F,35
67,2024-05-03,Pune,M,20
68,2023-07-20,Pune,F,40
69,2023-02-11,Bengaluru,F,49
70,2023-09-11,Ahmedabad,,32
71,2024-03-05,Pune,F,43
72,2023-04-13,Bengaluru,F,62
73,2023-09-07,Chennai,M,29
74,2023-03-12,Kolkata,M,31
75,2024-01-06,Bengaluru,M,23
76,2023-09-14,Bengaluru,,43
77,2023-06-28,Chennai,F,27
78,2023-05-03,Hyderabad,M,58
79,2023-11-01,Mumbai,M,31
80,2023-12-28,Hyderabad,M,49
81,2024-05-22,Pune,M,26
82,2023-08-25,Kolkata,F,33
83,2023-03-28,Pune,M,26
84,2024-03-25,Mumbai,F,43
85,2023-12-07,Pune,F,19
86,2024-01-14,Delhi,M,21
87,2023-02-22,Delhi,M,41
88,2023-06-18,Mumbai,,43
89,2024-02-19,Delhi,F,33
90,2024-03-25,Delhi,M,38
91,2023-08-24,Chennai,M,37
92,2024-03-10,Hyderabad,F,53
93,2024-03-30,Bengaluru,F,38
94,2023-07-29,Mumbai,F,57
95,2024-04-29,Mumbai,F,28
96,2023-06-05,Hyderabad,F,27
97,2023-05-10,Pune,M,36
98,2024-01-04,Delhi,F,21
99,2023-12-10,Hyderabad,M,49
100,2023-03-17,Ahmedabad,F,36
101,2024-03-25,Delhi,,35
102,2023-04-18,Bengaluru,,43
103,2024-03-10,Delhi,F,21
104,2023-01-04,Chennai,F,35
105,2024-03-06,Pune,F,63
106,2024-02-29,Mumbai,,47
107,2024-02-26,Bengaluru,F,44
108,2023-12-26,Mumbai,M,41
109,2023-09-12,Bengaluru,M,40
110,2024-01-16,Delhi,F,62
111,2023-05-30,Hyderabad,F,61
112,2024-02-26,kolkata ,F,37
113,2023-10-28,Delhi,F,61
114,2023-09-05,Chennai,M,21
115,2023-10-01,Mumbai,M,33
116,2023-11-04,Delhi,F,32
117,2023-01-21,Mumbai,M,50
118,2023-03-17,Hyderabad,F,46
119,2023-05-13,Kolkata,F,40
120,2023-03-03,Hyderabad,F,150
121,2023-08-26,Hyderabad,M,41
122,2023-12-27,Ahmedabad,F,30
123,2023-12-20,Mumbai,M,41
124,2023-09-12,Hyderabad,M,33
125,2024-04-06,Bengaluru,M,59
126,2023-11-02,Delhi,M,53
127,2023-02-12,Bengaluru,F,26
128,2024-02-18,Delhi,F,62
129,2023-11-07,Mumbai,M,48
130,2023-12-09,Mumbai,F,34
131,2023-11-02,Pune,F,42
132,2023-10-26,Delhi,F,27
133,2023-02-18,Hyderabad,F,20
134,2023-10-29,Bengaluru,F,37
135,2024-03-05,Bengaluru,M,54
136,2023-06-14,Delhi,M,34
137,2023-11-22,Delhi,F,36
138,2023-01-17,Mumbai,F,64
139,2023-07-07,Kolkata,F,64
140,2023-08-24,Mumbai,M,39
141,2024-06-14,Chennai,M,20
142,2023-04-26,Chennai,F,49
143,2023-05-30,Bengaluru,M,51
144,2023-08-09,Hyderabad,F,60
145,2024-06-20,Mumbai,F,62
146,2024-04-05,Hyderabad,M,47
147,2023-01-19,Chennai,M,23
148,2023-05-07,Kolkata,M,29
149,2024-03-19,Bengaluru,M,51
150,2023-02-01,Kolkata,F,46
151,2024-04-07,Ahmedabad,F,38
152,2023-06-01,Delhi,M,36
153,2024-05-10,Kolkata,F,51
154,2023-06-08,Chennai,M,37
155,2023-08-23,Delhi,M,25
156,2023-12-24,Hyderabad,F,64
157,2023-03-10,Delhi,F,34
158,2023-10-28,Bengaluru,F,31
159,2023-09-30,Pune,M,21
160,2024-02-28,Mumbai,F,40
161,2024-06-21,Kolkata,M,64
162,2023-12-25,Delhi,,25
163,2023-08-09,Delhi,F,29
164,2023-08-08,Mumbai,F,26
165,2023-08-14,Delhi,M,22
166,2024-03-15,Kolkata,M,46
167,2023-06-23,Hyderabad,F,32
168,2023-04-01,Pune,M,53
169,2023-06-30,Bengaluru,F,36
170,2023-01-13,Delhi,F,47
171,2023-02-27,Bengaluru,,22
172,2023-02-18,Delhi,M,33
173,2024-02-21,Delhi,F,37
174,2024-01-26,Delhi,M,20
175,2024-01-12,Bengaluru,M,37
176,2023-09-07,Bengaluru,F,40
177,2024-01-23,Delhi,M,36
178,2023-03-29,kolkata ,,41
179,2024-05-01,Chennai,F,55
180,2023-09-28,Delhi,,54
181,2024-05-21,Kolkata,,18
182,2023-03-24,Hyderabad,F,48
183,2023-09-26,Mumbai,M,60
184,2024-01-12,Bengaluru,F,58
185,2023-09-25,Mumbai,M,33
186,2023-08-29,Chennai,F,54
187,2023-03-31,Mumbai,F,55
188,2023-07-25,Bengaluru,F,35
189,2023-05-09,Mumbai,M,58
190,2023-06-12,Bengaluru,M,47
191,2024-01-05,Hyderabad,M,53
192,2023-12-07,Delhi,M,53
193,2023-11-24,Hyderabad,M,54
194,2023-07-15,Ahmedabad,M,62
195,2024-06-02,Hyderabad,M,58
196,2023-02-17,Mumbai,F,37
197,2023-07-04,Kolkata,M,44
198,2023-03-05,Pune,F,48
199,2023-07-03,Delhi,M,58
200,2024-06-03,Hyderabad,F,36
201,2023-07-17,Chennai,M,32
202,2024-05-05,Bengaluru,F,52
203,2023-09-25,Delhi,F,62
204,2024-01-13,Kolkata,F,60
205,2023-09-05,Chennai,M,24
206,2023-05-24,Delhi,F,61
207,2024-02-17,Hyderabad,M,55
208,2024-06-07,Mumbai,M,25
209,2023-05-23,Mumbai,M,18
210,2024-02-25,Bengaluru,F,27
211,2023-05-22,Ahmedabad,M,61
212,2024-01-23,Mumbai,F,53
213,2024-03-02,Mumbai,M,45
214,2023-08-31,Mumbai,M,47
215,2024-02-02,Hyderabad,M,37
216,2023-05-28,Mumbai,M,60
217,2023-02-12,Bengaluru,F,25
218,2023-02-22,Ahmedabad,F,32
219,2023-08-30,Pune,F,27
220,2024-05-02,Bengaluru,M,57
221,2023-03-10,Bengaluru,M,43
222,2023-09-04,Kolkata,F,50
223,2024-01-16,delhi ,M,61
224,2023-04-20,Delhi,M,27
225,2024-01-25,Mumbai,F,63
226,2023-06-15,Chennai,M,23
227,2024-03-12,Kolkata,M,53
228,2023-11-09,Mumbai,M,51
229,2023-10-23,Delhi,F,56
230,2023-04-06,Hyderabad,M,25
231,2023-09-08,Pune,F,63
232,2024-04-07,Mumbai,M,55
233,2023-01-11,Bengaluru,M,23
234,2024-02-14,Delhi,M,44
235,2023-09-24,Mumbai,F,56
236,2024-01-24,Delhi,M,40
237,2023-12-25,Mumbai,F,35
238,2023-08-22,Bengaluru,M,30
239,2023-06-16,Chennai,M,42
240,2023-12-05,Bengaluru,M,64
241,2023-03-17,Pune,F,46
242,2023-11-12,Kolkata,M,51
243,2023-02-21,Mumbai,F,54
244,2023-12-17,Chennai,F,54
245,2023-12-06,Delhi,F,36
246,2023-02-15,Kolkata,F,54
247,2024-02-14,Mumbai,F,33
248,2023-08-13,Mumbai,F,45
249,2024-02-29,Delhi,M,32
250,2023-01-23,Pune,F,62
251,2023-04-07,Mumbai,F,52
252,2023-09-24,Chennai,M,45
253,2023-04-12,Kolkata,F,39
254,2023-06-28,Pune,F,42
255,2023-12-23,Hyderabad,M,54
256,2023-03-20,Kolkata,F,30
257,2024-01-01,Hyderabad,M,56
258,2023-02-25,Chennai,M,31
259,2023-04-05,Bengaluru,M,24
260,2023-11-14,Bengaluru,F,52
261,2024-03-04,Bengaluru,M,51
262,2023-04-03,Hyderabad,F,33
263,2023-06-11,Pune,M,48
264,2024-05-14,Mumbai,M,52
265,2024-06-18,Pune,F,55
266,2023-11-10,Hyderabad,M,62
267,2023-08-30,Delhi,F,58
268,2023-07-07,Bengaluru,M,38
269,2023-11-27,Kolkata,,28
270,2023-11-16,Ahmedabad,F,22
271,2023-06-09,Mumbai,M,44
272,2023-01-13,Kolkata,M,49
273,2023-03-23,Hyderabad,M,50
274,2024-06-01,Pune,F,18
275,2023-08-14,Chennai,F,50
276,2023-09-18,Delhi,M,54
277,2023-09-10,Bengaluru,M,51
278,2024-02-27,Bengaluru,F,42
279,2023-02-05,Mumbai,M,18
280,2023-02-14,Mumbai,F,41
281,2023-05-29,Pune,F,48
282,2023-09-20,Pune,M,44
283,2023-12-29,Bengaluru,F,45
284,2023-09-22,Delhi,M,42
285,2023-08-27,Mumbai,M,43
286,2024-05-21,chennai ,,33
287,2023-03-28,Chennai,F,46
288,2023-11-05,Bengaluru,F,31
289,2023-10-20,Hyderabad,F,41
290,2023-09-13,Delhi,M,37
291,2024-03-12,Kolkata,F,51
292,2023-05-25,Pune,F,60
293,2024-05-30,Chennai,M,47
294,2023-06-29,Ahmedabad,M,24
295,2023-10-22,Kolkata,F,49
296,2023-10-09,Bengaluru,F,33
297,2024-04-03,Bengaluru,M,20
298,2023-08-26,Delhi,F,27
299,2023-06-03,Bengaluru,M,64
300,2023-01-12,Chennai,M,38
301,2023-07-16,Ahmedabad,M,27
302,2024-03-22,Delhi,F,24
303,2023-01-06,Pune,M,48
304,2024-04-28,Bengaluru,F,53
305,2023-10-21,Pune,M,34
306,2023-03-17,Mumbai,F,22
307,2023-06-13,Delhi,F,34
308,2023-10-27,Chennai,M,49
309,2023-06-20,Mumbai,F,23
310,2023-02-28,Mumbai,M,30
311,2023-12-26,Pune,M,18
312,2023-12-30,Hyderabad,F,40
313,2023-03-06,Chennai,F,26
314,2023-06-01,Pune,M,27
315,2023-05-12,Pune,F,23
316,2023-12-23,Bengaluru,M,52
317,2024-01-30,Mumbai,F,41
318,2024-01-28,Bengaluru,F,62
319,2024-05-21,Delhi,,36
320,2024-02-20,Hyderabad,M,28
321,2023-06-23,Mumbai,F,27
322,2023-02-28,Bengaluru,F,62
323,2023-11-28,Pune,M,45
324,2024-05-09,Ahmedabad,M,33
325,2024-06-10,Ahmedabad,,48
326,2023-05-05,Chennai,M,44
327,2023-05-08,Delhi,F,23
328,2023-01-21,Mumbai,M,50
329,2023-03-18,Kolkata,F,23
330,2023-10-27,Chennai,M,27
331,2023-10-23,Mumbai,,51
332,2023-07-20,Delhi,F,38
333,2023-06-17,Delhi,M,28
334,2024-03-24,Kolkata,F,21
335,2023-09-06,Chennai,F,45
336,2024-03-12,Bengaluru,M,50
337,2024-06-04,bengaluru ,M,27
338,2023-06-21,Mumbai,F,150
339,2023-04-20,Delhi,F,34
340,2024-05-29,Pune,M,59
341,2023-12-09,Kolkata,F,55
342,2023-06-07,Delhi,M,30
343,2023-12-02,Delhi,M,42
344,2023-10-06,Mumbai,F,61
345,2024-05-03,Mumbai,M,34
346,2023-05-19,Bengaluru,M,24
347,2024-06-19,Mumbai,F,32
348,2024-05-20,Pune,M,46
349,2023-04-08,Chennai,M,64
350,2023-03-30,Delhi,F,32
351,2023-10-15,Delhi,F,20
352,2023-01-25,Delhi,F,26
353,2023-06-11,Kolkata,F,37
354,2023-08-23,Delhi,F,22
355,2024-06-07,Chennai,M,19
356,2024-06-19,Hyderabad,F,48
357,2023-03-23,Bengaluru,M,56
358,2024-04-26,Delhi,M,28
359,2023-02-19,Chennai,F,42
360,2024-02-09,Delhi,F,44
361,2024-04-01,Delhi,F,49
362,2024-04-26,Bengaluru,M,64
363,2023-05-01,Mumbai,M,59
364,2024-04-27,Pune,F,32
365,2023-03-04,Delhi,F,63
366,2023-10-08,Mumbai,M,19
367,2023-09-11,Delhi,M,63
368,2023-06-20,Bengaluru,M,24
369,2023-01-12,Hyderabad,F,23
370,2024-02-21,Pune,F,23
371,2023-07-01,Bengaluru,M,23
372,2023-12-24,Delhi,M,39
373,2023-08-10,Pune,M,48
374,2023-07-21,Mumbai,M,52
375,2024-04-23,Pune,F,18
376,2023-02-21,Mumbai,M,31
377,2024-02-02,Mumbai,F,24
378,2024-02-08,Delhi,F,24
379,2023-07-25,Bengaluru,,53
380,2023-05-22,Pune,F,48
381,2023-01-03,Mumbai,M,27
382,2024-05-20,Pune,M,32
383,2024-05-26,Bengaluru,M,61
384,2023-05-11,Delhi,F,45
385,2023-01-18,Bengaluru,M,29
386,2023-03-08,Mumbai,M,61
387,2023-02-06,Pune,M,27
388,2024-03-24,Hyderabad,M,31
389,2024-04-26,Pune,F,50
390,2023-03-24,Mumbai,F,42
391,2024-02-08,Mumbai,F,21
392,2023-04-07,Ahmedabad,F,55
393,2023-07-18,Bengaluru,M,28
394,2023-11-20,Bengaluru,M,50
395,2024-01-24,Ahmedabad,M,33
396,2024-04-17,Pune,F,53
397,2023-01-25,Ahmedabad,F,60
398,2023-04-17,Mumbai,M,54
399,2023-06-01,Bengaluru,F,61
400,2023-06-17,Delhi,M,43
401,2024-06-22,Delhi,M,21
402,2024-02-24,Hyderabad,F,43
403,2023-06-23,Mumbai,F,39
404,2024-06-08,Ahmedabad,F,51
405,2023-09-27,Delhi,F,29
406,2023-09-28,bengaluru ,M,50
407,2023-08-23,Ahmedabad,F,38
408,2023-03-19,Pune,F,49
409,2024-05-19,Hyderabad,F,37
410,2023-01-08,Bengaluru,M,35
411,2023-04-05,Chennai,,28
412,2023-05-05,Mumbai,M,56
413,2023-05-31,Bengaluru,M,21
414,2023-03-13,bengaluru ,F,29
415,2023-01-10,Delhi,F,38
416,2024-01-01,Mumbai,,25
417,2024-06-07,Mumbai,F,61
418,2023-03-07,Hyderabad,M,34
419,2023-06-10,Pune,F,29
420,2023-10-01,Chennai,M,29
421,2024-05-15,Ahmedabad,F,27
422,2024-01-10,Pune,M,49
423,2024-02-18,Mumbai,F,40
424,2023-11-10,Bengaluru,F,28
425,2023-08-14,Pune,F,59
426,2023-04-18,Bengaluru,M,48
427,2024-04-11,Chennai,M,36
428,2024-03-10,Bengaluru,M,42
429,2023-01-14,Delhi,M,48
430,2024-01-22,Chennai,F,25
431,2023-02-15,Bengaluru,M,55
432,2024-02-04,Mumbai,F,30
433,2024-03-22,Bengaluru,M,19
434,2023-03-12,Hyderabad,M,42
435,2023-08-23,Bengaluru,F,59
436,2023-03-08,Delhi,M,52
437,2023-11-03,Delhi,M,32
438,2024-05-15,Pune,M,36
439,2023-02-13,Mumbai,M,46
440,2023-08-03,Pune,F,28
441,2024-06-09,Ahmedabad,M,56
442,2023-06-12,Mumbai,M,31
443,2023-03-13,Kolkata,F,28
444,2023-09-21,Mumbai,F,22
445,2023-10-02,Mumbai,F,150
446,2023-12-24,Delhi,M,19
447,2023-06-19,Delhi,F,55
448,2024-05-31,Kolkata,M,63
449,2023-10-09,Ahmedabad,M,23
450,2023-06-04,Hyderabad,F,22
451,2024-06-02,Mumbai,F,61
452,2024-05-14,Chennai,F,23
453,2023-09-27,Mumbai,F,37
454,2023-01-14,hyderabad ,M,58
455,2023-11-19,Bengaluru,F,24
456,2023-10-27,Delhi,F,49
457,2023-03-22,Mumbai,M,35
458,2023-12-09,Pune,M,38
459,2024-03-30,Mumbai,M,61
460,2023-02-27,Hyderabad,F,48
461,2024-01-26,Kolkata,M,33
462,2023-03-17,Ahmedabad,M,61
463,2024-02-09,Pune,F,45
464,2023-08-15,Bengaluru,F,22
465,2023-01-04,Mumbai,M,36
466,2024-06-05,Bengaluru,F,29
467,2023-03-31,Delhi,F,48
468,2023-11-18,Mumbai,F,58
469,2023-04-08,bengaluru ,M,19
470,2024-05-18,Mumbai,M,54
471,2024-02-03,Delhi,F,61
472,2024-03-10,Bengaluru,M,64
473,2023-08-22,Mumbai,F,49
474,2023-09-10,Hyderabad,M,32
475,2023-12-09,Bengaluru,F,24
476,2024-02-28,Kolkata,F,62
477,2024-04-02,Bengaluru,F,37
478,2023-01-10,Chennai,F,34
479,2023-12-25,Chennai,F,52
480,2023-02-28,Hyderabad,M,51
481,2023-06-05,Bengaluru,M,56
482,2024-03-23,Mumbai,F,59
483,2023-05-16,Pune,F,59
484,2024-03-06,Bengaluru,,26
485,2023-09-08,Pune,F,25
486,2023-05-06,Mumbai,M,27
487,2023-06-30,Pune,F,47
488,2023-10-14,Bengaluru,F,45
489,2024-02-18,Mumbai,F,58
490,2023-11-24,Bengaluru,F,57
491,2024-05-18,Kolkata,F,56
492,2024-04-13,Kolkata,F,21
493,2024-02-11,Mumbai,M,50
494,2023-11-22,Bengaluru,F,57
495,2023-06-06,Bengaluru,M,64
496,2023-08-11,Delhi,M,34
497,2023-03-06,bengaluru ,M,54
498,2023-07-22,Mumbai,M,37
499,2024-05-15,ahmedabad ,M,25
500,2023-08-18,Pune,F,33
501,2023-03-03,Kolkata,F,29
502,2023-12-19,Bengaluru,F,60
503,2024-06-03,Mumbai,M,26
504,2024-04-13,Chennai,M,24
505,2023-05-29,Pune,F,45
506,2023-09-03,Chennai,F,44
507,2023-10-14,Bengaluru,F,44
508,2023-05-14,Pune,F,24
509,2023-05-26,Pune,F,41
510,2023-05-08,Chennai,F,61
511,2024-06-21,mumbai ,,22
512,2024-02-07,Hyderabad,F,55
513,2024-03-30,Chennai,F,23
514,2024-03-16,Chennai,M,28
515,2024-06-01,Mumbai,M,60
516,2023-02-26,Chennai,M,31
517,2024-04-21,Hyderabad,F,42
518,2023-02-05,Pune,F,35
519,2023-09-14,Delhi,M,46
520,2023-11-17,Mumbai,F,37
521,2023-07-13,Delhi,M,38
522,2023-03-20,Chennai,M,56
523,2023-04-14,Delhi,F,44
524,2024-03-21,Bengaluru,M,44
525,2023-06-22,Mumbai,M,55
526,2023-06-17,Mumbai,F,38
527,2024-05-13,Mumbai,M,56
528,2023-03-19,Hyderabad,F,51
529,2024-05-09,Bengaluru,,59
530,2024-05-12,Delhi,F,39
531,2023-11-20,Kolkata,F,44
532,2023-03-31,Pune,M,24
533,2023-03-26,Mumbai,F,23
534,2023-06-03,Mumbai,M,23
535,2023-11-08,Ahmedabad,M,47
536,2023-03-24,Chennai,F,33
537,2023-09-04,Bengaluru,M,31
538,2023-03-04,Pune,F,46
539,2023-10-19,Mumbai,M,36
540,2023-01-12,Bengaluru,F,24
541,2024-01-18,Delhi,M,44
542,2023-01-30,Hyderabad,M,43
543,2023-04-16,Chennai,F,24
544,2023-04-05,Delhi,M,30
545,2024-03-24,Chennai,F,29
546,2023-01-29,Ahmedabad,M,50
547,2023-08-20,Delhi,F,29
548,2023-11-16,Bengaluru,,19
549,2023-10-06,Hyderabad,F,30
550,2024-01-03,Mumbai,F,40
551,2024-03-09,Hyderabad,M,54
552,2023-08-01,Pune,F,20
553,2024-03-23,Bengaluru,F,59
554,2023-06-21,Kolkata,F,33
555,2024-06-15,Bengaluru,F,34
556,2023-09-30,Delhi,F,18
557,2024-02-02,Bengaluru,F,30
558,2024-04-17,Mumbai,M,40
559,2024-03-04,Mumbai,F,47
560,2024-04-04,Mumbai,F,54
561,2023-10-17,Bengaluru,F,42
562,2023-01-24,Delhi,M,22
563,2023-09-24,Mumbai,F,36
564,2023-04-09,Hyderabad,F,52
565,2024-04-25,Delhi,F,48
566,2023-05-08,Delhi,M,45
567,2023-05-04,Delhi,M,41
568,2023-05-15,Mumbai,M,41
569,2023-12-13,Chennai,M,64
570,2023-11-05,delhi ,,46
571,2024-05-27,Pune,M,150
572,2023-08-13,Ahmedabad,F,33
573,2023-06-02,Kolkata,M,41
574,2023-01-27,Chennai,M,51
575,2023-01-04,Hyderabad,,58
576,2023-07-21,Hyderabad,F,54
577,2024-05-14,Delhi,M,49
578,2023-10-10,Bengaluru,M,54
579,2024-04-27,bengaluru ,,19
580,2023-02-24,Mumbai,,30
581,2023-02-20,Mumbai,M,29
582,2024-03-26,Pune,F,150
583,2023-02-27,Bengaluru,M,53
584,2023-01-29,Kolkata,F,24
585,2023-08-07,Chennai,M,27
586,2024-05-14,Mumbai,F,41
587,2024-01-08,Mumbai,F,63
588,2023-02-23,Delhi,M,18
589,2024-03-28,Bengaluru,M,59
590,2024-03-31,Hyderabad,M,27
591,2024-03-08,Hyderabad,M,30
592,2024-05-02,Hyderabad,M,47
593,2023-05-10,Hyderabad,M,52
594,2024-06-12,Ahmedabad,,59
595,2023-06-23,Delhi,M,18
596,2024-03-09,Pune,F,20
597,2023-11-09,Pune,M,40
598,2024-02-25,Delhi,F,44
599,2023-12-06,Mumbai,M,30
600,2023-12-13,Mumbai,F,47
601,2023-11-29,Ahmedabad,M,30
602,2024-02-25,Mumbai,M,61
603,2024-02-04,Ahmedabad,F,26
604,2023-03-14,Chennai,F,150
605,2024-03-22,Bengaluru,F,42
606,2023-10-17,Bengaluru,M,22
607,2023-06-24,Delhi,M,46
608,2023-10-05,Bengaluru,F,24
609,2024-06-06,mumbai ,F,43
610,2024-04-08,Hyderabad,F,47
611,2024-03-26,Mumbai,M,21
612,2023-09-07,Mumbai,M,28
613,2024-02-28,Chennai,F,31
614,2023-07-27,Bengaluru,F,61
615,2024-01-06,Delhi,M,28
616,2023-12-12,Bengaluru,F,61
617,2023-05-15,Mumbai,F,43
618,2023-05-24,Bengaluru,M,62
619,2023-02-03,Mumbai,M,57
620,2023-03-17,Mumbai,F,31
621,2023-08-23,Mumbai,M,44
622,2023-09-16,Delhi,F,51
623,2023-03-31,Delhi,F,21
624,2023-08-14,Delhi,M,49
625,2023-11-23,Mumbai,F,39
626,2023-05-06,Mumbai,M,19
627,2023-07-02,Bengaluru,M,58
628,2023-07-18,Mumbai,F,30
629,2023-09-30,Chennai,F,59
630,2023-07-17,Hyderabad,M,27
631,2024-02-02,Delhi,F,43
632,2023-06-26,Hyderabad,F,35
633,2023-08-23,Pune,F,59
634,2023-07-24,Pune,F,62
635,2023-04-09,Chennai,M,54
636,2024-01-06,Chennai,M,57
637,2023-05-08,Kolkata,F,54
638,2023-06-10,pune ,M,31
639,2024-03-04,Chennai,F,61
640,2024-05-27,Delhi,M,42
641,2023-12-29,Mumbai,M,34
642,2024-05-09,Mumbai,M,27
643,2024-04-06,Ahmedabad,M,51
644,2023-09-17,Pune,M,31
645,2024-02-20,Kolkata,F,48
646,2023-06-27,Bengaluru,F,21
647,2023-09-06,chennai ,M,47
648,2023-10-17,Chennai,M,48
649,2024-06-02,Hyderabad,F,42
650,2024-04-03,Mumbai,M,48
651,2023-09-22,Pune,F,64
652,2023-12-19,Bengaluru,F,57
653,2023-04-20,Delhi,F,38
654,2024-03-10,Mumbai,F,58
655,2023-10-26,Mumbai,F,62
656,2023-10-15,Delhi,,25
657,2024-02-18,Pune,F,34
658,2023-12-08,Pune,M,52
659,2023-02-09,Hyderabad,M,42
660,2023-06-05,Mumbai,M,24
661,2023-04-06,Ahmedabad,M,40
662,2024-02-01,Ahmedabad,F,35
663,2023-01-19,Mumbai,M,52
664,2023-04-20,Chennai,M,42
665,2023-11-19,Bengaluru,M,24
666,2024-01-11,Chennai,F,20
667,2023-09-29,Pune,F,31
668,2024-04-09,Mumbai,,25
669,2024-05-11,Pune,M,59
670,2023-03-13,Bengaluru,M,30
671,2024-05-29,Ahmedabad,,47
672,2023-11-28,Bengaluru,F,23
673,2023-12-10,Chennai,F,38
674,2023-02-21,Ahmedabad,F,61
675,2023-12-02,Bengaluru,M,48
676,2024-01-27,Pune,F,31
677,2023-11-10,Hyderabad,F,53
678,2023-02-15,Delhi,F,41
679,2023-10-10,Pune,F,29
680,2024-05-20,Bengaluru,M,64
681,2024-01-26,Hyderabad,M,62
682,2023-03-16,Mumbai,F,44
683,2024-06-02,Delhi,F,19
684,2024-06-01,Mumbai,M,37
685,2023-04-02,Pune,M,42
686,2024-03-08,Pune,F,61
687,2023-08-08,Chennai,M,52
688,2023-11-17,Hyderabad,M,28
689,2023-08-29,Mumbai,F,41
690,2024-02-27,Mumbai,F,26
691,2024-06-22,Mumbai,F,40
692,2024-03-05,Pune,F,43
693,2024-05-17,Bengaluru,M,41
694,2024-05-25,Chennai,F,38
695,2023-02-18,Bengaluru,F,38
696,2023-05-17,Delhi,F,55
697,2024-01-25,Bengaluru,F,41
698,2023-11-15,Pune,M,19
699,2023-01-28,Mumbai,M,52
700,2023-02-21,Hyderabad,M,47
701,2023-10-09,Chennai,M,50
702,2023-11-29,Hyderabad,,51
703,2023-04-01,Hyderabad,M,26
704,2023-04-03,Bengaluru,F,63
705,2023-03-11,Hyderabad,M,64
706,2023-11-02,Delhi,M,24
707,2023-01-05,Pune,M,28
708,2023-11-06,Pune,M,29
709,2023-09-15,Pune,F,63
710,2023-09-09,Pune,,61
711,2024-01-02,Delhi,M,30
712,2023-10-10,Chennai,,47
713,2024-01-28,Kolkata,F,29
714,2024-02-17,Bengaluru,F,19
715,2024-05-11,Mumbai,M,28
716,2024-03-07,Chennai,M,21
717,2023-10-07,Delhi,F,57
718,2023-09-23,Pune,F,54
719,2023-05-08,Mumbai,M,26
720,2023-11-20,Delhi,F,44
721,2023-03-17,Mumbai,M,27
722,2024-05-17,Kolkata,F,44
723,2024-04-01,Chennai,M,60
724,2023-03-06,Chennai,F,59
725,2024-02-29,Mumbai,M,57
726,2023-03-05,Kolkata,M,29
727,2024-01-25,Bengaluru,F,26
728,2023-02-17,Mumbai,M,25
729,2023-09-21,Bengaluru,F,23
730,2023-12-22,Delhi,F,46
731,2024-01-29,Delhi,M,48
732,2023-08-15,Pune,M,59
733,2024-05-12,Bengaluru,F,22
734,2024-02-23,Pune,F,30
735,2023-04-23,Mumbai,F,52
736,2023-12-29,Mumbai,M,50
737,2024-01-30,Ahmedabad,F,38
738,2023-06-30,Mumbai,F,25
739,2024-02-03,Delhi,F,40
740,2024-04-30,Delhi,M,26
741,2024-03-17,Hyderabad,M,43
742,2024-02-16,Bengaluru,F,60
743,2023-12-09,Hyderabad,,27
744,2023-05-27,Mumbai,M,23
745,2024-03-05,Pune,F,52
746,2023-07-16,Bengaluru,M,19
747,2023-10-15,Delhi,M,64
748,2023-06-19,Kolkata,M,54
749,2023-06-19,Hyderabad,M,36
750,2023-03-27,Delhi,M,35
751,2024-06-03,Ahmedabad,M,36
752,2023-03-21,Bengaluru,M,36
753,2023-02-16,Mumbai,F,57
754,2024-05-20,Delhi,F,55
755,2023-10-27,Pune,F,27
756,2023-08-25,Kolkata,M,26
757,2024-02-03,Pune,F,43
758,2023-07-26,Mumbai,M,48
759,2023-03-11,bengaluru ,F,52
760,2024-01-30,Pune,F,32
761,2023-04-06,Pune,M,40
762,2023-10-26,Chennai,M,22
763,2024-05-27,Pune,F,39
764,2024-05-20,Delhi,F,50
765,2023-07-14,Delhi,F,32
766,2024-02-26,Mumbai,,32
767,2023-11-27,Mumbai,F,39
768,2023-09-16,Chennai,M,58
769,2023-03-17,Ahmedabad,F,46
770,2023-07-23,Mumbai,M,61
771,2023-12-19,Ahmedabad,F,20
772,2024-06-16,Bengaluru,M,57
773,2023-01-03,Bengaluru,,20
774,2024-01-23,Chennai,F,33
775,2024-04-02,Chennai,M,38
776,2024-05-28,kolkata ,M,29
777,2023-08-17,Delhi,M,64
778,2023-03-05,Bengaluru,F,59
779,2023-05-27,Delhi,F,44
780,2024-04-04,Pune,M,39
781,2024-04-19,Bengaluru,M,53
782,2023-12-11,Pune,F,51
783,2023-03-08,Mumbai,M,40
784,2023-03-07,Pune,F,56
785,2023-09-16,Mumbai,M,27
786,2023-11-14,Bengaluru,M,31
787,2023-01-18,Bengaluru,M,18
788,2024-01-06,Delhi,F,23
789,2023-10-22,Pune,M,27
790,2023-01-07,Delhi,M,47
791,2023-02-21,Delhi,F,58
792,2023-09-03,Chennai,F,45
793,2024-01-26,bengaluru ,M,38
794,2024-03-21,Delhi,M,30
795,2023-08-21,Delhi,F,22
796,2023-06-09,Ahmedabad,M,45
797,2024-06-06,Chennai,F,24
798,2023-09-05,Delhi,M,55
799,2023-06-20,Delhi,M,37
800,2023-08-27,Pune,M,34
801,2023-01-07,Hyderabad,F,19
802,2023-06-13,Mumbai,M,29
803,2023-10-06,Mumbai,M,18
804,2024-05-10,Ahmedabad,M,52
805,2024-02-03,Chennai,F,41
806,2024-02-26,pune ,M,54
807,2023-10-22,Pune,F,44
808,2023-03-01,Pune,F,62
809,2023-07-31,Bengaluru,M,54
810,2024-06-22,pune ,,24
811,2023-01-24,Hyderabad,F,23
812,2024-04-19,Hyderabad,M,59
813,2024-01-05,Bengaluru,M,30
814,2023-06-03,Bengaluru,M,53
815,2024-02-25,mumbai ,M,47
816,2024-03-27,Pune,F,50
817,2023-01-24,Chennai,F,30
818,2023-02-27,Pune,F,32
819,2023-12-26,Pune,M,44
820,2024-06-23,Mumbai,M,19
821,2023-01-13,Pune,M,32
822,2023-12-26,Delhi,F,41
823,2023-03-15,Chennai,M,27
824,2023-12-18,Kolkata,F,31
825,2023-12-03,bengaluru ,F,64
826,2023-02-18,Kolkata,M,31
827,2024-01-03,Delhi,F,60
828,2024-04-29,Kolkata,F,61
829,2024-04-11,Bengaluru,F,150
830,2023-01-16,Mumbai,M,25
831,2023-05-13,Hyderabad,M,27
832,2023-05-11,Mumbai,F,61
833,2023-09-02,Pune,M,18
834,2023-03-19,Mumbai,F,41
835,2024-04-06,Delhi,M,46
836,2024-02-24,Delhi,F,57
837,2024-03-12,Bengaluru,F,60
838,2023-04-18,Hyderabad,M,31
839,2023-01-08,Mumbai,M,41
840,2024-05-06,Bengaluru,F,47
841,2023-06-06,Delhi,M,63
842,2023-12-21,Kolkata,F,44
843,2024-05-06,Mumbai,F,23
844,2023-01-20,pune ,M,61
845,2023-01-03,Bengaluru,F,42
846,2023-01-03,Bengaluru,F,26
847,2023-03-26,Kolkata,F,26
848,2023-01-28,Bengaluru,M,27
849,2024-03-18,Chennai,M,51
850,2023-11-24,Delhi,M,62
851,2024-06-13,Pune,F,38
852,2024-03-08,Pune,F,22
853,2024-06-04,Pune,F,59
854,2023-05-09,Delhi,M,47
855,2023-06-05,Delhi,F,44
856,2024-04-03,Delhi,F,20
857,2023-05-13,Bengaluru,F,63
858,2023-01-31,Delhi,M,21
859,2023-12-28,Bengaluru,F,46
860,2024-03-08,Bengaluru,M,46
861,2024-06-06,Mumbai,M,42
862,2024-05-16,Delhi,F,43
863,2023-03-06,Bengaluru,F,36
864,2024-02-21,Bengaluru,M,44
865,2024-04-01,Mumbai,F,35
866,2024-01-12,Delhi,,40
867,2024-03-18,chennai ,M,49
868,2024-03-28,Bengaluru,F,52
869,2023-08-30,Mumbai,M,25
870,2023-01-22,delhi ,M,64
871,2023-09-04,Hyderabad,M,22
872,2023-04-19,Pune,F,150
873,2023-03-03,Hyderabad,M,34
874,2023-03-09,Mumbai,M,33
875,2024-01-12,Bengaluru,F,34
876,2023-09-30,Delhi,F,33
877,2023-10-19,Pune,F,38
878,2024-02-07,Hyderabad,F,53
879,2023-10-24,Delhi,M,56
880,2023-12-07,Ahmedabad,M,34
881,2023-02-16,Mumbai,F,30
882,2024-04-04,Hyderabad,F,49
883,2023-08-31,Hyderabad,M,20
884,2023-03-25,Bengaluru,M,38
885,2024-03-15,Mumbai,M,28
886,2024-02-01,Chennai,M,46
887,2023-01-29,Bengaluru,,21
888,2023-04-15,Hyderabad,F,56
889,2023-01-09,Delhi,M,30
890,2023-05-27,Mumbai,F,42
891,2023-02-23,Mumbai,F,44
892,2024-01-19,Chennai,M,40
893,2023-10-10,Ahmedabad,M,39
894,2024-06-13,Pune,F,30
895,2024-02-09,Chennai,M,54
896,2023-11-27,Hyderabad,F,42
897,2023-10-03,Pune,F,28
898,2023-01-30,Pune,F,30
899,2023-02-07,Chennai,,38
900,2023-11-29,Bengaluru,F,57
901,2023-01-03,Pune,F,63
902,2023-01-23,Kolkata,M,36
903,2023-04-29,Bengaluru,F,36
904,2024-04-22,Hyderabad,F,24
905,2023-09-05,Hyderabad,F,43
906,2024-01-19,Kolkata,F,29
907,2023-08-11,Bengaluru,M,56
908,2023-04-04,Mumbai,F,43
909,2023-07-20,Bengaluru,F,28
910,2023-02-19,pune ,F,61
911,2024-02-20,Bengaluru,F,56
912,2023-04-10,Mumbai,F,32
913,2023-07-23,Bengaluru,F,23
914,2024-06-13,Pune,M,30
915,2023-11-16,Mumbai,M,35
916,2023-09-05,Mumbai,F,37
917,2023-10-21,Bengaluru,F,56
918,2024-02-28,Kolkata,F,63
919,2023-05-18,Pune,M,53
920,2023-12-10,Hyderabad,M,57
921,2024-04-16,Hyderabad,M,23
922,2023-11-06,Delhi,F,25
923,2023-08-30,Bengaluru,F,150
924,2023-03-20,Delhi,,46
925,2023-05-15,Mumbai,M,29
926,2024-05-25,Bengaluru,F,55
927,2023-10-20,Pune,F,26
928,2023-06-12,Hyderabad,M,54
929,2023-08-14,Hyderabad,,59
930,2023-11-09,Kolkata,F,40
931,2023-10-18,Bengaluru,M,48
932,2024-01-13,Bengaluru,M,52
933,2023-05-20,Ahmedabad,F,59
934,2023-12-17,Mumbai,F,45
935,2023-08-28,Pune,F,31
936,2024-05-22,Bengaluru,F,27
937,2023-03-27,Delhi,M,34
938,2023-03-22,Delhi,F,20
939,2023-09-07,Pune,F,50
940,2023-10-02,Bengaluru,M,35
941,2024-01-09,Mumbai,F,51
942,2023-08-07,Mumbai,M,20
943,2024-05-08,Pune,M,33
944,2023-09-14,Delhi,M,36
945,2023-03-11,Hyderabad,F,22
946,2023-03-06,Delhi,M,56
947,2024-06-09,Bengaluru,M,46
948,2023-03-14,Chennai,F,57
949,2024-05-26,delhi ,M,55
950,2023-05-31,Kolkata,F,19
951,2023-02-20,Chennai,F,58
952,2023-06-14,Bengaluru,M,21
953,2023-11-28,Pune,M,58
954,2023-08-20,Pune,,49
955,2024-02-29,Ahmedabad,M,56
956,2023-11-26,Kolkata,M,41
957,2023-08-05,Hyderabad,F,25
958,2023-12-09,Hyderabad,F,25
959,2024-06-08,Pune,F,23
960,2023-08-11,Kolkata,F,55
961,2023-03-24,Delhi,F,43
962,2023-08-09,Kolkata,F,28
963,2024-03-29,Pune,F,23
964,2023-04-28,Mumbai,F,21
965,2024-05-27,Chennai,F,30
966,2023-11-14,Kolkata,F,53
967,2023-11-21,Bengaluru,M,59
968,2023-06-21,Mumbai,F,46
969,2024-05-12,Mumbai,F,64
970,2023-01-20,Ahmedabad,M,36
971,2023-06-11,Delhi,M,33
972,2023-08-14,Delhi,F,50
973,2023-09-15,Bengaluru,M,24
974,2023-09-14,Delhi,M,60
975,2023-03-21,Bengaluru,M,54
976,2023-05-02,Delhi,M,19
977,2023-02-21,Kolkata,F,26
978,2023-11-06,Hyderabad,M,47
979,2023-07-09,hyderabad ,M,52
980,2023-11-02,Bengaluru,F,28
981,2023-11-15,Delhi,M,53
982,2024-01-15,Chennai,M,40
983,2023-10-23,Kolkata,F,49
984,2023-12-16,Bengaluru,F,37
985,2023-11-14,Chennai,F,39
986,2023-12-19,Chennai,F,36
987,2023-11-29,Bengaluru,F,25
988,2023-06-20,Chennai,M,26
989,2023-05-13,Mumbai,F,25
990,2024-03-01,Delhi,F,55
991,2023-07-05,Bengaluru,M,37
992,2023-10-24,Pune,F,35
993,2023-04-17,Hyderabad,M,58
994,2023-08-21,Bengaluru,F,59
995,2023-10-14,Mumbai,F,28
996,2023-12-05,Kolkata,F,34
997,2023-10-12,Chennai,M,37
998,2023-07-14,Chennai,F,57
999,2024-06-03,Delhi,F,49
1000,2023-10-04,hyderabad ,M,43
1001,2024-03-12,Delhi,M,29
1002,2024-02-02,Bengaluru,F,36
1003,2023-10-29,Pune,M,19
1004,2024-04-23,Bengaluru,F,51
1005,2023-03-11,Chennai,F,61
1006,2024-05-12,Bengaluru,M,54
1007,2024-04-04,Delhi,F,32
1008,2023-09-29,Kolkata,M,150
1009,2024-02-01,chennai ,F,63
1010,2023-10-08,Mumbai,F,37
1011,2023-05-26,Ahmedabad,M,57
1012,2024-03-07,Chennai,F,45
1013,2023-05-13,Ahmedabad,F,41
1014,2023-06-19,Ahmedabad,,45
1015,2023-10-08,Hyderabad,M,28
1016,2024-03-28,Chennai,F,37
1017,2023-07-27,Bengaluru,F,32
1018,2023-09-24,Mumbai,M,53
1019,2023-01-23,Bengaluru,F,46
1020,2023-03-04,Chennai,M,36
1021,2023-01-31,Bengaluru,F,56
1022,2023-02-08,Hyderabad,M,39
1023,2024-04-14,Pune,,62
1024,2024-03-30,Delhi,M,46
1025,2024-03-19,Bengaluru,M,59
1026,2023-01-31,Delhi,F,64
1027,2023-02-11,Pune,F,33
1028,2023-06-01,Mumbai,F,30
1029,2023-11-02,Kolkata,F,57
1030,2023-06-30,Delhi,M,28
1031,2023-09-21,Pune,F,53
1032,2023-04-04,Pune,M,26
1033,2024-01-30,Delhi,M,58
1034,2023-06-19,Mumbai,F,50
1035,2023-02-05,Chennai,F,42
1036,2024-02-06,Kolkata,M,39
1037,2024-05-02,Mumbai,M,47
1038,2023-01-08,Bengaluru,F,36
1039,2023-08-24,Mumbai,M,36
1040,2024-03-22,Mumbai,M,27
1041,2024-01-17,Hyderabad,M,25
1042,2024-04-07,Bengaluru,M,59
1043,2023-08-13,Hyderabad,M,53
1044,2023-07-21,Mumbai,,38
1045,2024-01-18,Delhi,M,57
1046,2023-03-24,Delhi,F,46
1047,2023-05-10,Delhi,F,46
1048,2023-11-21,ahmedabad ,F,23
1049,2023-12-27,Pune,F,43
1050,2023-03-06,Hyderabad,F,23
1051,2023-10-02,Hyderabad,F,50
1052,2023-07-17,Bengaluru,F,21
1053,2023-09-28,Delhi,F,42
1054,2024-06-01,Bengaluru,F,35
1055,2023-02-11,Mumbai,F,24
1056,2024-06-21,Kolkata,M,40
1057,2023-08-31,Delhi,F,27
1058,2024-02-21,Hyderabad,F,29
1059,2023-08-18,Bengaluru,M,59
1060,2023-06-17,Bengaluru,F,34
1061,2024-02-21,Chennai,M,36
1062,2024-01-07,Bengaluru,M,18
1063,2023-03-19,Hyderabad,F,32
1064,2024-01-16,Mumbai,M,34
1065,2024-02-11,Ahmedabad,M,51
1066,2023-07-29,Kolkata,M,23
1067,2024-05-14,Hyderabad,F,61
1068,2023-12-13,Delhi,M,24
1069,2023-06-30,Kolkata,F,48
1070,2023-01-06,mumbai ,F,18
1071,2023-12-31,Chennai,F,56
1072,2023-04-23,mumbai ,F,50
1073,2024-02-13,Mumbai,F,57
1074,2023-10-11,Delhi,M,61
1075,2023-09-10,delhi ,F,57
1076,2023-03-30,Delhi,F,47
1077,2024-01-20,Kolkata,M,57
1078,2023-03-31,Mumbai,M,22
1079,2023-08-14,Chennai,F,48
1080,2024-03-27,Pune,M,64
1081,2024-05-11,Chennai,F,35
1082,2024-06-18,Kolkata,M,63
1083,2024-06-01,Delhi,F,41
1084,2023-10-28,Chennai,M,40
1085,2023-04-19,Hyderabad,F,32
1086,2024-03-29,Kolkata,M,23
1087,2024-03-08,Delhi,M,59
1088,2024-06-18,Delhi,M,51
1089,2023-12-18,Chennai,F,36
1090,2023-03-18,Mumbai,F,63
1091,2023-09-29,Kolkata,F,26
1092,2023-08-31,Delhi,M,54
1093,2024-03-31,kolkata ,F,39
1094,2023-07-31,Pune,M,47
1095,2023-06-27,Pune,M,19
1096,2023-02-13,Ahmedabad,F,46
1097,2024-03-27,Hyderabad,F,49
1098,2024-02-12,Hyderabad,F,63
1099,2023-01-23,ahmedabad ,M,34
1100,2023-08-23,Delhi,M,21
1101,2023-09-17,Mumbai,F,20
1102,2023-09-11,Mumbai,M,25
1103,2024-05-11,Bengaluru,M,32
1104,2023-03-23,Mumbai,,57
1105,2023-06-15,Hyderabad,F,27
1106,2023-04-08,pune ,M,24
1107,2023-05-12,Mumbai,M,19
1108,2024-05-04,Mumbai,F,36
1109,2024-05-22,Mumbai,M,46
1110,2023-01-25,Mumbai,M,31
1111,2023-12-08,Bengaluru,M,41
1112,2023-05-06,Delhi,F,29
1113,2023-04-14,Bengaluru,F,55
1114,2023-06-07,Hyderabad,M,19
1115,2023-04-15,bengaluru ,M,27
1116,2023-09-22,Chennai,F,44
1117,2024-06-21,Delhi,F,57
1118,2023-11-13,Mumbai,F,36
1119,2024-01-26,Delhi,M,21
1120,2023-09-24,Ahmedabad,F,43
1121,2023-01-08,Bengaluru,F,30
1122,2023-02-15,Mumbai,F,32
1123,2023-05-26,Delhi,M,61
1124,2023-05-12,Kolkata,F,62
1125,2024-03-29,Bengaluru,M,30
1126,2024-03-31,Bengaluru,M,45
1127,2024-04-06,Hyderabad,M,43
1128,2023-12-11,Bengaluru,F,63
1129,2023-10-28,Bengaluru,M,62
1130,2023-12-17,Mumbai,F,34
1131,2023-08-08,Pune,F,19
1132,2023-12-28,Ahmedabad,F,150
1133,2024-03-04,Bengaluru,M,18
1134,2024-02-16,Delhi,F,54
1135,2023-11-28,Bengaluru,M,52
1136,2023-02-01,Pune,M,56
1137,2024-01-27,Kolkata,M,24
1138,2023-07-17,Mumbai,M,20
1139,2024-02-06,Kolkata,F,26
1140,2023-10-19,Bengaluru,M,47
1141,2024-04-20,Mumbai,M,18
1142,2023-07-02,Pune,,49
1143,2024-05-17,Kolkata,M,59
1144,2024-04-01,Mumbai,M,24
1145,2023-06-28,Pune,M,52
1146,2023-09-18,Chennai,M,43
1147,2023-10-14,Delhi,F,62
1148,2024-02-20,Delhi,M,29
1149,2024-01-08,Mumbai,M,28
1150,2024-04-05,Hyderabad,F,18
1151,2023-07-19,Mumbai,M,51
1152,2023-09-30,Mumbai,F,58
1153,2023-08-21,Mumbai,,18
1154,2024-05-06,Mumbai,M,41
1155,2023-06-14,Mumbai,M,52
1156,2023-11-14,Pune,M,54
1157,2023-03-06,Mumbai,M,61
1158,2024-04-04,Delhi,F,51
1159,2023-07-27,Hyderabad,F,61
1160,2023-07-03,Pune,M,64
1161,2023-11-11,Mumbai,M,61
1162,2023-09-27,Hyderabad,M,38
1163,2024-04-02,Hyderabad,,37
1164,2023-10-14,Bengaluru,F,38
1165,2023-10-07,Mumbai,M,62
1166,2023-02-26,Delhi,F,31
1167,2023-01-12,Mumbai,M,53
1168,2023-08-04,Mumbai,F,47
1169,2024-06-23,Delhi,F,20
1170,2024-05-10,Bengaluru,F,40
1171,2023-12-06,Delhi,M,27
1172,2023-12-07,Bengaluru,M,52
1173,2023-07-31,Mumbai,,39
1174,2023-04-06,Delhi,M,34
1175,2023-01-05,Kolkata,M,21
1176,2023-07-02,Hyderabad,F,24
1177,2023-06-20,Delhi,F,53
1178,2023-04-14,Bengaluru,F,58
1179,2023-05-20,Mumbai,F,31
1180,2023-01-14,Pune,F,56
1181,2023-11-25,Chennai,M,43
1182,2024-05-15,Mumbai,F,34
1183,2024-01-09,Delhi,F,39
1184,2023-08-31,Delhi,F,50
1185,2023-08-15,Mumbai,M,60
1186,2023-06-16,Pune,M,41
1187,2023-03-18,Delhi,F,34
1188,2023-11-20,Ahmedabad,M,53
1189,2023-11-02,Bengaluru,M,42
1190,2023-01-04,Delhi,F,36
1191,2023-08-13,Pune,F,39
1192,2023-05-31,Bengaluru,M,43
1193,2023-04-02,Pune,M,24
1194,2024-01-15,Bengaluru,M,20
1195,2023-10-11,Chennai,F,49
1196,2023-12-09,Delhi,F,26
1197,2024-01-21,Mumbai,M,42
1198,2024-06-14,Pune,M,54
1199,2024-03-09,Pune,M,28
1200,2023-12-01,Delhi,M,35
1201,2024-04-19,Hyderabad,M,63
1202,2023-09-15,Mumbai,F,19
1203,2024-06-15,Bengaluru,M,53
1204,2024-02-16,Chennai,M,25
1205,2023-12-18,Pune,M,60
1206,2024-05-02,Mumbai,M,37
1207,2023-10-06,Delhi,M,18
1208,2024-01-25,Bengaluru,M,51
1209,2023-06-03,Delhi,M,24
1210,2024-06-04,Chennai,M,35
1211,2023-12-03,Hyderabad,F,41
1212,2024-02-27,Chennai,M,53
1213,2023-09-06,Ahmedabad,F,37
1214,2024-04-13,Chennai,F,58
1215,2023-02-10,Hyderabad,M,40
1216,2023-03-03,kolkata ,M,34
1217,2023-10-01,Chennai,M,33
1218,2024-01-31,Kolkata,M,55
1219,2024-03-12,Hyderabad,F,49
1220,2023-08-26,Delhi,M,23
1221,2023-12-17,Bengaluru,F,53
1222,2023-10-26,Bengaluru,F,37
1223,2024-06-03,Hyderabad,F,34
1224,2023-12-20,Delhi,F,22
1225,2023-08-14,Kolkata,F,64
1226,2024-06-07,Kolkata,F,20
1227,2023-02-27,Ahmedabad,,64
1228,2024-06-15,Mumbai,M,21
1229,2023-03-25,Chennai,M,41
1230,2023-06-05,Chennai,M,22
1231,2024-03-19,Hyderabad,M,41
1232,2024-02-01,Hyderabad,F,57
1233,2024-06-07,Bengaluru,M,45
1234,2024-02-09,Bengaluru,F,43
1235,2023-12-10,Mumbai,F,23
1236,2023-07-07,Ahmedabad,M,62
1237,2023-01-03,mumbai ,F,35
1238,2023-03-08,Chennai,M,43
1239,2023-06-10,Kolkata,F,60
1240,2023-01-23,Delhi,F,47
1241,2023-10-02,Mumbai,M,52
1242,2024-02-24,Mumbai,F,26
1243,2024-06-04,Hyderabad,M,39
1244,2023-09-22,Bengaluru,F,43
1245,2024-04-17,Pune,F,26
1246,2024-06-16,Chennai,M,36
1247,2024-04-09,Mumbai,F,57
1248,2023-09-09,Hyderabad,F,61
1249,2023-06-25,Mumbai,F,56
1250,2024-06-12,Mumbai,F,61
1251,2023-05-11,Pune,F,64
1252,2023-08-11,Bengaluru,M,27
1253,2023-02-09,Delhi,F,58
1254,2024-03-04,Chennai,F,47
1255,2023-12-17,Delhi,M,58
1256,2023-02-15,Delhi,M,47
1257,2023-04-30,Mumbai,M,23
1258,2023-10-27,Mumbai,M,44
1259,2023-10-19,Hyderabad,M,53
1260,2024-03-09,Mumbai,M,23
1261,2023-05-24,Ahmedabad,F,41
1262,2024-05-14,Delhi,M,48
1263,2023-08-29,Pune,M,39
1264,2024-03-20,Mumbai,F,55
1265,2023-05-09,Pune,M,23
1266,2023-01-20,Kolkata,M,34
1267,2023-01-30,Bengaluru,F,62
1268,2023-07-21,Delhi,,42
1269,2024-05-29,Bengaluru,F,150
1270,2023-01-27,Bengaluru,M,23
1271,2023-07-19,Hyderabad,M,45
1272,2023-03-01,Ahmedabad,,61
1273,2024-05-18,Chennai,F,20
1274,2023-12-31,Kolkata,F,23
1275,2024-02-16,Kolkata,F,35
1276,2024-01-21,Delhi,M,27
1277,2023-12-21,Chennai,M,23
1278,2024-02-22,Pune,F,32
1279,2023-01-05,Chennai,F,48
1280,2024-04-12,Ahmedabad,M,56
1281,2024-02-04,Pune,F,32
1282,2024-02-04,Kolkata,M,50
1283,2023-08-01,Hyderabad,F,56
1284,2024-03-08,Mumbai,M,18
1285,2023-07-26,Bengaluru,F,58
1286,2023-01-27,Hyderabad,M,26
1287,2024-05-05,Ahmedabad,F,50
1288,2023-05-07,Mumbai,F,53
1289,2023-02-25,Delhi,M,57
1290,2023-12-02,Chennai,F,36
1291,2023-05-07,Mumbai,F,48
1292,2024-04-08,Delhi,F,19
1293,2023-08-28,Pune,M,39
1294,2023-01-03,Mumbai,F,63
1295,2024-05-28,Bengaluru,F,25
1296,2023-10-05,Bengaluru,F,25
1297,2023-05-23,Bengaluru,M,50
1298,2024-01-01,chennai ,F,41
1299,2023-10-14,Delhi,M,39
1300,2023-01-16,Mumbai,M,29
1301,2024-02-15,Pune,M,26
1302,2023-08-05,Mumbai,M,52
1303,2024-01-13,Mumbai,M,34
1304,2024-04-28,Mumbai,M,54
1305,2023-11-26,Pune,F,38
1306,2023-12-29,Mumbai,F,36
1307,2023-05-18,Bengaluru,M,28
1308,2023-05-09,Bengaluru,F,48
1309,2023-08-13,Hyderabad,F,31
1310,2024-04-05,Kolkata,F,60
1311,2023-10-11,Bengaluru,F,37
1312,2023-07-07,Mumbai,,56
1313,2024-02-25,Bengaluru,F,40
1314,2024-04-05,Pune,,37
1315,2024-05-02,Delhi,F,39
1316,2023-06-11,Delhi,M,38
1317,2024-01-19,Delhi,F,40
1318,2023-11-15,Mumbai,F,59
1319,2023-08-31,Chennai,F,51
1320,2023-08-03,Kolkata,F,19
1321,2023-03-03,Chennai,M,20
1322,2023-05-29,bengaluru ,M,19
1323,2023-10-24,Bengaluru,F,50
1324,2024-04-23,Pune,F,27
1325,2024-04-12,Chennai,F,36
1326,2023-04-12,Bengaluru,F,56
1327,2024-01-02,Mumbai,F,24
1328,2023-02-15,Delhi,F,25
1329,2023-12-31,Hyderabad,M,21
1330,2023-07-04,Bengaluru,F,31
1331,2023-08-31,Delhi,M,22
1332,2024-01-23,Bengaluru,F,47
1333,2023-08-18,Delhi,M,52
1334,2024-03-12,delhi ,F,26
1335,2023-10-16,Mumbai,M,42
1336,2024-06-23,Delhi,M,32
1337,2023-12-11,Chennai,F,21
1338,2023-06-10,Pune,F,39
1339,2024-02-23,Kolkata,M,50
1340,2023-08-09,Mumbai,F,28
1341,2023-10-16,Chennai,M,55
1342,2023-03-15,Bengaluru,M,64
1343,2023-03-06,Bengaluru,M,20
1344,2023-11-07,Bengaluru,F,25
1345,2023-04-11,Ahmedabad,F,31
1346,2024-06-22,Bengaluru,F,57
1347,2024-04-07,Chennai,F,24
1348,2024-01-14,Chennai,F,40
1349,2024-02-01,Mumbai,F,43
1350,2023-11-18,Mumbai,,24
1351,2023-02-02,Delhi,M,19
1352,2023-07-31,Mumbai,M,23
1353,2023-09-25,Delhi,M,20
1354,2024-05-09,Delhi,F,41
1355,2023-04-29,Bengaluru,F,62
1356,2023-09-26,Mumbai,M,34
1357,2023-07-05,Kolkata,F,30
1358,2023-03-14,Delhi,F,29
1359,2023-02-25,Chennai,M,64
1360,2023-07-17,Pune,M,63
1361,2023-02-14,Delhi,M,48
1362,2023-02-06,Pune,M,39
1363,2023-07-09,Bengaluru,F,25
1364,2023-04-20,Delhi,F,61
1365,2023-10-27,Hyderabad,M,18
1366,2023-01-10,Delhi,M,25
1367,2023-06-12,Bengaluru,M,49
1368,2023-09-02,Mumbai,M,26
1369,2024-06-04,Bengaluru,M,23
1370,2023-12-09,Delhi,F,46
1371,2024-04-20,delhi ,F,19
1372,2023-07-05,mumbai ,F,30
1373,2023-08-31,Pune,M,48
1374,2023-08-16,pune ,F,26
1375,2024-04-24,Ahmedabad,M,53
1376,2024-06-01,Delhi,M,22
1377,2024-06-03,Pune,F,46
1378,2024-02-11,Ahmedabad,F,21
1379,2023-09-29,Pune,M,52
1380,2023-10-20,Delhi,F,53
1381,2024-06-13,Chennai,F,55
1382,2023-06-03,Hyderabad,F,31
1383,2023-07-07,Chennai,F,29
1384,2024-04-29,Delhi,M,63
1385,2023-07-28,Ahmedabad,F,52
1386,2023-05-07,Pune,M,26
1387,2023-10-30,Ahmedabad,M,19
1388,2023-06-25,Kolkata,F,34
1389,2024-04-26,Hyderabad,F,49
1390,2024-05-05,Mumbai,M,35
1391,2023-06-15,Mumbai,F,55
1392,2023-10-13,Bengaluru,F,41
1393,2024-06-15,Bengaluru,F,64
1394,2024-02-05,Bengaluru,M,58
1395,2023-04-27,hyderabad ,M,40
1396,2023-11-16,Bengaluru,M,57
1397,2023-12-01,Mumbai,M,39
1398,2023-12-19,Delhi,M,18
1399,2023-01-14,Mumbai,M,32
1400,2023-06-11,Mumbai,M,37
1401,2024-04-06,Mumbai,M,63
1402,2023-05-11,Kolkata,F,56
1403,2023-06-11,chennai ,F,24
1404,2023-06-24,Bengaluru,M,18
1405,2023-04-06,Delhi,F,42
1406,2023-03-25,bengaluru ,M,43
1407,2023-07-07,Kolkata,M,52
1408,2024-04-17,Hyderabad,F,30
1409,2023-01-01,Bengaluru,M,56
1410,2023-06-02,Kolkata,M,37
1411,2023-02-02,Bengaluru,M,33
1412,2023-10-31,Delhi,F,37
1413,2023-05-16,Hyderabad,F,62
1414,2024-03-03,Delhi,M,36
1415,2023-11-12,Delhi,M,44
1416,2024-02-28,Mumbai,M,59
1417,2023-12-09,Bengaluru,F,18
1418,2023-08-25,Bengaluru,M,43
1419,2024-04-09,Bengaluru,F,51
1420,2023-09-15,Delhi,F,60
1421,2024-05-27,Mumbai,M,20
1422,2024-06-21,Hyderabad,F,52
1423,2023-11-15,Delhi,M,55
1424,2023-12-31,Hyderabad,M,34
1425,2023-05-19,Mumbai,M,53
1426,2024-03-15,Bengaluru,M,41
1427,2023-12-29,Bengaluru,F,48
1428,2024-05-02,Kolkata,,36
1429,2023-05-25,Mumbai,M,26
1430,2024-03-01,Hyderabad,M,56
1431,2023-09-11,Bengaluru,F,28
1432,2023-04-10,Bengaluru,M,26
1433,2023-04-03,Bengaluru,M,59
1434,2023-10-31,Pune,,62
1435,2023-06-22,Delhi,F,46
1436,2023-02-25,Mumbai,F,45
1437,2023-08-19,Delhi,M,34
1438,2023-12-19,Bengaluru,M,46
1439,2023-06-22,Delhi,M,46
1440,2024-05-30,Pune,F,42
1441,2024-02-25,Pune,M,48
1442,2023-10-04,Mumbai,M,44
1443,2024-05-19,Mumbai,M,59
1444,2023-08-22,Bengaluru,F,49
1445,2023-03-17,Mumbai,F,36
1446,2023-01-20,Hyderabad,F,48
1447,2024-05-21,Mumbai,M,28
1448,2024-06-02,Pune,F,28
1449,2024-02-04,Hyderabad,M,56
1450,2023-02-25,Mumbai,M,45
1451,2023-06-08,Delhi,M,20
1452,2023-01-23,Ahmedabad,F,34
1453,2023-01-28,Hyderabad,M,64
1454,2023-05-13,Chennai,,47
1455,2023-11-05,Pune,M,58
1456,2023-02-05,Bengaluru,M,43
1457,2024-06-15,Ahmedabad,F,20
1458,2023-09-03,Hyderabad,F,26
1459,2023-05-23,Pune,M,22
1460,2023-10-06,Delhi,F,52
1461,2024-03-02,Mumbai,M,53
1462,2023-06-18,Mumbai,M,39
1463,2023-01-26,Chennai,F,52
1464,2023-01-28,Mumbai,F,43
1465,2024-04-05,Delhi,M,52
1466,2023-03-02,Pune,M,49
1467,2023-12-10,Delhi,F,39
1468,2023-07-27,Mumbai,M,48
1469,2024-02-24,Delhi,F,32
1470,2023-02-02,Mumbai,F,53
1471,2024-04-29,Ahmedabad,F,60
1472,2024-01-13,Mumbai,M,27
1473,2023-08-31,Bengaluru,F,49
1474,2023-04-22,Mumbai,M,23
1475,2024-06-11,Pune,M,35
1476,2023-06-13,Mumbai,M,49
1477,2023-09-22,Pune,M,31
1478,2023-08-01,Mumbai,F,29
1479,2023-05-05,Delhi,F,36
1480,2023-08-13,Bengaluru,F,23
1481,2023-03-23,Pune,F,47
1482,2023-01-01,Delhi,F,24
1483,2023-06-06,bengaluru ,F,33
1484,2023-03-02,Mumbai,F,32
1485,2023-08-12,Delhi,F,63
1486,2024-04-10,Pune,F,64
1487,2023-03-29,Mumbai,M,21
1488,2023-01-01,Delhi,,25
1489,2023-03-01,Ahmedabad,M,52
1490,2023-10-02,Ahmedabad,M,32
1491,2023-05-29,Ahmedabad,F,48
1492,2023-09-22,Delhi,M,61
1493,2023-01-16,Pune,M,25
1494,2023-06-29,Delhi,M,63
1495,2023-08-10,Mumbai,M,20
1496,2023-08-21,Pune,F,28
1497,2023-10-25,Pune,F,41
1498,2024-02-26,Delhi,M,59
1499,2023-09-10,Delhi,,44
1500,2024-03-30,Mumbai,F,24
1501,2023-10-14,Chennai,F,29
1502,2023-05-21,Delhi,M,53
1503,2023-05-04,Hyderabad,F,44
1504,2023-06-24,Mumbai,M,18
1505,2023-11-19,Bengaluru,M,41
1506,2023-05-11,Mumbai,F,37
1507,2024-05-08,Delhi,M,18
1508,2023-09-17,Mumbai,F,29
1509,2024-04-11,Mumbai,F,61
1510,2024-01-04,Bengaluru,M,51
1511,2023-06-30,Mumbai,M,21
1512,2023-05-04,Mumbai,F,18
1513,2024-02-06,Hyderabad,F,34
1514,2023-06-28,Pune,M,39
1515,2023-05-14,Bengaluru,,39
1516,2024-05-17,Bengaluru,F,50
1517,2023-09-18,Mumbai,F,26
1518,2023-01-27,Delhi,M,20
1519,2023-09-25,Pune,F,49
1520,2023-09-06,Chennai,F,60
1521,2024-04-11,Mumbai,M,25
1522,2024-01-20,Mumbai,,34
1523,2023-04-14,Mumbai,F,47
1524,2023-03-23,hyderabad ,F,25
1525,2023-11-22,Kolkata,F,58
1526,2023-01-26,Hyderabad,F,28
1527,2023-06-22,Bengaluru,F,43
1528,2023-03-16,Bengaluru,F,33
1529,2023-01-12,Delhi,M,49
1530,2024-05-11,Hyderabad,M,27
1531,2023-02-18,Bengaluru,M,22
1532,2023-01-06,Delhi,F,41
1533,2024-05-18,Bengaluru,M,58
1534,2023-04-12,Bengaluru,F,47
1535,2024-03-16,Mumbai,M,53
1536,2023-01-17,Delhi,M,38
1537,2023-03-24,Mumbai,F,24
1538,2023-03-01,Kolkata,F,38
1539,2024-01-17,delhi ,M,64
1540,2023-12-01,Kolkata,M,54
1541,2023-09-14,Delhi,M,51
1542,2023-05-11,Chennai,M,32
1543,2023-02-17,Mumbai,M,46
1544,2023-11-04,Hyderabad,F,47
1545,2023-05-05,Delhi,M,48
1546,2023-11-15,Mumbai,M,59
1547,2024-01-07,Mumbai,M,50
1548,2024-04-03,Mumbai,M,28
1549,2023-09-24,Delhi,,28
1550,2023-01-03,Chennai,M,47
1551,2023-06-01,Hyderabad,M,58
1552,2024-04-05,Bengaluru,F,62
1553,2023-10-15,Bengaluru,F,46
1554,2023-12-01,Delhi,F,42
1555,2023-09-05,Kolkata,F,56
1556,2023-03-29,Kolkata,F,63
1557,2024-04-29,Mumbai,F,19
1558,2024-02-22,Ahmedabad,,32
1559,2024-06-21,Delhi,M,33
1560,2024-04-06,Kolkata,F,44
1561,2023-06-07,Ahmedabad,F,31
1562,2023-05-18,Chennai,F,32
1563,2023-05-15,Mumbai,M,19
1564,2024-05-11,Bengaluru,F,18
1565,2023-10-28,Pune,M,39
1566,2023-09-03,Kolkata,F,64
1567,2024-06-06,Mumbai,M,31
1568,2023-11-22,Chennai,F,29
1569,2024-05-06,Hyderabad,F,30
1570,2024-06-15,Mumbai,M,63
1571,2023-02-12,Delhi,M,49
1572,2023-07-15,Bengaluru,M,48
1573,2024-02-01,Delhi,F,26
1574,2024-03-15,Mumbai,F,60
1575,2023-03-22,Pune,F,27
1576,2023-06-21,Delhi,M,63
1577,2023-10-24,Bengaluru,F,62
1578,2024-03-07,Bengaluru,F,44
1579,2023-03-03,Mumbai,M,58
1580,2023-11-21,Delhi,M,64
1581,2023-06-10,Delhi,M,45
1582,2023-04-27,Mumbai,M,54
1583,2023-10-06,Chennai,M,45
1584,2023-08-12,Mumbai,M,42
1585,2023-12-10,Bengaluru,M,33
1586,2023-06-21,Hyderabad,M,48
1587,2024-03-20,Bengaluru,M,30
1588,2023-02-12,Bengaluru,F,27
1589,2024-04-10,Pune,F,30
1590,2023-01-17,Mumbai,M,18
1591,2024-02-02,pune ,F,61
1592,2023-07-07,Chennai,F,30
1593,2023-07-27,Kolkata,M,55
1594,2023-01-11,Mumbai,M,38
1595,2024-01-15,Mumbai,M,33
1596,2023-03-31,Delhi,F,28
1597,2023-12-22,Bengaluru,M,56
1598,2024-01-27,Bengaluru,M,42
1599,2024-04-01,Chennai,F,39
1600,2024-01-18,Hyderabad,,48
1601,2023-06-12,Mumbai,M,55
1602,2024-02-03,bengaluru ,F,48
1603,2024-03-22,Bengaluru,F,39
1604,2023-06-21,Mumbai,F,60
1605,2023-03-09,Hyderabad,F,60
1606,2024-04-25,Pune,F,63
1607,2023-03-21,Chennai,M,22
1608,2023-11-17,Chennai,M,59
1609,2023-05-08,Hyderabad,F,27
1610,2023-03-10,Bengaluru,M,47
1611,2024-02-24,Delhi,,48
1612,2023-03-19,Kolkata,M,27
1613,2023-12-28,Chennai,F,18
1614,2024-01-10,Bengaluru,M,62
1615,2023-02-02,Chennai,M,59
1616,2023-04-04,Mumbai,F,26
1617,2024-03-04,Bengaluru,M,46
1618,2023-10-01,Hyderabad,F,25
1619,2023-03-07,Mumbai,F,44
1620,2024-06-19,Delhi,F,32
1621,2023-05-24,Ahmedabad,F,53
1622,2023-01-03,Kolkata,,44
1623,2024-05-14,Hyderabad,F,41
1624,2023-01-09,Delhi,M,50
1625,2023-10-26,Ahmedabad,F,40
1626,2024-06-20,Mumbai,F,18
1627,2023-11-09,Bengaluru,M,46
1628,2023-11-12,Delhi,F,54
1629,2023-07-29,kolkata ,M,41
1630,2023-03-10,Hyderabad,F,26
1631,2023-11-06,Chennai,M,18
1632,2024-04-29,Bengaluru,F,31
1633,2023-02-19,Delhi,M,54
1634,2024-04-20,Bengaluru,F,33
1635,2023-08-13,Bengaluru,M,62
1636,2023-10-17,Pune,F,33
1637,2023-03-31,Bengaluru,F,38
1638,2023-12-02,Hyderabad,F,53
1639,2023-04-09,Chennai,M,46
1640,2023-05-28,Kolkata,M,19
1641,2024-01-25,Delhi,M,21
1642,2023-01-28,Bengaluru,F,27
1643,2023-08-30,Pune,M,58
1644,2023-11-18,Delhi,F,19
1645,2023-03-13,Delhi,M,21
1646,2023-06-09,Mumbai,F,54
1647,2023-07-05,Pune,M,47
1648,2023-12-25,Chennai,M,64
1649,2024-06-11,Delhi,M,28
1650,2024-03-27,Delhi,M,48
1651,2023-04-13,Mumbai,M,24
1652,2023-01-10,Bengaluru,M,45
1653,2023-01-29,Delhi,F,22
1654,2023-11-18,Delhi,,60
1655,2023-03-26,Bengaluru,M,37
1656,2023-05-05,Pune,F,29
1657,2024-04-02,Hyderabad,M,64
1658,2024-04-16,Pune,M,21
1659,2024-03-29,Delhi,M,55
1660,2023-05-17,Mumbai,M,41
1661,2023-12-01,Bengaluru,M,50
1662,2023-11-26,Mumbai,F,30
1663,2023-04-11,Hyderabad,F,59
1664,2023-10-26,Delhi,F,39
1665,2023-10-11,Bengaluru,F,37
1666,2023-08-02,Mumbai,M,39
1667,2024-02-10,Pune,F,31
1668,2024-01-01,Delhi,M,32
1669,2023-10-15,Bengaluru,M,24
1670,2024-01-27,Delhi,M,40
1671,2024-02-17,Ahmedabad,M,40
1672,2023-11-03,Chennai,F,35
1673,2023-05-25,Ahmedabad,M,64
1674,2024-02-14,Mumbai,M,23
1675,2024-01-23,Kolkata,F,60
1676,2024-06-15,Bengaluru,,58
1677,2023-03-22,Bengaluru,F,19
1678,2023-08-15,Ahmedabad,F,50
1679,2024-05-14,Bengaluru,F,27
1680,2023-10-05,Hyderabad,M,19
1681,2024-05-24,Chennai,M,58
1682,2023-01-07,Mumbai,M,23
1683,2023-01-19,Chennai,M,32
1684,2024-03-05,Delhi,,22
1685,2023-07-13,Hyderabad,F,24
1686,2023-10-08,Kolkata,,20
1687,2023-08-20,Pune,F,57
1688,2023-08-09,Mumbai,F,150
1689,2024-05-22,Pune,F,53
1690,2023-02-20,Delhi,F,25
1691,2024-02-21,Pune,M,61
1692,2024-04-25,Chennai,M,57
1693,2023-12-22,Bengaluru,F,47
1694,2023-08-02,Kolkata,M,56
1695,2023-03-28,Mumbai,F,32
1696,2024-01-04,Bengaluru,M,54
1697,2023-09-11,Pune,F,28
1698,2023-03-22,Hyderabad,M,46
1699,2023-07-14,Mumbai,M,61
1700,2024-06-03,Pune,F,52
1701,2023-05-24,Mumbai,M,30
1702,2023-04-07,Kolkata,,52
1703,2024-01-04,Pune,M,59
1704,2023-04-18,Bengaluru,M,59
1705,2024-05-11,Chennai,M,52
1706,2024-04-08,Chennai,F,52
1707,2024-06-15,Mumbai,F,54
1708,2024-05-07,Pune,M,52
1709,2023-05-12,delhi ,M,24
1710,2023-04-25,Mumbai,F,55
1711,2023-07-05,Chennai,F,26
1712,2023-09-11,Delhi,M,44
1713,2024-04-20,Delhi,M,33
1714,2024-02-01,Pune,M,28
1715,2023-12-14,Bengaluru,M,31
1716,2024-04-19,Mumbai,F,21
1717,2023-12-15,Bengaluru,,38
1718,2023-07-24,Pune,,37
1719,2023-08-12,Ahmedabad,F,36
1720,2023-10-07,Chennai,M,22
1721,2023-02-17,Mumbai,,46
1722,2024-02-05,Pune,M,25
1723,2023-12-19,Delhi,M,58
1724,2024-01-30,Mumbai,F,19
1725,2023-10-16,Mumbai,M,20
1726,2024-02-27,Hyderabad,F,32
1727,2024-05-27,Bengaluru,,150
1728,2023-11-04,Mumbai,F,63
1729,2023-08-28,Bengaluru,F,42
1730,2023-02-26,Mumbai,M,35
1731,2024-02-25,Ahmedabad,M,57
1732,2024-05-03,Pune,F,29
1733,2024-01-13,Chennai,F,60
1734,2024-04-12,Chennai,F,36
1735,2024-04-10,Pune,M,32
1736,2024-03-06,Mumbai,M,32
1737,2023-09-29,Delhi,M,18
1738,2023-02-23,Hyderabad,F,49
1739,2023-01-02,Bengaluru,F,45
1740,2023-04-21,Bengaluru,,47
1741,2023-08-21,Kolkata,M,48
1742,2024-02-06,Kolkata,F,19
1743,2023-09-04,Delhi,M,59
1744,2023-01-13,Bengaluru,M,42
1745,2023-04-24,Chennai,M,50
1746,2024-06-12,Mumbai,F,19
1747,2024-06-17,Hyderabad,M,53
1748,2023-07-23,Pune,M,49
1749,2024-03-10,Mumbai,F,35
1750,2024-01-24,Kolkata,F,61
1751,2024-05-17,Delhi,M,48
1752,2024-04-24,Mumbai,M,60
1753,2023-12-06,Mumbai,F,56
1754,2023-08-02,Bengaluru,F,27
1755,2023-12-05,Kolkata,F,64
1756,2023-06-22,Pune,M,52
1757,2023-07-07,Pune,F,26
1758,2023-11-25,Delhi,F,55
1759,2023-11-05,Ahmedabad,M,38
1760,2023-11-10,Mumbai,M,58
1761,2023-07-27,ahmedabad ,,26
1762,2023-08-09,Hyderabad,M,30
1763,2023-01-06,Mumbai,F,34
1764,2023-11-21,Kolkata,F,39
1765,2023-11-07,Chennai,M,47
1766,2024-05-20,Bengaluru,F,28
1767,2023-09-30,Delhi,M,51
1768,2023-09-10,Kolkata,F,19
1769,2023-02-06,Kolkata,F,33
1770,2023-04-17,Chennai,F,48
1771,2023-07-02,Ahmedabad,M,30
1772,2023-07-23,Delhi,F,38
1773,2023-07-15,Kolkata,F,46
1774,2023-08-01,Hyderabad,F,29
1775,2024-02-20,Mumbai,F,63
1776,2023-03-12,Pune,M,57
1777,2023-06-29,Delhi,F,63
1778,2023-03-29,Hyderabad,M,41
1779,2023-06-16,Mumbai,M,34
1780,2024-01-05,Chennai,F,64
1781,2023-01-26,Pune,F,52
1782,2023-07-03,Delhi,,55
1783,2023-01-13,Bengaluru,M,26
1784,2024-05-30,Mumbai,M,58
1785,2024-01-28,Hyderabad,F,42
1786,2023-05-12,Mumbai,M,54
1787,2023-04-18,Hyderabad,F,56
1788,2023-02-23,Mumbai,F,22
1789,2023-09-13,Ahmedabad,M,22
1790,2024-02-11,Bengaluru,M,21
1791,2023-11-12,Pune,M,48
1792,2024-04-20,pune ,F,61
1793,2023-07-05,Pune,F,19
1794,2023-05-31,Bengaluru,M,24
1795,2023-09-16,Kolkata,M,40
1796,2023-04-20,delhi ,M,36
1797,2024-06-10,Delhi,M,22
1798,2023-04-11,Bengaluru,F,46
1799,2023-09-16,Bengaluru,F,60
1800,2023-10-09,Chennai,M,27
1801,2023-01-31,Delhi,F,18
1802,2023-09-10,Chennai,M,28
1803,2023-09-03,Ahmedabad,M,26
1804,2023-05-21,Delhi,F,39
1805,2023-03-11,pune ,M,23
1806,2023-01-25,Mumbai,M,34
1807,2023-01-05,Bengaluru,F,23
1808,2023-09-18,Delhi,F,49
1809,2023-02-18,Hyderabad,M,40
1810,2024-06-02,Bengaluru,F,21
1811,2023-05-13,Bengaluru,M,20
1812,2023-12-19,Kolkata,F,40
1813,2023-12-30,Mumbai,M,45
1814,2023-09-25,Kolkata,F,26
1815,2024-04-22,Pune,M,33
1816,2023-03-01,bengaluru ,F,46
1817,2023-05-07,Hyderabad,F,40
1818,2023-05-17,Kolkata,M,23
1819,2023-03-15,Hyderabad,F,36
1820,2023-06-09,Delhi,M,27
1821,2023-06-18,Kolkata,F,61
1822,2024-02-17,Bengaluru,M,55
1823,2023-06-12,Bengaluru,M,32
1824,2024-04-18,Pune,F,29
1825,2024-02-22,Mumbai,M,24
1826,2024-05-01,Bengaluru,F,52
1827,2023-02-26,Pune,F,61
1828,2024-06-15,Chennai,M,30
1829,2023-11-28,Kolkata,M,48
1830,2024-06-14,Hyderabad,F,29
1831,2023-07-11,Pune,F,61
1832,2024-05-29,Hyderabad,M,32
1833,2023-11-14,Pune,M,22
1834,2023-02-08,Delhi,F,59
1835,2023-08-10,Kolkata,F,62
1836,2023-03-16,Pune,F,36
1837,2024-05-23,Pune,M,60
1838,2023-06-14,Pune,F,29
1839,2023-05-01,Bengaluru,F,30
1840,2023-10-26,Kolkata,M,43
1841,2023-08-18,Mumbai,M,46
1842,2023-02-22,Mumbai,M,36
1843,2024-03-16,Bengaluru,F,55
1844,2024-04-01,Mumbai,M,55
1845,2024-02-06,Chennai,F,23
1846,2023-11-30,Hyderabad,F,64
1847,2023-08-06,Chennai,M,25
1848,2023-10-20,hyderabad ,F,42
1849,2023-10-09,Bengaluru,F,37
1850,2023-03-31,Kolkata,M,39
1851,2023-02-14,Mumbai,F,24
1852,2023-05-17,Pune,F,34
1853,2023-09-03,Bengaluru,M,19
1854,2023-03-28,Pune,F,63
1855,2023-02-27,Hyderabad,F,24
1856,2024-04-05,Chennai,M,40
1857,2023-07-22,Ahmedabad,,28
1858,2023-11-12,Mumbai,F,26
1859,2023-10-10,Delhi,F,36
1860,2024-02-01,Chennai,M,63
1861,2024-02-04,Mumbai,M,40
1862,2023-06-09,Bengaluru,M,63
1863,2024-04-02,Bengaluru,F,56
1864,2023-07-20,Ahmedabad,F,38
1865,2024-03-27,Chennai,F,60
1866,2023-08-07,Pune,M,34
1867,2023-03-01,Delhi,F,41
1868,2024-02-15,Bengaluru,F,49
1869,2023-01-17,Mumbai,F,45
1870,2024-02-22,Delhi,F,56
1871,2023-01-24,Mumbai,F,25
1872,2023-04-22,Pune,M,41
1873,2023-11-22,Bengaluru,F,49
1874,2024-05-23,Mumbai,,33
1875,2023-08-09,Bengaluru,F,58
1876,2023-03-07,Mumbai,M,32
1877,2023-05-06,Chennai,,32
1878,2024-04-28,Mumbai,M,33
1879,2024-01-28,Hyderabad,M,49
1880,2023-02-24,Pune,M,23
1881,2023-07-27,Bengaluru,M,24
1882,2023-05-23,Delhi,M,54
1883,2023-04-07,mumbai ,F,27
1884,2024-04-02,Delhi,F,22
1885,2023-11-30,Kolkata,M,30
1886,2023-04-07,Hyderabad,F,36
1887,2023-12-18,Mumbai,F,19
1888,2023-08-12,Mumbai,F,57
1889,2023-02-03,Chennai,M,23
1890,2023-08-31,Bengaluru,M,36
1891,2023-04-11,Mumbai,F,27
1892,2023-05-13,Chennai,F,31
1893,2024-04-19,Bengaluru,F,20
1894,2024-01-19,Bengaluru,M,62
1895,2023-03-14,Delhi,F,62
1896,2024-04-04,Delhi,F,23
1897,2023-11-07,Mumbai,F,27
1898,2024-04-17,Chennai,F,59
1899,2024-02-08,Mumbai,F,37
1900,2023-07-03,Chennai,F,20
1901,2023-10-16,Kolkata,F,24
1902,2023-10-14,Chennai,F,37
1903,2024-01-24,Pune,F,44
1904,2023-05-15,mumbai ,M,47
1905,2023-06-29,Delhi,F,25
1906,2023-05-13,Bengaluru,F,35
1907,2023-06-09,Hyderabad,F,30
1908,2023-03-29,Delhi,M,43
1909,2023-01-20,Hyderabad,F,33
1910,2024-05-22,Mumbai,F,27
1911,2023-02-10,Delhi,M,56
1912,2024-04-24,Pune,M,44
1913,2023-01-02,Chennai,M,40
1914,2024-02-24,Mumbai,,24
1915,2023-06-27,Mumbai,F,21
1916,2023-10-07,Chennai,F,55
1917,2023-06-02,Bengaluru,M,63
1918,2023-09-22,Pune,F,45
1919,2023-09-01,Pune,F,19
1920,2023-10-14,Bengaluru,,40
1921,2023-08-01,Mumbai,M,31
1922,2023-10-17,Mumbai,M,20
1923,2024-03-21,Bengaluru,F,24
1924,2023-08-23,Mumbai,M,41
1925,2023-07-15,Bengaluru,F,38
1926,2023-03-13,Delhi,F,44
1927,2023-07-14,Mumbai,M,50
1928,2023-03-09,Mumbai,M,30
1929,2023-04-09,Mumbai,F,31
1930,2024-05-29,Pune,F,49
1931,2023-02-18,Mumbai,F,150
1932,2023-09-18,Hyderabad,M,21
1933,2024-03-26,Kolkata,F,58
1934,2024-05-29,Delhi,M,27
1935,2023-03-21,Bengaluru,F,23
1936,2023-03-30,Bengaluru,F,52
1937,2023-07-21,Kolkata,M,42
1938,2023-10-27,Mumbai,F,24
1939,2024-06-02,Mumbai,F,57
1940,2023-04-23,Mumbai,M,29
1941,2023-03-30,Pune,F,49
1942,2023-05-17,Mumbai,F,48
1943,2024-04-17,Hyderabad,F,56
1944,2023-01-17,Hyderabad,M,52
1945,2023-07-25,pune ,F,51
1946,2023-03-06,Delhi,M,20
1947,2023-03-26,Delhi,F,62
1948,2024-05-10,Delhi,F,23
1949,2023-01-01,Bengaluru,M,29
1950,2023-06-23,Pune,M,38
1951,2024-05-09,Kolkata,F,31
1952,2023-11-25,Ahmedabad,M,45
1953,2023-02-08,Bengaluru,F,20
1954,2023-09-09,Bengaluru,F,39
1955,2024-06-08,Bengaluru,F,34
1956,2023-08-05,Delhi,M,48
1957,2023-10-13,Mumbai,M,42
1958,2023-10-15,Bengaluru,M,53
1959,2023-12-23,Pune,F,25
1960,2023-04-12,Kolkata,,62
1961,2024-03-29,Delhi,F,36
1962,2024-06-17,Delhi,M,34
1963,2023-03-18,delhi ,M,43
1964,2024-03-17,ahmedabad ,M,25
1965,2024-03-17,Mumbai,,56
1966,2024-02-05,Mumbai,M,30
1967,2023-07-20,Mumbai,M,61
1968,2023-09-11,Bengaluru,F,24
1969,2024-03-29,Ahmedabad,F,58
1970,2023-03-24,Mumbai,M,36
1971,2024-03-23,Hyderabad,F,46
1972,2024-05-12,Mumbai,M,59
1973,2024-01-04,Bengaluru,M,24
1974,2023-07-04,Pune,M,34
1975,2023-10-29,Delhi,M,62
1976,2023-01-28,Bengaluru,,24
1977,2024-05-18,Bengaluru,F,22
1978,2023-07-04,Mumbai,F,42
1979,2023-01-31,Kolkata,M,19
1980,2024-03-05,Ahmedabad,F,64
1981,2023-12-22,Delhi,,60
1982,2023-12-03,bengaluru ,M,26
1983,2023-01-30,Kolkata,,26
1984,2024-02-10,Mumbai,F,54
1985,2023-12-11,Hyderabad,F,42
1986,2024-03-04,Mumbai,M,56
1987,2024-03-22,Chennai,F,63
1988,2023-04-25,Pune,F,36
1989,2023-04-24,Mumbai,F,29
1990,2024-05-13,Bengaluru,F,47
1991,2023-10-14,Bengaluru,M,47
1992,2023-08-25,Hyderabad,F,38
1993,2023-06-05,Ahmedabad,F,32
1994,2023-12-12,Pune,F,30
1995,2024-02-12,Mumbai,M,42
1996,2023-01-02,Delhi,M,38
1997,2023-10-26,Delhi,M,39
1998,2024-06-20,Delhi,M,22
1999,2023-06-01,Hyderabad,,59
2000,2023-06-01,Chennai,M,51
2001,2024-04-19,Pune,F,61
2002,2023-02-03,Delhi,F,56
2003,2023-08-03,Bengaluru,F,47
2004,2023-09-05,Delhi,M,32
2005,2024-03-06,Mumbai,F,48
2006,2023-03-11,Delhi,F,44
2007,2023-08-23,Delhi,F,61
2008,2023-03-24,Mumbai,M,28
2009,2024-03-01,chennai ,F,19
2010,2023-12-08,Delhi,M,23
2011,2023-09-26,Bengaluru,F,26
2012,2023-08-01,Bengaluru,M,49
2013,2023-03-24,hyderabad ,M,24
2014,2024-05-12,Mumbai,F,24
2015,2023-12-16,Pune,M,36
2016,2023-06-22,Mumbai,F,54
2017,2023-08-12,Delhi,F,37
2018,2024-01-28,Mumbai,M,30
2019,2024-01-24,Chennai,M,31
2020,2023-09-06,Mumbai,M,56
2021,2023-06-13,Pune,F,38
2022,2023-12-23,Delhi,F,35
2023,2023-12-22,Chennai,M,54
2024,2023-11-20,Hyderabad,F,35
2025,2023-02-09,Chennai,M,34
2026,2023-09-13,Bengaluru,F,53
2027,2023-11-28,Chennai,F,33
2028,2024-05-28,Chennai,M,41
2029,2023-10-11,Mumbai,F,49
2030,2023-07-05,Bengaluru,M,27
2031,2023-10-28,Chennai,F,24
2032,2023-04-06,Mumbai,F,57
2033,2023-02-18,Bengaluru,,31
2034,2024-01-02,Delhi,F,33
2035,2024-06-16,Bengaluru,F,45
2036,2024-04-01,Pune,M,22
2037,2023-11-12,Bengaluru,F,20
2038,2023-01-22,Hyderabad,M,37
2039,2024-06-17,Mumbai,F,63
2040,2023-08-31,Delhi,M,44
2041,2023-06-06,Pune,,45
2042,2024-04-26,Pune,F,46
2043,2024-02-08,Ahmedabad,M,58
2044,2024-02-09,Delhi,F,57
2045,2023-05-30,Delhi,F,19
2046,2024-06-19,Mumbai,M,43
2047,2023-09-02,Ahmedabad,F,43
2048,2023-10-14,Mumbai,F,28
2049,2024-02-10,Chennai,F,63
2050,2023-12-23,Mumbai,M,30
2051,2023-04-04,Pune,F,57
2052,2023-06-13,Chennai,M,22
2053,2023-07-15,Pune,F,46
2054,2024-05-26,Bengaluru,M,52
2055,2024-01-21,Mumbai,M,41
2056,2023-07-17,Chennai,M,22
2057,2024-02-01,Chennai,M,23
2058,2024-02-03,Chennai,F,46
2059,2023-08-01,Pune,F,58
2060,2023-08-06,Chennai,F,46
2061,2024-04-27,Ahmedabad,F,22
2062,2023-10-31,Mumbai,M,54
2063,2023-03-22,Mumbai,M,39
2064,2024-01-24,Kolkata,F,21
2065,2023-11-15,Mumbai,F,35
2066,2023-10-02,Bengaluru,F,27
2067,2024-01-27,Chennai,M,64
2068,2024-05-04,Pune,F,60
2069,2023-06-28,Bengaluru,M,22
2070,2023-08-15,Bengaluru,F,44
2071,2023-04-13,Mumbai,M,18
2072,2023-12-16,Hyderabad,F,39
2073,2023-08-06,Mumbai,M,25
2074,2023-07-04,Delhi,F,53
2075,2024-01-12,Kolkata,M,21
2076,2023-08-09,Mumbai,F,60
2077,2023-09-08,Kolkata,M,28
2078,2023-08-26,Pune,F,150
2079,2023-05-20,Delhi,M,59
2080,2023-03-09,Pune,M,60
2081,2024-03-22,Bengaluru,F,22
2082,2023-02-19,Kolkata,M,23
2083,2023-06-25,Kolkata,M,58
2084,2023-12-27,Ahmedabad,F,63
2085,2023-03-12,Bengaluru,F,40
2086,2023-12-20,Chennai,F,25
2087,2024-01-31,Bengaluru,M,25
2088,2023-12-24,Hyderabad,F,30
2089,2023-06-14,Bengaluru,F,50
2090,2023-01-11,Hyderabad,M,22
2091,2024-04-24,Mumbai,F,48
2092,2023-06-26,Delhi,M,55
2093,2024-03-10,Chennai,F,24
2094,2023-04-17,Mumbai,F,64
2095,2023-03-29,Mumbai,F,64
2096,2024-02-25,Ahmedabad,F,31
2097,2024-05-22,Delhi,M,23
2098,2024-04-09,Mumbai,M,33
2099,2024-02-10,Delhi,F,30
2100,2023-05-14,Delhi,F,31
2101,2024-05-08,Bengaluru,F,61
2102,2023-12-27,Hyderabad,M,25
2103,2023-04-03,Ahmedabad,F,32
2104,2023-03-11,Bengaluru,M,55
2105,2024-04-15,Chennai,M,20
2106,2023-05-29,Delhi,F,20
2107,2024-02-18,Hyderabad,F,150
2108,2023-03-16,Mumbai,F,63
2109,2023-06-01,Pune,,57
2110,2023-06-03,Ahmedabad,M,61
2111,2023-06-01,Hyderabad,F,58
2112,2023-12-31,Mumbai,F,23
2113,2024-05-08,Bengaluru,F,36
2114,2024-05-06,Delhi,M,42
2115,2024-02-05,Delhi,M,150
2116,2023-04-20,Mumbai,M,64
2117,2024-06-02,Mumbai,M,46
2118,2023-10-20,Bengaluru,M,58
2119,2023-10-22,Delhi,F,30
2120,2024-01-14,bengaluru ,F,51
2121,2024-02-20,Mumbai,M,22
2122,2024-05-29,Hyderabad,F,19
2123,2023-11-11,Bengaluru,F,48
2124,2023-11-26,Hyderabad,F,21
2125,2024-02-07,Pune,F,30
2126,2023-05-18,Bengaluru,F,55
2127,2023-06-16,Kolkata,M,41
2128,2023-12-04,Delhi,M,35
2129,2023-02-04,Mumbai,F,31
2130,2023-06-23,Mumbai,F,49
2131,2024-01-23,Mumbai,F,62
2132,2024-06-11,Delhi,,52
2133,2023-10-08,Delhi,M,34
2134,2023-08-04,Mumbai,M,37
2135,2023-08-26,Bengaluru,F,22
2136,2024-01-06,Pune,M,24
2137,2023-10-22,Delhi,F,30
2138,2023-01-13,Chennai,F,36
2139,2023-10-19,Mumbai,F,64
2140,2023-08-05,Mumbai,M,58
2141,2024-01-14,Mumbai,F,23
2142,2024-04-17,Pune,M,33
2143,2024-06-03,Delhi,F,20
2144,2023-11-26,Pune,M,20
2145,2023-07-15,Mumbai,F,35
2146,2023-08-28,Ahmedabad,F,63
2147,2023-04-06,Hyderabad,M,26
2148,2024-05-20,Mumbai,F,49
2149,2024-04-02,Mumbai,M,36
2150,2024-04-06,Delhi,M,43
2151,2023-06-27,Kolkata,F,58
2152,2023-06-23,Kolkata,F,56
2153,2024-04-07,Mumbai,M,56
2154,2023-10-22,Mumbai,F,37
2155,2024-01-16,Delhi,F,20
2156,2023-09-22,Hyderabad,F,64
2157,2023-08-28,Hyderabad,M,64
2158,2023-12-08,Pune,M,58
2159,2024-03-15,Bengaluru,F,40
2160,2023-06-30,mumbai ,M,31
2161,2024-03-12,Chennai,M,26
2162,2023-05-12,Hyderabad,F,35
2163,2023-08-06,Delhi,M,33
2164,2024-05-07,pune ,F,30
2165,2024-05-30,Bengaluru,M,62
2166,2024-05-13,Delhi,F,48
2167,2023-06-20,Kolkata,,28
2168,2024-03-31,Delhi,,48
2169,2024-05-20,Hyderabad,F,51
2170,2024-06-12,Mumbai,F,42
2171,2023-01-12,Mumbai,M,62
2172,2024-02-07,Mumbai,,63
2173,2024-06-22,Pune,F,38
2174,2024-02-17,Mumbai,F,40
2175,2023-05-06,Bengaluru,M,28
2176,2024-02-16,Mumbai,M,150
2177,2023-02-26,Pune,F,61
2178,2023-09-17,Mumbai,F,48
2179,2023-12-05,Pune,M,27
2180,2023-09-04,Hyderabad,M,42
2181,2024-01-13,Hyderabad,F,55
2182,2023-05-10,Pune,M,19
2183,2023-11-24,Chennai,F,45
2184,2023-12-15,Chennai,M,48
2185,2023-12-09,Ahmedabad,M,43
2186,2023-06-06,Delhi,M,48
2187,2023-06-14,Mumbai,F,60
2188,2023-05-20,Delhi,F,23
2189,2023-09-07,Hyderabad,M,44
2190,2023-11-13,Chennai,M,55
2191,2023-07-15,Delhi,M,56
2192,2023-08-10,mumbai ,M,39
2193,2023-06-04,Chennai,F,64
2194,2023-04-29,Hyderabad,M,33
2195,2023-12-22,Delhi,F,38
2196,2024-03-16,Bengaluru,M,56
2197,2023-06-06,Delhi,M,38
2198,2024-04-09,Delhi,M,34
2199,2023-11-05,Bengaluru,M,44
2200,2023-04-01,Chennai,M,47
2201,2023-07-17,Ahmedabad,M,63
2202,2023-01-05,Delhi,M,47
2203,2023-01-22,Delhi,,26
2204,2023-07-01,Delhi,M,20
2205,2023-09-03,Mumbai,M,63
2206,2024-03-06,Mumbai,M,37
2207,2023-03-14,Pune,F,27
2208,2024-03-29,Delhi,F,28
2209,2023-05-07,Mumbai,F,22
2210,2023-03-16,Delhi,F,27
2211,2024-01-13,Kolkata,F,54
2212,2024-02-23,Mumbai,M,48
2213,2023-11-23,Bengaluru,F,46
2214,2023-03-04,hyderabad ,F,18
2215,2023-03-04,Bengaluru,M,49
2216,2023-07-30,Mumbai,F,63
2217,2023-09-01,Delhi,M,61
2218,2024-06-23,Bengaluru,M,36
2219,2023-06-04,Bengaluru,F,46
2220,2023-04-14,Mumbai,M,32
2221,2024-05-25,Delhi,F,59
2222,2023-03-25,Bengaluru,,61
2223,2023-01-15,Mumbai,F,28
2224,2023-08-17,Bengaluru,M,40
2225,2023-08-05,Pune,F,29
2226,2023-12-01,Delhi,F,46
2227,2024-04-18,Kolkata,M,31
2228,2024-05-18,Mumbai,M,50
2229,2023-06-06,Bengaluru,F,64
2230,2024-06-13,Delhi,F,58
2231,2023-12-08,Mumbai,M,26
2232,2023-02-07,Hyderabad,M,24
2233,2024-05-21,Delhi,,56
2234,2023-03-16,Mumbai,M,21
2235,2023-11-14,Hyderabad,M,36
2236,2024-03-02,Chennai,F,64
2237,2023-05-15,Chennai,M,39
2238,2023-05-27,Pune,M,18
2239,2023-09-15,Mumbai,F,63
2240,2024-04-22,Bengaluru,F,51
2241,2023-05-01,Mumbai,F,33
2242,2023-12-25,Mumbai,M,46
2243,2023-09-02,Chennai,F,46
2244,2023-03-02,mumbai ,F,43
2245,2024-01-19,Pune,F,63
2246,2024-03-25,Pune,F,54
2247,2023-11-07,Delhi,F,30
2248,2023-04-06,Bengaluru,F,64
2249,2023-03-26,Hyderabad,F,63
2250,2023-08-17,Pune,M,20
2251,2023-10-01,Mumbai,F,31
2252,2023-10-26,Bengaluru,F,46
2253,2023-05-12,Delhi,M,59
2254,2023-09-28,Delhi,M,51
2255,2023-06-09,Hyderabad,F,44
2256,2024-01-06,bengaluru ,M,32
2257,2024-03-06,Delhi,F,22
2258,2023-12-19,Ahmedabad,F,59
2259,2023-01-01,Pune,M,43
2260,2024-06-19,Hyderabad,M,39
2261,2023-01-13,Bengaluru,F,64
2262,2024-06-23,Bengaluru,M,25
2263,2023-01-18,Hyderabad,F,29
2264,2023-10-06,Bengaluru,M,58
2265,2023-02-27,Delhi,M,31
2266,2023-02-21,Mumbai,F,62
2267,2024-01-05,Bengaluru,M,58
2268,2024-01-29,Bengaluru,F,22
2269,2023-03-05,Mumbai,F,39
2270,2024-06-11,Chennai,M,53
2271,2023-06-23,Bengaluru,M,41
2272,2023-06-21,Delhi,F,28
2273,2023-06-10,Pune,F,20
2274,2023-09-07,Delhi,F,18
2275,2023-04-07,Pune,F,26
2276,2023-08-18,Pune,M,30
2277,2023-04-24,Delhi,M,32
2278,2023-01-28,Pune,F,58
2279,2023-07-19,Mumbai,F,41
2280,2023-12-30,Bengaluru,F,24
2281,2024-02-17,Mumbai,M,21
2282,2023-07-10,Ahmedabad,F,24
2283,2023-06-24,Hyderabad,F,32
2284,2024-03-01,Bengaluru,M,52
2285,2024-01-03,Ahmedabad,F,20
2286,2024-03-25,Hyderabad,F,37
2287,2024-05-04,Mumbai,M,39
2288,2024-03-19,Chennai,M,24
2289,2024-05-20,Mumbai,M,20
2290,2023-08-13,Chennai,F,28
2291,2023-08-02,Delhi,M,25
2292,2023-06-23,Pune,M,55
2293,2023-05-08,Mumbai,M,61
2294,2024-02-09,Ahmedabad,M,47
2295,2024-01-21,Mumbai,M,53
2296,2024-03-08,Mumbai,F,53
2297,2023-04-01,Mumbai,M,59
2298,2023-09-23,Delhi,M,22
2299,2023-04-30,Kolkata,M,64
2300,2024-04-27,chennai ,M,39
2301,2023-05-25,Delhi,M,43
2302,2023-03-19,Mumbai,F,55
2303,2023-11-04,Pune,F,41
2304,2024-04-19,Delhi,F,30
2305,2024-05-09,Kolkata,M,18
2306,2023-02-21,Chennai,F,25
2307,2023-06-25,Delhi,F,21
2308,2023-03-24,Bengaluru,M,35
2309,2023-06-16,Delhi,M,54
2310,2023-10-16,Bengaluru,F,33
2311,2023-06-01,Bengaluru,M,46
2312,2023-02-06,Chennai,M,26
2313,2023-10-03,Bengaluru,F,45
2314,2023-01-29,Hyderabad,M,62
2315,2023-05-03,Delhi,,32
2316,2023-01-01,Pune,M,40
2317,2023-02-16,Mumbai,M,63
2318,2023-08-24,Bengaluru,M,46
2319,2024-04-04,Bengaluru,M,36
2320,2024-02-23,Bengaluru,F,23
2321,2023-02-23,chennai ,F,62
2322,2023-01-19,mumbai ,F,46
2323,2023-07-02,bengaluru ,F,20
2324,2023-12-19,Chennai,M,44
2325,2024-02-08,Delhi,M,63
2326,2024-03-20,Delhi,M,61
2327,2023-07-04,Mumbai,F,27
2328,2023-04-01,Delhi,F,37
2329,2023-01-15,Kolkata,M,64
2330,2023-03-21,Hyderabad,F,54
2331,2023-02-05,Bengaluru,F,44
2332,2024-04-09,Mumbai,M,32
2333,2023-05-25,Chennai,F,53
2334,2024-03-20,Chennai,F,45
2335,2023-10-26,Delhi,F,150
2336,2023-10-19,Kolkata,M,61
2337,2023-09-03,Pune,M,35
2338,2024-03-18,Pune,M,47
2339,2023-01-24,Mumbai,F,20
2340,2023-02-20,Mumbai,,51
2341,2023-08-17,hyderabad ,F,43
2342,2023-08-02,Delhi,M,59
2343,2023-10-22,Mumbai,M,33
2344,2024-02-03,Delhi,F,61
2345,2023-11-14,Delhi,M,45
2346,2023-05-20,Mumbai,F,27
2347,2023-06-26,Mumbai,F,25
2348,2024-02-11,Bengaluru,M,27
2349,2023-04-19,Mumbai,M,32
2350,2023-09-30,Chennai,M,43
2351,2023-10-18,Mumbai,M,58
2352,2024-02-10,Chennai,F,64
2353,2024-01-21,Kolkata,M,49
2354,2023-09-08,Mumbai,M,41
2355,2023-06-16,Pune,M,46
2356,2023-07-18,Hyderabad,M,33
2357,2023-08-11,Delhi,F,29
2358,2023-04-29,Bengaluru,F,43
2359,2023-12-04,Pune,F,56
2360,2023-04-23,Mumbai,F,21
2361,2023-12-17,Bengaluru,M,23
2362,2024-02-10,Hyderabad,F,26
2363,2024-06-03,Mumbai,M,27
2364,2023-03-06,Chennai,F,24
2365,2024-02-15,Bengaluru,M,24
2366,2023-02-16,Pune,M,19
2367,2023-07-02,Mumbai,M,150
2368,2023-04-06,Mumbai,F,51
2369,2023-03-29,Delhi,M,25
2370,2023-04-05,Bengaluru,F,33
2371,2023-01-24,delhi ,M,63
2372,2024-03-20,Mumbai,F,25
2373,2023-02-03,Chennai,F,64
2374,2023-08-04,Bengaluru,M,42
2375,2024-01-13,Bengaluru,M,52
2376,2024-06-18,Bengaluru,M,33
2377,2024-04-06,Mumbai,F,33
2378,2023-03-16,Chennai,F,36
2379,2024-06-17,Delhi,M,24
2380,2023-12-19,Delhi,M,32
2381,2023-04-07,Mumbai,M,60
2382,2023-08-31,Bengaluru,M,18
2383,2024-05-10,Bengaluru,F,44
2384,2023-08-01,Delhi,M,50
2385,2023-04-10,Hyderabad,M,24
2386,2024-04-17,Kolkata,F,23
2387,2024-05-29,pune ,F,43
2388,2024-06-10,Chennai,F,28
2389,2024-05-31,Delhi,M,63
2390,2024-04-16,Ahmedabad,F,26
2391,2023-09-03,Mumbai,F,150
2392,2023-04-14,Mumbai,F,33
2393,2023-11-30,Delhi,M,33
2394,2023-04-30,Mumbai,F,25
2395,2023-09-13,Chennai,F,49
2396,2023-12-21,Delhi,F,34
2397,2024-05-26,Mumbai,F,42
2398,2023-06-06,Bengaluru,F,29
2399,2023-05-17,Hyderabad,F,22
2400,2024-02-01,Kolkata,F,20
2401,2023-01-04,Delhi,M,20
2402,2023-11-02,mumbai ,M,58
2403,2024-02-07,Mumbai,F,30
2404,2023-10-25,Hyderabad,F,32
2405,2023-07-27,Chennai,F,45
2406,2024-03-23,Bengaluru,F,22
2407,2023-07-20,Hyderabad,F,46
2408,2024-01-19,Mumbai,F,42
2409,2023-09-08,Chennai,M,55
2410,2023-01-15,Mumbai,F,23
2411,2023-10-14,Mumbai,M,18
2412,2023-01-27,Delhi,F,54
2413,2024-05-17,Delhi,F,35
2414,2023-11-21,Hyderabad,M,20
2415,2023-07-20,Delhi,M,44
2416,2023-09-20,Kolkata,M,39
2417,2023-12-01,Chennai,F,62
2418,2023-05-21,Bengaluru,M,62
2419,2023-06-05,Hyderabad,M,43
2420,2023-08-15,Delhi,F,25
2421,2023-05-20,Delhi,M,53
2422,2024-02-14,mumbai ,F,27
2423,2023-02-26,Mumbai,F,57
2424,2024-03-22,Hyderabad,M,46
2425,2023-07-08,Delhi,M,34
2426,2023-10-31,Delhi,,64
2427,2023-03-27,Mumbai,F,42
2428,2023-07-28,Delhi,M,36
2429,2024-02-12,chennai ,F,26
2430,2023-05-27,Mumbai,F,48
2431,2023-03-13,Chennai,M,30
2432,2023-10-09,Bengaluru,F,25
2433,2023-03-29,Kolkata,F,23
2434,2023-06-19,Mumbai,M,48
2435,2023-09-01,Bengaluru,F,61
2436,2023-11-01,Mumbai,M,29
2437,2023-12-12,Delhi,M,28
2438,2024-01-01,Chennai,M,46
2439,2024-03-31,Bengaluru,F,24
2440,2023-02-05,Mumbai,F,22
2441,2023-07-15,Hyderabad,F,47
2442,2023-01-01,Pune,M,42
2443,2023-01-06,Bengaluru,F,19
2444,2023-04-25,Ahmedabad,F,29
2445,2023-11-19,Bengaluru,M,27
2446,2024-04-28,Kolkata,M,50
2447,2024-02-22,Bengaluru,F,49
2448,2023-12-15,Kolkata,M,53
2449,2024-02-25,Bengaluru,F,22
2450,2023-04-03,Chennai,F,57
2451,2024-03-29,Mumbai,M,27
2452,2024-04-25,Chennai,,64
2453,2023-02-21,Mumbai,F,58
2454,2023-09-11,Ahmedabad,F,39
2455,2024-03-24,Mumbai,F,54
2456,2023-09-15,Mumbai,M,49
2457,2024-03-29,Hyderabad,F,54
2458,2024-05-20,Mumbai,M,18
2459,2023-09-14,Delhi,M,21
2460,2023-02-02,Chennai,M,60
2461,2023-07-03,Mumbai,M,54
2462,2023-04-27,Mumbai,M,46
2463,2023-09-14,Delhi,M,32
2464,2023-11-13,Mumbai,,37
2465,2023-09-08,Mumbai,M,36
2466,2023-04-16,Pune,M,38
2467,2023-06-12,Delhi,M,47
2468,2024-01-02,Mumbai,F,53
2469,2023-01-15,Pune,M,36
2470,2023-04-26,Bengaluru,F,57
2471,2024-04-26,bengaluru ,F,22
2472,2023-02-23,Pune,M,55
2473,2023-08-12,Mumbai,,49
2474,2023-04-22,Hyderabad,M,41
2475,2023-02-26,Bengaluru,F,35
2476,2023-08-17,Delhi,M,35
2477,2023-10-09,Delhi,F,34
2478,2023-04-06,Mumbai,F,62
2479,2023-02-12,Kolkata,M,19
2480,2023-03-14,Hyderabad,M,47
2481,2023-12-18,Hyderabad,M,64
2482,2024-04-09,mumbai ,M,43
2483,2023-04-08,Mumbai,,48
2484,2023-06-23,Mumbai,F,46
2485,2023-07-05,Mumbai,F,41
2486,2023-07-14,Delhi,F,47
2487,2023-05-12,Bengaluru,F,60
2488,2023-01-30,mumbai ,F,51
2489,2023-10-11,Hyderabad,M,57
2490,2023-07-12,Pune,M,43
2491,2023-07-04,Pune,M,54
2492,2023-05-23,Hyderabad,M,150
2493,2024-05-16,Chennai,M,27
2494,2023-11-26,Delhi,M,58
2495,2023-08-15,Bengaluru,M,50
2496,2023-04-21,Mumbai,M,38
2497,2024-03-08,Mumbai,M,54
2498,2024-04-24,Delhi,M,25
2499,2023-01-18,Delhi,M,50
2500,2024-05-17,Bengaluru,F,45
2501,2024-01-13,Mumbai,F,59
2502,2023-02-23,Bengaluru,F,47
2503,2024-02-11,Chennai,M,42
2504,2023-02-27,Mumbai,M,42
2505,2023-01-28,Pune,M,44
2506,2023-03-04,Delhi,M,59
2507,2023-09-06,Chennai,M,54
2508,2023-12-01,Bengaluru,,22
2509,2023-08-08,Chennai,M,43
2510,2023-03-07,Delhi,M,31
2511,2023-04-18,Mumbai,F,25
2512,2024-04-05,Bengaluru,F,58
2513,2024-06-03,Mumbai,M,58
2514,2024-02-12,Chennai,M,62
2515,2023-02-25,Mumbai,F,36
2516,2024-03-18,Mumbai,M,38
2517,2024-01-09,Bengaluru,F,54
2518,2023-10-12,Delhi,F,27
2519,2023-03-19,Bengaluru,M,20
2520,2024-06-22,Delhi,F,37
2521,2023-08-28,Hyderabad,M,47
2522,2023-01-24,Kolkata,M,39
2523,2023-04-24,Hyderabad,M,27
2524,2023-08-05,Bengaluru,,42
2525,2023-02-03,Bengaluru,M,62
2526,2023-06-24,Bengaluru,M,30
2527,2023-09-10,Delhi,F,36
2528,2024-05-27,Delhi,M,32
2529,2023-02-16,Bengaluru,F,31
2530,2023-11-08,Pune,F,48
2531,2024-05-09,Pune,F,35
2532,2024-03-11,hyderabad ,F,47
2533,2024-05-14,Pune,F,18
2534,2023-04-02,Bengaluru,M,49
2535,2024-03-08,Bengaluru,,22
2536,2024-06-12,Mumbai,F,35
2537,2023-06-26,Hyderabad,F,59
2538,2023-09-27,Mumbai,F,33
2539,2023-10-14,Hyderabad,F,50
2540,2023-09-24,Chennai,F,34
2541,2023-06-06,Mumbai,M,60
2542,2024-06-08,Mumbai,F,62
2543,2024-05-31,Mumbai,F,60
2544,2023-07-25,Delhi,F,36
2545,2024-03-10,Mumbai,M,32
2546,2023-08-03,Ahmedabad,M,46
2547,2024-03-05,Mumbai,F,56
2548,2023-11-12,Kolkata,M,42
2549,2023-09-11,Mumbai,,52
2550,2023-03-11,Ahmedabad,F,59
2551,2023-12-20,Mumbai,M,53
2552,2023-06-23,Delhi,M,35
2553,2023-04-28,Bengaluru,F,29
2554,2023-04-15,Mumbai,M,38
2555,2024-06-14,kolkata ,F,45
2556,2023-02-25,Mumbai,M,57
2557,2024-03-07,Bengaluru,M,32
2558,2024-04-12,Bengaluru,M,25
2559,2023-01-17,Bengaluru,F,32
2560,2023-11-15,Pune,,45
2561,2023-11-08,Mumbai,F,150
2562,2023-07-13,Mumbai,F,36
2563,2023-12-27,Mumbai,F,30
2564,2023-08-09,Mumbai,M,64
2565,2023-08-26,Hyderabad,F,42
2566,2023-08-22,Bengaluru,F,51
2567,2024-03-08,Bengaluru,M,42
2568,2023-12-08,delhi ,,18
2569,2023-07-24,Mumbai,M,30
2570,2024-05-15,Bengaluru,M,57
2571,2024-03-09,Mumbai,F,42
2572,2024-05-18,Delhi,F,51
2573,2024-01-30,Delhi,M,53
2574,2023-07-31,Bengaluru,F,44
2575,2024-02-22,Ahmedabad,M,45
2576,2023-06-27,Mumbai,F,29
2577,2023-05-27,Delhi,F,29
2578,2023-09-01,Mumbai,M,25
2579,2024-06-07,Delhi,F,31
2580,2023-11-03,Chennai,F,47
2581,2023-07-27,Mumbai,F,61
2582,2023-09-07,Bengaluru,M,38
2583,2023-06-07,delhi ,M,46
2584,2023-12-22,Pune,F,58
2585,2023-07-09,Hyderabad,F,49
2586,2023-10-27,Delhi,F,30
2587,2023-07-19,Kolkata,F,31
2588,2023-06-23,Delhi,F,47
2589,2024-06-07,Hyderabad,M,31
2590,2023-07-06,Mumbai,F,29
2591,2023-02-08,Delhi,F,45
2592,2023-07-24,Chennai,M,47
2593,2023-10-15,Delhi,M,29
2594,2023-02-21,Delhi,F,20
2595,2023-06-15,Ahmedabad,F,54
2596,2023-03-31,Bengaluru,F,36
2597,2023-09-28,Chennai,M,47
2598,2024-01-26,Bengaluru,,26
2599,2024-06-06,Kolkata,M,32
2600,2023-07-30,Hyderabad,M,46
2601,2024-04-11,Bengaluru,,23
2602,2023-04-26,mumbai ,F,32
2603,2024-02-26,Pune,F,51
2604,2023-10-31,Bengaluru,F,54
2605,2024-02-14,Kolkata,F,34
2606,2024-02-12,Delhi,M,23
2607,2023-10-15,Mumbai,M,19
2608,2023-05-20,Mumbai,F,44
2609,2023-10-12,Bengaluru,F,50
2610,2024-03-22,Kolkata,M,45
2611,2024-06-08,Mumbai,M,37
2612,2024-05-15,bengaluru ,M,19
2613,2023-04-08,Chennai,M,28
2614,2023-11-19,Hyderabad,F,19
2615,2023-02-26,Pune,M,39
2616,2023-12-28,Hyderabad,M,32
2617,2024-06-19,Bengaluru,F,21
2618,2023-01-29,Chennai,F,46
2619,2023-12-21,Pune,M,35
2620,2024-05-25,Bengaluru,M,63
2621,2024-04-02,Bengaluru,M,37
2622,2023-07-31,Mumbai,M,22
2623,2023-02-26,Delhi,M,51
2624,2024-05-13,Bengaluru,M,51
2625,2024-05-12,Bengaluru,M,61
2626,2023-11-09,Pune,M,50
2627,2024-06-12,Delhi,M,35
2628,2023-01-03,Mumbai,F,49
2629,2023-11-29,Hyderabad,M,55
2630,2023-01-21,Ahmedabad,M,42
2631,2024-05-20,Mumbai,F,55
2632,2024-01-03,Mumbai,M,63
2633,2024-05-08,Mumbai,F,53
2634,2023-10-31,Delhi,F,41
2635,2023-02-14,Hyderabad,F,41
2636,2023-01-15,Bengaluru,M,57
2637,2023-07-01,Pune,F,59
2638,2024-02-06,Pune,F,30
2639,2023-03-23,Mumbai,M,18
2640,2024-04-05,Kolkata,M,55
2641,2023-05-10,bengaluru ,M,29
2642,2023-09-26,Bengaluru,F,64
2643,2023-04-20,Mumbai,M,19
2644,2023-09-09,Hyderabad,M,60
2645,2023-09-02,Delhi,F,49
2646,2023-01-03,Kolkata,F,32
2647,2023-11-03,Hyderabad,M,19
2648,2024-02-29,Delhi,M,57
2649,2024-05-20,Hyderabad,M,23
2650,2023-06-28,Mumbai,F,22
2651,2024-04-20,Bengaluru,M,55
2652,2024-04-19,Pune,F,150
2653,2024-06-17,Delhi,M,23
2654,2023-07-21,Mumbai,M,34
2655,2024-04-04,Pune,M,49
2656,2023-11-02,Pune,M,48
2657,2023-02-01,Delhi,F,35
2658,2023-05-26,Bengaluru,F,37
2659,2023-12-29,Delhi,M,21
2660,2023-03-28,Mumbai,F,18
2661,2023-08-23,Ahmedabad,M,63
2662,2024-02-23,Hyderabad,F,28
2663,2023-03-22,Mumbai,M,61
2664,2023-09-26,Delhi,F,19
2665,2023-04-27,Bengaluru,M,64
2666,2023-10-17,Chennai,F,38
2667,2023-05-10,Delhi,F,55
2668,2024-06-05,Chennai,F,57
2669,2023-02-11,Mumbai,F,34
2670,2024-06-04,Delhi,M,52
2671,2024-03-03,Chennai,F,33
2672,2024-04-07,Bengaluru,M,55
2673,2024-04-04,Kolkata,F,63
2674,2023-04-12,Pune,M,55
2675,2024-05-17,Mumbai,M,52
2676,2023-11-17,Pune,F,35
2677,2024-06-03,Mumbai,M,23
2678,2024-04-19,Pune,F,41
2679,2023-11-09,Bengaluru,M,24
2680,2023-07-22,Bengaluru,F,41
2681,2023-03-05,Bengaluru,F,58
2682,2023-02-24,Delhi,F,23
2683,2023-07-30,Pune,M,60
2684,2024-03-13,Bengaluru,M,46
2685,2023-09-30,Pune,M,20
2686,2023-09-18,Hyderabad,M,51
2687,2023-05-13,Pune,F,18
2688,2023-11-01,Bengaluru,M,46
2689,2023-12-11,Hyderabad,M,41
2690,2024-06-14,Bengaluru,M,53
2691,2024-01-29,Bengaluru,F,35
2692,2023-11-24,Chennai,M,23
2693,2024-05-06,Mumbai,M,36
2694,2023-08-18,Bengaluru,M,53
2695,2024-05-19,Hyderabad,M,62
2696,2023-07-19,Ahmedabad,F,27
2697,2023-03-11,Delhi,M,34
2698,2023-08-14,Delhi,F,59
2699,2023-03-11,Chennai,F,32
2700,2023-03-05,Bengaluru,F,29
2701,2024-04-20,Mumbai,F,57
2702,2024-03-05,Mumbai,F,41
2703,2023-04-30,Mumbai,M,45
2704,2024-03-28,Delhi,F,40
2705,2023-02-07,Mumbai,F,46
2706,2023-06-03,Pune,F,30
2707,2024-01-17,Pune,F,52
2708,2023-06-14,Hyderabad,M,35
2709,2024-01-30,Pune,M,42
2710,2024-04-17,Pune,M,26
2711,2023-02-05,Delhi,M,18
2712,2023-01-13,Mumbai,M,44
2713,2024-05-22,Ahmedabad,M,24
2714,2023-10-09,Hyderabad,F,60
2715,2023-10-01,Delhi,F,63
2716,2023-09-08,Delhi,F,32
2717,2023-08-23,Delhi,F,31
2718,2024-01-08,Pune,M,41
2719,2023-11-10,Mumbai,M,27
2720,2023-03-30,Mumbai,F,58
2721,2023-12-05,Pune,F,22
2722,2023-12-27,Bengaluru,F,39
2723,2023-03-03,Pune,F,26
2724,2023-07-23,Pune,F,57
2725,2024-03-02,Delhi,F,24
2726,2023-12-01,Delhi,F,38
2727,2023-03-15,Mumbai,F,57
2728,2023-01-22,Pune,M,38
2729,2023-11-10,Mumbai,M,26
2730,2023-09-07,Mumbai,M,25
2731,2024-06-02,Kolkata,F,46
2732,2023-10-10,Hyderabad,F,23
2733,2024-05-18,Delhi,M,34
2734,2023-04-26,Delhi,M,46
2735,2023-08-30,Chennai,F,35
2736,2023-03-17,Bengaluru,M,56
2737,2023-11-07,Mumbai,F,50
2738,2023-04-12,Pune,M,24
2739,2023-09-23,Delhi,M,56
2740,2023-07-05,Bengaluru,M,60
2741,2023-04-11,Mumbai,M,27
2742,2023-02-22,Mumbai,M,34
2743,2023-10-04,Mumbai,M,36
2744,2024-05-26,Mumbai,M,37
2745,2023-04-18,Delhi,M,39
2746,2023-08-07,Bengaluru,F,60
2747,2023-05-02,Bengaluru,M,48
2748,2024-03-12,Mumbai,M,60
2749,2023-08-13,pune ,M,34
2750,2024-06-10,Kolkata,F,42
2751,2023-05-13,Delhi,F,22
2752,2023-02-13,pune ,,31
2753,2023-11-11,Mumbai,F,45
2754,2023-12-18,Kolkata,M,26
2755,2024-06-19,Chennai,F,63
2756,2024-04-15,Hyderabad,M,150
2757,2024-04-22,Bengaluru,F,25
2758,2023-12-09,Delhi,M,54
2759,2023-07-14,Delhi,M,22
2760,2023-08-20,Mumbai,F,33
2761,2023-03-14,Bengaluru,F,27
2762,2023-08-21,Bengaluru,,50
2763,2023-07-16,Mumbai,M,57
2764,2023-01-20,Hyderabad,M,27
2765,2023-04-21,Delhi,M,37
2766,2023-10-16,Pune,M,40
2767,2023-07-19,Delhi,M,50
2768,2024-06-20,Hyderabad,M,34
2769,2023-09-16,Hyderabad,F,42
2770,2024-06-01,Delhi,M,41
2771,2023-12-23,Ahmedabad,F,18
2772,2023-01-22,hyderabad ,F,44
2773,2023-04-20,Kolkata,F,44
2774,2024-01-17,Hyderabad,M,64
2775,2023-10-22,Delhi,M,41
2776,2023-06-12,Chennai,M,60
2777,2023-10-09,Bengaluru,F,34
2778,2024-05-02,Chennai,M,50
2779,2023-07-29,Mumbai,M,60
2780,2023-01-25,Chennai,,150
2781,2023-06-17,Ahmedabad,F,44
2782,2024-05-20,Mumbai,F,61
2783,2024-02-16,Ahmedabad,M,44
2784,2024-03-28,Delhi,F,59
2785,2024-05-07,Mumbai,M,37
2786,2023-03-05,Pune,M,59
2787,2023-06-02,Kolkata,F,47
2788,2023-02-02,Bengaluru,F,40
2789,2023-01-03,Mumbai,F,28
2790,2024-03-26,Bengaluru,M,26
2791,2024-05-20,Delhi,M,31
2792,2023-03-26,Delhi,F,53
2793,2024-01-25,Hyderabad,F,39
2794,2023-10-16,Bengaluru,M,36
2795,2023-02-07,Chennai,M,39
2796,2024-05-09,Bengaluru,F,34
2797,2024-04-15,Ahmedabad,F,55
2798,2023-11-03,Mumbai,M,36
2799,2024-01-18,Mumbai,F,40
2800,2023-08-03,Pune,,44
2801,2024-03-04,bengaluru ,M,48
2802,2023-08-29,Bengaluru,F,33
2803,2024-06-18,Chennai,F,21
2804,2023-02-04,Delhi,F,50
2805,2023-04-03,pune ,F,44
2806,2024-06-07,Bengaluru,F,48
2807,2023-06-05,Ahmedabad,F,43
2808,2023-06-17,Mumbai,M,41
2809,2024-03-03,mumbai ,F,62
2810,2023-04-13,Mumbai,M,20
2811,2023-10-05,Delhi,M,22
2812,2023-06-04,Mumbai,F,62
2813,2023-04-17,Delhi,F,59
2814,2024-06-04,Bengaluru,,37
2815,2023-04-18,Delhi,F,43
2816,2023-02-20,Delhi,F,39
2817,2023-12-30,pune ,M,64
2818,2024-04-13,Hyderabad,F,39
2819,2023-03-10,Delhi,,53
2820,2024-01-18,Delhi,M,35
2821,2023-10-20,Pune,F,35
2822,2024-03-24,Bengaluru,F,49
2823,2023-03-10,Hyderabad,M,36
2824,2024-06-10,Pune,F,18
2825,2023-12-01,mumbai ,M,26
2826,2024-03-30,Mumbai,M,59
2827,2023-07-15,Bengaluru,M,35
2828,2024-05-24,Hyderabad,M,22
2829,2023-12-05,Delhi,M,62
2830,2023-03-10,Delhi,F,64
2831,2024-05-13,Chennai,M,41
2832,2024-03-05,Chennai,F,47
2833,2023-06-12,Mumbai,F,53
2834,2023-10-22,Mumbai,M,21
2835,2023-07-29,Delhi,M,31
2836,2023-10-21,Chennai,F,44
2837,2024-06-05,Chennai,F,43
2838,2024-04-30,Bengaluru,F,33
2839,2023-04-27,Kolkata,M,18
2840,2024-06-08,Mumbai,F,62
2841,2023-08-25,Delhi,F,46
2842,2024-01-16,Pune,,150
2843,2024-02-17,Hyderabad,M,38
2844,2023-09-18,Bengaluru,F,41
2845,2023-09-04,Mumbai,M,38
2846,2023-09-04,Pune,F,38
2847,2024-04-10,Chennai,F,49
2848,2023-07-28,Chennai,F,64
2849,2023-06-01,Bengaluru,M,54
2850,2023-07-15,Mumbai,F,49
2851,2023-04-16,Hyderabad,M,18
2852,2023-07-31,Chennai,F,42
2853,2023-03-03,bengaluru ,F,62
2854,2023-02-18,Bengaluru,F,36
2855,2024-01-26,hyderabad ,M,43
2856,2023-02-11,Hyderabad,F,33
2857,2023-11-03,Bengaluru,F,26
2858,2024-02-26,Delhi,F,51
2859,2024-01-27,Delhi,F,32
2860,2023-08-29,Kolkata,F,45
2861,2023-04-15,Bengaluru,F,45
2862,2024-05-17,Pune,F,57
2863,2024-03-26,Mumbai,M,62
2864,2023-11-27,Hyderabad,F,44
2865,2023-02-16,Hyderabad,M,20
2866,2023-01-19,Ahmedabad,M,45
2867,2023-06-20,Delhi,F,150
2868,2023-03-27,Kolkata,M,40
2869,2024-04-09,Kolkata,F,44
2870,2023-04-22,Mumbai,,53
2871,2023-06-02,Mumbai,M,38
2872,2024-06-10,ahmedabad ,M,37
2873,2024-03-17,pune ,M,40
2874,2023-04-29,Bengaluru,M,58
2875,2023-07-27,Bengaluru,F,40
2876,2023-10-06,Chennai,F,33
2877,2023-12-25,Mumbai,F,46
2878,2024-05-20,Chennai,M,50
2879,2024-04-15,Mumbai,F,60
2880,2024-06-11,Kolkata,M,59
2881,2023-01-22,Mumbai,F,54
2882,2023-05-08,Chennai,F,54
2883,2023-11-01,Kolkata,M,39
2884,2023-01-27,Mumbai,F,34
2885,2023-07-11,Mumbai,F,44
2886,2023-03-24,Chennai,M,51
2887,2024-05-18,Pune,F,42
2888,2023-02-04,Mumbai,F,27
2889,2023-03-22,Delhi,M,18
2890,2023-04-16,Hyderabad,M,20
2891,2023-03-22,Bengaluru,F,38
2892,2023-11-04,Delhi,F,55
2893,2023-07-16,Ahmedabad,F,55
2894,2024-05-07,Delhi,F,55
2895,2023-05-21,Delhi,F,51
2896,2023-10-18,Delhi,M,19
2897,2023-12-23,Mumbai,M,59
2898,2023-12-05,Delhi,M,62
2899,2024-03-06,Chennai,F,150
2900,2023-04-20,Pune,F,38
2901,2023-10-02,Chennai,F,28
2902,2024-03-08,Mumbai,M,60
2903,2024-04-11,Delhi,F,26
2904,2023-11-30,Mumbai,F,55
2905,2023-12-19,Bengaluru,M,63
2906,2024-04-11,Chennai,M,60
2907,2023-12-04,Delhi,F,42
2908,2024-05-27,Mumbai,F,57
2909,2023-03-10,Mumbai,F,57
2910,2023-07-07,Kolkata,M,63
2911,2023-03-02,Mumbai,F,34
2912,2023-02-18,chennai ,M,47
2913,2023-09-12,Delhi,M,56
2914,2023-05-03,Mumbai,F,28
2915,2023-08-08,Chennai,M,28
2916,2023-08-25,Delhi,,36
2917,2023-12-02,Pune,M,34
2918,2024-05-25,Ahmedabad,M,53
2919,2024-04-03,Mumbai,M,61
2920,2023-07-24,Delhi,F,25
2921,2023-06-25,Delhi,M,33
2922,2024-02-21,Delhi,M,61
2923,2023-03-08,Kolkata,M,45
2924,2023-10-19,pune ,M,27
2925,2023-08-17,Hyderabad,F,46
2926,2023-04-09,Bengaluru,F,59
2927,2023-11-29,Ahmedabad,M,35
2928,2023-06-23,Kolkata,F,40
2929,2023-04-11,Hyderabad,M,46
2930,2023-12-19,Bengaluru,F,57
2931,2023-04-05,Delhi,M,44
2932,2023-12-30,Delhi,F,63
2933,2023-03-29,Bengaluru,M,53
2934,2023-08-23,Delhi,F,37
2935,2024-03-12,Chennai,M,40
2936,2023-05-04,Pune,,50
2937,2024-02-19,Kolkata,M,21
2938,2024-01-25,Mumbai,F,28
2939,2024-05-02,Hyderabad,F,29
2940,2023-04-02,Mumbai,M,55
2941,2024-01-22,Mumbai,M,56
2942,2024-05-20,Kolkata,M,56
2943,2024-02-17,Kolkata,,22
2944,2023-04-12,Chennai,F,31
2945,2024-03-19,Ahmedabad,F,32
2946,2023-02-27,Mumbai,M,19
2947,2023-11-14,Kolkata,F,30
2948,2023-09-26,Delhi,M,38
2949,2023-10-14,Bengaluru,M,59
2950,2023-10-08,Delhi,M,25
2951,2023-01-17,Pune,M,58
2952,2023-10-02,bengaluru ,F,56
2953,2024-05-20,Chennai,F,25
2954,2023-08-24,Mumbai,M,30
2955,2023-05-30,Hyderabad,M,39
2956,2024-06-21,Bengaluru,F,62
2957,2023-02-23,Mumbai,F,54
2958,2023-09-20,Bengaluru,M,63
2959,2023-10-04,Mumbai,M,32
2960,2023-09-16,Pune,F,60
2961,2024-05-12,Chennai,,62
2962,2023-08-16,Pune,F,46
2963,2024-06-09,Pune,M,25
2964,2023-02-06,Chennai,F,30
2965,2024-02-01,pune ,M,24
2966,2023-11-17,Kolkata,F,55
2967,2023-05-10,Kolkata,M,32
2968,2023-05-04,Mumbai,M,50
2969,2024-01-24,Bengaluru,M,30
2970,2023-12-11,Pune,M,63
2971,2023-11-27,Bengaluru,M,54
2972,2023-01-28,Pune,F,35
2973,2023-11-19,Hyderabad,F,40
2974,2024-06-13,Mumbai,F,20
2975,2023-01-10,Chennai,M,24
2976,2023-09-11,Mumbai,M,64
2977,2023-09-24,Mumbai,F,56
2978,2024-04-29,Delhi,M,57
2979,2023-06-02,Bengaluru,M,48
2980,2023-09-14,Ahmedabad,F,28
2981,2024-01-23,Pune,,22
2982,2023-02-02,Pune,M,52
2983,2024-03-08,Delhi,F,33
2984,2024-03-19,Delhi,F,18
2985,2024-01-24,Hyderabad,M,19
2986,2023-12-17,Hyderabad,F,44
2987,2024-02-08,Hyderabad,M,57
2988,2024-02-27,Mumbai,M,35
2989,2024-05-02,Delhi,,64
2990,2023-08-20,Chennai,F,35
2991,2023-09-04,Mumbai,M,52
2992,2023-12-11,Bengaluru,M,29
2993,2023-04-15,Mumbai,F,46
2994,2024-04-07,Delhi,M,150
2995,2024-02-21,Hyderabad,F,150
2996,2023-12-07,Mumbai,F,39
2997,2023-06-12,Ahmedabad,M,19
2998,2023-07-07,Mumbai,F,29
2999,2023-08-23,Pune,F,34
3000,2023-12-24,Mumbai,F,39
3001,2024-02-25,Mumbai,M,30
3002,2023-12-29,Bengaluru,M,45
3003,2024-05-17,Pune,M,63
3004,2024-06-02,Bengaluru,F,51
3005,2024-01-16,Hyderabad,F,32
3006,2023-07-20,Delhi,F,49
3007,2023-11-20,Mumbai,F,63
3008,2023-08-18,Delhi,M,29
3009,2023-12-06,Kolkata,M,28
3010,2024-03-14,Bengaluru,F,19
3011,2023-07-19,Pune,F,57
3012,2023-10-01,Bengaluru,F,57
3013,2023-01-25,Delhi,M,37
3014,2024-02-02,Delhi,M,58
3015,2023-09-22,Pune,F,48
3016,2023-09-06,Ahmedabad,M,64
3017,2023-10-15,Mumbai,M,61
3018,2023-04-27,Mumbai,F,63
3019,2023-11-19,Mumbai,F,36
3020,2024-02-07,Bengaluru,F,47
3021,2023-07-08,Delhi,F,25
3022,2023-03-12,mumbai ,F,60
3023,2023-07-28,Delhi,M,32
3024,2023-04-18,Bengaluru,F,39
3025,2023-07-21,Mumbai,F,45
3026,2023-12-05,Hyderabad,M,55
3027,2023-03-03,Mumbai,,52
3028,2024-02-08,Mumbai,F,62
3029,2023-05-02,ahmedabad ,M,51
3030,2024-04-28,Kolkata,F,55
3031,2024-01-31,Delhi,F,44
3032,2023-05-28,Kolkata,M,37
3033,2023-11-01,bengaluru ,M,60
3034,2023-03-01,delhi ,F,35
3035,2023-02-23,Kolkata,M,47
3036,2024-05-31,Chennai,M,31
3037,2024-03-09,Mumbai,F,40
3038,2023-03-25,Bengaluru,F,35
3039,2023-06-02,Delhi,F,30
3040,2023-04-17,Pune,F,56
3041,2023-08-02,Ahmedabad,F,54
3042,2023-06-07,Bengaluru,M,50
3043,2023-06-27,bengaluru ,M,21
3044,2023-10-13,Bengaluru,F,29
3045,2023-04-13,Bengaluru,M,28
3046,2024-04-21,Mumbai,F,51
3047,2024-01-28,Ahmedabad,F,59
3048,2024-02-15,Bengaluru,M,35
3049,2023-04-02,bengaluru ,F,33
3050,2024-01-18,Delhi,F,44
3051,2024-03-27,Mumbai,F,64
3052,2023-04-05,Pune,M,35
3053,2024-02-10,Delhi,F,31
3054,2023-07-13,Mumbai,M,42
3055,2024-03-01,Bengaluru,F,61
3056,2023-09-16,Hyderabad,F,52
3057,2024-03-09,Mumbai,M,42
3058,2023-03-21,Delhi,M,52
3059,2023-07-30,Bengaluru,F,18
3060,2023-05-28,Mumbai,F,53
3061,2023-05-15,Hyderabad,M,22
3062,2023-06-16,Delhi,F,36
3063,2023-07-26,Pune,F,34
3064,2023-03-10,Mumbai,M,50
3065,2024-01-17,Hyderabad,F,29
3066,2023-10-25,Mumbai,M,29
3067,2024-03-23,Bengaluru,M,59
3068,2024-01-16,Mumbai,F,40
3069,2023-03-22,Mumbai,M,52
3070,2023-02-07,Hyderabad,F,45
3071,2023-08-17,Mumbai,F,47
3072,2023-09-17,Pune,F,50
3073,2023-05-10,Bengaluru,M,49
3074,2024-02-27,Hyderabad,M,60
3075,2023-11-11,Delhi,F,54
3076,2024-02-08,Mumbai,F,32
3077,2023-02-28,Ahmedabad,F,25
3078,2024-03-16,Bengaluru,M,57
3079,2023-04-22,Hyderabad,M,35
3080,2023-08-31,Chennai,M,32
3081,2023-08-26,Chennai,F,23
3082,2024-03-19,Delhi,M,43
3083,2023-05-30,Delhi,F,42
3084,2023-05-11,Chennai,M,56
3085,2023-07-03,Chennai,M,53
3086,2023-07-14,Ahmedabad,F,51
3087,2023-04-09,Bengaluru,F,43
3088,2023-04-06,Mumbai,,58
3089,2023-05-05,Delhi,M,64
3090,2023-09-10,Bengaluru,F,56
3091,2023-07-05,Delhi,M,34
3092,2023-07-31,Kolkata,F,30
3093,2024-01-24,Bengaluru,F,18
3094,2023-05-11,Pune,M,64
3095,2024-05-06,Bengaluru,F,52
3096,2024-02-10,Bengaluru,M,62
3097,2023-04-05,Hyderabad,M,55
3098,2023-06-19,Delhi,M,38
3099,2023-04-10,Bengaluru,M,24
3100,2023-05-28,Delhi,F,20
3101,2023-07-17,bengaluru ,F,55
3102,2023-03-12,Pune,F,32
3103,2023-01-08,Hyderabad,F,35
3104,2023-08-25,Hyderabad,F,57
3105,2024-01-14,Bengaluru,M,40
3106,2023-06-13,bengaluru ,M,62
3107,2024-04-09,Pune,M,43
3108,2023-07-19,Bengaluru,F,57
3109,2024-05-01,Delhi,F,23
3110,2023-05-08,Chennai,F,36
3111,2023-10-19,Pune,M,26
3112,2024-02-17,Chennai,M,20
3113,2023-02-01,Mumbai,F,64
3114,2024-05-17,Bengaluru,M,42
3115,2023-07-17,Bengaluru,F,34
3116,2023-09-26,Mumbai,M,35
3117,2023-12-06,Delhi,M,29
3118,2023-12-14,Kolkata,F,23
3119,2023-01-13,Bengaluru,F,60
3120,2024-04-13,Pune,F,22
3121,2023-12-03,Delhi,F,36
3122,2024-06-23,Mumbai,M,25
3123,2023-09-12,Bengaluru,F,61
3124,2023-11-28,Bengaluru,F,27
3125,2023-08-27,Pune,F,36
3126,2024-04-25,Bengaluru,F,53
3127,2024-03-25,Chennai,M,44
3128,2024-05-05,Chennai,M,35
3129,2023-09-30,Pune,F,44
3130,2024-03-03,Mumbai,F,38
3131,2023-07-13,Delhi,M,31
3132,2023-09-06,Mumbai,M,46
3133,2024-02-15,Delhi,,35
3134,2023-02-13,Pune,F,63
3135,2024-01-19,Pune,F,39
3136,2023-01-09,Bengaluru,M,53
3137,2023-11-10,Mumbai,,29
3138,2023-09-15,Chennai,F,48
3139,2023-09-11,pune ,F,44
3140,2023-09-24,Bengaluru,M,52
3141,2023-09-23,Delhi,F,39
3142,2023-08-08,Kolkata,F,51
3143,2023-09-01,Kolkata,F,20
3144,2023-11-03,Delhi,,50
3145,2024-02-17,Bengaluru,F,53
3146,2023-10-26,Mumbai,M,150
3147,2023-12-13,Bengaluru,F,19
3148,2024-03-27,Pune,F,44
3149,2024-06-18,Delhi,M,54
3150,2023-02-28,Mumbai,M,39
3151,2024-01-20,Hyderabad,F,22
3152,2023-05-02,Delhi,M,36
3153,2023-04-17,Bengaluru,F,64
3154,2024-03-04,Delhi,M,30
3155,2023-02-07,Mumbai,M,42
3156,2024-04-02,Mumbai,M,34
3157,2024-02-21,Hyderabad,F,150
3158,2024-06-21,Kolkata,F,38
3159,2023-12-27,Mumbai,M,36
3160,2024-04-16,Chennai,M,45
3161,2023-03-06,Delhi,M,44
3162,2024-04-25,Pune,F,41
3163,2023-03-28,Bengaluru,,30
3164,2023-06-19,Mumbai,F,23
3165,2023-03-11,Mumbai,M,50
3166,2023-08-05,Chennai,F,33
3167,2024-02-09,Mumbai,M,46
3168,2023-05-25,Hyderabad,M,35
3169,2024-03-19,Bengaluru,M,58
3170,2023-11-24,Kolkata,M,51
3171,2023-12-06,Bengaluru,M,36
3172,2024-05-21,Hyderabad,F,33
3173,2023-08-22,Delhi,M,53
3174,2023-07-06,Bengaluru,F,18
3175,2024-06-21,Bengaluru,F,20
3176,2023-10-28,hyderabad ,F,21
3177,2023-11-28,Mumbai,F,34
3178,2023-06-10,Bengaluru,F,41
3179,2023-04-27,Chennai,M,31
3180,2023-04-02,Delhi,M,26
3181,2023-05-01,Hyderabad,F,32
3182,2023-04-16,Delhi,F,41
3183,2024-02-08,Mumbai,F,31
3184,2023-02-01,Bengaluru,F,44
3185,2023-12-06,Delhi,F,35
3186,2024-05-27,Pune,F,61
3187,2024-02-18,Pune,F,64
3188,2023-08-06,Mumbai,F,48
3189,2023-02-02,Chennai,F,44
3190,2024-03-26,Hyderabad,,19
3191,2023-01-02,Bengaluru,F,47
3192,2024-01-03,Pune,F,35
3193,2023-12-29,Bengaluru,M,31
3194,2023-04-14,Hyderabad,M,55
3195,2024-02-04,Chennai,F,19
3196,2023-04-05,Mumbai,M,30
3197,2023-05-02,Mumbai,M,54
3198,2024-03-14,Hyderabad,F,61
3199,2024-06-12,hyderabad ,F,42
3200,2023-05-23,Pune,F,42
3201,2024-05-12,Kolkata,F,63
3202,2024-05-08,Pune,M,22
3203,2024-02-20,Pune,M,40
3204,2023-03-17,Chennai,F,29
3205,2023-06-11,Bengaluru,M,40
3206,2024-01-01,Delhi,F,60
3207,2024-06-23,Hyderabad,,46
3208,2024-03-15,Kolkata,F,64
3209,2023-08-15,Pune,F,41
3210,2023-05-08,Bengaluru,F,58
3211,2024-06-02,Chennai,F,25
3212,2023-05-30,Bengaluru,M,33
3213,2023-07-04,Ahmedabad,F,30
3214,2024-06-04,Chennai,M,54
3215,2023-10-31,Pune,F,42
3216,2023-05-23,Mumbai,M,28
3217,2023-01-03,Kolkata,F,26
3218,2023-08-21,Ahmedabad,F,36
3219,2024-06-16,Pune,M,25
3220,2023-08-22,Pune,F,50
3221,2024-01-13,Chennai,M,57
3222,2023-05-17,Pune,M,63
3223,2024-02-23,Pune,M,29
3224,2024-02-23,Hyderabad,M,38
3225,2023-11-25,Kolkata,,41
3226,2024-02-21,Hyderabad,,41
3227,2023-11-09,Bengaluru,F,39
3228,2023-07-24,Delhi,F,28
3229,2024-02-03,Hyderabad,F,23
3230,2024-03-26,Mumbai,F,36
3231,2024-03-30,Mumbai,F,22
3232,2023-04-26,Hyderabad,M,20
3233,2024-01-01,Chennai,F,42
3234,2023-01-03,Hyderabad,,58
3235,2023-11-05,Mumbai,M,43
3236,2023-11-05,Ahmedabad,M,19
3237,2023-07-16,Bengaluru,M,57
3238,2024-06-20,Bengaluru,M,50
3239,2024-04-21,Hyderabad,F,32
3240,2023-01-21,Delhi,M,30
3241,2023-04-23,Chennai,F,60
3242,2023-04-23,Bengaluru,F,40
3243,2024-04-29,Kolkata,M,24
3244,2023-10-08,Hyderabad,F,31
3245,2024-01-29,Chennai,F,30
3246,2024-03-13,Pune,F,36
3247,2024-02-19,Mumbai,F,34
3248,2023-02-18,Ahmedabad,F,43
3249,2023-03-17,Ahmedabad,M,33
3250,2023-08-02,Ahmedabad,M,48
3251,2023-07-02,Pune,M,41
3252,2024-02-08,Delhi,M,62
3253,2023-03-26,Chennai,F,56
3254,2023-07-20,Chennai,M,33
3255,2023-05-08,Pune,F,19
3256,2023-04-12,Bengaluru,M,45
3257,2023-04-04,Mumbai,F,33
3258,2023-04-16,Delhi,F,60
3259,2023-11-01,Mumbai,F,37
3260,2023-08-10,Pune,F,31
3261,2023-08-24,Pune,M,33
3262,2023-09-16,Hyderabad,F,58
3263,2024-02-05,Chennai,M,23
3264,2024-04-10,Hyderabad,F,63
3265,2023-10-12,Delhi,F,28
3266,2023-12-13,Delhi,M,57
3267,2024-02-03,Delhi,M,43
3268,2024-01-08,Bengaluru,M,44
3269,2023-03-14,Delhi,F,27
3270,2024-06-14,Chennai,F,51
3271,2023-03-30,Kolkata,M,48
3272,2023-08-11,hyderabad ,M,40
3273,2023-12-19,Mumbai,M,39
3274,2023-08-06,Bengaluru,F,46
3275,2023-05-12,Mumbai,M,40
3276,2024-05-13,Pune,M,63
3277,2023-02-08,chennai ,F,19
3278,2023-05-13,Bengaluru,M,29
3279,2024-06-20,Chennai,F,57
3280,2024-01-30,Pune,F,55
3281,2023-02-16,Ahmedabad,M,34
3282,2024-02-12,Ahmedabad,F,41
3283,2024-06-07,Delhi,M,19
3284,2023-02-22,Hyderabad,M,26
3285,2023-08-12,Mumbai,,62
3286,2023-09-10,Chennai,F,48
3287,2023-03-12,Hyderabad,F,19
3288,2023-04-19,Kolkata,M,55
3289,2023-04-04,Kolkata,M,36
3290,2023-04-11,Delhi,M,44
3291,2023-08-06,kolkata ,F,58
3292,2023-09-08,Chennai,F,57
3293,2023-05-09,mumbai ,F,24
3294,2023-06-06,Pune,,35
3295,2023-04-14,Chennai,M,30
3296,2024-03-05,Bengaluru,F,60
3297,2023-04-25,Bengaluru,M,54
3298,2024-05-05,Hyderabad,M,48
3299,2023-10-18,Bengaluru,F,20
3300,2024-03-09,Delhi,F,55
3301,2023-12-10,Delhi,M,44
3302,2023-05-24,Bengaluru,M,30
3303,2023-11-21,Chennai,F,38
3304,2023-05-29,Bengaluru,M,38
3305,2023-03-06,Bengaluru,F,31
3306,2023-05-18,Chennai,F,60
3307,2023-05-29,Chennai,M,61
3308,2023-03-14,Kolkata,M,20
3309,2023-01-13,Pune,M,61
3310,2024-05-24,Chennai,F,36
3311,2023-10-05,Bengaluru,M,55
3312,2023-08-06,Pune,F,54
3313,2024-05-17,Bengaluru,M,46
3314,2023-05-02,Chennai,F,52
3315,2023-08-06,Bengaluru,M,50
3316,2024-04-02,Kolkata,M,58
3317,2023-12-08,Mumbai,F,37
3318,2023-08-04,Mumbai,F,52
3319,2023-05-19,Delhi,M,64
3320,2023-01-19,Delhi,M,62
3321,2023-02-15,Chennai,F,24
3322,2023-03-29,Kolkata,M,41
3323,2024-02-29,Chennai,M,41
3324,2023-12-12,Mumbai,M,47
3325,2023-08-23,Delhi,M,48
3326,2024-02-27,Mumbai,F,57
3327,2023-03-28,Chennai,F,43
3328,2023-04-24,Mumbai,F,50
3329,2023-08-01,Bengaluru,F,60
3330,2024-05-10,Kolkata,M,150
3331,2023-11-28,Bengaluru,F,48
3332,2024-04-04,Mumbai,M,35
3333,2023-05-15,Delhi,M,60
3334,2024-04-03,Bengaluru,F,43
3335,2023-02-09,Bengaluru,M,46
3336,2023-05-03,Pune,M,53
3337,2023-10-10,Hyderabad,M,29
3338,2023-01-28,Bengaluru,F,43
3339,2024-04-08,Delhi,M,54
3340,2024-04-13,Mumbai,F,54
3341,2023-10-20,Delhi,F,28
3342,2023-06-15,Delhi,F,57
3343,2023-02-23,Mumbai,M,25
3344,2023-12-01,Bengaluru,F,30
3345,2023-10-18,Delhi,M,58
3346,2024-02-15,Hyderabad,F,46
3347,2023-11-22,Hyderabad,F,43
3348,2023-03-11,Mumbai,M,44
3349,2023-03-07,Pune,F,63
3350,2024-02-26,kolkata ,F,28
3351,2023-03-27,Ahmedabad,M,32
3352,2024-05-21,Hyderabad,M,41
3353,2023-02-27,Pune,F,57
3354,2024-01-29,Mumbai,F,43
3355,2024-06-10,Pune,F,52
3356,2023-08-27,Kolkata,M,56
3357,2023-01-31,Bengaluru,F,59
3358,2024-04-18,Bengaluru,F,39
3359,2023-04-12,Bengaluru,F,39
3360,2023-10-12,Mumbai,F,21
3361,2024-06-15,Bengaluru,M,21
3362,2024-02-07,Pune,F,40
3363,2023-01-26,Bengaluru,M,53
3364,2024-03-19,Chennai,M,57
3365,2023-03-29,Bengaluru,F,37
3366,2024-02-09,Delhi,M,44
3367,2023-12-02,Kolkata,M,56
3368,2023-06-05,Chennai,M,32
3369,2023-08-17,Mumbai,F,25
3370,2023-03-05,Mumbai,,61
3371,2024-06-16,Bengaluru,M,43
3372,2023-05-09,Mumbai,M,25
3373,2023-06-16,Pune,F,29
3374,2023-09-29,Mumbai,M,33
3375,2023-12-30,Mumbai,,27
3376,2023-09-30,Delhi,F,38
3377,2023-09-30,Bengaluru,M,56
3378,2023-11-11,mumbai ,F,52
3379,2024-04-08,Chennai,M,61
3380,2023-08-02,Mumbai,F,57
3381,2024-03-25,Mumbai,M,32
3382,2024-02-29,Mumbai,F,20
3383,2024-06-02,Kolkata,F,25
3384,2024-05-08,Ahmedabad,F,55
3385,2024-03-07,Delhi,F,33
3386,2023-05-14,Pune,M,51
3387,2024-02-23,Mumbai,F,39
3388,2024-02-02,Mumbai,F,60
3389,2023-06-06,Kolkata,M,41
3390,2024-01-02,Pune,M,60
3391,2023-05-17,ahmedabad ,M,29
3392,2023-10-10,Bengaluru,M,54
3393,2024-03-06,Bengaluru,F,42
3394,2023-04-12,kolkata ,M,26
3395,2023-07-01,Pune,F,28
3396,2024-03-05,Chennai,,32
3397,2023-09-03,Pune,M,25
3398,2024-06-02,Kolkata,F,62
3399,2023-01-05,Bengaluru,M,27
3400,2024-01-25,Pune,M,46
3401,2024-03-15,Kolkata,M,44
3402,2024-05-10,Pune,M,43
3403,2023-03-26,Mumbai,M,47
3404,2024-06-15,Kolkata,M,61
3405,2023-07-31,Delhi,M,63
3406,2023-07-10,Hyderabad,M,59
3407,2023-07-11,Bengaluru,F,39
3408,2023-12-11,Bengaluru,M,52
3409,2023-12-23,Mumbai,F,26
3410,2023-09-13,Mumbai,F,59
3411,2023-02-08,Ahmedabad,F,27
3412,2024-06-16,Pune,F,23
3413,2023-04-30,Bengaluru,F,56
3414,2023-02-20,Mumbai,F,53
3415,2023-11-19,Mumbai,F,24
3416,2023-08-11,Bengaluru,,63
3417,2023-11-29,Kolkata,M,23
3418,2024-04-17,Chennai,F,20
3419,2023-02-22,Hyderabad,F,62
3420,2023-06-03,Mumbai,M,28
3421,2023-10-06,Delhi,F,29
3422,2024-03-01,Pune,F,55
3423,2023-11-21,chennai ,F,46
3424,2023-07-26,Mumbai,M,42
3425,2023-11-26,Bengaluru,M,64
3426,2024-06-13,Mumbai,M,22
3427,2023-09-17,Kolkata,F,61
3428,2024-04-22,Kolkata,F,30
3429,2024-02-26,Hyderabad,F,47
3430,2023-06-12,Pune,M,33
3431,2023-05-15,Ahmedabad,M,31
3432,2024-02-20,Mumbai,F,33
3433,2023-04-23,Mumbai,F,44
3434,2023-07-01,Mumbai,F,59
3435,2023-05-08,Mumbai,M,23
3436,2023-11-24,Bengaluru,M,49
3437,2023-06-08,Mumbai,F,58
3438,2023-12-22,Delhi,F,52
3439,2024-05-19,Bengaluru,M,64
3440,2024-03-23,Kolkata,F,18
3441,2024-05-26,Chennai,F,35
3442,2023-01-14,Bengaluru,F,38
3443,2023-09-03,Mumbai,M,43
3444,2023-04-29,Kolkata,M,32
3445,2024-05-10,Pune,F,29
3446,2024-01-20,Mumbai,F,58
3447,2023-06-22,Pune,,28
3448,2023-11-01,Bengaluru,F,62
3449,2023-11-23,Delhi,M,19
3450,2023-09-25,Bengaluru,M,37
3451,2023-09-14,Delhi,M,46
3452,2023-01-30,Delhi,F,63
3453,2023-09-02,Delhi,M,53
3454,2023-07-08,pune ,F,18
3455,2024-03-17,Delhi,F,53
3456,2024-04-12,Bengaluru,,33
3457,2024-02-10,Bengaluru,F,58
3458,2023-01-17,Pune,F,54
3459,2024-03-30,bengaluru ,F,27
3460,2023-08-03,Mumbai,,34
3461,2023-08-13,Pune,M,56
3462,2024-05-25,Mumbai,M,61
3463,2024-04-13,Delhi,,46
3464,2023-01-28,mumbai ,F,28
3465,2023-07-14,Chennai,F,36
3466,2024-02-09,Mumbai,M,55
3467,2023-10-18,Chennai,F,46
3468,2023-05-20,Mumbai,F,27
3469,2023-10-11,Bengaluru,F,31
3470,2024-04-12,Kolkata,M,27
3471,2023-05-01,Delhi,F,40
3472,2024-02-07,Pune,F,38
3473,2024-02-01,Bengaluru,F,43
3474,2024-04-23,Ahmedabad,M,62
3475,2023-06-10,Ahmedabad,F,48
3476,2023-04-27,Mumbai,M,45
3477,2023-10-23,Chennai,M,35
3478,2023-10-14,Delhi,M,47
3479,2023-08-10,Mumbai,F,62
3480,2024-02-25,Bengaluru,F,18
3481,2024-03-07,Bengaluru,M,34
3482,2023-05-13,Bengaluru,M,20
3483,2024-03-05,Kolkata,M,27
3484,2023-05-05,Delhi,M,21
3485,2023-08-09,Bengaluru,F,45
3486,2023-01-15,delhi ,M,56
3487,2023-07-03,Pune,M,62
3488,2024-06-01,Delhi,,29
3489,2023-08-27,Ahmedabad,M,50
3490,2024-01-19,Delhi,F,33
3491,2023-02-28,Pune,F,32
3492,2023-12-10,Chennai,F,46
3493,2023-07-20,Ahmedabad,F,49
3494,2024-02-06,Hyderabad,M,45
3495,2024-05-16,Bengaluru,F,22
3496,2023-10-15,Delhi,F,37
3497,2023-02-25,Bengaluru,M,31
3498,2023-09-15,Kolkata,F,18
3499,2023-03-08,Hyderabad,F,19
3500,2023-08-31,Kolkata,F,39
3501,2023-02-03,Delhi,F,22
3502,2023-12-12,Pune,M,52
3503,2023-06-17,Bengaluru,F,20
3504,2023-04-19,Mumbai,,29
3505,2023-01-10,Pune,F,64
3506,2024-04-24,Delhi,M,51
3507,2024-03-28,Bengaluru,F,44
3508,2024-03-14,Hyderabad,F,18
3509,2023-02-01,Kolkata,M,20
3510,2023-07-08,Hyderabad,F,60
3511,2024-06-08,Chennai,F,55
3512,2023-11-09,Chennai,F,62
3513,2023-03-11,Pune,F,55
3514,2023-03-18,Bengaluru,M,18
3515,2023-05-23,Mumbai,,55
3516,2024-06-09,Pune,F,39
3517,2023-04-02,Mumbai,F,50
3518,2024-05-02,Kolkata,M,37
3519,2024-01-02,Chennai,M,51
3520,2024-05-12,Hyderabad,F,57
3521,2024-03-22,Ahmedabad,M,63
3522,2023-06-29,Hyderabad,F,43
3523,2024-03-23,Mumbai,,31
3524,2023-04-02,Hyderabad,F,46
3525,2023-06-07,Kolkata,M,41
3526,2023-04-25,Hyderabad,F,27
3527,2023-03-13,Mumbai,M,52
3528,2023-02-18,Pune,F,21
3529,2023-04-12,Hyderabad,F,36
3530,2023-03-06,Mumbai,F,50
3531,2023-07-25,Delhi,M,61
3532,2023-02-08,Delhi,M,47
3533,2023-02-03,Mumbai,,64
3534,2024-06-18,Pune,F,57
3535,2023-02-17,Ahmedabad,F,29
3536,2023-02-09,Hyderabad,F,57
3537,2023-01-17,Hyderabad,F,33
3538,2023-03-13,Mumbai,M,47
3539,2023-10-13,Mumbai,F,27
3540,2024-03-22,Delhi,F,43
3541,2024-02-01,Delhi,,49
3542,2023-11-10,Pune,M,60
3543,2023-02-15,Chennai,F,62
3544,2024-02-23,ahmedabad ,M,55
3545,2023-01-21,Bengaluru,F,44
3546,2023-12-07,Delhi,F,59
3547,2023-08-10,Delhi,F,22
3548,2024-04-21,Pune,M,64
3549,2023-06-16,Mumbai,M,27
3550,2023-12-11,bengaluru ,M,36
3551,2023-08-26,Delhi,M,60
3552,2023-10-09,Bengaluru,M,51
3553,2024-05-21,Kolkata,F,57
3554,2024-01-20,Mumbai,M,50
3555,2023-08-12,Pune,M,46
3556,2023-08-30,Pune,F,26
3557,2024-01-16,Mumbai,M,64
3558,2023-07-06,Bengaluru,M,47
3559,2023-04-01,Kolkata,F,49
3560,2023-09-10,Hyderabad,M,38
3561,2023-02-06,Bengaluru,M,62
3562,2023-04-02,Delhi,F,39
3563,2023-08-16,Mumbai,M,26
3564,2024-03-06,Delhi,M,26
3565,2024-02-26,Delhi,M,50
3566,2023-05-21,Hyderabad,M,53
3567,2023-08-16,Delhi,F,27
3568,2023-03-24,Mumbai,M,50
3569,2024-02-12,Mumbai,M,64
3570,2023-05-14,Mumbai,M,43
3571,2024-03-07,Hyderabad,,63
3572,2024-03-30,pune ,M,25
3573,2024-01-08,pune ,F,150
3574,2023-06-28,Mumbai,M,150
3575,2024-05-29,Kolkata,F,34
3576,2024-01-06,Bengaluru,M,22
3577,2023-12-15,Bengaluru,M,39
3578,2024-04-07,Delhi,F,33
3579,2024-04-20,Pune,M,27
3580,2023-02-11,Hyderabad,F,35
3581,2024-04-21,Mumbai,F,37
3582,2024-02-18,pune ,F,59
3583,2023-04-22,Bengaluru,M,41
3584,2023-06-16,Pune,F,37
3585,2024-02-11,pune ,M,36
3586,2023-04-27,Kolkata,,46
3587,2023-09-02,Delhi,F,30
3588,2024-01-08,Mumbai,F,59
3589,2023-12-18,Delhi,F,37
3590,2024-05-06,Chennai,F,38
3591,2023-03-02,Pune,F,21
3592,2023-06-09,Pune,M,59
3593,2024-06-15,Bengaluru,F,40
3594,2023-11-04,bengaluru ,M,24
3595,2023-05-15,Ahmedabad,M,26
3596,2023-06-06,Delhi,F,35
3597,2023-07-03,Pune,M,54
3598,2023-10-27,Bengaluru,F,22
3599,2023-06-03,Bengaluru,M,23
3600,2023-12-02,Mumbai,M,44
3601,2023-08-29,Bengaluru,F,41
3602,2023-11-26,Mumbai,M,62
3603,2023-03-25,Kolkata,F,53
3604,2023-12-03,Kolkata,F,48
3605,2024-05-14,Delhi,F,33
3606,2023-03-14,Ahmedabad,M,47
3607,2023-06-26,Ahmedabad,F,45
3608,2024-01-10,Mumbai,M,31
3609,2023-11-30,Delhi,M,35
3610,2023-12-31,Bengaluru,M,61
3611,2023-10-30,Pune,M,43
3612,2024-01-04,Delhi,F,40
3613,2023-11-26,Mumbai,M,55
3614,2023-02-09,Ahmedabad,M,30
3615,2024-02-10,Delhi,F,28
3616,2023-08-30,Chennai,F,64
3617,2023-01-28,Delhi,M,55
3618,2023-08-09,Mumbai,M,37
3619,2023-08-23,Hyderabad,M,62
3620,2023-02-16,Pune,F,35
3621,2024-06-21,Pune,F,49
3622,2023-05-01,Delhi,F,19
3623,2023-06-28,Chennai,F,50
3624,2023-08-27,Delhi,M,26
3625,2024-03-25,Pune,F,29
3626,2024-02-06,Mumbai,M,56
3627,2024-02-21,Mumbai,M,27
3628,2023-05-09,Pune,M,40
3629,2024-04-01,Bengaluru,M,61
3630,2024-03-24,Pune,F,62
3631,2023-09-08,Mumbai,M,38
3632,2023-10-22,Bengaluru,M,21
3633,2023-01-21,Chennai,M,31
3634,2024-02-15,Mumbai,,46
3635,2024-06-02,Delhi,F,33
3636,2023-09-13,Mumbai,F,51
3637,2023-10-19,Ahmedabad,F,64
3638,2023-09-27,Mumbai,F,47
3639,2023-02-14,Mumbai,M,47
3640,2023-12-01,Delhi,M,42
3641,2024-01-25,Mumbai,M,26
3642,2024-05-16,Mumbai,M,45
3643,2024-05-17,Pune,F,61
3644,2023-09-23,Bengaluru,M,50
3645,2024-06-01,Bengaluru,M,53
3646,2023-10-13,Bengaluru,F,58
3647,2023-12-13,Chennai,M,36
3648,2023-11-22,Delhi,M,33
3649,2024-06-23,Hyderabad,M,63
3650,2024-02-03,Chennai,F,39
3651,2023-03-06,Kolkata,M,52
3652,2023-02-08,Chennai,M,47
3653,2023-08-10,Delhi,M,23
3654,2023-10-06,Mumbai,F,32
3655,2023-12-28,Delhi,M,33
3656,2023-09-18,Pune,M,26
3657,2023-10-05,Delhi,F,54
3658,2024-05-12,Pune,F,63
3659,2023-06-30,Pune,M,63
3660,2023-09-24,Hyderabad,M,27
3661,2023-10-28,Chennai,M,39
3662,2023-09-10,Bengaluru,F,28
3663,2024-06-06,Delhi,M,20
3664,2024-06-03,Bengaluru,F,47
3665,2023-10-05,Hyderabad,F,58
3666,2023-09-01,Bengaluru,F,21
3667,2023-11-15,Bengaluru,M,48
3668,2023-04-08,Delhi,F,19
3669,2023-08-19,Delhi,F,57
3670,2023-04-28,Chennai,F,21
3671,2023-03-19,Ahmedabad,M,38
3672,2023-02-21,Delhi,F,23
3673,2023-11-14,Delhi,F,37
3674,2023-01-01,Delhi,F,38
3675,2023-12-15,Delhi,F,43
3676,2023-08-22,Ahmedabad,F,56
3677,2023-07-17,Chennai,M,64
3678,2024-02-20,Delhi,F,34
3679,2023-10-18,Delhi,F,61
3680,2024-02-01,Delhi,F,38
3681,2024-01-19,Pune,M,23
3682,2023-01-18,Bengaluru,M,46
3683,2023-04-27,Kolkata,F,51
3684,2023-11-04,Bengaluru,F,32
3685,2024-06-10,Mumbai,M,45
3686,2023-03-25,Chennai,M,38
3687,2023-02-27,Chennai,F,24
3688,2024-05-23,Mumbai,F,36
3689,2024-06-06,Bengaluru,M,38
3690,2023-04-01,Bengaluru,M,34
3691,2023-08-05,Kolkata,M,61
3692,2023-12-05,Mumbai,M,36
3693,2023-04-16,Mumbai,F,47
3694,2023-06-26,Delhi,F,18
3695,2023-08-02,Pune,F,32
3696,2023-12-13,Delhi,F,59
3697,2023-06-16,Kolkata,M,59
3698,2023-08-11,Mumbai,M,63
3699,2023-06-06,Delhi,M,20
3700,2024-02-15,Ahmedabad,M,58
3701,2023-03-24,Bengaluru,F,30
3702,2023-05-05,Delhi,M,18
3703,2023-05-15,Bengaluru,F,22
3704,2024-05-04,Mumbai,M,53
3705,2024-05-25,Mumbai,M,45
3706,2023-09-28,Bengaluru,M,44
3707,2023-03-26,Delhi,F,59
3708,2024-02-13,Mumbai,F,22
3709,2023-09-23,Pune,F,21
3710,2024-04-03,Kolkata,M,61
3711,2023-07-14,Pune,F,46
3712,2024-06-23,Chennai,F,54
3713,2024-03-11,Delhi,M,42
3714,2023-05-01,Bengaluru,M,24
3715,2024-01-27,Mumbai,M,42
3716,2023-06-04,Mumbai,M,63
3717,2023-07-08,Bengaluru,F,23
3718,2023-05-16,Chennai,M,23
3719,2024-01-04,Mumbai,F,34
3720,2023-05-22,Delhi,F,39
3721,2023-12-11,Delhi,M,47
3722,2023-11-11,Mumbai,F,25
3723,2024-02-10,bengaluru ,M,61
3724,2024-06-20,Mumbai,F,25
3725,2023-01-05,Bengaluru,M,27
3726,2024-06-18,Pune,M,150
3727,2023-03-01,Delhi,M,35
3728,2023-10-12,Mumbai,F,44
3729,2023-07-04,Delhi,F,38
3730,2023-12-12,Delhi,F,30
3731,2024-01-25,Hyderabad,M,41
3732,2024-04-09,Delhi,,54
3733,2023-08-06,Kolkata,M,18
3734,2024-05-18,Mumbai,F,59
3735,2023-06-24,Delhi,F,26
3736,2023-04-21,Pune,F,61
3737,2023-07-24,Delhi,M,63
3738,2023-10-13,Bengaluru,F,61
3739,2023-12-27,kolkata ,F,48
3740,2024-03-25,Bengaluru,M,60
3741,2023-05-02,Bengaluru,F,58
3742,2023-06-13,Mumbai,M,48
3743,2024-05-21,Pune,F,59
3744,2023-08-26,kolkata ,F,34
3745,2023-05-11,Mumbai,F,57
3746,2024-06-16,Pune,M,61
3747,2023-08-31,Hyderabad,M,47
3748,2024-06-15,Ahmedabad,F,23
3749,2024-05-11,Bengaluru,M,28
3750,2024-05-04,Delhi,F,25
3751,2023-11-11,Kolkata,M,43
3752,2024-03-07,Mumbai,F,38
3753,2024-06-02,Delhi,M,56
3754,2023-05-26,Delhi,M,31
3755,2023-01-21,Hyderabad,M,25
3756,2023-06-23,Hyderabad,M,46
3757,2023-12-10,Bengaluru,M,24
3758,2023-10-23,Pune,M,60
3759,2023-02-13,Delhi,F,21
3760,2023-10-30,Mumbai,M,41
3761,2023-04-05,Hyderabad,F,62
3762,2023-09-30,mumbai ,F,44
3763,2023-11-07,Pune,F,55
3764,2023-12-10,Chennai,M,37
3765,2023-08-11,Delhi,M,53
3766,2023-08-09,Kolkata,M,51
3767,2024-01-02,Pune,F,42
3768,2024-02-09,kolkata ,F,22
3769,2024-03-12,Pune,M,63
3770,2023-06-30,Pune,M,20
3771,2023-08-18,Delhi,M,34
3772,2023-06-28,Mumbai,M,48
3773,2023-10-12,bengaluru ,F,54
3774,2023-03-10,Pune,M,43
3775,2023-08-21,Pune,M,36
3776,2023-04-12,Chennai,M,37
3777,2023-10-15,Mumbai,M,63
3778,2024-04-04,Bengaluru,M,33
3779,2024-06-16,Chennai,M,58
3780,2023-08-29,pune ,M,20
3781,2023-01-31,Chennai,M,48
3782,2023-05-04,Mumbai,F,49
3783,2023-02-26,Delhi,F,49
3784,2024-02-15,Pune,M,37
3785,2024-06-15,Kolkata,F,50
3786,2023-10-27,Bengaluru,M,38
3787,2023-04-06,Bengaluru,,45
3788,2023-01-12,Ahmedabad,F,59
3789,2024-06-11,Delhi,M,49
3790,2023-06-20,Hyderabad,M,52
3791,2023-03-02,Chennai,F,63
3792,2023-04-06,Hyderabad,M,28
3793,2023-05-18,Hyderabad,M,45
3794,2023-12-21,Ahmedabad,F,48
3795,2024-04-26,Mumbai,F,50
3796,2023-05-29,Kolkata,F,24
3797,2024-01-07,Kolkata,F,53
3798,2023-02-05,Bengaluru,F,27
3799,2023-01-06,Mumbai,F,37
3800,2023-01-30,Ahmedabad,F,51
3801,2024-05-13,Mumbai,F,30
3802,2023-11-11,Delhi,,23
3803,2024-03-10,Bengaluru,F,49
3804,2023-01-12,Mumbai,F,31
3805,2023-01-13,Chennai,F,56
3806,2024-04-03,Pune,F,60
3807,2023-02-25,Chennai,M,34
3808,2023-03-25,Kolkata,F,52
3809,2023-10-08,Delhi,M,28
3810,2023-11-24,Chennai,M,61
3811,2023-05-04,Mumbai,M,29
3812,2023-08-29,Kolkata,F,59
3813,2023-12-31,Ahmedabad,F,54
3814,2023-08-28,Mumbai,M,32
3815,2023-07-26,Chennai,M,56
3816,2023-02-08,Bengaluru,M,47
3817,2023-09-02,Bengaluru,M,49
3818,2024-03-09,Chennai,M,35
3819,2023-12-05,Delhi,F,29
3820,2024-04-27,Bengaluru,M,50
3821,2023-03-10,Mumbai,M,20
3822,2023-01-06,Delhi,M,34
3823,2023-10-24,Hyderabad,F,24
3824,2023-04-07,Pune,F,18
3825,2023-11-17,Bengaluru,M,18
3826,2024-05-03,Mumbai,M,22
3827,2023-07-02,Kolkata,F,62
3828,2023-10-24,Bengaluru,M,54
3829,2024-01-04,Delhi,F,64
3830,2023-03-23,Mumbai,,150
3831,2024-04-29,Delhi,F,64
3832,2023-04-20,Ahmedabad,F,46
3833,2024-03-12,Bengaluru,M,55
3834,2023-12-23,Delhi,M,58
3835,2023-03-18,Chennai,M,30
3836,2024-01-27,Delhi,M,52
3837,2023-04-17,Delhi,M,48
3838,2023-11-20,Delhi,M,37
3839,2024-06-02,Mumbai,F,41
3840,2024-05-29,Chennai,M,27
3841,2024-04-15,Hyderabad,F,26
3842,2023-09-24,Hyderabad,M,61
3843,2023-10-30,Hyderabad,M,52
3844,2023-06-12,Delhi,M,44
3845,2024-05-12,Mumbai,F,50
3846,2023-09-15,bengaluru ,F,37
3847,2024-02-21,Ahmedabad,F,29
3848,2023-07-14,Chennai,M,62
3849,2024-02-04,Delhi,M,64
3850,2023-05-02,Chennai,,28
3851,2024-02-01,Chennai,M,55
3852,2023-01-25,Hyderabad,M,38
3853,2023-02-26,Chennai,M,51
3854,2023-07-10,Delhi,M,23
3855,2023-09-18,Mumbai,M,40
3856,2024-01-20,Delhi,M,23
3857,2023-07-13,Delhi,F,56
3858,2023-01-10,Hyderabad,F,36
3859,2023-06-25,Bengaluru,M,30
3860,2023-08-26,Delhi,M,50
3861,2023-10-21,Delhi,F,62
3862,2023-12-14,Bengaluru,M,33
3863,2023-05-14,Bengaluru,F,51
3864,2023-11-26,Mumbai,M,50
3865,2023-12-08,Hyderabad,F,41
3866,2024-02-24,Delhi,F,55
3867,2023-10-09,Delhi,M,24
3868,2024-03-13,mumbai ,F,59
3869,2023-04-30,Bengaluru,F,36
3870,2024-01-20,Chennai,F,20
3871,2023-01-25,Hyderabad,M,64
3872,2023-02-25,Pune,M,54
3873,2024-04-11,Ahmedabad,M,56
3874,2023-09-14,Chennai,,24
3875,2023-12-02,Mumbai,M,53
3876,2023-11-22,Mumbai,M,50
3877,2024-01-11,Mumbai,F,60
3878,2023-05-13,Hyderabad,M,35
3879,2023-04-07,Mumbai,F,61
3880,2023-01-23,Delhi,M,51
3881,2024-04-11,Chennai,F,29
3882,2023-05-01,Hyderabad,M,28
3883,2023-11-07,Bengaluru,M,60
3884,2023-09-03,Chennai,F,48
3885,2023-03-29,Mumbai,M,23
3886,2023-08-12,hyderabad ,M,23
3887,2023-02-14,Mumbai,M,56
3888,2023-04-06,Mumbai,F,25
3889,2023-03-17,Ahmedabad,M,28
3890,2024-03-21,Mumbai,M,46
3891,2023-11-03,Mumbai,M,58
3892,2024-05-14,Bengaluru,M,33
3893,2023-08-24,mumbai ,F,49
3894,2023-04-19,Mumbai,M,51
3895,2023-11-25,Bengaluru,F,46
3896,2024-05-16,Chennai,F,50
3897,2023-10-15,Kolkata,F,28
3898,2023-01-10,Mumbai,F,47
3899,2023-06-13,Bengaluru,M,18
3900,2024-05-14,Kolkata,,52
3901,2023-10-07,Mumbai,F,55
3902,2024-05-29,Mumbai,F,55
3903,2023-10-03,Pune,M,19
3904,2023-01-07,Bengaluru,M,60
3905,2024-04-16,Mumbai,F,38
3906,2024-02-17,Chennai,M,21
3907,2024-01-22,Ahmedabad,F,43
3908,2024-06-07,Mumbai,M,44
3909,2023-04-16,Bengaluru,F,36
3910,2024-05-04,Mumbai,M,53
3911,2023-05-06,Pune,M,43
3912,2024-06-08,Chennai,M,28
3913,2023-04-14,delhi ,F,47
3914,2023-10-25,Hyderabad,F,30
3915,2024-03-02,Bengaluru,F,23
3916,2023-02-12,Mumbai,F,30
3917,2023-02-06,Delhi,F,60
3918,2024-04-03,Mumbai,F,44
3919,2023-02-02,Hyderabad,F,32
3920,2023-11-28,Chennai,F,35
3921,2024-05-21,Delhi,F,58
3922,2023-11-28,Bengaluru,M,49
3923,2023-09-17,Bengaluru,F,54
3924,2023-08-14,Kolkata,M,46
3925,2023-12-11,pune ,M,64
3926,2023-11-05,Pune,F,48
3927,2023-09-28,Pune,F,36
3928,2023-03-24,Delhi,M,29
3929,2023-12-24,Delhi,M,20
3930,2024-02-04,Mumbai,F,54
3931,2024-01-18,Delhi,M,61
3932,2023-02-10,Delhi,M,49
3933,2024-01-15,Pune,F,40
3934,2024-01-30,hyderabad ,F,24
3935,2023-04-10,Bengaluru,F,48
3936,2024-04-03,Delhi,F,27
3937,2023-10-10,Bengaluru,M,47
3938,2023-09-13,Mumbai,M,32
3939,2024-01-26,Hyderabad,F,58
3940,2023-10-03,Bengaluru,F,61
3941,2023-10-22,Delhi,M,29
3942,2023-06-18,Hyderabad,M,33
3943,2024-05-16,Kolkata,M,61
3944,2024-06-07,Kolkata,M,18
3945,2023-03-12,Mumbai,M,42
3946,2024-01-31,Mumbai,M,24
3947,2023-01-13,Chennai,F,38
3948,2023-07-19,Delhi,M,19
3949,2024-06-07,Chennai,F,24
3950,2023-04-05,Chennai,F,36
3951,2023-07-23,Mumbai,F,20
3952,2023-04-29,Mumbai,,55
3953,2024-01-29,Delhi,M,45
3954,2023-09-08,Mumbai,M,39
3955,2023-11-17,bengaluru ,F,40
3956,2024-05-23,Chennai,M,57
3957,2023-10-09,Delhi,M,57
3958,2024-02-01,Chennai,M,20
3959,2023-02-22,Bengaluru,F,50
3960,2023-04-27,Chennai,M,40
3961,2024-05-26,Mumbai,F,54
3962,2024-04-09,Chennai,M,150
3963,2023-12-21,Chennai,F,51
3964,2023-07-24,Mumbai,M,49
3965,2023-04-18,Bengaluru,F,27
3966,2024-04-04,Hyderabad,F,58
3967,2024-02-29,Mumbai,M,50
3968,2023-05-11,Chennai,M,30
3969,2023-11-15,Ahmedabad,F,28
3970,2023-12-01,Hyderabad,F,41
3971,2023-09-15,Delhi,M,34
3972,2024-05-15,Bengaluru,M,49
3973,2023-03-09,ahmedabad ,M,37
3974,2023-05-20,Bengaluru,M,25
3975,2023-02-21,Pune,M,36
3976,2024-01-10,Pune,M,56
3977,2023-12-14,Kolkata,M,57
3978,2024-06-17,Delhi,F,32
3979,2023-10-20,Mumbai,F,55
3980,2023-03-23,Delhi,F,22
3981,2023-09-01,Chennai,F,64
3982,2023-02-17,Delhi,F,53
3983,2023-12-29,Hyderabad,M,19
3984,2023-12-31,Chennai,F,51
3985,2024-04-08,ahmedabad ,M,41
3986,2023-07-03,Hyderabad,F,59
3987,2023-06-17,Mumbai,F,29
3988,2023-02-08,Bengaluru,F,59
3989,2023-08-13,Pune,M,58
3990,2023-09-14,Ahmedabad,F,31
3991,2024-02-12,Mumbai,M,38
3992,2024-02-12,Bengaluru,M,48
3993,2023-03-17,Kolkata,M,29
3994,2023-06-03,Mumbai,M,64
3995,2023-10-04,Kolkata,F,26
3996,2023-06-30,Pune,M,29
3997,2023-01-14,Delhi,M,41
3998,2024-04-01,Delhi,,40
3999,2024-01-30,Delhi,F,20
4000,2023-10-08,Bengaluru,M,60
4001,2023-06-21,Hyderabad,F,29
4002,2024-03-31,Delhi,F,22
4003,2023-01-20,Bengaluru,M,150
4004,2023-08-30,Hyderabad,F,61
4005,2024-03-08,Chennai,F,18
4006,2024-05-29,Pune,M,40
4007,2023-05-16,Hyderabad,F,60
4008,2023-12-18,Pune,M,59
4009,2023-04-13,Bengaluru,F,26
4010,2023-03-04,Bengaluru,M,47
4011,2023-07-10,Kolkata,M,57
4012,2024-04-22,Mumbai,,49
4013,2024-01-08,Mumbai,F,48
4014,2023-09-22,Chennai,M,54
4015,2023-06-02,Mumbai,M,39
4016,2023-03-18,Delhi,M,21
4017,2023-05-27,Chennai,,48
4018,2023-03-24,Bengaluru,M,47
4019,2023-04-12,Mumbai,M,58
4020,2024-01-07,Mumbai,F,61
4021,2023-03-13,Ahmedabad,M,33
4022,2023-01-26,Delhi,M,62
4023,2023-10-20,Pune,F,18
4024,2023-06-04,Mumbai,M,63
4025,2023-09-03,Delhi,F,24
4026,2023-03-17,Ahmedabad,F,48
4027,2023-04-24,Mumbai,M,50
4028,2023-08-27,Pune,F,47
4029,2024-01-08,Bengaluru,F,64
4030,2023-08-12,Pune,F,43
4031,2023-10-20,Mumbai,F,24
4032,2023-10-09,Ahmedabad,M,46
4033,2023-05-26,chennai ,M,31
4034,2023-06-01,Pune,F,46
4035,2023-08-18,Delhi,M,35
4036,2023-01-18,Mumbai,M,19
4037,2024-01-06,Mumbai,F,47
4038,2023-11-28,Bengaluru,M,22
4039,2023-06-15,Bengaluru,F,33
4040,2023-07-21,Chennai,F,47
4041,2023-06-27,Hyderabad,F,59
4042,2023-12-18,Mumbai,M,32
4043,2024-02-15,Hyderabad,M,32
4044,2023-02-28,Bengaluru,F,32
4045,2023-08-12,Mumbai,M,45
4046,2023-01-08,Kolkata,F,27
4047,2023-09-02,Pune,F,42
4048,2023-05-15,Bengaluru,M,55
4049,2023-07-01,Chennai,M,21
4050,2023-09-04,Mumbai,F,63
4051,2023-06-24,Hyderabad,M,42
4052,2023-08-01,Mumbai,F,47
4053,2024-02-17,Kolkata,F,47
4054,2024-03-13,pune ,M,62
4055,2023-01-04,Mumbai,F,49
4056,2023-07-24,Delhi,M,59
4057,2024-04-02,Hyderabad,M,31
4058,2023-10-14,Mumbai,,28
4059,2023-04-21,Hyderabad,F,48
4060,2023-11-17,Mumbai,F,25
4061,2023-03-20,Delhi,F,23
4062,2023-01-12,delhi ,F,27
4063,2023-12-08,Pune,M,30
4064,2023-10-06,Hyderabad,M,22
4065,2024-02-13,Delhi,M,52
4066,2023-07-06,Chennai,M,45
4067,2024-04-06,Bengaluru,M,27
4068,2023-08-16,Bengaluru,F,31
4069,2024-02-03,Bengaluru,M,61
4070,2023-02-24,Hyderabad,F,60
4071,2023-02-22,Chennai,F,23
4072,2024-02-27,Bengaluru,,46
4073,2024-03-26,Bengaluru,M,33
4074,2024-05-23,bengaluru ,F,34
4075,2023-06-25,Delhi,F,46
4076,2023-01-13,Bengaluru,M,64
4077,2024-06-13,Delhi,M,45
4078,2023-11-21,Chennai,M,62
4079,2023-05-14,Ahmedabad,F,56
4080,2024-02-17,Ahmedabad,F,54
4081,2024-05-03,Kolkata,F,55
4082,2023-06-03,Bengaluru,F,55
4083,2024-02-20,Chennai,M,29
4084,2024-03-01,Mumbai,M,63
4085,2023-09-28,Delhi,F,61
4086,2023-12-08,Mumbai,,46
4087,2023-05-26,Pune,F,51
4088,2024-05-16,Ahmedabad,M,59
4089,2024-06-14,Hyderabad,M,25
4090,2024-06-13,Bengaluru,M,21
4091,2024-02-03,Mumbai,M,64
4092,2023-01-23,Chennai,M,44
4093,2023-07-17,Delhi,F,51
4094,2023-08-29,Kolkata,F,41
4095,2024-06-02,Ahmedabad,M,42
4096,2023-10-23,Delhi,M,19
4097,2023-10-17,Mumbai,M,31
4098,2023-03-21,Mumbai,M,22
4099,2024-03-04,Pune,F,38
4100,2023-07-01,Delhi,M,19
4101,2023-02-19,Pune,F,55
4102,2024-06-17,Pune,M,31
4103,2023-04-13,Mumbai,M,52
4104,2023-01-09,Mumbai,,20
4105,2023-02-12,Chennai,M,19
4106,2023-09-02,Pune,M,37
4107,2023-02-25,Hyderabad,F,55
4108,2024-03-31,Mumbai,M,56
4109,2023-10-04,Pune,M,43
4110,2023-06-24,Pune,M,46
4111,2023-01-02,Chennai,M,50
4112,2023-09-17,Mumbai,F,49
4113,2023-03-23,Bengaluru,M,52
4114,2024-06-12,Pune,F,19
4115,2023-06-07,Ahmedabad,F,38
4116,2023-09-14,Mumbai,M,57
4117,2023-01-11,Delhi,M,38
4118,2023-03-12,Hyderabad,M,24
4119,2023-04-23,Mumbai,M,49
4120,2023-01-28,Mumbai,M,32
4121,2024-01-28,Kolkata,F,42
4122,2024-05-25,Mumbai,M,42
4123,2024-06-16,Pune,F,50
4124,2023-05-24,Delhi,F,61
4125,2024-03-01,Pune,F,50
4126,2023-09-30,Hyderabad,M,64
4127,2023-01-25,Bengaluru,M,18
4128,2023-02-18,Bengaluru,,54
4129,2023-10-23,Mumbai,M,37
4130,2023-08-17,Chennai,F,52
4131,2023-01-05,Bengaluru,F,22
4132,2024-05-17,pune ,F,42
4133,2024-01-30,Hyderabad,M,19
4134,2023-09-29,Bengaluru,M,49
4135,2024-06-16,Kolkata,F,28
4136,2024-06-08,Mumbai,F,24
4137,2024-06-09,Mumbai,F,21
4138,2023-05-20,Chennai,F,30
4139,2024-04-20,Kolkata,F,63
4140,2023-09-30,Delhi,,64
4141,2024-01-28,Pune,F,21
4142,2024-04-09,Kolkata,M,64
4143,2023-03-30,Mumbai,M,45
4144,2023-08-31,Delhi,F,33
4145,2023-03-11,Bengaluru,F,62
4146,2023-05-31,Pune,M,29
4147,2023-08-12,Pune,F,26
4148,2024-04-06,pune ,M,28
4149,2024-04-10,Hyderabad,M,24
4150,2023-07-30,Mumbai,F,40
4151,2023-06-27,Bengaluru,M,24
4152,2023-10-14,Ahmedabad,F,28
4153,2024-05-07,Bengaluru,F,35
4154,2024-06-11,Bengaluru,F,48
4155,2023-05-03,bengaluru ,M,58
4156,2023-04-11,Delhi,F,21
4157,2024-01-17,Bengaluru,M,47
4158,2023-06-12,Ahmedabad,F,22
4159,2023-04-18,Kolkata,M,64
4160,2023-01-17,Delhi,,31
4161,2023-08-06,Delhi,F,58
4162,2023-07-31,Hyderabad,M,54
4163,2023-11-01,Mumbai,M,33
4164,2023-04-19,Kolkata,M,33
4165,2024-01-21,Mumbai,F,32
4166,2024-01-03,Chennai,F,40
4167,2023-09-07,Kolkata,F,38
4168,2023-04-08,Delhi,F,48
4169,2023-10-01,Mumbai,M,39
4170,2023-12-31,Kolkata,F,55
4171,2023-07-21,Delhi,M,39
4172,2023-05-23,Delhi,F,32
4173,2023-10-01,Bengaluru,M,33
4174,2023-07-11,Delhi,F,52
4175,2023-08-05,Chennai,M,24
4176,2023-07-08,Mumbai,M,31
4177,2023-06-13,Delhi,M,32
4178,2024-01-23,Hyderabad,F,48
4179,2023-09-06,Pune,F,24
4180,2023-09-09,Delhi,M,39
4181,2023-12-19,Bengaluru,M,49
4182,2023-07-15,Hyderabad,M,61
4183,2023-02-24,Bengaluru,F,38
4184,2024-04-05,Kolkata,,64
4185,2023-01-31,mumbai ,F,46
4186,2023-11-05,Delhi,F,54
4187,2023-05-24,Hyderabad,M,29
4188,2023-04-26,Hyderabad,M,61
4189,2023-01-23,Bengaluru,F,30
4190,2024-05-01,delhi ,F,24
4191,2023-08-20,Delhi,M,21
4192,2023-07-05,pune ,F,48
4193,2024-02-05,Hyderabad,M,47
4194,2023-01-22,Kolkata,M,27
4195,2023-11-01,Delhi,M,59
4196,2023-09-25,mumbai ,F,31
4197,2023-10-26,Delhi,F,46
4198,2023-03-08,Mumbai,F,42
4199,2024-05-29,Chennai,F,45
4200,2023-05-09,Bengaluru,F,52
4201,2024-01-02,Mumbai,M,61
4202,2024-02-08,Bengaluru,F,51
4203,2023-07-05,ahmedabad ,M,60
4204,2023-03-12,Mumbai,F,58
4205,2023-06-10,Delhi,M,34
4206,2024-03-11,Delhi,M,44
4207,2024-05-04,Mumbai,F,27
4208,2024-05-20,Bengaluru,M,61
4209,2023-05-03,Bengaluru,M,63
4210,2023-11-24,Mumbai,F,59
4211,2023-03-23,Mumbai,F,52
4212,2024-01-19,Hyderabad,M,57
4213,2023-08-13,Mumbai,M,55
4214,2024-01-21,Bengaluru,M,28
4215,2024-01-05,Bengaluru,F,30
4216,2024-06-20,Kolkata,F,42
4217,2023-09-21,Chennai,M,37
4218,2023-07-04,Kolkata,F,52
4219,2023-10-12,Bengaluru,F,52
4220,2023-03-29,Delhi,,63
4221,2023-03-02,Delhi,M,55
4222,2023-10-08,Delhi,F,18
4223,2024-03-21,Delhi,F,34
4224,2023-10-15,Mumbai,M,33
4225,2024-02-27,Delhi,M,47
4226,2023-04-07,Delhi,M,34
4227,2023-08-31,Pune,M,63
4228,2023-11-28,Mumbai,F,31
4229,2023-07-07,Chennai,F,38
4230,2023-01-08,Bengaluru,M,56
4231,2023-02-09,Kolkata,F,35
4232,2024-05-15,Bengaluru,M,20
4233,2023-11-23,Hyderabad,,33
4234,2023-05-23,Kolkata,M,34
4235,2023-05-20,Pune,F,46
4236,2023-01-22,Ahmedabad,F,51
4237,2024-05-25,Pune,F,43
4238,2023-02-28,Bengaluru,F,37
4239,2024-02-15,kolkata ,M,41
4240,2023-05-10,Delhi,F,24
4241,2023-07-01,Bengaluru,F,26
4242,2023-05-28,Delhi,M,46
4243,2024-03-21,Pune,,58
4244,2023-01-18,Pune,M,42
4245,2023-07-10,Pune,M,20
4246,2023-05-31,Pune,F,64
4247,2023-05-28,Bengaluru,M,33
4248,2023-04-15,Bengaluru,M,53
4249,2024-05-07,Delhi,M,60
4250,2023-07-24,Chennai,F,64
4251,2023-08-14,Pune,F,23
4252,2023-07-27,Mumbai,M,26
4253,2024-06-13,Chennai,F,48
4254,2023-07-03,Hyderabad,F,53
4255,2023-07-04,Delhi,F,57
4256,2023-06-27,Pune,F,43
4257,2023-06-26,Kolkata,F,25
4258,2023-02-18,Hyderabad,M,51
4259,2023-11-23,Delhi,M,49
4260,2023-01-14,Mumbai,F,39
4261,2023-05-03,Pune,M,47
4262,2023-04-20,Bengaluru,M,27
4263,2023-06-07,Hyderabad,M,56
4264,2024-02-13,Bengaluru,M,20
4265,2023-11-20,Mumbai,F,57
4266,2024-06-19,Bengaluru,M,57
4267,2023-07-09,Kolkata,F,50
4268,2024-05-16,Delhi,F,56
4269,2023-01-25,Kolkata,M,60
4270,2023-09-30,Delhi,M,25
4271,2024-03-07,Delhi,M,43
4272,2023-10-15,Bengaluru,F,48
4273,2024-05-18,Delhi,M,62
4274,2023-06-19,Ahmedabad,F,52
4275,2023-01-18,Bengaluru,M,45
4276,2024-02-22,Delhi,M,44
4277,2023-02-06,Delhi,M,24
4278,2024-02-17,Bengaluru,M,32
4279,2024-02-01,Delhi,M,38
4280,2024-03-31,Chennai,F,59
4281,2023-09-16,Delhi,M,58
4282,2024-04-28,Delhi,F,48
4283,2023-04-02,Bengaluru,F,22
4284,2023-08-23,Pune,F,51
4285,2023-03-07,Bengaluru,F,39
4286,2024-02-19,Bengaluru,M,48
4287,2024-01-21,Delhi,F,38
4288,2024-03-11,Chennai,M,51
4289,2024-02-17,Chennai,F,28
4290,2023-06-16,Kolkata,M,24
4291,2023-02-06,Delhi,F,28
4292,2024-05-16,Delhi,F,61
4293,2023-09-24,chennai ,F,21
4294,2023-02-20,Bengaluru,M,31
4295,2024-05-15,Bengaluru,F,34
4296,2024-06-20,Bengaluru,F,57
4297,2023-08-29,Chennai,F,34
4298,2024-02-20,Mumbai,M,59
4299,2023-01-20,Bengaluru,M,64
4300,2023-02-20,Mumbai,M,48
4301,2023-05-30,Delhi,F,34
4302,2023-12-21,Bengaluru,M,46
4303,2023-03-14,Delhi,F,49
4304,2023-01-19,Delhi,F,23
4305,2023-12-28,Hyderabad,F,57
4306,2024-02-20,Chennai,F,38
4307,2024-02-04,Bengaluru,F,57
4308,2024-03-07,Ahmedabad,F,46
4309,2024-03-09,Delhi,M,58
4310,2023-11-22,Kolkata,F,21
4311,2023-10-08,Mumbai,,19
4312,2024-04-07,Mumbai,M,23
4313,2023-07-07,Delhi,F,59
4314,2023-02-22,Pune,,64
4315,2024-02-11,Bengaluru,F,64
4316,2023-05-29,Mumbai,F,33
4317,2024-06-12,Bengaluru,F,30
4318,2023-08-12,Mumbai,M,34
4319,2024-04-04,Mumbai,M,56
4320,2023-01-23,Ahmedabad,M,29
4321,2023-12-22,Bengaluru,F,43
4322,2023-08-31,Hyderabad,M,48
4323,2023-09-07,Delhi,F,34
4324,2023-05-24,Pune,F,40
4325,2024-06-08,Bengaluru,F,49
4326,2023-08-01,Bengaluru,M,55
4327,2024-04-04,Pune,M,26
4328,2023-08-18,Hyderabad,M,42
4329,2023-01-27,Bengaluru,M,25
4330,2024-04-19,Chennai,M,18
4331,2023-04-10,delhi ,M,48
4332,2023-05-26,bengaluru ,M,40
4333,2024-04-09,Mumbai,F,30
4334,2024-04-27,Ahmedabad,M,20
4335,2024-05-10,Delhi,M,62
4336,2023-08-19,Mumbai,F,56
4337,2024-02-13,Pune,F,61
4338,2023-06-27,Bengaluru,F,23
4339,2024-02-04,Ahmedabad,F,18
4340,2023-09-29,Hyderabad,M,28
4341,2023-01-29,Chennai,F,22
4342,2023-08-14,Ahmedabad,F,39
4343,2023-09-10,Chennai,F,48
4344,2023-05-19,Delhi,F,27
4345,2023-07-22,Bengaluru,M,36
4346,2023-09-29,Pune,F,43
4347,2023-01-27,Mumbai,F,32
4348,2023-03-23,Delhi,F,39
4349,2024-02-19,Mumbai,M,45
4350,2023-07-10,Ahmedabad,M,62
4351,2023-11-25,Ahmedabad,M,32
4352,2023-11-02,Delhi,M,22
4353,2023-10-25,Chennai,M,58
4354,2023-08-12,Delhi,F,45
4355,2023-09-18,Mumbai,M,40
4356,2024-03-20,Delhi,M,51
4357,2024-06-05,Mumbai,M,64
4358,2023-05-19,Delhi,F,23
4359,2023-12-28,Mumbai,F,58
4360,2024-06-07,Pune,F,47
4361,2023-01-05,Mumbai,F,45
4362,2024-02-28,Hyderabad,,58
4363,2023-09-26,Pune,F,32
4364,2024-06-06,Delhi,F,55
4365,2023-11-09,Bengaluru,M,44
4366,2024-03-28,Delhi,F,61
4367,2023-03-31,Bengaluru,M,39
4368,2023-03-18,Pune,F,51
4369,2024-05-15,Bengaluru,M,41
4370,2023-10-12,Bengaluru,M,36
4371,2023-10-29,Chennai,M,35
4372,2023-04-02,Bengaluru,F,61
4373,2023-05-03,Delhi,F,57
4374,2024-03-17,Delhi,M,28
4375,2023-06-13,Mumbai,F,58
4376,2023-11-12,Bengaluru,M,45
4377,2023-06-20,Pune,F,22
4378,2023-05-23,Delhi,M,53
4379,2023-03-31,Bengaluru,M,25
4380,2024-05-16,Pune,F,58
4381,2024-05-22,Pune,F,39
4382,2023-03-04,Bengaluru,F,61
4383,2023-07-10,Delhi,F,40
4384,2023-11-01,Kolkata,F,21
4385,2023-07-26,Hyderabad,M,54
4386,2024-01-25,Ahmedabad,M,52
4387,2023-05-21,Delhi,,32
4388,2023-02-01,Mumbai,M,27
4389,2023-07-01,Bengaluru,F,58
4390,2023-11-19,Bengaluru,M,54
4391,2023-04-08,Bengaluru,F,31
4392,2024-03-16,Delhi,M,50
4393,2023-01-07,Pune,F,29
4394,2023-02-06,Mumbai,F,26
4395,2023-10-02,Mumbai,M,49
4396,2023-10-04,Mumbai,M,57
4397,2023-06-09,Hyderabad,M,61
4398,2023-05-20,Pune,M,39
4399,2023-02-07,Bengaluru,M,24
4400,2023-12-24,Hyderabad,F,43
4401,2023-07-24,Delhi,M,49
4402,2023-03-06,bengaluru ,M,63
4403,2023-08-04,Chennai,M,23
4404,2024-05-21,Mumbai,M,48
4405,2023-05-22,Delhi,M,42
4406,2024-04-28,Kolkata,F,45
4407,2023-05-20,Chennai,F,22
4408,2023-04-11,Kolkata,F,18
4409,2023-05-21,Ahmedabad,M,46
4410,2023-06-24,Delhi,F,27
4411,2023-03-07,Chennai,F,46
4412,2023-11-14,Bengaluru,F,19
4413,2023-06-30,Bengaluru,F,55
4414,2024-01-23,Chennai,M,33
4415,2023-09-23,Chennai,,39
4416,2023-08-28,Hyderabad,F,34
4417,2023-09-12,Delhi,F,37
4418,2023-03-26,Bengaluru,F,42
4419,2024-01-20,Mumbai,,48
4420,2023-02-26,Bengaluru,M,50
4421,2024-01-25,Chennai,F,64
4422,2024-06-23,Kolkata,F,26
4423,2024-02-17,Delhi,F,58
4424,2023-09-03,Bengaluru,F,46
4425,2023-06-19,Delhi,M,32
4426,2024-04-16,Mumbai,M,61
4427,2023-05-19,Mumbai,M,51
4428,2023-09-18,Hyderabad,F,26
4429,2024-02-21,Mumbai,F,26
4430,2024-05-13,Ahmedabad,F,48
4431,2024-05-12,Mumbai,F,52
4432,2023-02-17,Chennai,F,20
4433,2024-04-30,Bengaluru,M,47
4434,2023-03-03,Chennai,F,42
4435,2023-11-12,bengaluru ,F,63
4436,2024-05-17,Chennai,F,52
4437,2023-12-20,Hyderabad,F,60
4438,2024-05-26,Bengaluru,,19
4439,2023-07-05,Pune,M,53
4440,2023-06-19,mumbai ,F,33
4441,2023-06-26,Chennai,F,44
4442,2023-07-11,Delhi,M,59
4443,2024-01-04,Bengaluru,M,58
4444,2023-09-02,Bengaluru,M,28
4445,2024-02-03,Delhi,M,29
4446,2023-08-13,Chennai,F,51
4447,2023-06-16,Chennai,M,59
4448,2023-04-13,Chennai,M,46
4449,2023-10-25,Chennai,F,20
4450,2024-04-30,Hyderabad,M,25
4451,2024-04-08,Bengaluru,F,53
4452,2023-05-17,Ahmedabad,M,52
4453,2023-09-15,Pune,M,60
4454,2024-01-16,Bengaluru,,43
4455,2023-11-27,Chennai,F,38
4456,2023-02-06,Delhi,F,23
4457,2023-11-16,Mumbai,F,54
4458,2023-01-21,Bengaluru,M,62
4459,2023-03-04,Delhi,F,20
4460,2023-12-20,Hyderabad,M,41
4461,2023-02-25,Delhi,F,34
4462,2023-07-03,Mumbai,M,53
4463,2023-11-14,Bengaluru,F,53
4464,2023-12-20,Delhi,M,28
4465,2023-08-29,Pune,M,62
4466,2023-02-20,Bengaluru,M,24
4467,2024-03-07,Bengaluru,F,54
4468,2024-05-27,Mumbai,M,52
4469,2024-04-24,Bengaluru,F,25
4470,2024-02-09,Bengaluru,M,49
4471,2023-08-06,Chennai,F,30
4472,2024-04-18,Delhi,M,30
4473,2023-09-21,Mumbai,F,22
4474,2023-03-15,Ahmedabad,M,53
4475,2024-04-04,Bengaluru,M,55
4476,2023-06-22,Pune,M,41
4477,2024-05-21,Kolkata,M,54
4478,2023-07-18,Mumbai,M,34
4479,2024-04-14,Kolkata,M,44
4480,2023-10-18,Chennai,F,54
4481,2023-09-10,Ahmedabad,F,38
4482,2023-06-10,Ahmedabad,M,46
4483,2024-03-27,Mumbai,M,24
4484,2023-02-02,Chennai,M,41
4485,2023-09-11,Mumbai,M,57
4486,2023-07-19,Bengaluru,M,54
4487,2023-10-21,Bengaluru,M,32
4488,2023-05-18,Pune,M,43
4489,2023-12-25,Pune,F,47
4490,2023-07-28,Pune,F,62
4491,2023-04-12,Mumbai,F,56
4492,2023-04-17,Mumbai,M,56
4493,2024-01-12,Hyderabad,F,53
4494,2023-05-22,Bengaluru,M,34
4495,2023-06-15,Kolkata,M,35
4496,2023-12-05,Kolkata,F,39
4497,2023-06-28,Chennai,M,38
4498,2023-07-29,Delhi,M,62
4499,2023-05-13,Hyderabad,F,59
4500,2023-07-06,Chennai,F,60
4501,2024-01-10,Chennai,F,46
4502,2023-10-16,Hyderabad,M,26
4503,2024-06-22,Bengaluru,M,24
4504,2024-02-21,Bengaluru,,30
4505,2023-01-10,Hyderabad,M,48
4506,2023-07-24,Delhi,M,35
4507,2023-06-06,Kolkata,M,48
4508,2023-11-14,Pune,F,150
4509,2023-05-24,Pune,F,33
4510,2024-06-05,Bengaluru,M,61
4511,2023-06-11,Pune,F,42
4512,2023-10-09,Ahmedabad,M,55
4513,2023-03-08,Pune,F,150
4514,2024-05-06,Chennai,M,30
4515,2024-05-07,Mumbai,M,61
4516,2024-03-04,Ahmedabad,M,59
4517,2023-07-09,Delhi,,44
4518,2023-02-01,Pune,F,19
4519,2024-01-19,Pune,F,20
4520,2023-08-20,Bengaluru,M,37
4521,2024-06-18,Ahmedabad,M,60
4522,2024-01-13,Ahmedabad,M,35
4523,2023-10-18,Delhi,M,59
4524,2024-06-16,Delhi,M,43
4525,2024-03-08,Pune,F,24
4526,2023-09-05,Bengaluru,F,44
4527,2023-01-11,Bengaluru,F,35
4528,2023-02-20,Mumbai,M,28
4529,2023-08-28,Bengaluru,M,49
4530,2023-10-31,Hyderabad,F,27
4531,2023-01-17,Pune,M,60
4532,2023-03-10,Mumbai,F,55
4533,2024-01-16,Mumbai,F,54
4534,2024-02-10,Mumbai,M,21
4535,2023-01-17,Mumbai,M,63
4536,2023-10-02,Bengaluru,F,41
4537,2023-02-13,Pune,F,52
4538,2024-01-26,Chennai,F,27
4539,2024-03-26,Hyderabad,F,54
4540,2024-04-14,Hyderabad,F,33
4541,2023-11-20,Bengaluru,M,51
4542,2023-12-06,Mumbai,F,31
4543,2024-05-15,Pune,F,61
4544,2023-11-27,Mumbai,M,51
4545,2023-08-29,Ahmedabad,M,39
4546,2024-02-12,Ahmedabad,F,39
4547,2023-11-16,Delhi,F,18
4548,2024-03-30,Delhi,M,32
4549,2023-10-11,Bengaluru,F,55
4550,2024-04-14,Mumbai,F,57
4551,2023-01-25,Ahmedabad,F,64
4552,2023-01-20,Mumbai,M,22
4553,2023-02-23,Delhi,M,29
4554,2023-10-28,Delhi,M,54
4555,2024-01-18,Mumbai,F,34
4556,2023-04-27,Delhi,F,29
4557,2023-03-26,Hyderabad,M,31
4558,2024-04-09,Mumbai,F,61
4559,2024-02-10,Bengaluru,M,58
4560,2023-12-17,Delhi,F,18
4561,2023-09-21,Mumbai,M,57
4562,2023-08-15,Pune,F,44
4563,2023-01-12,mumbai ,F,57
4564,2023-04-12,Pune,F,47
4565,2024-04-29,Delhi,M,50
4566,2023-07-03,Kolkata,M,150
4567,2024-01-16,Chennai,M,52
4568,2024-01-16,Hyderabad,,56
4569,2023-06-17,Delhi,M,41
4570,2023-04-21,Chennai,F,23
4571,2024-01-09,Bengaluru,F,22
4572,2023-02-20,Mumbai,M,37
4573,2023-09-25,Mumbai,M,40
4574,2024-04-24,Bengaluru,M,58
4575,2024-01-20,Kolkata,F,19
4576,2024-02-17,Delhi,,59
4577,2023-02-14,mumbai ,M,20
4578,2023-04-18,Ahmedabad,,41
4579,2023-05-29,Pune,M,37
4580,2023-06-07,Ahmedabad,M,44
4581,2023-04-15,Kolkata,F,19
4582,2024-06-08,Kolkata,F,53
4583,2023-03-31,Kolkata,M,24
4584,2024-01-18,Mumbai,F,54
4585,2023-11-13,Bengaluru,F,44
4586,2023-11-26,Chennai,F,59
4587,2023-04-26,Chennai,F,64
4588,2023-06-16,Mumbai,M,57
4589,2023-11-24,Mumbai,M,39
4590,2023-06-11,Delhi,F,37
4591,2024-01-10,Delhi,F,49
4592,2023-01-22,Bengaluru,M,48
4593,2023-02-09,Kolkata,M,55
4594,2024-01-29,Chennai,M,40
4595,2023-11-30,Bengaluru,F,39
4596,2023-01-24,Mumbai,M,23
4597,2024-04-30,Delhi,M,25
4598,2023-01-03,Delhi,M,56
4599,2024-05-30,Mumbai,F,64
4600,2024-01-29,Pune,F,46
4601,2024-06-17,Delhi,M,34
4602,2024-05-27,Mumbai,M,20
4603,2023-06-19,Bengaluru,M,20
4604,2024-02-13,Pune,F,49
4605,2023-04-24,Mumbai,F,48
4606,2023-09-12,Pune,F,31
4607,2023-05-10,Bengaluru,F,26
4608,2023-09-20,Bengaluru,M,21
4609,2024-04-16,Delhi,M,50
4610,2023-08-24,Mumbai,M,46
4611,2023-02-19,Ahmedabad,M,33
4612,2023-06-25,Bengaluru,M,52
4613,2024-02-29,Bengaluru,F,57
4614,2023-10-09,Bengaluru,M,42
4615,2023-10-30,Kolkata,F,30
4616,2023-08-21,Hyderabad,M,18
4617,2023-06-08,Delhi,M,55
4618,2023-11-20,Chennai,F,45
4619,2023-12-08,Mumbai,M,34
4620,2024-04-29,Bengaluru,M,18
4621,2023-11-30,Delhi,M,56
4622,2024-06-21,Pune,F,61
4623,2024-03-22,Ahmedabad,M,40
4624,2023-02-12,Hyderabad,F,30
4625,2023-07-31,Mumbai,,47
4626,2023-07-27,Ahmedabad,F,58
4627,2023-01-02,Mumbai,M,45
4628,2023-04-08,Delhi,F,18
4629,2024-02-16,Hyderabad,M,27
4630,2023-07-10,Mumbai,F,22
4631,2023-03-21,Delhi,F,37
4632,2023-06-05,Bengaluru,M,39
4633,2023-05-29,Mumbai,M,43
4634,2023-04-05,Delhi,F,53
4635,2023-02-24,Mumbai,F,23
4636,2024-02-17,Bengaluru,F,62
4637,2024-03-21,Mumbai,F,30
4638,2023-09-25,Mumbai,F,42
4639,2023-11-29,Chennai,F,27
4640,2024-05-11,Mumbai,F,34
4641,2024-03-31,Delhi,M,57
4642,2023-01-18,Chennai,F,20
4643,2024-05-29,Chennai,F,40
4644,2023-02-06,Pune,M,45
4645,2023-01-15,Hyderabad,M,44
4646,2023-08-06,Chennai,M,35
4647,2024-02-07,Delhi,M,35
4648,2023-02-13,Chennai,F,60
4649,2023-06-08,Chennai,M,29
4650,2023-05-22,Bengaluru,F,40
4651,2023-08-03,Bengaluru,M,35
4652,2024-06-16,Chennai,F,53
4653,2023-06-28,Ahmedabad,F,55
4654,2023-04-23,Bengaluru,F,57
4655,2023-03-08,Kolkata,F,21
4656,2023-04-17,Chennai,M,22
4657,2023-03-13,Hyderabad,F,35
4658,2023-11-06,Ahmedabad,F,38
4659,2023-08-16,Mumbai,M,20
4660,2023-09-26,Mumbai,,60
4661,2024-03-25,Bengaluru,M,60
4662,2023-11-10,Delhi,F,37
4663,2023-03-25,Bengaluru,M,54
4664,2023-07-23,Kolkata,F,44
4665,2023-06-18,Hyderabad,M,48
4666,2024-03-22,delhi ,M,59
4667,2023-06-15,Chennai,M,22
4668,2023-03-16,Mumbai,,28
4669,2024-02-02,Bengaluru,M,38
4670,2023-08-20,Pune,F,60
4671,2023-02-21,Bengaluru,F,45
4672,2024-01-08,Bengaluru,F,36
4673,2023-04-24,Chennai,M,19
4674,2024-04-13,Bengaluru,F,45
4675,2024-03-25,Delhi,F,30
4676,2023-07-19,Pune,M,33
4677,2023-10-28,Pune,M,64
4678,2023-11-03,Ahmedabad,F,42
4679,2023-12-19,Hyderabad,M,24
4680,2023-02-07,Delhi,M,20
4681,2023-06-25,Mumbai,M,36
4682,2023-04-02,Delhi,F,21
4683,2024-01-12,chennai ,F,38
4684,2023-02-07,Delhi,F,37
4685,2023-10-07,Pune,F,59
4686,2024-01-29,Delhi,M,33
4687,2024-05-27,Mumbai,M,30
4688,2023-06-05,Delhi,M,46
4689,2023-01-05,Mumbai,M,48
4690,2024-01-26,Bengaluru,M,19
4691,2023-01-01,Bengaluru,F,150
4692,2023-02-05,Mumbai,M,25
4693,2024-06-18,Bengaluru,M,54
4694,2024-04-10,Delhi,M,27
4695,2024-01-18,Kolkata,M,64
4696,2024-03-27,Ahmedabad,M,38
4697,2023-02-10,Mumbai,M,61
4698,2023-02-18,Hyderabad,M,29
4699,2023-06-12,Chennai,F,37
4700,2023-01-13,Chennai,F,24
4701,2024-04-24,Delhi,F,57
4702,2023-01-31,Delhi,F,46
4703,2023-10-21,Pune,F,21
4704,2024-04-05,Ahmedabad,F,52
4705,2024-02-01,Bengaluru,F,59
4706,2023-05-07,Delhi,F,50
4707,2023-09-11,Bengaluru,M,55
4708,2023-10-24,Pune,M,30
4709,2024-02-19,Mumbai,M,38
4710,2023-08-19,Bengaluru,M,58
4711,2023-06-03,Bengaluru,F,46
4712,2024-03-05,Kolkata,M,46
4713,2024-04-23,Bengaluru,F,54
4714,2023-09-22,Bengaluru,F,46
4715,2023-01-16,Kolkata,F,23
4716,2023-09-28,Pune,M,28
4717,2024-04-25,Chennai,M,54
4718,2024-06-18,Chennai,M,29
4719,2023-08-05,Mumbai,,49
4720,2023-03-23,Mumbai,F,40
4721,2023-11-05,Mumbai,F,47
4722,2024-03-24,Mumbai,F,150
4723,2024-05-25,Bengaluru,F,32
4724,2023-01-28,Mumbai,F,50
4725,2023-06-06,Bengaluru,M,26
4726,2023-09-15,Pune,M,32
4727,2023-02-23,Pune,M,64
4728,2024-04-23,Mumbai,F,25
4729,2023-03-02,Mumbai,F,45
4730,2023-12-26,Ahmedabad,F,25
4731,2024-05-11,Mumbai,F,51
4732,2024-01-06,Mumbai,F,23
4733,2024-02-17,Mumbai,M,44
4734,2023-05-23,Delhi,M,38
4735,2024-03-22,Bengaluru,F,50
4736,2023-08-15,Kolkata,F,18
4737,2023-02-03,Delhi,F,42
4738,2023-07-17,bengaluru ,M,43
4739,2023-07-08,Delhi,,29
4740,2023-10-09,Kolkata,F,32
4741,2023-05-24,Bengaluru,F,51
4742,2023-09-07,Mumbai,M,43
4743,2023-08-20,Chennai,F,45
4744,2023-06-26,Kolkata,F,61
4745,2024-01-11,delhi ,F,37
4746,2023-06-14,Ahmedabad,F,58
4747,2024-02-18,Hyderabad,F,63
4748,2023-05-16,Mumbai,F,45
4749,2024-04-12,Kolkata,F,27
4750,2023-07-17,Bengaluru,M,37
4751,2023-01-22,Bengaluru,M,20
4752,2023-03-22,Bengaluru,M,50
4753,2024-03-11,Hyderabad,F,30
4754,2024-04-15,Bengaluru,M,61
4755,2023-04-25,Bengaluru,M,48
4756,2023-11-22,Pune,F,41
4757,2023-11-07,Delhi,F,26
4758,2023-03-14,Hyderabad,M,22
4759,2023-09-02,Chennai,M,49
4760,2024-01-10,Pune,F,54
4761,2024-06-06,Hyderabad,M,30
4762,2024-04-02,Kolkata,M,18
4763,2023-02-22,Bengaluru,M,33
4764,2023-05-09,Pune,M,53
4765,2023-08-24,Bengaluru,F,45
4766,2023-03-23,Pune,M,21
4767,2023-11-05,Delhi,F,23
4768,2023-01-05,Bengaluru,M,23
4769,2023-03-03,Hyderabad,M,53
4770,2023-01-26,Delhi,M,54
4771,2023-06-09,Hyderabad,F,37
4772,2024-02-16,Hyderabad,M,50
4773,2023-04-06,Pune,M,18
4774,2024-06-17,Mumbai,M,44
4775,2023-05-26,Chennai,F,30
4776,2023-01-25,Chennai,M,56
4777,2023-07-01,Delhi,F,40
4778,2024-02-08,Bengaluru,F,58
4779,2023-02-27,Bengaluru,F,44
4780,2023-02-08,Chennai,F,39
4781,2024-04-03,Chennai,M,62
4782,2023-11-16,Pune,F,64
4783,2023-07-05,Mumbai,F,39
4784,2024-02-13,Mumbai,M,34
4785,2024-03-31,Hyderabad,F,48
4786,2023-07-13,Hyderabad,M,26
4787,2023-10-31,Kolkata,F,36
4788,2023-01-06,Pune,F,57
4789,2023-06-15,Bengaluru,F,60
4790,2023-11-18,Mumbai,M,37
4791,2023-04-17,Delhi,F,36
4792,2024-06-19,Mumbai,F,59
4793,2024-06-08,Kolkata,M,27
4794,2023-05-20,Mumbai,F,20
4795,2023-08-03,Bengaluru,F,21
4796,2023-04-13,Ahmedabad,F,23
4797,2023-09-30,Chennai,,59
4798,2023-03-08,Pune,M,19
4799,2023-07-31,Hyderabad,M,33
4800,2023-10-27,Bengaluru,M,150
4801,2023-11-27,Delhi,M,46
4802,2023-11-19,Bengaluru,M,57
4803,2023-04-30,Hyderabad,F,64
4804,2024-03-03,Delhi,M,36
4805,2024-01-09,Bengaluru,F,28
4806,2024-02-11,Delhi,M,22
4807,2023-09-10,Pune,M,59
4808,2024-04-26,Kolkata,F,35
4809,2023-07-30,Mumbai,F,60
4810,2024-03-11,delhi ,M,34
4811,2023-04-20,Delhi,F,53
4812,2023-05-14,mumbai ,F,48
4813,2023-10-12,Delhi,M,51
4814,2023-10-28,Bengaluru,F,48
4815,2024-02-07,Mumbai,F,32
4816,2023-06-10,Mumbai,M,22
4817,2024-04-16,Hyderabad,F,18
4818,2023-06-28,Ahmedabad,F,37
4819,2023-10-16,Delhi,M,59
4820,2024-05-18,Delhi,F,48
4821,2023-10-19,Pune,M,49
4822,2024-01-04,Pune,M,30
4823,2024-05-05,Delhi,M,40
4824,2024-06-10,Hyderabad,M,37
4825,2023-09-27,Chennai,M,24
4826,2023-08-14,Delhi,M,46
4827,2023-04-17,Ahmedabad,F,35
4828,2023-10-18,Delhi,M,36
4829,2024-05-10,Mumbai,M,46
4830,2023-09-21,Delhi,F,19
4831,2023-07-08,Mumbai,M,62
4832,2023-02-27,Hyderabad,F,28
4833,2023-07-30,Delhi,F,49
4834,2023-05-08,Bengaluru,M,54
4835,2024-06-11,Delhi,M,25
4836,2023-10-12,Hyderabad,F,29
4837,2023-03-15,Bengaluru,M,37
4838,2023-02-06,Delhi,F,56
4839,2024-04-04,Mumbai,F,47
4840,2024-05-17,Hyderabad,F,39
4841,2024-02-17,Bengaluru,M,57
4842,2023-03-08,Mumbai,F,40
4843,2023-02-23,Hyderabad,M,59
4844,2023-04-17,Pune,F,54
4845,2024-02-10,Mumbai,F,26
4846,2024-02-18,Bengaluru,M,36
4847,2024-03-28,Delhi,M,19
4848,2023-02-22,Delhi,M,29
4849,2023-03-24,Mumbai,F,19
4850,2024-05-01,Mumbai,M,22
4851,2024-05-16,Pune,F,18
4852,2024-01-27,Mumbai,F,49
4853,2023-02-27,Ahmedabad,M,37
4854,2023-02-07,Bengaluru,F,40
4855,2023-01-31,Delhi,M,53
4856,2024-01-09,Delhi,M,56
4857,2024-04-01,chennai ,F,43
4858,2023-12-08,Mumbai,M,39
4859,2023-05-22,Mumbai,F,48
4860,2024-02-13,Bengaluru,,37
4861,2023-02-01,Delhi,M,38
4862,2024-03-23,Chennai,F,32
4863,2024-04-26,Hyderabad,M,26
4864,2024-01-23,Kolkata,F,27
4865,2024-04-19,Mumbai,,48
4866,2023-11-13,Pune,F,57
4867,2023-09-10,Mumbai,F,37
4868,2023-06-24,Kolkata,M,150
4869,2024-05-12,Hyderabad,F,46
4870,2024-01-12,Hyderabad,M,60
4871,2023-04-13,Mumbai,F,42
4872,2024-05-31,Kolkata,M,19
4873,2023-02-01,Bengaluru,M,21
4874,2023-11-14,Kolkata,M,42
4875,2023-04-13,Bengaluru,M,58
4876,2023-12-25,mumbai ,M,20
4877,2023-08-11,Pune,M,53
4878,2023-08-25,Ahmedabad,F,54
4879,2023-12-29,Delhi,F,20
4880,2024-02-13,Delhi,M,27
4881,2023-07-25,Delhi,F,18
4882,2024-06-22,Delhi,M,44
4883,2023-09-27,Hyderabad,F,26
4884,2023-03-28,Pune,M,61
4885,2023-01-04,Pune,F,22
4886,2023-04-20,kolkata ,M,48
4887,2024-01-09,Bengaluru,M,150
4888,2023-10-19,Mumbai,F,26
4889,2023-07-02,Pune,F,29
4890,2023-09-17,Mumbai,F,55
4891,2024-03-28,Mumbai,M,150
4892,2023-11-05,Pune,F,38
4893,2023-02-01,Mumbai,F,29
4894,2023-01-27,Chennai,M,18
4895,2023-09-18,Hyderabad,M,39
4896,2023-08-07,Hyderabad,M,40
4897,2024-04-04,Delhi,M,34
4898,2023-11-11,Mumbai,M,56
4899,2024-02-13,Ahmedabad,M,22
4900,2023-11-13,Chennai,F,38
4901,2023-07-06,Bengaluru,F,26
4902,2023-12-21,Mumbai,F,53
4903,2023-12-02,Delhi,F,44
4904,2024-01-24,Bengaluru,M,51
4905,2023-04-13,Bengaluru,F,23
4906,2023-12-13,Pune,F,39
4907,2023-06-04,Ahmedabad,F,20
4908,2024-03-02,Bengaluru,M,33
4909,2024-03-07,Bengaluru,F,62
4910,2023-12-04,Mumbai,F,52
4911,2024-05-26,Chennai,F,21
4912,2023-10-18,Chennai,F,35
4913,2023-01-14,Pune,F,58
4914,2023-11-24,Bengaluru,F,25
4915,2024-02-24,Bengaluru,F,53
4916,2023-02-24,Kolkata,,33
4917,2023-02-26,Mumbai,F,40
4918,2023-05-28,Hyderabad,M,59
4919,2024-03-31,Delhi,F,49
4920,2023-10-12,Pune,M,31
4921,2024-06-11,Pune,M,18
4922,2024-04-16,Mumbai,M,29
4923,2023-10-27,Mumbai,F,37
4924,2024-01-02,Delhi,M,24
4925,2023-06-28,Chennai,M,59
4926,2023-02-18,Mumbai,M,20
4927,2023-08-04,Ahmedabad,F,43
4928,2023-11-16,Mumbai,F,63
4929,2023-04-09,Bengaluru,,33
4930,2023-04-30,Hyderabad,M,43
4931,2023-01-09,Kolkata,M,21
4932,2024-02-01,Bengaluru,F,52
4933,2024-04-30,Chennai,M,63
4934,2024-03-22,Mumbai,,54
4935,2023-07-25,Pune,F,25
4936,2023-11-17,Delhi,F,34
4937,2024-06-02,Pune,M,52
4938,2023-11-16,Delhi,M,55
4939,2023-06-09,Mumbai,F,36
4940,2023-07-02,Hyderabad,M,63
4941,2024-01-28,Hyderabad,F,27
4942,2023-08-29,kolkata ,F,52
4943,2024-03-28,Chennai,M,41
4944,2024-04-11,Mumbai,M,51
4945,2023-01-20,pune ,F,46
4946,2024-01-26,Bengaluru,M,38
4947,2023-07-19,Bengaluru,F,56
4948,2023-10-08,Delhi,F,57
4949,2023-05-23,Delhi,F,56
4950,2023-07-18,Delhi,M,22
4951,2023-06-28,Mumbai,M,37
4952,2023-01-28,Mumbai,F,53
4953,2024-02-27,Delhi,F,58
4954,2023-03-19,Bengaluru,F,35
4955,2023-07-22,Ahmedabad,F,52
4956,2023-04-15,Bengaluru,F,44
4957,2023-03-28,Chennai,M,28
4958,2023-07-21,Kolkata,M,59
4959,2024-05-11,Pune,F,38
4960,2024-05-24,Bengaluru,M,46
4961,2023-07-26,Delhi,F,31
4962,2023-09-30,Bengaluru,M,19
4963,2024-06-16,Pune,M,39
4964,2023-05-07,Hyderabad,M,51
4965,2024-05-25,Ahmedabad,F,33
4966,2023-02-27,Pune,F,61
4967,2023-05-02,Mumbai,M,53
4968,2023-07-02,Mumbai,M,48
4969,2023-01-21,Kolkata,M,55
4970,2024-03-16,bengaluru ,M,58
4971,2024-04-06,Mumbai,F,51
4972,2023-07-27,Kolkata,M,56
4973,2024-03-27,Delhi,M,51
4974,2024-02-22,Delhi,M,58
4975,2024-03-08,Delhi,F,22
4976,2024-03-09,Bengaluru,F,34
4977,2023-11-06,delhi ,F,59
4978,2023-03-01,Mumbai,F,40
4979,2024-05-13,Delhi,,18
4980,2023-11-25,Hyderabad,M,57
4981,2024-05-01,Bengaluru,F,48
4982,2024-06-01,Hyderabad,F,60
4983,2023-04-12,Bengaluru,M,18
4984,2023-08-06,Chennai,F,24
4985,2023-04-14,Mumbai,F,41
4986,2023-01-28,Kolkata,F,26
4987,2024-06-05,Mumbai,M,42
4988,2024-05-13,Pune,M,34
4989,2024-05-18,Mumbai,F,27
4990,2024-04-22,Pune,M,54
4991,2023-12-17,Hyderabad,M,19
4992,2023-10-09,Ahmedabad,M,59
4993,2024-06-19,Chennai,F,25
4994,2023-10-26,Pune,F,45
4995,2023-12-13,Hyderabad,F,64
4996,2023-04-25,Chennai,F,23
4997,2024-02-08,Delhi,M,61
4998,2024-03-18,Bengaluru,M,32
4999,2024-01-02,Bengaluru,M,52
5000,2023-09-27,Pune,M,58
