order_id,customer_id,order_date,payment_method,status
1,1,2023-12-20,COD,Delivered
2,1,2023-03-08,UPI,Delivered
3,1,2024-11-04,Card,Cancelled
4,1,2023-07-07,UPI,Delivered
5,1,2024-05-09,COD,Delivered
6,1,2024-03-27,COD,Delivered
7,2,2024-09-10,Card,Cancelled
8,2,2024-06-23,UPI,Delivered
9,2,2024-11-04,UPI,Returned
10,3,2024-03-25,UPI,Delivered
11,3,2024-11-04,Card,Delivered
12,3,2024-08-27,UPI,Delivered
13,3,2024-12-18,UPI,Delivered
14,3,2024-10-13,UPI,Delivered
15,4,2024-04-12,NetBanking,Delivered
16,4,2024-11-03,UPI,Delivered
17,4,2023-11-19,NetBanking,Delivered
18,4,2024-02-09,UPI,Delivered
19,4,2024-12-27,Card,Delivered
20,4,2024-11-25,Card,Delivered
21,4,2023-09-12,UPI,Delivered
22,4,2024-05-21,UPI,Delivered
23,5,2024-06-12,NetBanking,Delivered
24,5,2023-10-26,NetBanking,Delivered
25,6,2024-11-17,COD,Delivered
26,6,2024-09-14,UPI,Delivered
27,6,2024-10-01,UPI,Delivered
28,6,2024-10-02,UPI,Delivered
29,6,2024-04-27,NetBanking,Delivered
30,6,2024-06-28,COD,Delivered
31,7,2023-12-17,Card,Delivered
32,7,2023-11-03,Card,Delivered
33,8,2024-12-26,COD,Delivered
34,9,2023-11-22,UPI,Delivered
35,9,2024-06-01,UPI,Delivered
36,10,2023-07-27,UPI,Delivered
37,10,2023-07-25,NetBanking,Delivered
38,10,2024-05-28,Card,Delivered
39,12,2024-12-11,UPI,Delivered
40,13,2024-02-19,Wallet,Delivered
41,13,2024-11-15,NetBanking,Delivered
42,13,2024-05-03,Card,Delivered
43,13,2024-04-15,NetBanking,Delivered
44,13,2024-03-04,UPI,Delivered
45,13,2024-06-12,COD,Cancelled
46,13,2024-06-11,COD,Delivered
47,14,2024-04-16,Card,Delivered
48,14,2024-09-22,UPI,Delivered
49,15,2024-10-08,UPI,Delivered
50,15,2024-10-03,Card,Delivered
51,16,2024-10-04,UPI,Delivered
52,16,2024-10-17,UPI,Delivered
53,17,2024-05-28,NetBanking,Delivered
54,17,2023-12-06,COD,Delivered
55,18,2024-09-04,UPI,Delivered
56,18,2024-06-07,UPI,Delivered
57,18,2024-11-04,UPI,Delivered
58,18,2023-09-22,Card,Delivered
59,18,2024-02-11,COD,Delivered
60,19,2024-10-07,Card,Delivered
61,19,2024-11-17,NetBanking,Delivered
62,19,2024-04-29,UPI,Delivered
63,20,2024-06-24,NetBanking,Delivered
64,20,2023-10-23,Card,Delivered
65,21,2023-10-23,COD,Delivered
66,21,2024-09-15,Card,Delivered
67,22,2023-08-01,Wallet,Delivered
68,22,2024-01-11,UPI,Cancelled
69,22,2023-09-22,Card,Delivered
70,22,2023-08-06,UPI,Delivered
71,22,2023-09-18,UPI,Delivered
72,24,2024-11-21,COD,Delivered
73,25,2024-04-30,Card,Delivered
74,25,2024-12-15,UPI,Delivered
75,26,2024-10-15,NetBanking,Delivered
76,26,2024-07-29,UPI,Delivered
77,27,2024-12-23,COD,Delivered
78,27,2023-10-09,COD,Delivered
79,28,2024-10-04,COD,Delivered
80,28,2024-11-29,Card,Delivered
81,28,2024-07-25,UPI,Delivered
82,28,2024-11-03,UPI,Returned
83,28,2024-08-11,Card,Delivered
84,28,2024-09-19,UPI,Delivered
85,29,2023-11-15,Card,Delivered
86,29,2024-12-03,UPI,Delivered
87,29,2024-03-04,Card,Delivered
88,30,2024-06-12,Card,Cancelled
89,30,2023-11-29,COD,Delivered
90,30,2023-09-05,Card,Returned
91,30,2024-07-16,Card,Delivered
92,31,2024-12-23,COD,Delivered
93,32,2024-02-02,UPI,Delivered
94,32,2023-10-27,NetBanking,Returned
95,32,2023-08-25,UPI,Delivered
96,33,2023-11-23,UPI,Returned
97,34,2024-10-29,UPI,Delivered
98,34,2024-07-20,Card,Delivered
99,34,2024-02-29,UPI,Delivered
100,34,2024-03-01,UPI,Delivered
101,34,2024-11-18,COD,Delivered
102,34,2023-11-12,Wallet,Returned
103,34,2024-12-10,UPI,Delivered
104,35,2024-08-11,UPI,Returned
105,35,2024-12-02,UPI,Delivered
106,36,2023-07-31,COD,Delivered
107,36,2024-04-28,UPI,Delivered
108,36,2023-05-18,COD,Delivered
109,36,2023-12-25,Card,Returned
110,37,2024-12-22,UPI,Delivered
111,37,2024-07-04,UPI,Delivered
112,37,2024-07-12,UPI,Delivered
113,37,2024-08-12,Card,Delivered
114,38,2024-05-19,COD,Returned
115,38,2024-07-24,Card,Delivered
116,39,2023-09-03,UPI,Delivered
117,39,2024-01-26,UPI,Delivered
118,39,2024-10-17,Card,Delivered
119,40,2024-08-08,Card,Delivered
120,41,2024-09-19,Card,Delivered
121,41,2024-09-20,Card,Delivered
122,41,2024-06-21,UPI,Delivered
123,42,2024-12-06,Card,Delivered
124,42,2024-06-26,UPI,Delivered
125,42,2024-08-29,UPI,Delivered
126,42,2024-08-16,Card,Delivered
127,42,2024-12-11,Card,Delivered
128,42,2024-05-26,Card,Delivered
129,42,2024-06-21,Card,Delivered
130,42,2024-10-11,COD,Delivered
131,42,2024-12-01,Card,Delivered
132,43,2024-07-30,Card,Returned
133,43,2024-10-08,UPI,Returned
134,43,2024-09-03,Card,Delivered
135,44,2023-09-25,UPI,Delivered
136,44,2023-10-18,COD,Cancelled
137,44,2023-11-04,UPI,Delivered
138,45,2023-10-01,COD,Delivered
139,45,2023-04-29,Card,Delivered
140,45,2023-08-01,COD,Returned
141,45,2024-04-04,UPI,Delivered
142,45,2023-05-21,Card,Delivered
143,46,2024-12-12,COD,Delivered
144,46,2024-09-21,UPI,Cancelled
145,46,2024-08-26,UPI,Delivered
146,46,2024-11-05,COD,Delivered
147,46,2024-11-12,COD,Delivered
148,47,2024-12-30,UPI,Returned
149,47,2023-11-11,UPI,Returned
150,47,2024-10-14,Card,Delivered
151,48,2024-05-22,UPI,Delivered
152,49,2024-07-12,UPI,Delivered
153,49,2024-11-07,UPI,Delivered
154,49,2024-08-10,Wallet,Delivered
155,49,2024-05-09,Wallet,Delivered
156,49,2024-12-18,Card,Delivered
157,49,2024-12-15,Card,Delivered
158,49,2024-02-17,Wallet,Delivered
159,49,2024-12-15,COD,Delivered
160,49,2024-11-01,UPI,Delivered
161,51,2024-10-31,UPI,Delivered
162,51,2024-10-21,COD,Delivered
163,51,2024-10-20,NetBanking,Delivered
164,51,2024-07-09,UPI,Delivered
165,51,2024-09-25,UPI,Delivered
166,51,2024-10-09,COD,Delivered
167,51,2024-10-16,UPI,Delivered
168,52,2024-12-12,UPI,Delivered
169,53,2023-11-17,,Delivered
170,53,2024-12-09,Card,Delivered
171,53,2023-11-26,Card,Delivered
172,53,2024-09-18,UPI,Delivered
173,53,2024-04-19,UPI,Delivered
174,53,2023-12-10,Card,Delivered
175,53,2024-12-27,Card,Delivered
176,54,2023-11-30,,Delivered
177,55,2023-11-01,Card,Delivered
178,56,2024-02-22,Card,Delivered
179,56,2023-12-29,UPI,Delivered
180,58,2023-09-03,UPI,Delivered
181,58,2024-07-04,Card,Returned
182,58,2023-04-15,UPI,Delivered
183,58,2024-03-30,UPI,Delivered
184,58,2023-12-17,UPI,Delivered
185,58,2023-09-17,COD,Returned
186,58,2024-03-02,UPI,Delivered
187,58,2023-09-03,UPI,Returned
188,58,2024-04-05,Card,Delivered
189,58,2023-07-16,Card,Delivered
190,58,2023-12-07,UPI,Delivered
191,58,2024-02-22,Card,Delivered
192,59,2024-12-01,Card,Delivered
193,59,2024-07-16,UPI,Delivered
194,59,2024-06-04,COD,Delivered
195,59,2024-10-28,UPI,Delivered
196,60,2024-11-27,COD,Returned
197,60,2024-10-27,,Delivered
198,60,2024-12-08,UPI,Delivered
199,60,2024-10-19,COD,Delivered
200,60,2024-04-24,COD,Delivered
201,60,2024-07-09,UPI,Delivered
202,61,2024-11-30,Wallet,Delivered
203,61,2024-06-23,UPI,Delivered
204,62,2024-02-22,Card,Delivered
205,62,2024-09-25,UPI,Delivered
206,62,2024-05-08,UPI,Delivered
207,62,2024-11-07,COD,Delivered
208,62,2024-10-14,UPI,Delivered
209,63,2024-10-10,Card,Delivered
210,63,2024-08-16,COD,Delivered
211,63,2024-12-21,UPI,Delivered
212,64,2024-10-29,Card,Delivered
213,65,2024-09-20,UPI,Delivered
214,65,2024-09-13,COD,Delivered
215,67,2024-06-19,UPI,Delivered
216,67,2024-09-09,Wallet,Delivered
217,67,2024-11-18,UPI,Delivered
218,67,2024-12-06,UPI,Delivered
219,67,2024-11-13,Card,Delivered
220,68,2024-07-07,UPI,Returned
221,68,2023-09-17,UPI,Delivered
222,68,2024-06-19,Card,Delivered
223,68,2024-12-21,UPI,Delivered
224,68,2023-12-12,Card,Cancelled
225,69,2023-05-05,COD,Delivered
226,69,2024-10-05,NetBanking,Delivered
227,69,2024-01-06,UPI,Delivered
228,69,2024-06-13,Card,Delivered
229,70,2024-12-09,COD,Delivered
230,70,2023-12-09,Card,Delivered
231,70,2024-01-24,UPI,Delivered
232,70,2024-08-15,UPI,Delivered
233,70,2024-11-30,UPI,Delivered
234,70,2024-12-28,UPI,Delivered
235,70,2024-03-25,,Delivered
236,70,2024-06-04,Card,Delivered
237,70,2023-11-16,UPI,Delivered
238,70,2024-09-02,NetBanking,Delivered
239,70,2024-10-31,Card,Delivered
240,70,2024-10-17,Wallet,Cancelled
241,70,2024-02-09,,Cancelled
242,70,2024-12-16,Card,Delivered
243,70,2023-10-30,UPI,Delivered
244,70,2024-05-10,NetBanking,Delivered
245,70,2024-06-13,UPI,Delivered
246,70,2024-06-02,UPI,Cancelled
247,70,2024-10-02,Card,Delivered
248,70,2024-07-16,UPI,Delivered
249,71,2024-03-24,NetBanking,Delivered
250,71,2024-11-11,UPI,Delivered
251,71,2024-08-30,UPI,Delivered
252,72,2024-07-29,,Delivered
253,72,2023-10-15,UPI,Delivered
254,73,2023-12-30,COD,Delivered
255,73,2023-09-09,NetBanking,Delivered
256,74,2023-12-31,NetBanking,Returned
257,74,2024-10-17,NetBanking,Delivered
258,74,2023-05-07,UPI,Delivered
259,74,2024-12-26,Card,Delivered
260,76,2024-12-31,UPI,Delivered
261,76,2024-02-02,COD,Delivered
262,77,2024-08-25,NetBanking,Cancelled
263,77,2023-07-01,UPI,Delivered
264,77,2024-11-23,Card,Delivered
265,77,2024-08-25,Card,Cancelled
266,77,2024-05-17,NetBanking,Delivered
267,77,2024-02-14,NetBanking,Delivered
268,78,2024-06-26,NetBanking,Delivered
269,78,2024-06-02,COD,Delivered
270,78,2023-11-15,NetBanking,Delivered
271,78,2024-12-18,Wallet,Delivered
272,79,2024-10-04,UPI,Cancelled
273,79,2024-10-18,NetBanking,Delivered
274,80,2024-11-06,Card,Delivered
275,80,2024-05-25,UPI,Delivered
276,80,2024-12-12,Card,Delivered
277,80,2024-09-11,Card,Delivered
278,80,2024-01-08,,Delivered
279,80,2024-10-21,UPI,Delivered
280,81,2024-12-17,Card,Delivered
281,81,2024-08-22,COD,Delivered
282,81,2024-08-18,UPI,Delivered
283,81,2024-07-15,COD,Delivered
284,81,2024-12-30,Card,Delivered
285,83,2024-07-20,NetBanking,Delivered
286,83,2024-12-25,COD,Delivered
287,83,2023-11-23,Wallet,Delivered
288,84,2024-08-07,COD,Delivered
289,84,2024-12-11,Card,Delivered
290,84,2024-06-11,UPI,Delivered
291,84,2024-12-19,Card,Delivered
292,85,2024-12-17,Card,Delivered
293,85,2024-01-13,Card,Delivered
294,85,2024-05-11,COD,Delivered
295,85,2024-09-12,NetBanking,Delivered
296,85,2024-05-09,Card,Delivered
297,85,2024-10-01,UPI,Delivered
298,85,2024-10-27,NetBanking,Delivered
299,85,2024-11-11,UPI,Delivered
300,85,2024-02-23,Card,Delivered
301,85,2024-02-24,UPI,Delivered
302,85,2023-12-23,UPI,Delivered
303,85,2024-07-15,Card,Delivered
304,85,2024-02-01,NetBanking,Delivered
305,86,2024-09-05,COD,Delivered
306,86,2024-03-29,,Delivered
307,87,2024-09-30,COD,Delivered
308,87,2023-08-13,Card,Returned
309,87,2023-06-23,Card,Delivered
310,87,2024-11-09,UPI,Delivered
311,87,2023-02-23,,Delivered
312,88,2023-12-31,COD,Delivered
313,88,2023-10-01,COD,Returned
314,88,2024-06-29,COD,Delivered
315,88,2024-03-28,Wallet,Delivered
316,89,2024-07-22,Wallet,Delivered
317,89,2024-10-08,NetBanking,Delivered
318,89,2024-05-24,COD,Delivered
319,91,2024-06-12,Wallet,Delivered
320,91,2023-11-25,Card,Cancelled
321,91,2024-03-18,UPI,Delivered
322,92,2024-11-05,,Returned
323,92,2024-09-23,UPI,Delivered
324,93,2024-12-02,Card,Delivered
325,93,2024-04-25,NetBanking,Delivered
326,93,2024-12-27,COD,Delivered
327,93,2024-04-10,UPI,Delivered
328,93,2024-06-07,UPI,Delivered
329,93,2024-10-29,Card,Delivered
330,93,2024-04-28,COD,Delivered
331,93,2024-06-25,COD,Delivered
332,93,2024-05-20,COD,Delivered
333,93,2024-11-02,UPI,Delivered
334,94,2024-12-17,COD,Delivered
335,95,2024-11-11,COD,Delivered
336,95,2024-09-09,Card,Delivered
337,95,2024-10-26,Wallet,Cancelled
338,96,2024-12-12,Card,Delivered
339,96,2024-09-30,UPI,Returned
340,96,2023-10-28,UPI,Delivered
341,96,2024-04-13,Card,Delivered
342,96,2024-08-17,Card,Delivered
343,96,2023-12-12,Wallet,Delivered
344,97,2024-07-24,Card,Delivered
345,97,2024-08-05,Card,Delivered
346,97,2024-12-29,COD,Delivered
347,98,2024-08-06,COD,Delivered
348,98,2024-12-07,NetBanking,Delivered
349,98,2024-11-15,Card,Returned
350,98,2024-02-26,NetBanking,Delivered
351,98,2024-05-17,Card,Delivered
352,98,2024-04-30,UPI,Delivered
353,99,2024-01-04,UPI,Delivered
354,99,2024-12-19,Card,Delivered
355,99,2024-07-17,,Delivered
356,99,2024-03-03,UPI,Delivered
357,99,2024-04-10,Card,Cancelled
358,99,2024-11-03,UPI,Delivered
359,99,2024-09-15,UPI,Delivered
360,99,2024-07-05,UPI,Delivered
361,99,2024-05-07,NetBanking,Delivered
362,99,2024-11-30,NetBanking,Delivered
363,100,2024-02-15,COD,Delivered
364,100,2023-08-11,UPI,Delivered
365,100,2024-04-26,NetBanking,Delivered
366,100,2023-11-17,UPI,Delivered
367,100,2023-11-07,UPI,Delivered
368,100,2024-12-03,UPI,Delivered
369,100,2023-07-22,UPI,Delivered
370,100,2024-10-10,UPI,Delivered
371,102,2023-11-19,UPI,Delivered
372,102,2023-07-01,UPI,Delivered
373,102,2023-06-01,NetBanking,Delivered
374,103,2024-03-12,NetBanking,Delivered
375,103,2024-10-12,NetBanking,Delivered
376,103,2024-06-21,COD,Delivered
377,103,2024-06-06,COD,Delivered
378,105,2024-07-31,Card,Delivered
379,106,2024-11-11,Wallet,Delivered
380,106,2024-12-12,UPI,Delivered
381,106,2024-03-08,COD,Delivered
382,106,2024-07-30,UPI,Delivered
383,106,2024-05-14,UPI,Delivered
384,106,2024-12-31,Card,Returned
385,106,2024-12-13,NetBanking,Delivered
386,106,2024-11-14,NetBanking,Delivered
387,106,2024-06-16,UPI,Delivered
388,106,2024-12-19,UPI,Delivered
389,107,2024-11-27,NetBanking,Delivered
390,107,2024-06-30,Card,Delivered
391,107,2024-05-11,UPI,Delivered
392,107,2024-07-27,Card,Delivered
393,107,2024-10-24,COD,Delivered
394,107,2024-11-28,COD,Delivered
395,108,2024-06-04,NetBanking,Delivered
396,108,2024-03-26,UPI,Delivered
397,108,2024-12-30,UPI,Delivered
398,108,2024-10-16,UPI,Delivered
399,108,2024-04-03,UPI,Delivered
400,108,2024-02-05,Card,Delivered
401,108,2024-03-26,Card,Delivered
402,108,2024-04-16,UPI,Delivered
403,108,2024-02-15,Card,Delivered
404,108,2024-04-08,UPI,Delivered
405,108,2024-02-17,Wallet,Delivered
406,108,2024-06-09,Card,Delivered
407,108,2024-07-27,Card,Delivered
408,108,2024-07-13,UPI,Delivered
409,108,2024-11-13,UPI,Delivered
410,108,2024-04-19,COD,Delivered
411,108,2024-11-28,Card,Delivered
412,108,2024-12-04,UPI,Delivered
413,111,2024-11-29,UPI,Delivered
414,112,2024-06-10,Wallet,Delivered
415,112,2024-12-14,UPI,Delivered
416,112,2024-12-11,UPI,Delivered
417,112,2024-10-31,COD,Delivered
418,112,2024-08-17,NetBanking,Delivered
419,114,2024-06-23,COD,Delivered
420,114,2024-06-14,UPI,Delivered
421,114,2023-12-14,COD,Delivered
422,114,2023-11-17,UPI,Delivered
423,114,2024-01-01,Card,Delivered
424,114,2023-12-11,UPI,Delivered
425,115,2024-08-09,UPI,Delivered
426,115,2023-10-01,Card,Delivered
427,115,2024-09-28,UPI,Delivered
428,115,2024-05-25,COD,Delivered
429,116,2024-05-20,Card,Delivered
430,116,2024-08-29,Card,Delivered
431,117,2024-10-16,Card,Delivered
432,117,2023-06-25,COD,Delivered
433,117,2023-11-26,Card,Delivered
434,117,2024-12-22,COD,Delivered
435,117,2023-04-17,UPI,Delivered
436,117,2024-10-09,Card,Delivered
437,117,2024-01-06,Card,Delivered
438,117,2023-04-28,UPI,Delivered
439,117,2024-12-04,UPI,Delivered
440,118,2023-11-03,Card,Delivered
441,118,2024-03-09,Card,Delivered
442,119,2023-09-12,COD,Delivered
443,119,2023-08-20,COD,Delivered
444,119,2024-06-03,Card,Delivered
445,119,2023-07-13,Card,Delivered
446,120,2024-10-02,UPI,Delivered
447,120,2024-10-14,NetBanking,Delivered
448,120,2024-12-19,COD,Delivered
449,120,2024-12-27,UPI,Delivered
450,120,2023-05-02,COD,Delivered
451,120,2024-06-07,Card,Delivered
452,120,2023-09-26,Card,Delivered
453,121,2024-12-25,NetBanking,Delivered
454,121,2024-10-18,Card,Delivered
455,122,2024-08-02,NetBanking,Delivered
456,122,2024-05-25,Card,Delivered
457,122,2024-05-03,COD,Delivered
458,122,2024-04-27,Card,Delivered
459,123,2024-06-16,Card,Returned
460,123,2024-03-15,Card,Returned
461,123,2024-10-11,COD,Delivered
462,124,2024-10-19,UPI,Delivered
463,124,2024-08-12,COD,Delivered
464,124,2023-11-27,Card,Returned
465,124,2024-07-17,COD,Delivered
466,124,2023-11-06,UPI,Delivered
467,124,2024-05-12,UPI,Delivered
468,124,2024-07-01,Card,Delivered
469,124,2024-08-01,Card,Delivered
470,124,2023-11-08,UPI,Delivered
471,124,2023-10-21,UPI,Delivered
472,124,2023-12-20,Card,Delivered
473,124,2024-07-15,Card,Delivered
474,124,2024-12-03,UPI,Delivered
475,124,2024-10-10,NetBanking,Delivered
476,124,2024-09-27,UPI,Cancelled
477,125,2024-10-13,COD,Delivered
478,125,2024-04-19,UPI,Delivered
479,125,2024-08-25,UPI,Delivered
480,125,2024-11-22,Card,Delivered
481,125,2024-12-31,COD,Delivered
482,125,2024-08-06,UPI,Delivered
483,126,2024-12-03,Card,Delivered
484,126,2024-01-11,Card,Delivered
485,126,2024-03-16,COD,Delivered
486,126,2024-11-22,Card,Delivered
487,126,2024-05-30,NetBanking,Delivered
488,126,2024-03-18,UPI,Delivered
489,127,2024-11-05,COD,Delivered
490,127,2024-05-26,NetBanking,Delivered
491,127,2024-05-23,UPI,Delivered
492,127,2024-09-30,COD,Delivered
493,128,2024-11-25,Card,Delivered
494,128,2024-03-23,UPI,Delivered
495,128,2024-08-11,Card,Delivered
496,129,2024-11-10,NetBanking,Delivered
497,129,2024-11-28,Card,Delivered
498,130,2024-10-25,UPI,Delivered
499,130,2024-07-10,Wallet,Delivered
500,130,2024-02-12,UPI,Delivered
501,130,2024-10-24,UPI,Delivered
502,130,2024-09-25,UPI,Delivered
503,130,2024-12-15,Wallet,Delivered
504,130,2024-08-03,UPI,Returned
505,130,2024-09-22,,Cancelled
506,130,2024-07-11,NetBanking,Delivered
507,130,2024-10-02,UPI,Delivered
508,130,2024-06-21,COD,Delivered
509,131,2024-03-23,Card,Delivered
510,131,2023-12-10,Card,Delivered
511,131,2023-12-11,Card,Delivered
512,131,2023-11-08,UPI,Delivered
513,132,2024-04-12,UPI,Delivered
514,132,2024-02-26,UPI,Delivered
515,132,2024-11-26,UPI,Delivered
516,132,2024-01-16,COD,Delivered
517,132,2024-11-03,UPI,Delivered
518,132,2023-12-29,UPI,Delivered
519,133,2023-09-25,Card,Delivered
520,134,2024-09-29,Card,Delivered
521,134,2024-10-24,NetBanking,Delivered
522,135,2024-03-27,UPI,Delivered
523,135,2024-06-26,COD,Delivered
524,135,2024-11-05,UPI,Delivered
525,136,2023-12-22,COD,Delivered
526,136,2024-10-11,NetBanking,Delivered
527,136,2024-10-16,UPI,Delivered
528,136,2024-05-12,,Delivered
529,136,2023-10-21,UPI,Delivered
530,136,2024-12-17,Card,Cancelled
531,136,2024-12-06,Card,Delivered
532,136,2024-06-16,COD,Delivered
533,136,2024-12-24,COD,Delivered
534,136,2024-03-30,Card,Delivered
535,137,2024-09-19,UPI,Delivered
536,138,2024-07-23,UPI,Cancelled
537,138,2023-12-05,Card,Delivered
538,138,2024-09-10,Wallet,Returned
539,138,2023-09-09,COD,Delivered
540,138,2023-07-17,UPI,Delivered
541,138,2024-02-24,Wallet,Delivered
542,140,2024-06-22,COD,Delivered
543,141,2024-10-07,Card,Delivered
544,141,2024-10-12,COD,Delivered
545,141,2024-08-05,UPI,Delivered
546,141,2024-07-08,Wallet,Delivered
547,142,2024-10-04,UPI,Delivered
548,143,2024-12-24,NetBanking,Delivered
549,143,2024-03-20,Card,Delivered
550,143,2023-12-04,COD,Delivered
551,143,2024-11-13,UPI,Delivered
552,144,2024-04-12,,Delivered
553,144,2023-11-19,Card,Returned
554,146,2024-09-15,Card,Delivered
555,146,2024-12-26,Card,Delivered
556,146,2024-10-24,Wallet,Delivered
557,146,2024-05-26,Card,Delivered
558,147,2023-05-27,UPI,Delivered
559,147,2024-11-12,Card,Delivered
560,147,2023-10-05,NetBanking,Delivered
561,148,2024-09-20,UPI,Delivered
562,149,2024-07-27,UPI,Delivered
563,149,2024-07-11,UPI,Delivered
564,149,2024-05-19,UPI,Delivered
565,149,2024-11-24,Card,Delivered
566,149,2024-10-27,UPI,Delivered
567,149,2024-07-12,UPI,Delivered
568,149,2024-06-08,UPI,Delivered
569,149,2024-05-03,Card,Cancelled
570,149,2024-04-28,Card,Delivered
571,149,2024-10-10,COD,Delivered
572,149,2024-04-27,COD,Delivered
573,150,2024-05-31,COD,Delivered
574,150,2023-10-28,UPI,Delivered
575,150,2024-10-02,Card,Delivered
576,150,2024-05-08,UPI,Delivered
577,151,2024-10-29,Card,Returned
578,151,2024-07-01,NetBanking,Delivered
579,151,2024-09-25,NetBanking,Delivered
580,151,2024-05-13,Card,Delivered
581,151,2024-04-14,UPI,Delivered
582,153,2024-09-10,UPI,Delivered
583,153,2024-08-23,Card,Delivered
584,153,2024-09-27,UPI,Returned
585,153,2024-10-30,COD,Delivered
586,154,2024-09-29,UPI,Delivered
587,154,2024-10-11,UPI,Delivered
588,154,2024-03-19,COD,Delivered
589,154,2023-08-08,Card,Delivered
590,155,2023-10-05,UPI,Delivered
591,155,2024-12-24,COD,Delivered
592,156,2024-08-07,Card,Delivered
593,156,2024-12-07,COD,Delivered
594,156,2024-11-10,COD,Delivered
595,156,2024-06-11,COD,Delivered
596,156,2024-11-27,NetBanking,Delivered
597,156,2024-06-07,UPI,Delivered
598,156,2024-04-25,UPI,Delivered
599,156,2024-09-12,COD,Delivered
600,156,2024-05-29,COD,Delivered
601,157,2024-08-01,Card,Delivered
602,158,2024-05-09,Card,Returned
603,158,2023-12-24,UPI,Delivered
604,159,2023-11-04,UPI,Delivered
605,159,2024-08-18,UPI,Delivered
606,161,2024-10-17,UPI,Delivered
607,161,2024-08-29,COD,Cancelled
608,161,2024-11-01,Card,Delivered
609,161,2024-09-19,COD,Delivered
610,161,2024-08-16,UPI,Delivered
611,161,2024-11-05,COD,Delivered
612,162,2024-08-14,UPI,Delivered
613,162,2024-09-28,UPI,Delivered
614,162,2024-07-30,Card,Delivered
615,162,2024-06-14,Card,Delivered
616,162,2024-12-14,COD,Delivered
617,162,2024-10-11,Card,Cancelled
618,163,2024-05-05,NetBanking,Delivered
619,163,2024-01-10,Card,Cancelled
620,163,2024-08-12,UPI,Returned
621,163,2024-06-28,Card,Delivered
622,163,2024-04-25,COD,Delivered
623,163,2023-11-28,Card,Delivered
624,163,2024-05-11,UPI,Delivered
625,163,2024-04-01,Card,Delivered
626,163,2024-11-02,COD,Delivered
627,163,2024-11-17,Card,Cancelled
628,163,2024-09-26,Card,Delivered
629,164,2024-04-20,UPI,Delivered
630,164,2024-11-18,COD,Delivered
631,164,2024-08-11,UPI,Delivered
632,164,2024-03-14,UPI,Delivered
633,164,2024-05-05,COD,Delivered
634,164,2023-08-30,Card,Delivered
635,164,2024-07-02,UPI,Delivered
636,164,2024-11-05,UPI,Delivered
637,164,2023-08-09,Card,Delivered
638,165,2024-09-19,Wallet,Delivered
639,165,2023-11-27,NetBanking,Delivered
640,166,2024-09-02,COD,Delivered
641,166,2024-08-20,Card,Delivered
642,166,2024-08-16,,Delivered
643,166,2024-05-27,NetBanking,Delivered
644,166,2024-10-30,UPI,Delivered
645,166,2024-05-02,Card,Delivered
646,167,2024-07-11,NetBanking,Delivered
647,167,2024-11-07,COD,Delivered
648,167,2023-10-01,NetBanking,Delivered
649,167,2024-11-18,Wallet,Cancelled
650,167,2024-07-19,UPI,Delivered
651,167,2023-11-27,Card,Delivered
652,167,2024-12-30,UPI,Delivered
653,170,2024-10-01,Card,Delivered
654,170,2024-10-22,UPI,Delivered
655,171,2024-10-29,Card,Delivered
656,171,2023-10-11,Card,Delivered
657,171,2023-11-26,COD,Delivered
658,171,2023-10-09,UPI,Cancelled
659,171,2024-06-04,NetBanking,Delivered
660,171,2024-09-30,UPI,Delivered
661,171,2023-07-06,Card,Delivered
662,171,2023-09-12,NetBanking,Delivered
663,171,2023-05-20,,Delivered
664,171,2023-07-03,Card,Delivered
665,171,2023-11-28,UPI,Delivered
666,171,2024-09-05,UPI,Delivered
667,172,2024-09-30,COD,Delivered
668,172,2024-09-22,UPI,Delivered
669,172,2024-11-04,UPI,Returned
670,172,2023-05-03,Card,Delivered
671,172,2023-05-16,UPI,Delivered
672,173,2024-10-14,COD,Delivered
673,173,2024-03-16,Card,Delivered
674,173,2024-06-15,NetBanking,Returned
675,173,2024-10-02,UPI,Delivered
676,173,2024-05-13,NetBanking,Delivered
677,173,2024-03-07,Wallet,Returned
678,173,2024-10-02,Card,Cancelled
679,173,2024-06-07,UPI,Delivered
680,173,2024-09-06,UPI,Delivered
681,174,2024-06-08,NetBanking,Delivered
682,174,2024-06-20,Card,Delivered
683,174,2024-04-23,UPI,Delivered
684,175,2024-03-13,UPI,Delivered
685,175,2024-01-17,NetBanking,Delivered
686,175,2024-08-22,Wallet,Delivered
687,175,2024-11-23,UPI,Returned
688,175,2024-05-08,Card,Delivered
689,175,2024-04-10,COD,Delivered
690,175,2024-07-16,,Delivered
691,175,2024-11-30,COD,Cancelled
692,175,2024-07-22,COD,Delivered
693,175,2024-10-20,COD,Delivered
694,175,2024-07-26,Card,Cancelled
695,175,2024-06-18,Card,Delivered
696,175,2024-07-17,COD,Delivered
697,175,2024-11-01,COD,Delivered
698,175,2024-10-28,UPI,Delivered
699,175,2024-07-13,Card,Delivered
700,175,2024-05-08,Card,Delivered
701,175,2024-03-16,Wallet,Delivered
702,175,2024-01-12,Card,Delivered
703,176,2024-12-29,UPI,Delivered
704,176,2024-12-16,UPI,Delivered
705,176,2023-12-21,NetBanking,Cancelled
706,177,2024-08-26,Card,Delivered
707,177,2024-09-23,UPI,Returned
708,178,2024-10-24,Card,Cancelled
709,178,2024-04-27,UPI,Delivered
710,179,2024-06-24,UPI,Delivered
711,179,2024-12-04,UPI,Returned
712,180,2023-11-24,COD,Delivered
713,180,2024-05-09,COD,Delivered
714,181,2024-10-09,UPI,Delivered
715,181,2024-11-16,COD,Delivered
716,181,2024-12-25,COD,Delivered
717,181,2024-12-10,UPI,Delivered
718,181,2024-06-14,UPI,Delivered
719,181,2024-12-28,COD,Delivered
720,181,2024-07-02,Card,Delivered
721,181,2024-05-31,UPI,Delivered
722,182,2023-05-08,Card,Delivered
723,184,2024-12-16,COD,Delivered
724,184,2024-10-29,UPI,Delivered
725,184,2024-04-11,Card,Delivered
726,184,2024-09-03,UPI,Delivered
727,184,2024-09-14,UPI,Delivered
728,184,2024-03-10,COD,Delivered
729,185,2023-10-17,Card,Delivered
730,185,2023-11-22,NetBanking,Returned
731,185,2024-12-21,UPI,Delivered
732,185,2024-07-31,Card,Cancelled
733,185,2024-10-31,UPI,Delivered
734,186,2023-09-21,NetBanking,Returned
735,186,2024-10-15,Card,Delivered
736,186,2023-10-23,NetBanking,Delivered
737,186,2023-09-05,Card,Delivered
738,187,2023-11-14,UPI,Delivered
739,187,2024-08-27,Card,Delivered
740,187,2024-12-12,NetBanking,Delivered
741,187,2023-07-20,UPI,Delivered
742,187,2023-07-18,UPI,Delivered
743,188,2023-08-18,Card,Delivered
744,189,2023-05-20,Card,Delivered
745,189,2024-03-16,UPI,Delivered
746,190,2024-02-19,UPI,Delivered
747,190,2024-12-23,UPI,Delivered
748,190,2023-09-13,Card,Delivered
749,190,2024-10-10,NetBanking,Delivered
750,190,2024-05-12,Card,Delivered
751,191,2024-03-23,Card,Delivered
752,191,2024-12-30,UPI,Returned
753,192,2024-05-23,NetBanking,Delivered
754,192,2024-07-13,Wallet,Delivered
755,192,2024-04-14,COD,Delivered
756,192,2024-07-26,Card,Delivered
757,192,2024-10-01,NetBanking,Delivered
758,192,2024-01-09,Card,Delivered
759,192,2024-12-06,UPI,Delivered
760,192,2024-10-12,UPI,Returned
761,192,2024-01-11,UPI,Delivered
762,192,2024-11-21,Card,Delivered
763,192,2024-10-19,UPI,Delivered
764,193,2024-06-08,UPI,Delivered
765,193,2024-08-17,Card,Delivered
766,193,2024-07-21,COD,Returned
767,193,2024-10-12,Card,Delivered
768,193,2023-12-14,COD,Delivered
769,193,2024-10-28,COD,Cancelled
770,193,2024-03-28,UPI,Delivered
771,193,2024-11-07,Wallet,Delivered
772,193,2024-05-30,UPI,Delivered
773,194,2024-01-20,COD,Delivered
774,194,2023-09-05,Card,Delivered
775,194,2024-12-02,Card,Delivered
776,194,2023-10-13,NetBanking,Cancelled
777,194,2024-12-06,COD,Delivered
778,194,2023-09-15,UPI,Delivered
779,194,2023-11-22,Card,Delivered
780,194,2024-11-26,Card,Delivered
781,195,2024-10-11,Card,Delivered
782,195,2024-06-19,UPI,Delivered
783,195,2024-11-08,NetBanking,Delivered
784,196,2024-05-12,UPI,Delivered
785,196,2023-11-07,Wallet,Delivered
786,196,2024-12-29,COD,Delivered
787,196,2024-02-02,COD,Delivered
788,197,2023-11-04,Card,Delivered
789,197,2024-09-04,COD,Delivered
790,197,2023-10-02,UPI,Delivered
791,197,2024-08-10,Card,Delivered
792,197,2024-08-27,Card,Delivered
793,197,2023-12-25,Card,Delivered
794,197,2023-11-14,Card,Delivered
795,197,2024-01-06,COD,Delivered
796,198,2024-08-01,UPI,Delivered
797,198,2023-10-18,Wallet,Delivered
798,199,2023-12-12,Card,Delivered
799,200,2024-08-24,COD,Delivered
800,200,2024-07-16,NetBanking,Delivered
801,200,2024-12-06,Wallet,Delivered
802,201,2024-07-22,Card,Delivered
803,201,2023-10-10,Wallet,Delivered
804,201,2023-11-02,Card,Delivered
805,203,2024-04-14,UPI,Delivered
806,203,2024-10-10,Card,Delivered
807,203,2024-01-30,UPI,Delivered
808,203,2023-12-21,COD,Delivered
809,203,2023-12-30,UPI,Delivered
810,203,2024-09-15,Card,Delivered
811,204,2024-08-17,UPI,Delivered
812,204,2024-02-14,UPI,Delivered
813,204,2024-10-18,COD,Cancelled
814,204,2024-08-17,UPI,Returned
815,204,2024-05-24,NetBanking,Delivered
816,204,2024-01-17,UPI,Delivered
817,206,2023-12-09,Card,Delivered
818,206,2024-10-10,Card,Delivered
819,207,2024-06-27,Card,Delivered
820,207,2024-10-15,UPI,Delivered
821,207,2024-10-02,NetBanking,Delivered
822,207,2024-06-17,UPI,Delivered
823,207,2024-04-04,UPI,Delivered
824,208,2024-08-21,,Delivered
825,209,2024-01-28,UPI,Delivered
826,210,2024-03-18,Card,Delivered
827,210,2024-12-13,UPI,Delivered
828,210,2024-12-25,COD,Delivered
829,210,2024-02-27,UPI,Delivered
830,211,2024-06-13,Card,Delivered
831,211,2023-09-28,Card,Delivered
832,211,2024-12-29,NetBanking,Delivered
833,212,2024-05-17,UPI,Delivered
834,212,2024-02-03,Card,Delivered
835,213,2024-12-21,Card,Delivered
836,213,2024-11-27,UPI,Delivered
837,213,2024-12-13,,Delivered
838,213,2024-10-24,Card,Delivered
839,214,2024-09-09,UPI,Delivered
840,214,2024-12-22,Card,Delivered
841,214,2023-10-16,Card,Delivered
842,214,2023-12-18,UPI,Delivered
843,214,2024-06-02,Card,Returned
844,214,2024-11-01,Card,Delivered
845,214,2024-05-11,NetBanking,Delivered
846,215,2024-11-17,Card,Delivered
847,215,2024-12-10,UPI,Delivered
848,215,2024-10-01,COD,Delivered
849,215,2024-09-30,Card,Delivered
850,216,2023-05-28,COD,Delivered
851,216,2023-11-06,Card,Delivered
852,217,2023-09-14,UPI,Delivered
853,218,2023-03-28,Card,Delivered
854,218,2023-08-04,UPI,Delivered
855,218,2023-05-25,UPI,Delivered
856,218,2024-09-01,Card,Delivered
857,218,2023-03-31,Card,Delivered
858,218,2024-11-11,UPI,Delivered
859,218,2023-03-11,UPI,Delivered
860,219,2024-05-05,UPI,Delivered
861,219,2024-03-19,Card,Delivered
862,220,2024-11-10,Card,Cancelled
863,220,2024-10-31,COD,Delivered
864,220,2024-10-15,UPI,Delivered
865,220,2024-12-26,Card,Delivered
866,220,2024-10-04,UPI,Delivered
867,220,2024-08-14,NetBanking,Delivered
868,220,2024-10-08,COD,Returned
869,220,2024-05-10,UPI,Delivered
870,222,2024-01-19,Card,Delivered
871,222,2024-12-02,NetBanking,Delivered
872,222,2024-09-17,UPI,Delivered
873,222,2024-09-21,UPI,Delivered
874,222,2024-12-13,Card,Delivered
875,222,2023-09-06,UPI,Delivered
876,222,2023-12-09,UPI,Delivered
877,223,2024-08-28,UPI,Returned
878,223,2024-09-04,UPI,Delivered
879,225,2024-09-13,COD,Delivered
880,226,2023-11-15,,Delivered
881,226,2024-10-22,UPI,Delivered
882,228,2024-04-11,COD,Delivered
883,228,2024-03-12,Card,Delivered
884,228,2024-07-30,UPI,Delivered
885,228,2024-04-12,Card,Returned
886,229,2023-11-22,UPI,Delivered
887,229,2024-10-28,UPI,Delivered
888,229,2024-01-26,UPI,Returned
889,229,2024-12-15,Card,Delivered
890,229,2024-01-15,Card,Delivered
891,229,2024-08-16,UPI,Delivered
892,230,2024-12-12,UPI,Delivered
893,230,2023-10-22,Card,Delivered
894,231,2023-10-10,NetBanking,Delivered
895,231,2023-11-10,UPI,Cancelled
896,231,2024-07-13,Card,Delivered
897,231,2024-12-01,Card,Delivered
898,231,2023-09-20,Card,Delivered
899,231,2024-06-05,COD,Delivered
900,232,2024-09-16,UPI,Delivered
901,232,2024-07-01,UPI,Delivered
902,232,2024-12-13,UPI,Delivered
903,232,2024-11-14,NetBanking,Delivered
904,233,2023-10-12,UPI,Delivered
905,233,2024-05-14,COD,Cancelled
906,233,2024-05-16,UPI,Returned
907,233,2023-08-05,Card,Delivered
908,233,2024-09-04,Card,Cancelled
909,233,2023-04-04,COD,Cancelled
910,234,2024-05-27,UPI,Delivered
911,234,2024-09-15,Card,Delivered
912,235,2024-12-08,NetBanking,Delivered
913,235,2024-11-15,NetBanking,Delivered
914,235,2024-04-06,Wallet,Delivered
915,235,2024-03-04,NetBanking,Delivered
916,235,2024-08-28,UPI,Delivered
917,235,2024-10-04,UPI,Delivered
918,237,2024-05-09,Card,Delivered
919,237,2024-05-27,UPI,Delivered
920,237,2024-09-18,NetBanking,Delivered
921,237,2024-02-26,Card,Delivered
922,238,2024-02-22,UPI,Delivered
923,239,2024-11-09,NetBanking,Delivered
924,239,2024-11-12,UPI,Delivered
925,240,2024-05-20,Card,Delivered
926,240,2024-03-25,Card,Delivered
927,240,2024-07-17,COD,Delivered
928,240,2024-01-27,Card,Delivered
929,241,2024-05-12,UPI,Returned
930,241,2023-12-06,UPI,Delivered
931,241,2023-08-12,Card,Cancelled
932,241,2024-12-20,COD,Delivered
933,241,2023-12-03,UPI,Delivered
934,241,2023-11-02,COD,Delivered
935,242,2024-07-31,Card,Delivered
936,243,2023-04-04,UPI,Delivered
937,243,2024-12-01,UPI,Delivered
938,243,2023-06-14,UPI,Delivered
939,243,2024-01-04,Card,Delivered
940,244,2024-01-12,COD,Delivered
941,245,2024-08-04,UPI,Delivered
942,245,2024-03-28,Card,Delivered
943,245,2024-09-02,COD,Delivered
944,246,2023-07-21,Card,Delivered
945,246,2024-09-29,NetBanking,Delivered
946,246,2024-06-18,UPI,Delivered
947,246,2024-12-15,Card,Delivered
948,247,2024-04-27,Card,Delivered
949,247,2024-08-27,UPI,Cancelled
950,247,2024-06-21,Card,Delivered
951,247,2024-07-30,COD,Delivered
952,247,2024-11-11,UPI,Delivered
953,247,2024-03-07,Card,Returned
954,247,2024-10-25,Card,Delivered
955,247,2024-03-21,UPI,Delivered
956,247,2024-11-22,UPI,Delivered
957,247,2024-05-04,NetBanking,Returned
958,247,2024-10-28,Wallet,Delivered
959,247,2024-09-22,UPI,Delivered
960,247,2024-07-12,Card,Delivered
961,247,2024-05-27,Card,Delivered
962,247,2024-03-09,COD,Returned
963,247,2024-06-29,UPI,Delivered
964,247,2024-05-03,UPI,Delivered
965,248,2024-04-04,UPI,Delivered
966,248,2024-05-06,UPI,Delivered
967,249,2024-10-25,UPI,Delivered
968,249,2024-06-24,UPI,Delivered
969,250,2023-08-16,UPI,Delivered
970,250,2024-09-16,UPI,Delivered
971,250,2023-09-10,UPI,Delivered
972,250,2023-01-28,Wallet,Delivered
973,250,2023-02-10,UPI,Delivered
974,250,2024-12-19,NetBanking,Delivered
975,250,2024-03-08,COD,Delivered
976,250,2024-01-02,COD,Delivered
977,251,2024-10-08,UPI,Delivered
978,251,2023-12-11,NetBanking,Delivered
979,251,2024-03-27,UPI,Delivered
980,251,2023-09-15,UPI,Delivered
981,251,2024-10-17,UPI,Delivered
982,251,2024-08-06,UPI,Delivered
983,252,2024-05-15,UPI,Delivered
984,252,2024-06-25,COD,Delivered
985,252,2023-12-13,Card,Delivered
986,253,2024-09-14,NetBanking,Delivered
987,253,2023-08-10,Card,Returned
988,253,2024-11-27,UPI,Delivered
989,253,2024-12-27,Card,Delivered
990,253,2023-07-11,UPI,Delivered
991,253,2024-07-10,NetBanking,Delivered
992,253,2024-01-25,COD,Delivered
993,253,2024-03-26,UPI,Delivered
994,253,2023-08-21,Card,Delivered
995,253,2024-08-09,COD,Delivered
996,254,2024-12-06,NetBanking,Delivered
997,254,2023-11-10,Card,Delivered
998,254,2024-01-29,COD,Delivered
999,254,2024-09-29,Card,Delivered
1000,254,2023-12-28,UPI,Delivered
1001,254,2024-11-12,UPI,Delivered
1002,254,2023-11-06,COD,Delivered
1003,255,2024-05-18,NetBanking,Delivered
1004,255,2024-06-13,COD,Delivered
1005,255,2024-09-02,Wallet,Delivered
1006,256,2024-09-25,COD,Delivered
1007,256,2023-10-03,Card,Delivered
1008,256,2024-04-15,UPI,Delivered
1009,257,2024-11-30,Card,Delivered
1010,258,2023-07-20,UPI,Delivered
1011,258,2024-10-09,Card,Returned
1012,259,2023-05-05,Card,Delivered
1013,259,2024-09-02,Card,Delivered
1014,259,2024-04-22,NetBanking,Delivered
1015,259,2024-10-10,Card,Delivered
1016,259,2023-12-23,Card,Delivered
1017,259,2024-08-17,Card,Delivered
1018,260,2024-05-25,UPI,Delivered
1019,260,2024-11-08,UPI,Returned
1020,260,2024-08-08,UPI,Delivered
1021,260,2024-08-27,COD,Returned
1022,261,2024-05-14,UPI,Delivered
1023,261,2024-07-30,Wallet,Delivered
1024,261,2024-11-24,UPI,Delivered
1025,261,2024-09-14,COD,Delivered
1026,261,2024-12-05,COD,Delivered
1027,261,2024-05-27,UPI,Returned
1028,261,2024-08-11,Card,Delivered
1029,261,2024-08-31,Card,Delivered
1030,261,2024-07-28,UPI,Delivered
1031,261,2024-10-20,UPI,Delivered
1032,261,2024-04-28,COD,Returned
1033,261,2024-09-06,Card,Delivered
1034,261,2024-04-24,Wallet,Delivered
1035,261,2024-10-07,UPI,Delivered
1036,261,2024-11-20,UPI,Delivered
1037,262,2023-12-11,,Delivered
1038,262,2024-09-17,COD,Delivered
1039,263,2024-04-16,UPI,Delivered
1040,263,2024-03-06,UPI,Delivered
1041,263,2024-06-28,UPI,Delivered
1042,264,2024-10-07,UPI,Delivered
1043,264,2024-12-13,UPI,Delivered
1044,264,2024-10-18,UPI,Returned
1045,264,2024-08-06,UPI,Returned
1046,264,2024-07-09,COD,Delivered
1047,264,2024-11-02,UPI,Delivered
1048,264,2024-11-17,Card,Delivered
1049,264,2024-12-13,NetBanking,Delivered
1050,265,2024-07-13,UPI,Delivered
1051,266,2024-07-15,UPI,Delivered
1052,266,2023-11-10,UPI,Delivered
1053,266,2024-04-29,UPI,Delivered
1054,267,2023-10-30,UPI,Delivered
1055,267,2024-03-07,NetBanking,Delivered
1056,268,2024-09-25,UPI,Delivered
1057,268,2024-02-20,UPI,Delivered
1058,268,2024-04-03,UPI,Delivered
1059,270,2024-07-02,UPI,Delivered
1060,270,2024-05-11,UPI,Delivered
1061,270,2024-08-16,COD,Delivered
1062,270,2024-04-20,UPI,Returned
1063,270,2024-02-25,COD,Cancelled
1064,270,2024-12-06,UPI,Delivered
1065,270,2024-12-06,COD,Delivered
1066,271,2024-03-22,Wallet,Delivered
1067,271,2023-08-25,UPI,Delivered
1068,271,2024-07-04,Card,Delivered
1069,271,2024-01-02,Card,Delivered
1070,271,2024-09-19,UPI,Delivered
1071,271,2024-04-15,UPI,Delivered
1072,271,2023-09-04,UPI,Delivered
1073,272,2024-10-29,,Delivered
1074,272,2024-12-11,UPI,Delivered
1075,272,2024-08-10,Card,Delivered
1076,272,2023-04-03,UPI,Delivered
1077,273,2023-10-23,COD,Delivered
1078,273,2023-05-01,UPI,Delivered
1079,273,2024-09-30,UPI,Delivered
1080,273,2024-05-18,,Delivered
1081,273,2023-10-01,COD,Delivered
1082,273,2024-11-01,UPI,Delivered
1083,273,2024-11-20,COD,Delivered
1084,273,2024-11-06,Card,Delivered
1085,273,2024-05-03,UPI,Delivered
1086,273,2024-12-19,UPI,Delivered
1087,273,2024-10-31,NetBanking,Delivered
1088,273,2023-06-09,UPI,Cancelled
1089,274,2024-06-08,Card,Delivered
1090,274,2024-08-16,COD,Delivered
1091,274,2024-11-06,Card,Delivered
1092,275,2023-12-14,Card,Returned
1093,275,2023-10-21,UPI,Delivered
1094,275,2023-09-27,Card,Returned
1095,275,2024-07-22,COD,Delivered
1096,275,2024-06-24,COD,Delivered
1097,275,2024-11-05,UPI,Delivered
1098,275,2023-12-27,COD,Delivered
1099,275,2023-10-19,COD,Returned
1100,275,2024-10-14,Card,Delivered
1101,275,2024-12-26,Card,Delivered
1102,276,2023-11-02,Card,Delivered
1103,276,2024-10-06,COD,Delivered
1104,276,2024-11-10,Card,Delivered
1105,276,2024-04-23,COD,Delivered
1106,276,2023-10-12,COD,Delivered
1107,276,2023-10-15,NetBanking,Delivered
1108,276,2024-07-13,NetBanking,Delivered
1109,276,2024-11-28,UPI,Delivered
1110,276,2024-03-20,UPI,Delivered
1111,276,2024-08-12,UPI,Delivered
1112,277,2024-06-15,COD,Delivered
1113,277,2024-08-17,Card,Delivered
1114,277,2023-12-24,Wallet,Delivered
1115,277,2024-12-20,Card,Delivered
1116,277,2023-12-06,Card,Delivered
1117,277,2024-11-25,NetBanking,Delivered
1118,278,2024-12-05,COD,Delivered
1119,278,2024-04-13,UPI,Delivered
1120,278,2024-04-04,Card,Delivered
1121,278,2024-09-08,Wallet,Delivered
1122,278,2024-10-05,COD,Delivered
1123,278,2024-09-01,UPI,Returned
1124,278,2024-12-13,UPI,Delivered
1125,281,2024-08-26,COD,Returned
1126,281,2024-08-23,COD,Cancelled
1127,281,2023-09-24,COD,Delivered
1128,281,2024-03-31,UPI,Delivered
1129,282,2024-03-14,COD,Delivered
1130,282,2024-04-22,Wallet,Delivered
1131,283,2024-11-28,Card,Delivered
1132,283,2024-06-30,Card,Delivered
1133,283,2024-06-09,UPI,Delivered
1134,283,2024-10-26,UPI,Delivered
1135,283,2024-09-21,UPI,Delivered
1136,283,2024-05-28,UPI,Delivered
1137,283,2024-06-20,UPI,Cancelled
1138,283,2024-06-25,COD,Delivered
1139,283,2024-02-26,UPI,Delivered
1140,284,2024-03-13,Wallet,Delivered
1141,285,2024-08-04,NetBanking,Delivered
1142,286,2024-09-01,UPI,Delivered
1143,286,2024-11-06,NetBanking,Returned
1144,286,2024-11-05,Card,Delivered
1145,286,2024-08-19,NetBanking,Delivered
1146,286,2024-10-04,COD,Delivered
1147,286,2024-07-22,UPI,Delivered
1148,286,2024-10-03,COD,Delivered
1149,286,2024-10-04,Card,Delivered
1150,286,2024-08-14,COD,Delivered
1151,287,2023-08-12,COD,Delivered
1152,287,2023-11-15,COD,Delivered
1153,288,2024-10-30,Card,Delivered
1154,288,2024-11-11,NetBanking,Delivered
1155,288,2024-11-11,COD,Delivered
1156,288,2024-11-17,COD,Delivered
1157,288,2024-10-02,UPI,Returned
1158,288,2023-12-20,Wallet,Delivered
1159,288,2023-11-20,NetBanking,Delivered
1160,288,2024-04-03,Card,Delivered
1161,288,2024-06-19,NetBanking,Delivered
1162,289,2024-12-27,Card,Delivered
1163,289,2024-10-16,Card,Delivered
1164,289,2024-02-12,COD,Delivered
1165,289,2023-10-25,UPI,Cancelled
1166,290,2024-10-31,COD,Delivered
1167,290,2024-11-04,COD,Delivered
1168,290,2024-03-19,NetBanking,Delivered
1169,290,2024-01-12,Card,Delivered
1170,290,2024-05-18,UPI,Delivered
1171,290,2024-10-30,COD,Delivered
1172,290,2024-08-02,UPI,Delivered
1173,290,2023-11-06,Card,Delivered
1174,290,2024-02-22,COD,Delivered
1175,291,2024-08-04,NetBanking,Delivered
1176,291,2024-03-26,UPI,Delivered
1177,291,2024-04-05,COD,Delivered
1178,291,2024-11-22,Card,Delivered
1179,291,2024-04-18,Card,Delivered
1180,292,2023-12-08,COD,Delivered
1181,292,2024-10-19,UPI,Delivered
1182,293,2024-07-26,COD,Delivered
1183,293,2024-08-03,UPI,Delivered
1184,294,2024-07-28,Wallet,Delivered
1185,294,2024-09-30,UPI,Cancelled
1186,294,2023-09-25,Wallet,Delivered
1187,295,2023-10-26,UPI,Delivered
1188,295,2024-09-27,Card,Cancelled
1189,296,2023-10-18,Card,Delivered
1190,296,2024-04-30,Card,Delivered
1191,296,2023-10-24,COD,Delivered
1192,296,2024-05-14,COD,Returned
1193,296,2024-05-12,UPI,Delivered
1194,296,2023-12-07,COD,Delivered
1195,297,2024-06-01,Card,Delivered
1196,297,2024-09-25,Card,Delivered
1197,297,2024-06-09,COD,Delivered
1198,298,2024-09-20,Card,Delivered
1199,298,2024-08-26,UPI,Cancelled
1200,299,2023-09-19,COD,Cancelled
1201,299,2024-07-25,Card,Returned
1202,299,2023-07-27,UPI,Delivered
1203,299,2024-12-27,UPI,Delivered
1204,300,2023-08-23,UPI,Delivered
1205,300,2023-04-13,NetBanking,Delivered
1206,300,2023-10-08,Card,Delivered
1207,300,2024-11-28,UPI,Delivered
1208,301,2024-11-05,COD,Delivered
1209,301,2024-04-03,COD,Delivered
1210,301,2023-12-30,Card,Delivered
1211,302,2024-11-02,COD,Delivered
1212,302,2024-05-06,COD,Cancelled
1213,302,2024-05-30,Card,Delivered
1214,302,2024-09-07,COD,Delivered
1215,302,2024-11-05,UPI,Delivered
1216,303,2023-08-30,,Delivered
1217,303,2023-10-01,UPI,Delivered
1218,304,2024-12-06,UPI,Delivered
1219,304,2024-10-14,Card,Delivered
1220,304,2024-11-23,UPI,Delivered
1221,304,2024-09-05,UPI,Delivered
1222,304,2024-08-14,Wallet,Delivered
1223,304,2024-10-24,UPI,Delivered
1224,304,2024-08-29,COD,Delivered
1225,304,2024-10-05,COD,Delivered
1226,304,2024-07-22,UPI,Delivered
1227,305,2024-10-03,UPI,Delivered
1228,305,2024-02-04,Card,Delivered
1229,305,2024-08-30,UPI,Delivered
1230,305,2024-10-03,COD,Cancelled
1231,305,2023-11-26,UPI,Delivered
1232,305,2024-03-08,UPI,Delivered
1233,305,2024-04-22,COD,Delivered
1234,305,2024-10-17,UPI,Delivered
1235,305,2024-07-16,UPI,Delivered
1236,305,2024-05-14,Card,Delivered
1237,305,2024-03-05,Card,Delivered
1238,305,2023-10-22,COD,Delivered
1239,306,2024-05-04,Card,Delivered
1240,306,2023-04-21,NetBanking,Delivered
1241,307,2023-12-13,COD,Delivered
1242,307,2024-07-22,NetBanking,Delivered
1243,307,2023-10-23,UPI,Delivered
1244,308,2023-11-20,Card,Returned
1245,308,2024-03-08,,Delivered
1246,308,2024-08-10,COD,Delivered
1247,308,2024-08-07,COD,Delivered
1248,308,2024-02-14,Card,Delivered
1249,308,2024-12-13,Card,Delivered
1250,309,2023-10-29,UPI,Delivered
1251,310,2023-04-12,UPI,Delivered
1252,310,2023-08-10,Card,Returned
1253,310,2024-07-28,UPI,Cancelled
1254,310,2023-11-13,UPI,Delivered
1255,310,2023-12-24,UPI,Delivered
1256,310,2023-05-19,COD,Delivered
1257,310,2024-05-11,COD,Delivered
1258,310,2024-09-23,Card,Delivered
1259,311,2024-12-06,COD,Delivered
1260,311,2024-01-06,NetBanking,Delivered
1261,311,2024-10-08,UPI,Delivered
1262,311,2024-06-12,COD,Delivered
1263,312,2024-09-07,UPI,Delivered
1264,312,2024-11-21,UPI,Delivered
1265,312,2024-09-15,Card,Delivered
1266,312,2024-03-29,COD,Delivered
1267,312,2024-12-06,Card,Delivered
1268,312,2024-04-07,UPI,Delivered
1269,313,2024-10-07,Card,Delivered
1270,313,2023-04-23,NetBanking,Delivered
1271,314,2023-09-02,COD,Delivered
1272,315,2023-11-09,UPI,Delivered
1273,315,2024-02-13,NetBanking,Delivered
1274,315,2024-09-22,UPI,Delivered
1275,315,2024-02-28,NetBanking,Delivered
1276,315,2023-10-26,UPI,Delivered
1277,315,2023-07-12,NetBanking,Delivered
1278,315,2024-10-27,UPI,Delivered
1279,315,2024-01-03,Card,Delivered
1280,316,2024-04-09,COD,Delivered
1281,316,2024-12-12,COD,Delivered
1282,317,2024-11-27,Card,Delivered
1283,317,2024-05-01,COD,Delivered
1284,317,2024-09-08,Card,Delivered
1285,317,2024-04-03,UPI,Delivered
1286,317,2024-05-26,Card,Delivered
1287,317,2024-12-02,Card,Delivered
1288,318,2024-10-03,UPI,Delivered
1289,318,2024-12-06,UPI,Delivered
1290,319,2024-10-31,UPI,Returned
1291,319,2024-10-31,Card,Delivered
1292,320,2024-07-20,UPI,Delivered
1293,320,2024-11-04,UPI,Delivered
1294,320,2024-10-24,Card,Delivered
1295,320,2024-12-23,COD,Delivered
1296,320,2024-10-10,UPI,Delivered
1297,321,2024-05-03,UPI,Delivered
1298,321,2024-01-20,Card,Delivered
1299,322,2024-12-12,UPI,Delivered
1300,323,2024-03-12,Wallet,Delivered
1301,323,2024-10-09,COD,Delivered
1302,323,2024-10-06,UPI,Returned
1303,323,2024-10-16,UPI,Delivered
1304,323,2024-08-01,UPI,Delivered
1305,324,2024-06-25,COD,Returned
1306,324,2024-11-03,Card,Cancelled
1307,324,2024-11-30,UPI,Delivered
1308,324,2024-11-28,Card,Delivered
1309,324,2024-10-21,Card,Delivered
1310,325,2024-08-20,UPI,Cancelled
1311,325,2024-11-27,UPI,Delivered
1312,325,2024-10-06,Card,Delivered
1313,325,2024-11-19,Card,Delivered
1314,325,2024-10-27,Card,Delivered
1315,325,2024-09-23,Wallet,Delivered
1316,325,2024-11-07,UPI,Delivered
1317,326,2024-09-14,Card,Delivered
1318,326,2023-10-06,Card,Delivered
1319,326,2024-12-29,COD,Delivered
1320,326,2024-01-01,COD,Delivered
1321,327,2023-11-18,UPI,Delivered
1322,327,2023-11-11,NetBanking,Cancelled
1323,329,2024-06-17,UPI,Returned
1324,329,2024-02-01,UPI,Returned
1325,329,2023-04-24,NetBanking,Delivered
1326,329,2024-09-16,UPI,Delivered
1327,329,2024-07-27,COD,Delivered
1328,330,2024-11-22,,Cancelled
1329,330,2024-07-12,COD,Delivered
1330,331,2024-10-30,UPI,Delivered
1331,331,2023-10-27,Card,Delivered
1332,331,2024-07-28,COD,Delivered
1333,332,2024-10-13,UPI,Delivered
1334,332,2023-11-10,Card,Delivered
1335,333,2023-08-05,UPI,Delivered
1336,333,2024-08-14,UPI,Delivered
1337,333,2023-11-21,Card,Delivered
1338,333,2024-06-10,UPI,Delivered
1339,333,2024-01-08,COD,Delivered
1340,333,2023-12-08,Card,Delivered
1341,333,2024-11-14,COD,Delivered
1342,334,2024-04-17,COD,Delivered
1343,334,2024-07-25,Wallet,Delivered
1344,334,2024-09-15,UPI,Cancelled
1345,334,2024-09-30,COD,Delivered
1346,334,2024-04-28,UPI,Delivered
1347,334,2024-09-19,NetBanking,Delivered
1348,335,2024-06-08,NetBanking,Delivered
1349,335,2024-12-08,COD,Delivered
1350,335,2024-08-15,,Delivered
1351,336,2024-05-07,UPI,Delivered
1352,336,2024-11-18,COD,Delivered
1353,337,2024-10-08,Card,Delivered
1354,338,2023-11-17,Card,Delivered
1355,338,2023-12-07,Card,Delivered
1356,338,2024-07-22,UPI,Delivered
1357,339,2024-07-04,Card,Delivered
1358,341,2024-08-10,Card,Delivered
1359,341,2024-03-20,Wallet,Delivered
1360,342,2024-04-20,COD,Delivered
1361,342,2024-05-28,Wallet,Delivered
1362,343,2024-12-11,UPI,Delivered
1363,343,2024-11-01,COD,Delivered
1364,344,2024-08-25,COD,Returned
1365,344,2024-11-23,Card,Delivered
1366,344,2023-11-12,Card,Cancelled
1367,344,2024-11-21,UPI,Cancelled
1368,346,2024-12-05,UPI,Delivered
1369,346,2024-01-27,Card,Delivered
1370,346,2024-11-20,Card,Delivered
1371,346,2024-01-02,NetBanking,Delivered
1372,347,2024-11-03,,Returned
1373,347,2024-10-09,Card,Delivered
1374,347,2024-09-01,Card,Delivered
1375,347,2024-08-24,COD,Delivered
1376,347,2024-08-15,COD,Delivered
1377,348,2024-07-20,COD,Delivered
1378,348,2024-12-08,Card,Delivered
1379,348,2024-11-03,UPI,Delivered
1380,349,2024-03-27,Wallet,Delivered
1381,349,2024-05-03,UPI,Delivered
1382,349,2023-12-20,UPI,Delivered
1383,349,2023-07-25,NetBanking,Delivered
1384,349,2023-10-13,Card,Delivered
1385,349,2023-04-18,COD,Delivered
1386,349,2023-11-03,UPI,Returned
1387,349,2024-04-24,Card,Delivered
1388,349,2024-12-08,COD,Delivered
1389,349,2023-08-17,Card,Delivered
1390,349,2023-05-18,NetBanking,Delivered
1391,350,2024-12-21,COD,Delivered
1392,351,2023-11-03,Card,Delivered
1393,351,2023-12-01,COD,Delivered
1394,351,2024-03-19,Card,Delivered
1395,351,2024-04-24,UPI,Delivered
1396,351,2024-06-27,UPI,Delivered
1397,351,2024-10-28,UPI,Delivered
1398,351,2023-10-19,Card,Delivered
1399,351,2024-11-06,Wallet,Delivered
1400,351,2024-07-17,COD,Delivered
1401,352,2024-07-17,Card,Delivered
1402,352,2023-04-19,UPI,Delivered
1403,352,2024-04-23,COD,Delivered
1404,353,2024-04-30,Card,Delivered
1405,353,2024-05-25,COD,Delivered
1406,353,2024-01-13,UPI,Returned
1407,354,2024-09-12,Card,Delivered
1408,354,2023-09-28,Card,Delivered
1409,354,2024-05-13,UPI,Delivered
1410,354,2023-09-20,Card,Delivered
1411,355,2024-08-26,UPI,Delivered
1412,355,2024-09-28,UPI,Delivered
1413,356,2024-12-24,UPI,Delivered
1414,356,2024-08-19,Card,Delivered
1415,356,2024-11-27,UPI,Returned
1416,356,2024-11-13,UPI,Delivered
1417,356,2024-07-25,COD,Delivered
1418,356,2024-12-18,Card,Delivered
1419,356,2024-12-05,Card,Delivered
1420,356,2024-11-23,COD,Delivered
1421,357,2023-12-03,UPI,Delivered
1422,357,2023-03-27,UPI,Delivered
1423,359,2023-11-16,Card,Delivered
1424,359,2024-04-09,UPI,Delivered
1425,359,2023-10-30,Card,Delivered
1426,359,2024-07-20,NetBanking,Delivered
1427,360,2024-03-08,UPI,Delivered
1428,361,2024-07-07,UPI,Delivered
1429,361,2024-11-27,NetBanking,Cancelled
1430,361,2024-08-12,Card,Delivered
1431,361,2024-11-21,Wallet,Returned
1432,361,2024-04-18,UPI,Delivered
1433,361,2024-06-12,COD,Delivered
1434,361,2024-05-27,COD,Delivered
1435,361,2024-09-19,Wallet,Delivered
1436,362,2024-09-04,UPI,Delivered
1437,362,2024-12-16,Card,Delivered
1438,362,2024-05-20,Card,Delivered
1439,362,2024-12-11,Card,Delivered
1440,362,2024-06-24,UPI,Delivered
1441,362,2024-06-22,Card,Delivered
1442,363,2024-10-31,UPI,Delivered
1443,363,2023-10-18,,Delivered
1444,363,2024-12-30,COD,Delivered
1445,363,2023-12-12,Card,Delivered
1446,363,2023-07-26,NetBanking,Returned
1447,363,2023-11-11,UPI,Delivered
1448,363,2024-04-28,COD,Delivered
1449,363,2023-12-15,UPI,Delivered
1450,363,2024-10-14,UPI,Delivered
1451,364,2024-12-15,COD,Delivered
1452,364,2024-05-07,UPI,Delivered
1453,364,2024-10-28,UPI,Delivered
1454,367,2024-12-19,NetBanking,Delivered
1455,368,2023-09-20,UPI,Delivered
1456,368,2023-08-15,NetBanking,Delivered
1457,370,2024-09-20,UPI,Delivered
1458,370,2024-03-01,UPI,Delivered
1459,371,2023-12-19,Card,Cancelled
1460,372,2024-07-12,UPI,Delivered
1461,372,2024-09-28,COD,Delivered
1462,372,2024-09-15,NetBanking,Returned
1463,372,2023-12-27,UPI,Delivered
1464,372,2024-12-26,Card,Delivered
1465,372,2024-12-14,UPI,Delivered
1466,373,2024-08-15,COD,Delivered
1467,373,2023-09-29,Card,Delivered
1468,373,2024-08-09,Card,Delivered
1469,374,2023-09-14,UPI,Delivered
1470,374,2023-10-30,COD,Delivered
1471,374,2023-07-29,Card,Delivered
1472,374,2024-10-23,UPI,Delivered
1473,374,2024-07-29,Card,Delivered
1474,374,2024-09-23,UPI,Delivered
1475,374,2024-08-29,UPI,Delivered
1476,374,2024-10-21,UPI,Delivered
1477,374,2024-12-26,UPI,Delivered
1478,374,2024-07-23,UPI,Delivered
1479,374,2023-11-19,UPI,Delivered
1480,375,2024-10-07,COD,Delivered
1481,375,2024-08-31,UPI,Delivered
1482,375,2024-06-10,UPI,Delivered
1483,375,2024-10-15,Card,Delivered
1484,375,2024-10-30,COD,Delivered
1485,375,2024-04-23,UPI,Delivered
1486,375,2024-09-30,NetBanking,Returned
1487,375,2024-10-08,UPI,Delivered
1488,375,2024-08-04,Card,Delivered
1489,376,2023-02-24,COD,Cancelled
1490,376,2023-12-12,Card,Delivered
1491,376,2024-08-04,Wallet,Delivered
1492,376,2023-04-22,COD,Returned
1493,376,2023-11-11,UPI,Delivered
1494,376,2024-04-06,UPI,Delivered
1495,376,2023-08-09,COD,Delivered
1496,376,2024-08-02,NetBanking,Delivered
1497,376,2023-08-22,Card,Delivered
1498,376,2024-10-12,UPI,Returned
1499,376,2023-10-30,Card,Delivered
1500,376,2024-04-20,UPI,Delivered
1501,376,2024-03-06,Card,Delivered
1502,376,2023-10-05,Wallet,Delivered
1503,377,2024-02-16,UPI,Delivered
1504,377,2024-05-22,COD,Delivered
1505,377,2024-02-24,UPI,Delivered
1506,377,2024-07-17,COD,Delivered
1507,377,2024-09-28,Card,Delivered
1508,377,2024-10-07,UPI,Delivered
1509,378,2024-03-29,Card,Delivered
1510,378,2024-06-29,COD,Delivered
1511,378,2024-10-04,COD,Delivered
1512,380,2023-10-06,UPI,Delivered
1513,380,2024-12-23,Card,Delivered
1514,381,2023-08-17,UPI,Delivered
1515,381,2024-06-22,Card,Cancelled
1516,382,2024-11-06,COD,Delivered
1517,382,2024-11-07,UPI,Delivered
1518,382,2024-12-20,UPI,Delivered
1519,382,2024-08-04,UPI,Delivered
1520,382,2024-11-20,Card,Delivered
1521,382,2024-11-04,COD,Delivered
1522,383,2024-11-26,NetBanking,Delivered
1523,383,2024-07-02,NetBanking,Delivered
1524,383,2024-10-28,COD,Returned
1525,384,2023-08-02,Card,Cancelled
1526,384,2024-03-09,COD,Delivered
1527,384,2024-04-02,UPI,Delivered
1528,384,2024-09-22,Card,Delivered
1529,384,2023-11-01,NetBanking,Delivered
1530,384,2023-07-26,Card,Delivered
1531,384,2024-07-30,Card,Delivered
1532,384,2024-03-04,Card,Delivered
1533,384,2024-10-21,COD,Delivered
1534,384,2024-02-25,UPI,Delivered
1535,384,2024-10-22,UPI,Returned
1536,384,2024-03-16,NetBanking,Delivered
1537,385,2024-11-08,Wallet,Delivered
1538,386,2024-11-27,Card,Delivered
1539,386,2024-02-28,UPI,Delivered
1540,386,2023-11-29,NetBanking,Delivered
1541,386,2024-10-11,NetBanking,Returned
1542,386,2024-11-29,UPI,Delivered
1543,386,2024-01-15,COD,Delivered
1544,386,2023-06-22,Wallet,Delivered
1545,386,2024-05-03,Card,Delivered
1546,386,2024-08-13,UPI,Delivered
1547,386,2023-11-16,COD,Delivered
1548,386,2024-08-18,COD,Delivered
1549,386,2024-03-02,COD,Delivered
1550,387,2024-09-30,COD,Delivered
1551,387,2023-10-04,Card,Returned
1552,388,2024-12-09,Wallet,Delivered
1553,388,2024-12-11,Card,Delivered
1554,388,2024-10-26,Card,Delivered
1555,388,2024-12-26,Card,Delivered
1556,388,2024-07-15,COD,Delivered
1557,388,2024-06-10,Card,Delivered
1558,388,2024-04-03,UPI,Delivered
1559,388,2024-07-21,,Delivered
1560,388,2024-10-06,Card,Returned
1561,388,2024-07-06,UPI,Delivered
1562,388,2024-10-01,NetBanking,Cancelled
1563,389,2024-11-04,COD,Delivered
1564,390,2024-06-30,COD,Delivered
1565,390,2023-09-15,Card,Delivered
1566,391,2024-08-31,UPI,Delivered
1567,391,2024-10-23,COD,Delivered
1568,391,2024-03-24,UPI,Delivered
1569,391,2024-07-26,Card,Delivered
1570,391,2024-05-20,UPI,Delivered
1571,391,2024-09-12,Wallet,Delivered
1572,393,2024-05-26,COD,Delivered
1573,393,2024-07-19,Wallet,Delivered
1574,394,2023-12-03,Wallet,Delivered
1575,394,2023-12-13,UPI,Delivered
1576,394,2024-10-13,COD,Delivered
1577,394,2024-02-24,Card,Delivered
1578,395,2024-07-31,Card,Delivered
1579,395,2024-10-30,Card,Delivered
1580,395,2024-05-23,UPI,Delivered
1581,395,2024-05-04,COD,Delivered
1582,396,2024-05-29,Card,Cancelled
1583,396,2024-04-29,UPI,Delivered
1584,396,2024-11-28,COD,Delivered
1585,396,2024-10-10,UPI,Delivered
1586,396,2024-05-02,NetBanking,Delivered
1587,396,2024-06-04,UPI,Delivered
1588,396,2024-07-14,Card,Delivered
1589,396,2024-07-09,UPI,Returned
1590,396,2024-10-01,NetBanking,Delivered
1591,396,2024-08-21,COD,Returned
1592,396,2024-12-05,,Delivered
1593,397,2023-07-20,UPI,Delivered
1594,397,2023-06-13,Card,Delivered
1595,397,2024-05-04,Wallet,Delivered
1596,398,2023-10-05,Card,Delivered
1597,398,2024-01-06,COD,Cancelled
1598,398,2024-04-28,COD,Delivered
1599,398,2023-11-27,COD,Delivered
1600,398,2024-12-12,UPI,Delivered
1601,398,2023-04-21,UPI,Delivered
1602,398,2024-11-18,Card,Delivered
1603,398,2023-04-17,Card,Returned
1604,399,2024-10-10,Card,Delivered
1605,399,2024-10-09,UPI,Delivered
1606,399,2023-10-19,UPI,Cancelled
1607,399,2023-06-27,NetBanking,Delivered
1608,399,2024-08-16,UPI,Delivered
1609,399,2023-10-07,UPI,Delivered
1610,399,2024-12-30,UPI,Delivered
1611,399,2023-06-07,Card,Delivered
1612,399,2023-10-19,Card,Delivered
1613,399,2023-06-30,COD,Delivered
1614,399,2024-09-26,Card,Delivered
1615,399,2024-05-15,Card,Delivered
1616,399,2024-10-26,UPI,Delivered
1617,399,2024-12-13,Card,Delivered
1618,399,2024-06-05,COD,Delivered
1619,400,2024-11-14,UPI,Delivered
1620,401,2024-12-22,UPI,Delivered
1621,401,2024-11-03,UPI,Delivered
1622,401,2024-11-23,UPI,Delivered
1623,401,2024-07-01,UPI,Delivered
1624,401,2024-12-05,NetBanking,Delivered
1625,401,2024-09-29,UPI,Delivered
1626,402,2024-06-16,NetBanking,Delivered
1627,402,2024-06-19,UPI,Delivered
1628,403,2024-10-29,UPI,Delivered
1629,403,2024-02-07,Card,Delivered
1630,403,2024-07-14,UPI,Delivered
1631,403,2024-11-28,Wallet,Cancelled
1632,403,2024-09-22,Card,Delivered
1633,404,2024-09-26,COD,Delivered
1634,404,2024-10-11,UPI,Delivered
1635,404,2024-08-16,UPI,Delivered
1636,404,2024-11-06,COD,Delivered
1637,404,2024-10-04,UPI,Delivered
1638,404,2024-08-26,UPI,Delivered
1639,405,2024-05-17,COD,Delivered
1640,405,2023-11-01,UPI,Delivered
1641,405,2024-10-20,COD,Delivered
1642,406,2024-11-10,Wallet,Delivered
1643,406,2024-10-07,Card,Delivered
1644,406,2024-08-11,UPI,Delivered
1645,406,2024-07-27,NetBanking,Delivered
1646,407,2024-06-05,NetBanking,Delivered
1647,407,2023-12-10,Card,Delivered
1648,407,2023-12-06,COD,Delivered
1649,407,2024-12-09,COD,Returned
1650,409,2024-08-13,Card,Delivered
1651,409,2024-06-14,UPI,Delivered
1652,409,2024-11-25,UPI,Delivered
1653,409,2024-09-22,UPI,Delivered
1654,410,2023-07-25,UPI,Delivered
1655,410,2024-10-19,UPI,Delivered
1656,410,2024-06-23,UPI,Delivered
1657,410,2024-01-05,UPI,Delivered
1658,410,2023-08-07,Card,Delivered
1659,410,2023-12-19,UPI,Delivered
1660,410,2024-09-05,Wallet,Delivered
1661,410,2023-03-24,COD,Delivered
1662,412,2024-10-17,NetBanking,Delivered
1663,412,2023-10-04,UPI,Delivered
1664,412,2024-11-05,UPI,Returned
1665,412,2024-11-21,COD,Delivered
1666,412,2023-06-25,Card,Delivered
1667,412,2024-05-06,UPI,Delivered
1668,412,2024-12-22,COD,Delivered
1669,412,2024-11-27,Card,Delivered
1670,412,2024-03-25,NetBanking,Delivered
1671,413,2023-11-30,Card,Delivered
1672,414,2023-09-17,Card,Delivered
1673,415,2023-12-25,UPI,Delivered
1674,415,2024-09-17,UPI,Returned
1675,415,2024-08-25,UPI,Delivered
1676,415,2023-06-22,UPI,Delivered
1677,416,2024-11-10,NetBanking,Delivered
1678,417,2024-06-21,UPI,Delivered
1679,417,2024-10-20,COD,Delivered
1680,417,2024-06-16,Wallet,Cancelled
1681,418,2023-04-24,Card,Cancelled
1682,418,2024-04-09,Card,Delivered
1683,418,2023-07-17,NetBanking,Delivered
1684,418,2023-08-15,Card,Delivered
1685,418,2023-09-02,COD,Delivered
1686,418,2023-03-18,,Delivered
1687,418,2024-11-07,UPI,Delivered
1688,420,2024-07-15,Card,Delivered
1689,421,2024-11-12,UPI,Delivered
1690,421,2024-10-23,Card,Delivered
1691,421,2024-05-31,UPI,Delivered
1692,421,2024-08-08,Card,Delivered
1693,421,2024-07-17,COD,Delivered
1694,422,2024-09-15,UPI,Delivered
1695,423,2024-12-31,UPI,Returned
1696,423,2024-06-11,Card,Delivered
1697,424,2024-07-30,UPI,Delivered
1698,424,2024-06-17,UPI,Delivered
1699,425,2024-06-06,UPI,Delivered
1700,425,2024-12-11,,Delivered
1701,426,2024-10-08,UPI,Delivered
1702,427,2024-04-11,Card,Delivered
1703,427,2024-04-28,COD,Delivered
1704,427,2024-10-31,Card,Delivered
1705,427,2024-12-16,UPI,Delivered
1706,427,2024-07-27,UPI,Delivered
1707,427,2024-11-14,UPI,Delivered
1708,427,2024-11-04,Card,Delivered
1709,427,2024-12-26,Card,Delivered
1710,427,2024-09-07,UPI,Delivered
1711,428,2024-06-11,Card,Delivered
1712,428,2024-08-16,UPI,Delivered
1713,428,2024-06-03,COD,Delivered
1714,428,2024-05-05,UPI,Delivered
1715,429,2023-11-18,NetBanking,Delivered
1716,429,2023-09-06,UPI,Delivered
1717,429,2024-03-16,UPI,Delivered
1718,430,2024-07-22,UPI,Delivered
1719,430,2024-11-30,UPI,Delivered
1720,430,2024-08-07,COD,Delivered
1721,431,2023-05-29,Card,Delivered
1722,431,2023-10-10,Card,Delivered
1723,431,2024-11-10,UPI,Delivered
1724,431,2023-08-10,UPI,Delivered
1725,432,2024-09-29,Card,Delivered
1726,433,2024-08-31,Wallet,Delivered
1727,433,2024-08-15,Card,Delivered
1728,433,2024-05-07,NetBanking,Delivered
1729,433,2024-08-21,Wallet,Delivered
1730,434,2023-03-16,UPI,Delivered
1731,434,2023-05-08,NetBanking,Delivered
1732,434,2024-05-16,COD,Delivered
1733,434,2023-08-08,UPI,Delivered
1734,436,2024-05-04,COD,Delivered
1735,436,2023-09-08,Card,Delivered
1736,436,2023-06-12,UPI,Delivered
1737,436,2023-09-19,UPI,Delivered
1738,436,2024-10-08,COD,Delivered
1739,437,2024-07-28,UPI,Delivered
1740,437,2024-09-07,Wallet,Delivered
1741,437,2024-03-20,COD,Delivered
1742,437,2023-11-10,Card,Delivered
1743,437,2024-10-07,Card,Delivered
1744,438,2024-07-20,NetBanking,Delivered
1745,438,2024-10-25,UPI,Cancelled
1746,438,2024-10-26,COD,Delivered
1747,438,2024-08-29,Card,Delivered
1748,438,2024-08-03,NetBanking,Delivered
1749,438,2024-11-14,UPI,Delivered
1750,438,2024-05-23,COD,Delivered
1751,438,2024-11-11,COD,Delivered
1752,438,2024-07-15,Card,Delivered
1753,438,2024-12-11,UPI,Cancelled
1754,438,2024-09-09,UPI,Delivered
1755,439,2023-12-02,COD,Delivered
1756,439,2024-11-07,UPI,Delivered
1757,439,2023-11-08,COD,Delivered
1758,439,2023-10-18,Card,Delivered
1759,439,2024-09-05,UPI,Delivered
1760,439,2023-02-23,UPI,Delivered
1761,440,2023-10-22,UPI,Delivered
1762,440,2023-12-16,NetBanking,Delivered
1763,441,2024-09-07,Card,Delivered
1764,441,2024-09-18,COD,Delivered
1765,441,2024-12-13,Wallet,Delivered
1766,441,2024-11-16,UPI,Delivered
1767,441,2024-10-05,UPI,Delivered
1768,442,2024-08-11,Card,Delivered
1769,442,2023-10-05,Card,Delivered
1770,442,2024-06-02,UPI,Delivered
1771,443,2024-01-19,Card,Delivered
1772,443,2023-11-23,Card,Delivered
1773,443,2024-12-14,UPI,Cancelled
1774,443,2024-05-21,COD,Delivered
1775,443,2023-05-20,UPI,Delivered
1776,443,2024-07-14,Card,Delivered
1777,443,2023-08-10,Card,Returned
1778,444,2024-10-29,UPI,Delivered
1779,444,2024-01-10,COD,Delivered
1780,444,2024-07-05,COD,Delivered
1781,444,2024-12-23,UPI,Delivered
1782,445,2024-12-30,UPI,Delivered
1783,445,2024-12-22,UPI,Delivered
1784,445,2024-06-10,NetBanking,Delivered
1785,445,2024-12-14,UPI,Delivered
1786,445,2024-03-05,Card,Delivered
1787,445,2024-11-07,Card,Delivered
1788,445,2024-08-09,Card,Delivered
1789,445,2024-09-19,UPI,Returned
1790,445,2024-09-20,UPI,Delivered
1791,445,2024-08-10,UPI,Delivered
1792,445,2024-11-08,UPI,Delivered
1793,446,2024-10-15,Card,Delivered
1794,447,2024-04-05,COD,Delivered
1795,448,2024-10-19,UPI,Delivered
1796,448,2024-11-21,UPI,Delivered
1797,448,2024-08-06,COD,Delivered
1798,448,2024-06-28,UPI,Delivered
1799,448,2024-11-13,Card,Delivered
1800,448,2024-12-22,Card,Delivered
1801,449,2024-05-24,COD,Delivered
1802,449,2024-02-21,COD,Delivered
1803,449,2023-11-10,NetBanking,Delivered
1804,450,2023-11-15,UPI,Cancelled
1805,450,2023-11-26,UPI,Delivered
1806,450,2024-01-02,Card,Delivered
1807,450,2024-12-07,UPI,Delivered
1808,450,2023-10-12,Card,Returned
1809,450,2024-04-22,COD,Delivered
1810,450,2024-12-27,UPI,Delivered
1811,450,2024-06-12,Card,Delivered
1812,450,2023-10-12,UPI,Delivered
1813,450,2024-12-12,COD,Delivered
1814,451,2024-11-27,Card,Delivered
1815,451,2024-08-02,UPI,Delivered
1816,451,2024-11-27,Card,Delivered
1817,451,2024-06-12,UPI,Delivered
1818,451,2024-12-18,Card,Delivered
1819,451,2024-06-13,UPI,Delivered
1820,451,2024-12-20,UPI,Delivered
1821,451,2024-06-22,UPI,Delivered
1822,451,2024-12-07,UPI,Delivered
1823,452,2024-11-08,UPI,Delivered
1824,452,2024-12-28,COD,Delivered
1825,452,2024-09-14,Card,Delivered
1826,452,2024-06-10,UPI,Delivered
1827,452,2024-08-24,Card,Delivered
1828,452,2024-09-01,Card,Cancelled
1829,452,2024-12-31,Card,Delivered
1830,452,2024-11-02,UPI,Delivered
1831,452,2024-06-16,,Delivered
1832,453,2024-02-16,UPI,Delivered
1833,453,2024-11-24,UPI,Cancelled
1834,454,2024-12-04,COD,Cancelled
1835,454,2023-03-20,UPI,Delivered
1836,455,2024-12-23,COD,Delivered
1837,455,2024-12-16,UPI,Delivered
1838,456,2024-11-26,UPI,Delivered
1839,456,2024-11-07,Card,Returned
1840,456,2024-11-27,UPI,Delivered
1841,457,2023-08-04,COD,Delivered
1842,457,2024-02-27,UPI,Delivered
1843,457,2024-07-05,COD,Delivered
1844,457,2024-02-27,COD,Delivered
1845,458,2024-09-27,UPI,Delivered
1846,458,2024-03-09,COD,Delivered
1847,458,2024-11-19,Card,Delivered
1848,458,2024-11-07,Wallet,Delivered
1849,458,2024-08-02,UPI,Delivered
1850,460,2023-12-16,,Delivered
1851,460,2024-10-22,NetBanking,Delivered
1852,460,2023-11-08,COD,Delivered
1853,460,2024-02-02,COD,Delivered
1854,460,2023-03-16,Card,Delivered
1855,461,2024-11-22,Card,Delivered
1856,461,2024-06-08,Wallet,Returned
1857,461,2024-06-16,Card,Delivered
1858,461,2024-04-03,COD,Delivered
1859,462,2024-08-21,Wallet,Delivered
1860,463,2024-06-18,COD,Returned
1861,463,2024-11-29,COD,Delivered
1862,463,2024-03-22,,Delivered
1863,464,2023-10-22,UPI,Delivered
1864,464,2023-10-21,COD,Delivered
1865,465,2024-11-07,Wallet,Delivered
1866,465,2024-12-17,Card,Delivered
1867,465,2024-05-28,COD,Delivered
1868,465,2024-12-22,UPI,Delivered
1869,466,2024-09-28,UPI,Delivered
1870,467,2024-12-28,UPI,Delivered
1871,467,2023-11-12,UPI,Delivered
1872,468,2024-09-09,UPI,Delivered
1873,469,2023-12-13,UPI,Delivered
1874,469,2023-11-10,,Delivered
1875,469,2024-08-30,Card,Returned
1876,469,2024-08-24,Card,Delivered
1877,469,2024-02-09,UPI,Delivered
1878,469,2023-04-20,Card,Delivered
1879,469,2023-08-15,UPI,Delivered
1880,470,2024-12-27,Card,Delivered
1881,470,2024-08-16,UPI,Delivered
1882,470,2024-12-18,NetBanking,Returned
1883,471,2024-12-06,UPI,Delivered
1884,471,2024-06-29,UPI,Delivered
1885,471,2024-06-23,UPI,Returned
1886,472,2024-08-06,UPI,Delivered
1887,472,2024-05-03,UPI,Returned
1888,473,2024-02-06,Wallet,Delivered
1889,473,2024-08-20,UPI,Delivered
1890,473,2024-10-27,Card,Delivered
1891,473,2023-12-06,UPI,Delivered
1892,473,2024-09-24,COD,Returned
1893,473,2023-11-24,Card,Delivered
1894,473,2023-08-25,UPI,Delivered
1895,474,2023-09-13,UPI,Delivered
1896,475,2023-12-24,COD,Delivered
1897,475,2024-12-07,COD,Delivered
1898,475,2024-07-10,Card,Delivered
1899,476,2024-11-27,COD,Delivered
1900,476,2024-07-14,COD,Delivered
1901,476,2024-03-19,UPI,Delivered
1902,476,2024-07-30,UPI,Delivered
1903,476,2024-11-04,COD,Delivered
1904,477,2024-09-30,UPI,Delivered
1905,478,2024-08-03,Wallet,Delivered
1906,478,2023-05-13,COD,Delivered
1907,478,2024-08-07,COD,Delivered
1908,478,2024-10-30,NetBanking,Returned
1909,478,2024-11-08,COD,Delivered
1910,478,2023-04-24,UPI,Delivered
1911,478,2024-10-03,Card,Delivered
1912,479,2024-05-23,UPI,Returned
1913,480,2024-03-04,Card,Delivered
1914,480,2024-07-29,UPI,Delivered
1915,480,2023-10-09,UPI,Delivered
1916,480,2023-06-18,Card,Delivered
1917,481,2024-06-26,COD,Delivered
1918,481,2024-11-22,UPI,Delivered
1919,481,2024-08-02,UPI,Delivered
1920,481,2023-06-23,COD,Cancelled
1921,482,2024-11-11,COD,Delivered
1922,482,2024-08-03,UPI,Delivered
1923,482,2024-11-30,UPI,Delivered
1924,482,2024-12-02,Card,Delivered
1925,482,2024-11-21,COD,Returned
1926,483,2024-10-16,UPI,Delivered
1927,483,2024-06-24,Wallet,Delivered
1928,484,2024-10-29,Wallet,Delivered
1929,484,2024-03-25,Card,Delivered
1930,484,2024-05-17,Wallet,Delivered
1931,484,2024-09-12,UPI,Delivered
1932,484,2024-03-29,Card,Delivered
1933,484,2024-08-06,COD,Delivered
1934,484,2024-08-26,UPI,Delivered
1935,484,2024-12-11,COD,Delivered
1936,485,2023-11-24,NetBanking,Returned
1937,485,2024-12-03,Card,Delivered
1938,485,2024-10-13,UPI,Delivered
1939,486,2024-09-17,UPI,Delivered
1940,486,2023-06-28,UPI,Delivered
1941,486,2023-11-21,UPI,Delivered
1942,490,2024-09-07,NetBanking,Returned
1943,490,2024-04-22,UPI,Delivered
1944,491,2024-11-26,Wallet,Delivered
1945,491,2024-10-24,,Returned
1946,491,2024-09-02,COD,Delivered
1947,491,2024-06-09,Card,Delivered
1948,491,2024-06-05,UPI,Returned
1949,491,2024-07-30,COD,Delivered
1950,491,2024-08-12,UPI,Delivered
1951,491,2024-12-17,UPI,Delivered
1952,491,2024-12-31,COD,Delivered
1953,491,2024-06-28,UPI,Delivered
1954,491,2024-12-20,Card,Returned
1955,491,2024-11-07,UPI,Delivered
1956,491,2024-10-01,UPI,Delivered
1957,491,2024-12-22,Card,Delivered
1958,493,2024-12-14,UPI,Delivered
1959,493,2024-07-23,Card,Returned
1960,493,2024-12-01,UPI,Delivered
1961,493,2024-09-22,Card,Delivered
1962,494,2023-12-28,UPI,Delivered
1963,494,2024-08-25,UPI,Delivered
1964,494,2024-10-31,,Delivered
1965,494,2024-11-03,Card,Cancelled
1966,494,2023-12-21,UPI,Delivered
1967,496,2024-11-05,UPI,Delivered
1968,496,2024-11-17,UPI,Returned
1969,496,2024-07-01,Card,Delivered
1970,496,2024-12-24,Card,Delivered
1971,496,2023-11-26,UPI,Delivered
1972,496,2023-09-18,UPI,Delivered
1973,496,2024-10-30,COD,Delivered
1974,497,2023-05-16,UPI,Delivered
1975,497,2023-07-28,COD,Delivered
1976,497,2024-12-15,Wallet,Delivered
1977,497,2023-10-03,COD,Delivered
1978,498,2023-12-02,UPI,Delivered
1979,498,2024-10-22,UPI,Returned
1980,499,2024-07-18,UPI,Delivered
1981,499,2024-09-20,UPI,Delivered
1982,499,2024-11-01,Card,Delivered
1983,500,2024-04-24,Card,Delivered
1984,500,2024-12-03,Card,Delivered
1985,500,2024-12-12,COD,Delivered
1986,500,2023-09-04,UPI,Delivered
1987,500,2024-02-16,UPI,Delivered
1988,500,2024-05-15,Card,Delivered
1989,501,2024-11-30,COD,Delivered
1990,502,2024-04-05,Card,Returned
1991,502,2024-05-02,UPI,Delivered
1992,502,2024-12-05,NetBanking,Returned
1993,502,2024-08-31,UPI,Delivered
1994,503,2024-11-08,Card,Delivered
1995,503,2024-11-28,UPI,Delivered
1996,503,2024-12-13,Card,Delivered
1997,503,2024-08-21,Wallet,Returned
1998,503,2024-12-18,Card,Returned
1999,504,2024-11-30,COD,Delivered
2000,504,2024-11-11,COD,Delivered
2001,504,2024-08-12,COD,Delivered
2002,504,2024-04-20,Card,Delivered
2003,504,2024-12-04,UPI,Delivered
2004,504,2024-11-16,NetBanking,Delivered
2005,504,2024-09-02,Card,Delivered
2006,504,2024-09-29,NetBanking,Delivered
2007,504,2024-06-16,COD,Delivered
2008,504,2024-08-22,COD,Delivered
2009,504,2024-06-03,COD,Delivered
2010,504,2024-06-18,Wallet,Delivered
2011,504,2024-11-27,COD,Delivered
2012,505,2023-12-13,Card,Delivered
2013,505,2023-09-12,UPI,Delivered
2014,505,2024-08-02,UPI,Delivered
2015,505,2024-11-20,UPI,Delivered
2016,505,2024-09-14,UPI,Delivered
2017,505,2024-09-23,UPI,Delivered
2018,505,2024-10-31,UPI,Delivered
2019,505,2024-09-22,UPI,Delivered
2020,505,2024-05-07,COD,Delivered
2021,505,2024-08-15,UPI,Delivered
2022,505,2024-01-15,Card,Delivered
2023,505,2023-07-18,Wallet,Delivered
2024,506,2024-11-25,Card,Delivered
2025,506,2024-10-26,UPI,Delivered
2026,506,2024-09-24,Card,Delivered
2027,506,2024-12-12,COD,Delivered
2028,506,2024-08-08,UPI,Delivered
2029,506,2024-05-06,UPI,Returned
2030,506,2024-08-20,,Cancelled
2031,506,2024-03-16,Card,Delivered
2032,506,2024-01-18,Wallet,Delivered
2033,506,2023-10-10,,Delivered
2034,506,2024-02-24,UPI,Delivered
2035,506,2024-10-18,COD,Delivered
2036,506,2024-12-08,NetBanking,Delivered
2037,506,2024-12-21,UPI,Returned
2038,506,2023-11-24,,Delivered
2039,506,2024-06-19,Card,Delivered
2040,506,2024-06-22,NetBanking,Delivered
2041,506,2023-11-13,NetBanking,Delivered
2042,506,2024-06-25,,Delivered
2043,506,2024-02-13,COD,Delivered
2044,506,2024-12-07,UPI,Delivered
2045,507,2024-12-20,Card,Delivered
2046,507,2023-11-07,COD,Delivered
2047,507,2023-11-20,UPI,Delivered
2048,508,2024-03-03,UPI,Returned
2049,510,2024-12-11,Card,Delivered
2050,510,2024-12-13,NetBanking,Delivered
2051,510,2024-07-20,Wallet,Delivered
2052,511,2024-10-08,Card,Delivered
2053,513,2024-08-25,Card,Delivered
2054,513,2024-09-13,Card,Delivered
2055,513,2024-08-31,UPI,Delivered
2056,513,2024-09-15,Card,Delivered
2057,514,2024-10-25,Card,Delivered
2058,514,2024-12-31,UPI,Delivered
2059,514,2024-04-19,COD,Returned
2060,514,2024-09-09,Card,Delivered
2061,514,2024-09-08,NetBanking,Delivered
2062,514,2024-09-23,Card,Delivered
2063,515,2024-12-29,UPI,Returned
2064,515,2024-11-29,UPI,Delivered
2065,515,2024-10-12,Wallet,Delivered
2066,516,2024-04-07,Card,Delivered
2067,516,2024-06-01,Card,Delivered
2068,516,2024-11-29,COD,Delivered
2069,516,2024-01-22,COD,Cancelled
2070,516,2023-04-30,NetBanking,Cancelled
2071,516,2024-01-10,COD,Delivered
2072,517,2024-10-28,UPI,Delivered
2073,518,2024-07-02,UPI,Delivered
2074,518,2023-06-15,Card,Delivered
2075,518,2023-06-12,UPI,Delivered
2076,520,2024-11-28,NetBanking,Cancelled
2077,520,2024-07-01,Wallet,Delivered
2078,520,2024-08-22,Card,Delivered
2079,520,2024-06-07,UPI,Delivered
2080,520,2024-03-08,UPI,Delivered
2081,520,2023-12-06,UPI,Delivered
2082,520,2024-12-12,UPI,Delivered
2083,520,2024-08-30,COD,Delivered
2084,520,2024-11-20,Wallet,Delivered
2085,520,2024-03-23,UPI,Delivered
2086,521,2023-12-27,Wallet,Delivered
2087,521,2024-06-22,NetBanking,Delivered
2088,521,2024-06-22,NetBanking,Cancelled
2089,521,2024-08-08,Card,Delivered
2090,522,2024-11-15,UPI,Delivered
2091,522,2023-10-12,Card,Delivered
2092,522,2024-07-11,COD,Delivered
2093,522,2023-08-01,UPI,Delivered
2094,522,2023-06-07,,Delivered
2095,522,2023-07-17,Wallet,Delivered
2096,523,2024-10-03,UPI,Delivered
2097,523,2024-09-02,UPI,Delivered
2098,523,2024-03-18,UPI,Delivered
2099,523,2023-05-01,Card,Delivered
2100,524,2024-07-11,Card,Delivered
2101,524,2024-08-24,UPI,Delivered
2102,524,2024-06-12,Card,Returned
2103,524,2024-12-12,UPI,Delivered
2104,524,2024-11-25,Card,Cancelled
2105,524,2024-12-29,COD,Delivered
2106,524,2024-12-23,UPI,Delivered
2107,524,2024-07-07,COD,Delivered
2108,526,2024-06-19,Card,Delivered
2109,526,2024-04-12,Card,Delivered
2110,526,2024-12-01,Card,Delivered
2111,526,2023-09-28,COD,Delivered
2112,526,2023-11-23,COD,Delivered
2113,526,2024-11-02,Card,Delivered
2114,526,2024-07-20,UPI,Delivered
2115,526,2024-04-29,UPI,Delivered
2116,526,2024-01-11,COD,Delivered
2117,526,2024-01-24,UPI,Delivered
2118,526,2024-11-30,NetBanking,Delivered
2119,526,2024-07-23,UPI,Delivered
2120,526,2024-11-28,Card,Delivered
2121,527,2024-09-23,Card,Delivered
2122,527,2024-11-03,UPI,Delivered
2123,527,2024-11-18,Card,Delivered
2124,527,2024-06-03,UPI,Delivered
2125,527,2024-09-06,UPI,Delivered
2126,527,2024-11-16,Card,Delivered
2127,527,2024-12-30,UPI,Delivered
2128,527,2024-05-16,,Delivered
2129,528,2024-03-14,COD,Delivered
2130,529,2024-11-01,COD,Delivered
2131,529,2024-09-13,UPI,Delivered
2132,529,2024-11-17,UPI,Delivered
2133,529,2024-08-08,Wallet,Delivered
2134,529,2024-09-23,NetBanking,Delivered
2135,529,2024-12-29,NetBanking,Delivered
2136,529,2024-06-30,Card,Delivered
2137,529,2024-06-20,Card,Delivered
2138,530,2024-11-03,Card,Delivered
2139,531,2024-08-30,COD,Delivered
2140,532,2024-11-11,UPI,Delivered
2141,532,2023-09-28,UPI,Returned
2142,532,2024-11-15,UPI,Delivered
2143,532,2023-06-29,Card,Delivered
2144,533,2024-09-27,UPI,Delivered
2145,533,2023-05-23,UPI,Delivered
2146,533,2023-10-02,UPI,Delivered
2147,533,2024-09-26,NetBanking,Delivered
2148,533,2024-11-15,COD,Delivered
2149,533,2024-09-04,Card,Delivered
2150,534,2023-11-02,UPI,Delivered
2151,534,2023-11-30,Card,Delivered
2152,534,2024-12-21,Card,Delivered
2153,534,2023-12-31,UPI,Delivered
2154,534,2024-07-25,UPI,Cancelled
2155,534,2024-05-08,COD,Delivered
2156,534,2024-11-12,,Delivered
2157,534,2024-09-12,UPI,Delivered
2158,535,2024-06-26,Card,Delivered
2159,536,2023-08-03,COD,Cancelled
2160,536,2024-06-29,Card,Delivered
2161,536,2024-11-15,UPI,Delivered
2162,536,2023-08-05,Wallet,Returned
2163,536,2023-10-27,Card,Delivered
2164,536,2024-04-24,Card,Delivered
2165,536,2024-12-31,Card,Delivered
2166,537,2023-10-26,UPI,Delivered
2167,537,2024-09-07,Card,Delivered
2168,538,2024-11-23,UPI,Delivered
2169,538,2023-11-13,UPI,Delivered
2170,538,2023-05-26,UPI,Delivered
2171,539,2023-11-16,NetBanking,Delivered
2172,539,2024-01-09,COD,Delivered
2173,539,2024-08-30,UPI,Delivered
2174,539,2024-04-20,,Delivered
2175,539,2024-09-11,Card,Delivered
2176,539,2024-09-03,Card,Delivered
2177,540,2023-05-15,UPI,Delivered
2178,540,2023-03-12,NetBanking,Delivered
2179,540,2023-10-01,,Delivered
2180,540,2024-09-05,COD,Delivered
2181,540,2023-04-25,COD,Delivered
2182,540,2023-04-22,Wallet,Cancelled
2183,540,2023-05-02,UPI,Delivered
2184,540,2023-08-28,UPI,Delivered
2185,541,2024-07-03,Card,Delivered
2186,541,2024-12-02,Card,Delivered
2187,541,2024-12-11,NetBanking,Delivered
2188,541,2024-10-19,Card,Delivered
2189,541,2024-04-21,COD,Delivered
2190,541,2024-08-03,Card,Cancelled
2191,542,2023-10-31,UPI,Delivered
2192,542,2024-06-11,UPI,Delivered
2193,542,2024-04-09,UPI,Returned
2194,542,2023-08-19,Card,Delivered
2195,543,2024-03-22,UPI,Delivered
2196,543,2024-02-27,UPI,Cancelled
2197,543,2023-06-24,COD,Delivered
2198,543,2024-08-25,UPI,Delivered
2199,543,2023-09-29,Card,Delivered
2200,544,2024-08-05,Card,Cancelled
2201,544,2024-01-20,UPI,Returned
2202,544,2024-09-22,UPI,Delivered
2203,545,2024-05-26,Card,Delivered
2204,547,2024-12-21,Card,Delivered
2205,547,2024-06-18,COD,Cancelled
2206,547,2023-12-07,Card,Cancelled
2207,547,2024-10-17,Card,Delivered
2208,547,2024-06-22,Card,Delivered
2209,547,2024-12-10,UPI,Delivered
2210,547,2024-10-03,UPI,Delivered
2211,547,2024-11-12,UPI,Delivered
2212,547,2024-05-28,Card,Delivered
2213,547,2024-05-11,Card,Delivered
2214,547,2024-09-28,UPI,Delivered
2215,547,2023-10-10,Card,Delivered
2216,548,2024-04-16,NetBanking,Delivered
2217,548,2024-11-22,UPI,Delivered
2218,548,2024-07-10,COD,Delivered
2219,548,2024-03-22,Card,Delivered
2220,548,2024-07-14,COD,Delivered
2221,548,2023-12-21,UPI,Delivered
2222,549,2024-01-31,Wallet,Delivered
2223,549,2023-10-28,UPI,Delivered
2224,549,2024-12-11,Card,Delivered
2225,549,2024-04-13,COD,Delivered
2226,549,2024-05-26,COD,Delivered
2227,549,2024-03-21,Card,Delivered
2228,549,2024-12-27,COD,Delivered
2229,549,2024-10-20,COD,Delivered
2230,549,2023-11-07,COD,Delivered
2231,549,2024-07-28,COD,Delivered
2232,549,2024-05-20,COD,Delivered
2233,550,2024-02-26,NetBanking,Delivered
2234,550,2024-04-11,NetBanking,Delivered
2235,550,2024-11-27,UPI,Cancelled
2236,550,2024-03-11,Wallet,Delivered
2237,550,2024-11-10,COD,Delivered
2238,550,2024-06-13,Card,Delivered
2239,550,2024-10-04,Card,Delivered
2240,551,2024-12-17,UPI,Delivered
2241,551,2024-09-18,Card,Delivered
2242,551,2024-11-05,UPI,Delivered
2243,551,2024-10-02,NetBanking,Delivered
2244,551,2024-12-12,Card,Delivered
2245,551,2024-11-28,UPI,Delivered
2246,551,2024-06-10,COD,Delivered
2247,551,2024-12-02,COD,Delivered
2248,552,2024-05-08,Card,Delivered
2249,552,2024-02-22,UPI,Delivered
2250,552,2024-09-20,Card,Delivered
2251,552,2024-05-24,COD,Delivered
2252,552,2024-10-11,UPI,Delivered
2253,552,2024-09-16,Card,Delivered
2254,554,2024-09-12,UPI,Returned
2255,555,2024-08-05,Card,Delivered
2256,555,2024-10-15,Card,Delivered
2257,555,2024-08-12,COD,Delivered
2258,555,2024-11-27,Card,Delivered
2259,555,2024-10-29,NetBanking,Delivered
2260,555,2024-06-30,NetBanking,Delivered
2261,555,2024-09-12,COD,Returned
2262,555,2024-12-05,Card,Delivered
2263,557,2024-02-08,UPI,Delivered
2264,557,2024-04-10,COD,Delivered
2265,557,2024-04-21,COD,Delivered
2266,558,2024-05-30,Card,Delivered
2267,558,2024-08-06,Wallet,Delivered
2268,558,2024-05-22,UPI,Delivered
2269,559,2024-07-08,NetBanking,Delivered
2270,559,2024-09-12,NetBanking,Delivered
2271,559,2024-06-05,Card,Delivered
2272,559,2024-12-28,NetBanking,Delivered
2273,560,2024-12-20,UPI,Delivered
2274,560,2024-08-31,UPI,Delivered
2275,560,2024-12-06,UPI,Delivered
2276,560,2024-10-19,UPI,Delivered
2277,561,2024-09-24,UPI,Delivered
2278,562,2023-04-09,UPI,Delivered
2279,562,2024-04-01,UPI,Delivered
2280,563,2024-01-27,COD,Returned
2281,563,2023-12-20,UPI,Delivered
2282,564,2024-08-27,Card,Cancelled
2283,564,2024-03-04,COD,Delivered
2284,564,2023-12-26,COD,Delivered
2285,564,2023-05-06,NetBanking,Delivered
2286,565,2024-06-08,COD,Delivered
2287,565,2024-12-14,Card,Delivered
2288,565,2024-05-28,UPI,Delivered
2289,566,2024-03-19,UPI,Delivered
2290,566,2024-12-19,COD,Delivered
2291,566,2024-10-28,NetBanking,Delivered
2292,566,2023-10-08,Card,Returned
2293,566,2024-03-29,Wallet,Delivered
2294,566,2023-09-04,NetBanking,Delivered
2295,566,2023-10-22,NetBanking,Delivered
2296,566,2024-11-24,COD,Delivered
2297,568,2024-01-12,Wallet,Delivered
2298,569,2024-12-07,Card,Returned
2299,569,2024-02-10,Card,Delivered
2300,569,2024-11-07,UPI,Delivered
2301,569,2023-12-18,,Delivered
2302,569,2024-11-08,UPI,Delivered
2303,569,2024-08-28,UPI,Delivered
2304,570,2024-10-15,COD,Delivered
2305,570,2024-11-13,UPI,Delivered
2306,571,2024-06-27,Card,Returned
2307,571,2024-05-27,Wallet,Delivered
2308,571,2024-11-22,COD,Delivered
2309,571,2024-10-11,UPI,Delivered
2310,571,2024-12-18,UPI,Delivered
2311,571,2024-10-11,Card,Delivered
2312,571,2024-07-27,UPI,Delivered
2313,571,2024-11-07,UPI,Delivered
2314,571,2024-11-07,UPI,Delivered
2315,572,2023-08-31,UPI,Delivered
2316,573,2023-11-10,NetBanking,Delivered
2317,573,2023-09-20,UPI,Cancelled
2318,573,2024-12-11,Card,Delivered
2319,573,2024-10-13,COD,Delivered
2320,574,2023-10-08,UPI,Delivered
2321,575,2023-10-25,UPI,Returned
2322,575,2024-01-01,UPI,Delivered
2323,575,2023-11-17,Wallet,Delivered
2324,576,2024-10-08,UPI,Delivered
2325,576,2023-11-08,COD,Delivered
2326,576,2024-04-21,Card,Delivered
2327,576,2024-10-29,Card,Delivered
2328,576,2024-02-10,COD,Delivered
2329,576,2024-05-21,UPI,Delivered
2330,576,2023-09-28,UPI,Delivered
2331,577,2024-07-10,Card,Delivered
2332,577,2024-09-28,UPI,Cancelled
2333,577,2024-09-14,NetBanking,Delivered
2334,577,2024-11-21,Card,Delivered
2335,578,2024-02-05,UPI,Delivered
2336,578,2024-06-18,UPI,Delivered
2337,578,2024-11-01,Card,Returned
2338,578,2024-07-06,NetBanking,Delivered
2339,578,2024-05-26,UPI,Delivered
2340,578,2024-12-17,UPI,Delivered
2341,578,2023-11-17,COD,Delivered
2342,579,2024-12-05,Card,Delivered
2343,579,2024-09-15,COD,Delivered
2344,579,2024-04-29,Card,Delivered
2345,580,2023-11-28,UPI,Delivered
2346,580,2024-03-03,Card,Delivered
2347,580,2024-12-12,COD,Delivered
2348,580,2024-04-16,UPI,Cancelled
2349,580,2023-08-08,Card,Delivered
2350,581,2024-01-17,UPI,Delivered
2351,581,2024-05-21,UPI,Cancelled
2352,581,2024-11-30,UPI,Delivered
2353,581,2024-09-06,COD,Delivered
2354,581,2023-12-07,NetBanking,Delivered
2355,581,2024-05-25,COD,Delivered
2356,581,2023-07-19,Card,Delivered
2357,581,2023-12-04,COD,Delivered
2358,582,2024-09-08,UPI,Delivered
2359,582,2024-11-20,UPI,Delivered
2360,582,2024-06-30,UPI,Delivered
2361,582,2024-11-26,Card,Delivered
2362,582,2024-06-01,,Delivered
2363,582,2024-12-02,UPI,Delivered
2364,582,2024-09-21,Card,Delivered
2365,582,2024-11-25,NetBanking,Delivered
2366,582,2024-09-07,Card,Delivered
2367,583,2023-05-10,Card,Delivered
2368,584,2023-02-23,UPI,Delivered
2369,584,2024-11-07,UPI,Delivered
2370,584,2024-06-28,UPI,Delivered
2371,584,2023-05-06,UPI,Delivered
2372,584,2023-04-04,Card,Delivered
2373,584,2023-06-13,NetBanking,Delivered
2374,584,2024-09-21,UPI,Delivered
2375,584,2024-07-21,UPI,Delivered
2376,584,2024-05-13,UPI,Delivered
2377,584,2024-05-15,UPI,Delivered
2378,584,2024-10-20,Card,Delivered
2379,584,2023-10-15,COD,Delivered
2380,584,2023-10-09,COD,Returned
2381,584,2023-11-28,,Delivered
2382,584,2024-12-26,COD,Delivered
2383,585,2024-03-24,UPI,Delivered
2384,585,2024-11-21,UPI,Delivered
2385,585,2024-09-08,Wallet,Delivered
2386,585,2024-07-03,NetBanking,Delivered
2387,585,2023-11-28,UPI,Delivered
2388,586,2024-11-16,COD,Delivered
2389,586,2024-06-30,Card,Delivered
2390,586,2024-06-24,Wallet,Returned
2391,586,2024-09-01,UPI,Delivered
2392,586,2024-07-07,UPI,Delivered
2393,587,2024-01-30,COD,Delivered
2394,587,2024-08-13,UPI,Cancelled
2395,587,2024-12-22,COD,Delivered
2396,587,2024-07-01,UPI,Returned
2397,587,2024-07-28,COD,Delivered
2398,587,2024-12-26,,Cancelled
2399,588,2024-09-03,COD,Delivered
2400,588,2023-10-18,UPI,Delivered
2401,588,2024-04-03,UPI,Delivered
2402,588,2023-05-04,UPI,Delivered
2403,588,2024-09-25,COD,Delivered
2404,588,2024-12-08,UPI,Delivered
2405,588,2023-05-10,UPI,Delivered
2406,588,2024-08-03,NetBanking,Delivered
2407,588,2024-10-22,UPI,Delivered
2408,589,2024-05-13,UPI,Delivered
2409,589,2024-06-22,COD,Cancelled
2410,590,2024-11-13,UPI,Delivered
2411,591,2024-10-03,COD,Delivered
2412,591,2024-09-01,Card,Delivered
2413,591,2024-12-13,NetBanking,Delivered
2414,591,2024-11-21,UPI,Cancelled
2415,591,2024-10-29,Card,Delivered
2416,592,2024-12-15,NetBanking,Delivered
2417,592,2024-06-04,Card,Delivered
2418,592,2024-06-30,UPI,Delivered
2419,593,2024-05-20,UPI,Delivered
2420,593,2023-08-19,Card,Delivered
2421,593,2024-09-01,Card,Delivered
2422,593,2023-08-08,UPI,Delivered
2423,593,2024-12-31,COD,Delivered
2424,594,2024-10-20,UPI,Delivered
2425,594,2024-12-16,Wallet,Delivered
2426,594,2024-12-15,COD,Delivered
2427,594,2024-07-27,Card,Delivered
2428,594,2024-08-14,COD,Delivered
2429,594,2024-10-26,UPI,Delivered
2430,594,2024-09-06,UPI,Delivered
2431,594,2024-11-15,NetBanking,Delivered
2432,594,2024-10-13,NetBanking,Delivered
2433,595,2023-12-20,UPI,Delivered
2434,595,2024-06-27,NetBanking,Delivered
2435,595,2024-09-17,UPI,Delivered
2436,596,2024-11-08,COD,Delivered
2437,596,2024-11-09,NetBanking,Delivered
2438,596,2024-06-18,UPI,Delivered
2439,596,2024-12-02,UPI,Delivered
2440,597,2024-12-30,Card,Delivered
2441,597,2024-02-20,Card,Delivered
2442,597,2024-09-02,Card,Delivered
2443,597,2024-03-29,COD,Delivered
2444,597,2024-06-03,NetBanking,Delivered
2445,597,2024-04-07,UPI,Delivered
2446,597,2024-04-04,Wallet,Delivered
2447,598,2024-06-19,UPI,Delivered
2448,599,2024-12-14,,Delivered
2449,600,2024-09-14,COD,Delivered
2450,600,2024-02-17,COD,Delivered
2451,600,2024-02-04,NetBanking,Delivered
2452,600,2024-09-30,UPI,Delivered
2453,600,2024-09-10,COD,Delivered
2454,601,2024-10-21,UPI,Delivered
2455,601,2024-04-02,UPI,Delivered
2456,601,2024-07-03,Card,Delivered
2457,601,2024-10-15,Card,Delivered
2458,601,2024-09-07,COD,Delivered
2459,601,2023-12-26,Card,Delivered
2460,601,2024-06-17,UPI,Delivered
2461,601,2024-11-05,UPI,Delivered
2462,601,2024-12-30,NetBanking,Delivered
2463,601,2024-06-27,COD,Delivered
2464,601,2023-12-27,Card,Delivered
2465,602,2024-09-03,UPI,Delivered
2466,602,2024-08-19,COD,Cancelled
2467,602,2024-07-03,UPI,Delivered
2468,602,2024-10-12,NetBanking,Cancelled
2469,602,2024-07-28,Card,Delivered
2470,603,2024-02-23,COD,Delivered
2471,603,2024-04-25,UPI,Delivered
2472,603,2024-09-02,UPI,Returned
2473,603,2024-04-21,UPI,Delivered
2474,603,2024-08-02,Card,Delivered
2475,603,2024-05-27,COD,Delivered
2476,603,2024-02-13,Card,Delivered
2477,603,2024-08-10,COD,Delivered
2478,603,2024-10-05,UPI,Delivered
2479,605,2024-11-26,NetBanking,Returned
2480,605,2024-09-16,Card,Delivered
2481,607,2024-09-07,UPI,Delivered
2482,607,2024-11-11,Card,Delivered
2483,608,2024-05-20,Card,Delivered
2484,608,2024-11-06,,Delivered
2485,608,2023-10-22,UPI,Delivered
2486,609,2024-07-23,Card,Delivered
2487,610,2024-10-10,COD,Delivered
2488,610,2024-06-03,Wallet,Delivered
2489,610,2024-06-08,UPI,Delivered
2490,610,2024-10-04,Card,Delivered
2491,610,2024-11-02,,Delivered
2492,610,2024-06-13,UPI,Delivered
2493,610,2024-09-10,,Delivered
2494,611,2024-07-13,UPI,Delivered
2495,612,2024-10-26,Card,Returned
2496,612,2024-05-03,UPI,Delivered
2497,612,2024-11-05,COD,Delivered
2498,613,2024-08-28,COD,Delivered
2499,613,2024-11-16,,Delivered
2500,614,2024-09-25,UPI,Delivered
2501,614,2024-05-09,Card,Delivered
2502,614,2024-05-02,COD,Delivered
2503,614,2023-10-29,Card,Delivered
2504,614,2023-11-18,UPI,Delivered
2505,616,2024-03-20,Card,Delivered
2506,616,2024-06-08,UPI,Cancelled
2507,616,2024-07-03,,Delivered
2508,616,2024-07-25,UPI,Delivered
2509,617,2023-05-22,COD,Delivered
2510,617,2024-10-24,COD,Delivered
2511,618,2023-08-08,UPI,Delivered
2512,618,2023-06-24,UPI,Delivered
2513,618,2024-12-06,UPI,Delivered
2514,618,2024-01-20,Card,Delivered
2515,618,2024-08-15,UPI,Returned
2516,618,2023-05-25,COD,Delivered
2517,618,2024-10-01,COD,Delivered
2518,619,2024-05-08,COD,Delivered
2519,620,2024-06-11,UPI,Delivered
2520,620,2024-11-16,Card,Delivered
2521,621,2023-09-30,UPI,Delivered
2522,621,2024-10-05,Card,Delivered
2523,621,2024-03-05,UPI,Delivered
2524,621,2024-01-31,UPI,Cancelled
2525,622,2023-12-03,UPI,Delivered
2526,622,2024-04-06,Card,Delivered
2527,622,2023-10-12,COD,Delivered
2528,623,2024-09-28,Wallet,Delivered
2529,623,2024-10-15,COD,Delivered
2530,623,2023-09-04,NetBanking,Delivered
2531,623,2024-01-10,UPI,Delivered
2532,623,2024-10-11,COD,Delivered
2533,624,2023-12-31,UPI,Delivered
2534,624,2024-05-29,Card,Delivered
2535,624,2024-09-13,UPI,Delivered
2536,624,2024-10-07,COD,Cancelled
2537,624,2023-10-26,Card,Delivered
2538,624,2023-11-17,COD,Delivered
2539,624,2024-09-20,UPI,Delivered
2540,625,2024-10-31,NetBanking,Returned
2541,625,2023-12-09,UPI,Delivered
2542,625,2024-10-25,UPI,Delivered
2543,625,2024-09-11,UPI,Delivered
2544,625,2024-07-11,UPI,Delivered
2545,625,2024-11-21,COD,Delivered
2546,625,2024-02-15,UPI,Delivered
2547,625,2024-11-01,COD,Delivered
2548,625,2024-02-07,NetBanking,Delivered
2549,625,2024-12-28,Card,Delivered
2550,625,2023-12-02,COD,Delivered
2551,625,2024-08-02,Card,Delivered
2552,626,2023-05-11,UPI,Delivered
2553,626,2024-08-12,Card,Returned
2554,627,2024-09-07,Card,Cancelled
2555,627,2024-09-16,UPI,Delivered
2556,627,2023-07-18,Card,Delivered
2557,627,2023-09-19,Card,Cancelled
2558,627,2023-11-02,NetBanking,Delivered
2559,627,2023-11-19,COD,Delivered
2560,627,2024-11-19,COD,Delivered
2561,627,2024-08-29,NetBanking,Delivered
2562,627,2023-09-28,Card,Delivered
2563,627,2024-02-14,NetBanking,Cancelled
2564,627,2023-11-08,Card,Delivered
2565,627,2024-10-21,UPI,Delivered
2566,628,2023-11-02,COD,Delivered
2567,628,2024-08-14,COD,Delivered
2568,628,2023-10-04,Card,Delivered
2569,628,2024-10-26,Card,Delivered
2570,629,2024-11-24,NetBanking,Delivered
2571,629,2024-09-04,UPI,Delivered
2572,629,2023-11-21,COD,Delivered
2573,629,2024-09-29,UPI,Delivered
2574,629,2024-09-22,NetBanking,Delivered
2575,630,2023-11-01,UPI,Delivered
2576,630,2024-11-14,Card,Returned
2577,631,2024-11-13,COD,Delivered
2578,632,2024-12-01,UPI,Delivered
2579,632,2024-10-08,NetBanking,Returned
2580,632,2023-09-14,Card,Delivered
2581,632,2023-10-13,UPI,Delivered
2582,632,2024-09-15,COD,Cancelled
2583,632,2024-11-22,UPI,Delivered
2584,632,2023-10-25,NetBanking,Delivered
2585,632,2024-03-07,Card,Delivered
2586,633,2024-07-28,NetBanking,Delivered
2587,634,2024-04-14,COD,Delivered
2588,634,2024-05-08,NetBanking,Delivered
2589,635,2023-11-19,Card,Delivered
2590,635,2023-09-17,UPI,Delivered
2591,635,2024-03-02,UPI,Delivered
2592,635,2024-07-08,UPI,Delivered
2593,635,2023-12-06,NetBanking,Delivered
2594,636,2024-11-09,Wallet,Delivered
2595,637,2024-03-31,UPI,Delivered
2596,637,2023-12-30,UPI,Delivered
2597,638,2023-11-29,UPI,Delivered
2598,638,2024-12-02,,Delivered
2599,638,2023-10-05,Card,Delivered
2600,638,2023-08-25,Wallet,Delivered
2601,638,2024-04-28,UPI,Delivered
2602,639,2024-09-21,Card,Delivered
2603,639,2024-05-17,COD,Delivered
2604,639,2024-10-07,UPI,Delivered
2605,639,2024-05-26,COD,Delivered
2606,639,2024-08-07,COD,Delivered
2607,640,2024-07-22,NetBanking,Delivered
2608,641,2024-01-08,Wallet,Delivered
2609,644,2023-11-02,Card,Delivered
2610,644,2024-08-22,COD,Delivered
2611,644,2023-09-26,Wallet,Delivered
2612,645,2024-10-14,COD,Delivered
2613,645,2024-10-02,Card,Delivered
2614,645,2024-10-14,UPI,Delivered
2615,645,2024-12-16,UPI,Delivered
2616,645,2024-08-16,NetBanking,Delivered
2617,645,2024-11-30,UPI,Delivered
2618,645,2024-08-06,NetBanking,Delivered
2619,647,2023-10-04,Card,Delivered
2620,647,2024-11-28,COD,Delivered
2621,647,2024-12-13,Card,Delivered
2622,647,2024-08-02,UPI,Delivered
2623,648,2024-05-31,Wallet,Delivered
2624,648,2024-07-26,Card,Delivered
2625,648,2024-11-23,COD,Delivered
2626,648,2024-05-15,NetBanking,Delivered
2627,648,2024-12-05,Card,Delivered
2628,648,2024-04-11,UPI,Delivered
2629,648,2024-03-04,UPI,Delivered
2630,649,2024-08-31,Card,Delivered
2631,650,2024-12-13,COD,Delivered
2632,650,2024-05-12,Card,Delivered
2633,650,2024-12-20,Card,Delivered
2634,650,2024-11-20,COD,Delivered
2635,651,2024-03-12,UPI,Delivered
2636,651,2023-11-26,Card,Delivered
2637,651,2024-09-30,NetBanking,Delivered
2638,651,2024-05-06,UPI,Delivered
2639,651,2024-11-18,COD,Delivered
2640,651,2024-11-15,Card,Delivered
2641,651,2023-11-17,COD,Delivered
2642,651,2023-12-10,NetBanking,Delivered
2643,651,2024-03-29,NetBanking,Delivered
2644,651,2023-11-05,COD,Delivered
2645,652,2024-05-15,Card,Returned
2646,652,2024-02-03,UPI,Delivered
2647,652,2024-03-18,COD,Delivered
2648,652,2024-11-06,COD,Delivered
2649,652,2024-09-25,UPI,Delivered
2650,652,2024-12-14,COD,Delivered
2651,652,2024-11-10,COD,Delivered
2652,652,2024-06-14,,Delivered
2653,652,2024-11-02,NetBanking,Delivered
2654,652,2024-08-28,NetBanking,Delivered
2655,652,2024-04-26,UPI,Delivered
2656,654,2024-11-14,UPI,Delivered
2657,654,2024-11-12,UPI,Delivered
2658,654,2024-08-28,NetBanking,Delivered
2659,654,2024-10-31,UPI,Delivered
2660,654,2024-03-24,Card,Delivered
2661,656,2024-02-11,UPI,Delivered
2662,656,2024-08-04,Card,Delivered
2663,656,2024-10-22,Card,Delivered
2664,656,2024-11-28,UPI,Delivered
2665,656,2024-04-25,COD,Delivered
2666,656,2024-04-25,Card,Delivered
2667,656,2023-12-03,Card,Delivered
2668,656,2023-12-19,Wallet,Delivered
2669,657,2024-09-06,UPI,Delivered
2670,657,2024-10-27,Wallet,Delivered
2671,657,2024-11-21,COD,Delivered
2672,657,2024-11-21,UPI,Delivered
2673,657,2024-06-10,UPI,Delivered
2674,657,2024-11-24,UPI,Delivered
2675,657,2024-06-20,COD,Delivered
2676,657,2024-05-18,UPI,Cancelled
2677,657,2024-02-18,UPI,Delivered
2678,657,2024-05-18,COD,Delivered
2679,658,2024-01-28,COD,Delivered
2680,658,2024-10-08,COD,Delivered
2681,658,2024-04-14,Card,Delivered
2682,658,2024-04-25,COD,Delivered
2683,658,2024-09-16,Card,Delivered
2684,658,2024-12-12,NetBanking,Delivered
2685,658,2024-12-29,COD,Delivered
2686,658,2024-05-16,Card,Delivered
2687,659,2023-03-10,Card,Delivered
2688,661,2023-10-17,UPI,Delivered
2689,661,2024-01-11,Card,Delivered
2690,661,2023-09-17,Wallet,Delivered
2691,661,2024-06-23,NetBanking,Delivered
2692,661,2024-07-04,UPI,Delivered
2693,663,2024-09-27,UPI,Delivered
2694,663,2024-09-22,UPI,Delivered
2695,664,2024-09-15,COD,Delivered
2696,664,2023-09-28,Card,Delivered
2697,664,2024-10-19,NetBanking,Returned
2698,664,2023-08-31,UPI,Delivered
2699,664,2024-09-23,Card,Delivered
2700,665,2024-03-28,Card,Delivered
2701,665,2024-09-04,Card,Delivered
2702,665,2023-12-01,COD,Delivered
2703,666,2024-10-19,COD,Delivered
2704,667,2024-08-23,UPI,Delivered
2705,667,2023-11-16,NetBanking,Delivered
2706,667,2024-06-05,Wallet,Returned
2707,667,2023-11-08,COD,Delivered
2708,667,2024-04-23,UPI,Delivered
2709,668,2024-07-26,UPI,Cancelled
2710,668,2024-12-16,UPI,Delivered
2711,668,2024-10-28,Wallet,Delivered
2712,668,2024-10-04,Card,Delivered
2713,668,2024-11-25,NetBanking,Delivered
2714,668,2024-10-21,COD,Cancelled
2715,668,2024-11-20,UPI,Delivered
2716,668,2024-10-21,UPI,Delivered
2717,670,2023-07-19,Card,Delivered
2718,670,2023-08-30,UPI,Delivered
2719,670,2023-10-07,Card,Delivered
2720,670,2023-07-25,UPI,Delivered
2721,670,2023-08-26,Card,Delivered
2722,670,2024-11-18,NetBanking,Delivered
2723,670,2023-11-04,UPI,Delivered
2724,670,2024-10-08,UPI,Delivered
2725,670,2023-05-03,NetBanking,Delivered
2726,671,2024-12-07,COD,Delivered
2727,671,2024-06-29,UPI,Delivered
2728,671,2024-11-11,Card,Delivered
2729,671,2024-07-24,UPI,Delivered
2730,671,2024-09-05,UPI,Delivered
2731,671,2024-08-18,COD,Returned
2732,671,2024-10-03,UPI,Delivered
2733,672,2024-12-21,UPI,Delivered
2734,672,2024-12-11,UPI,Delivered
2735,672,2024-09-16,COD,Delivered
2736,672,2024-09-28,UPI,Cancelled
2737,672,2024-12-09,Card,Delivered
2738,672,2024-09-13,UPI,Delivered
2739,672,2024-10-29,NetBanking,Delivered
2740,672,2024-06-24,NetBanking,Delivered
2741,673,2024-09-11,COD,Delivered
2742,673,2024-12-31,COD,Delivered
2743,673,2024-11-21,Wallet,Delivered
2744,673,2024-11-23,Card,Delivered
2745,673,2024-10-02,NetBanking,Delivered
2746,673,2024-07-03,NetBanking,Delivered
2747,674,2023-12-13,Card,Delivered
2748,674,2023-05-26,UPI,Delivered
2749,674,2024-11-11,Card,Delivered
2750,674,2023-04-19,COD,Delivered
2751,674,2024-10-11,COD,Delivered
2752,674,2023-08-30,COD,Delivered
2753,675,2024-02-02,UPI,Delivered
2754,675,2024-08-07,UPI,Delivered
2755,676,2024-10-12,UPI,Delivered
2756,676,2024-09-24,Card,Delivered
2757,676,2024-08-20,UPI,Delivered
2758,677,2024-08-14,UPI,Delivered
2759,677,2024-11-23,Wallet,Delivered
2760,677,2023-12-16,COD,Delivered
2761,677,2023-12-22,UPI,Delivered
2762,678,2024-10-14,UPI,Delivered
2763,678,2023-12-05,UPI,Delivered
2764,680,2024-11-27,UPI,Delivered
2765,680,2024-08-07,UPI,Delivered
2766,680,2024-12-06,UPI,Delivered
2767,680,2024-10-11,COD,Returned
2768,681,2024-07-23,UPI,Delivered
2769,681,2024-08-26,NetBanking,Delivered
2770,681,2024-10-08,NetBanking,Delivered
2771,681,2024-10-01,Card,Delivered
2772,682,2024-09-29,UPI,Delivered
2773,682,2024-10-27,Card,Delivered
2774,682,2023-09-07,NetBanking,Delivered
2775,682,2024-08-20,COD,Delivered
2776,682,2024-10-29,UPI,Delivered
2777,683,2024-10-11,COD,Delivered
2778,683,2024-11-22,Card,Delivered
2779,683,2024-12-03,Card,Delivered
2780,684,2024-08-28,UPI,Delivered
2781,684,2024-07-08,Card,Delivered
2782,684,2024-06-14,COD,Returned
2783,684,2024-09-18,UPI,Delivered
2784,684,2024-06-13,Wallet,Delivered
2785,684,2024-12-08,UPI,Returned
2786,684,2024-10-31,UPI,Delivered
2787,685,2024-10-23,Card,Delivered
2788,687,2024-11-05,UPI,Delivered
2789,688,2024-11-19,Card,Returned
2790,688,2024-01-03,Card,Delivered
2791,688,2024-10-28,Card,Delivered
2792,688,2024-11-01,Card,Returned
2793,689,2023-11-04,UPI,Delivered
2794,689,2024-09-03,UPI,Cancelled
2795,689,2024-05-03,Card,Delivered
2796,690,2024-04-13,COD,Delivered
2797,690,2024-09-26,NetBanking,Delivered
2798,690,2024-10-28,UPI,Delivered
2799,690,2024-11-06,UPI,Cancelled
2800,690,2024-10-21,UPI,Delivered
2801,690,2024-02-28,UPI,Delivered
2802,690,2024-11-07,Card,Delivered
2803,691,2024-11-17,Card,Delivered
2804,691,2024-09-22,Card,Cancelled
2805,691,2024-11-20,UPI,Returned
2806,691,2024-10-10,UPI,Delivered
2807,691,2024-11-28,COD,Delivered
2808,693,2024-12-29,COD,Delivered
2809,693,2024-10-26,NetBanking,Delivered
2810,693,2024-07-06,UPI,Delivered
2811,693,2024-11-16,NetBanking,Delivered
2812,693,2024-10-19,NetBanking,Returned
2813,693,2024-11-09,COD,Delivered
2814,693,2024-10-16,UPI,Delivered
2815,694,2024-11-18,UPI,Delivered
2816,694,2024-12-28,Wallet,Cancelled
2817,694,2024-08-05,Card,Delivered
2818,694,2024-11-21,COD,Delivered
2819,694,2024-10-22,UPI,Delivered
2820,694,2024-08-10,Card,Delivered
2821,694,2024-08-15,UPI,Delivered
2822,695,2023-10-11,COD,Delivered
2823,695,2024-05-11,UPI,Delivered
2824,695,2024-11-30,Card,Delivered
2825,695,2023-11-19,NetBanking,Delivered
2826,695,2024-12-18,NetBanking,Returned
2827,695,2024-08-19,COD,Delivered
2828,695,2024-01-11,UPI,Delivered
2829,696,2024-12-09,,Delivered
2830,696,2023-12-08,UPI,Returned
2831,696,2024-03-05,Wallet,Delivered
2832,697,2024-11-16,Card,Cancelled
2833,697,2024-02-21,,Delivered
2834,697,2024-11-26,UPI,Delivered
2835,697,2024-12-17,COD,Delivered
2836,697,2024-11-14,Card,Delivered
2837,698,2024-06-29,Card,Delivered
2838,698,2023-11-22,COD,Delivered
2839,698,2024-09-06,UPI,Delivered
2840,698,2024-05-09,UPI,Delivered
2841,699,2024-11-17,UPI,Delivered
2842,699,2024-01-24,Card,Delivered
2843,699,2023-08-10,COD,Delivered
2844,699,2024-05-14,NetBanking,Delivered
2845,699,2023-04-17,COD,Delivered
2846,699,2023-12-02,Card,Returned
2847,699,2024-10-23,Card,Delivered
2848,699,2024-08-25,Card,Returned
2849,699,2024-07-04,Card,Delivered
2850,700,2023-06-10,COD,Delivered
2851,700,2023-03-04,UPI,Delivered
2852,700,2023-09-07,UPI,Delivered
2853,701,2024-10-27,NetBanking,Delivered
2854,701,2024-02-02,NetBanking,Delivered
2855,701,2024-02-15,COD,Returned
2856,702,2024-11-15,COD,Delivered
2857,702,2024-05-28,UPI,Returned
2858,702,2024-06-18,COD,Delivered
2859,703,2023-09-15,COD,Delivered
2860,703,2023-07-30,Card,Delivered
2861,704,2024-03-06,UPI,Delivered
2862,704,2024-09-29,UPI,Delivered
2863,704,2024-07-31,Card,Delivered
2864,704,2024-03-29,Card,Delivered
2865,704,2024-10-01,Card,Delivered
2866,705,2023-12-03,UPI,Returned
2867,705,2023-07-03,Card,Delivered
2868,705,2024-08-14,COD,Delivered
2869,705,2023-10-04,Card,Delivered
2870,705,2023-10-14,Card,Delivered
2871,706,2024-10-07,Wallet,Delivered
2872,706,2024-09-27,Card,Delivered
2873,706,2024-09-16,COD,Delivered
2874,706,2024-09-08,UPI,Delivered
2875,706,2023-11-08,UPI,Returned
2876,706,2024-10-09,NetBanking,Delivered
2877,706,2024-06-19,NetBanking,Delivered
2878,706,2024-07-02,UPI,Delivered
2879,706,2023-11-17,Wallet,Delivered
2880,706,2024-01-04,COD,Delivered
2881,707,2024-07-30,UPI,Delivered
2882,707,2024-11-18,UPI,Delivered
2883,708,2024-08-21,COD,Delivered
2884,709,2023-12-25,UPI,Delivered
2885,709,2024-05-06,COD,Delivered
2886,709,2024-03-07,COD,Delivered
2887,709,2024-09-10,Card,Delivered
2888,710,2024-11-05,COD,Delivered
2889,710,2023-11-18,COD,Delivered
2890,710,2024-03-10,Card,Delivered
2891,710,2024-12-17,Card,Delivered
2892,710,2024-06-27,COD,Delivered
2893,710,2023-12-20,Wallet,Delivered
2894,711,2024-07-15,UPI,Delivered
2895,711,2024-08-31,UPI,Delivered
2896,711,2024-06-13,COD,Delivered
2897,711,2024-04-08,Wallet,Delivered
2898,711,2024-11-16,Card,Delivered
2899,711,2024-10-08,UPI,Delivered
2900,712,2024-03-15,Wallet,Delivered
2901,713,2024-11-14,UPI,Delivered
2902,713,2024-12-25,UPI,Delivered
2903,713,2024-08-01,Card,Delivered
2904,713,2024-10-09,Card,Delivered
2905,713,2024-05-26,UPI,Delivered
2906,713,2024-03-07,Card,Delivered
2907,714,2024-10-14,Card,Delivered
2908,714,2024-05-01,UPI,Returned
2909,714,2024-02-19,Card,Delivered
2910,714,2024-12-23,UPI,Delivered
2911,715,2024-11-08,UPI,Delivered
2912,715,2024-10-18,NetBanking,Cancelled
2913,716,2024-03-20,UPI,Delivered
2914,716,2024-12-26,Card,Delivered
2915,717,2024-09-06,,Delivered
2916,718,2024-05-05,UPI,Delivered
2917,718,2024-09-22,Card,Delivered
2918,718,2024-05-15,UPI,Delivered
2919,718,2024-01-29,Card,Delivered
2920,718,2024-08-22,UPI,Delivered
2921,718,2024-04-22,COD,Delivered
2922,718,2024-12-16,NetBanking,Delivered
2923,718,2024-02-24,Wallet,Delivered
2924,718,2024-09-17,NetBanking,Delivered
2925,718,2024-06-20,COD,Delivered
2926,718,2023-10-22,UPI,Delivered
2927,718,2024-05-04,UPI,Delivered
2928,719,2024-11-16,UPI,Delivered
2929,719,2023-08-22,,Delivered
2930,719,2023-05-12,COD,Delivered
2931,719,2024-03-31,UPI,Delivered
2932,720,2024-09-23,UPI,Delivered
2933,720,2024-10-15,UPI,Delivered
2934,721,2023-11-01,Wallet,Delivered
2935,721,2023-12-09,UPI,Delivered
2936,721,2023-11-24,COD,Delivered
2937,722,2024-08-30,COD,Delivered
2938,722,2024-09-20,COD,Delivered
2939,722,2024-11-08,,Delivered
2940,722,2024-10-25,UPI,Delivered
2941,722,2024-11-02,UPI,Cancelled
2942,723,2024-05-23,NetBanking,Delivered
2943,723,2024-12-30,Card,Delivered
2944,723,2024-08-21,COD,Delivered
2945,723,2024-08-31,Card,Delivered
2946,723,2024-12-20,UPI,Delivered
2947,724,2024-09-30,COD,Delivered
2948,724,2023-10-25,NetBanking,Delivered
2949,724,2024-04-09,UPI,Delivered
2950,725,2024-06-22,UPI,Delivered
2951,725,2024-04-10,UPI,Returned
2952,726,2023-11-25,NetBanking,Cancelled
2953,726,2023-10-10,COD,Cancelled
2954,726,2023-11-19,COD,Delivered
2955,726,2024-03-04,UPI,Delivered
2956,726,2023-11-08,UPI,Delivered
2957,726,2023-06-19,UPI,Delivered
2958,727,2024-03-09,COD,Delivered
2959,727,2024-04-08,UPI,Delivered
2960,728,2024-07-16,Wallet,Delivered
2961,728,2023-11-19,COD,Delivered
2962,728,2024-02-26,UPI,Delivered
2963,728,2023-04-01,UPI,Delivered
2964,729,2023-10-18,UPI,Delivered
2965,729,2024-09-01,UPI,Delivered
2966,729,2023-10-09,,Delivered
2967,730,2024-06-19,Wallet,Delivered
2968,730,2024-08-30,UPI,Delivered
2969,730,2024-09-06,UPI,Delivered
2970,731,2024-09-19,UPI,Delivered
2971,731,2024-10-24,Card,Delivered
2972,731,2024-04-22,Card,Delivered
2973,732,2024-02-29,Card,Delivered
2974,733,2024-09-15,UPI,Delivered
2975,733,2024-05-19,UPI,Delivered
2976,733,2024-09-05,Card,Delivered
2977,734,2024-03-03,UPI,Delivered
2978,734,2024-12-09,Card,Delivered
2979,734,2024-10-16,UPI,Delivered
2980,734,2024-11-08,UPI,Delivered
2981,735,2024-09-24,COD,Delivered
2982,735,2023-12-13,Card,Delivered
2983,735,2023-04-26,NetBanking,Delivered
2984,735,2024-10-21,UPI,Delivered
2985,735,2024-01-15,UPI,Delivered
2986,735,2024-08-12,Card,Delivered
2987,735,2024-11-04,UPI,Delivered
2988,735,2023-05-17,UPI,Delivered
2989,736,2024-12-07,UPI,Cancelled
2990,736,2024-04-08,Card,Delivered
2991,736,2024-01-03,UPI,Delivered
2992,736,2024-11-13,UPI,Cancelled
2993,738,2024-08-19,UPI,Returned
2994,738,2024-07-06,COD,Delivered
2995,738,2024-03-02,UPI,Delivered
2996,739,2024-12-22,Card,Delivered
2997,739,2024-11-13,Wallet,Delivered
2998,740,2024-09-09,UPI,Delivered
2999,740,2024-07-05,COD,Delivered
3000,740,2024-09-21,COD,Delivered
3001,740,2024-07-13,Card,Delivered
3002,741,2024-07-30,COD,Delivered
3003,742,2024-11-25,COD,Delivered
3004,742,2024-07-21,COD,Returned
3005,743,2024-09-08,UPI,Delivered
3006,743,2024-07-18,Card,Returned
3007,743,2024-04-04,UPI,Delivered
3008,743,2023-12-22,UPI,Delivered
3009,743,2024-09-13,Card,Delivered
3010,743,2024-10-29,UPI,Delivered
3011,743,2024-12-13,UPI,Delivered
3012,744,2023-12-05,Wallet,Delivered
3013,744,2023-07-24,NetBanking,Returned
3014,744,2023-07-17,UPI,Delivered
3015,744,2023-12-21,UPI,Delivered
3016,744,2024-11-26,UPI,Delivered
3017,744,2024-08-20,UPI,Delivered
3018,744,2024-09-12,UPI,Delivered
3019,745,2024-07-26,COD,Delivered
3020,746,2024-07-18,UPI,Delivered
3021,746,2024-09-22,COD,Delivered
3022,746,2024-09-30,NetBanking,Delivered
3023,746,2023-10-08,UPI,Delivered
3024,747,2023-11-02,Card,Returned
3025,748,2024-12-06,UPI,Delivered
3026,748,2024-11-07,Card,Delivered
3027,749,2023-08-23,UPI,Delivered
3028,750,2023-12-13,Card,Returned
3029,750,2023-10-05,Card,Returned
3030,750,2023-10-15,Wallet,Delivered
3031,750,2024-09-26,UPI,Delivered
3032,750,2024-08-25,UPI,Delivered
3033,750,2024-07-12,UPI,Cancelled
3034,750,2024-07-07,UPI,Delivered
3035,750,2024-03-04,Card,Delivered
3036,750,2023-11-12,Wallet,Delivered
3037,751,2024-10-02,Card,Delivered
3038,751,2024-11-29,COD,Delivered
3039,751,2024-07-07,Card,Delivered
3040,751,2024-09-12,UPI,Delivered
3041,752,2024-11-02,NetBanking,Delivered
3042,752,2024-09-10,Wallet,Delivered
3043,752,2024-10-25,UPI,Delivered
3044,753,2023-11-16,,Delivered
3045,753,2023-11-26,Card,Delivered
3046,754,2024-11-14,NetBanking,Delivered
3047,754,2024-08-24,Card,Delivered
3048,754,2024-10-15,UPI,Delivered
3049,755,2024-03-28,UPI,Delivered
3050,755,2024-12-04,Card,Returned
3051,756,2023-10-23,NetBanking,Delivered
3052,756,2024-10-08,COD,Delivered
3053,756,2024-06-18,COD,Delivered
3054,756,2024-12-16,UPI,Delivered
3055,757,2024-03-06,UPI,Delivered
3056,757,2024-06-06,COD,Delivered
3057,758,2024-10-27,UPI,Delivered
3058,758,2024-12-07,UPI,Returned
3059,758,2024-10-20,COD,Delivered
3060,758,2024-02-16,Card,Delivered
3061,758,2024-06-27,Card,Delivered
3062,758,2024-05-05,UPI,Delivered
3063,758,2023-12-12,UPI,Returned
3064,759,2024-09-04,NetBanking,Delivered
3065,759,2023-04-11,UPI,Cancelled
3066,759,2023-09-06,Card,Delivered
3067,759,2023-09-22,Card,Delivered
3068,759,2023-10-12,Card,Delivered
3069,759,2024-11-19,COD,Delivered
3070,760,2024-11-16,UPI,Delivered
3071,760,2024-10-23,UPI,Returned
3072,760,2024-12-03,COD,Delivered
3073,760,2024-10-02,UPI,Delivered
3074,761,2024-05-21,NetBanking,Delivered
3075,761,2023-06-28,UPI,Delivered
3076,761,2024-08-04,Card,Delivered
3077,761,2023-11-22,UPI,Delivered
3078,761,2024-10-30,Card,Delivered
3079,761,2024-10-31,UPI,Delivered
3080,761,2023-11-24,UPI,Delivered
3081,761,2024-10-02,NetBanking,Delivered
3082,761,2024-07-06,COD,Delivered
3083,761,2023-12-23,Card,Delivered
3084,762,2024-11-10,Wallet,Returned
3085,762,2024-10-26,UPI,Delivered
3086,762,2024-10-12,UPI,Delivered
3087,762,2024-06-26,COD,Returned
3088,762,2023-12-28,UPI,Returned
3089,763,2024-06-07,COD,Delivered
3090,763,2024-07-10,Card,Delivered
3091,763,2024-08-03,UPI,Delivered
3092,763,2024-06-16,Card,Delivered
3093,763,2024-09-02,Card,Delivered
3094,763,2024-11-03,UPI,Delivered
3095,763,2024-11-22,COD,Delivered
3096,764,2024-09-25,UPI,Delivered
3097,764,2024-12-25,UPI,Cancelled
3098,765,2024-08-30,COD,Delivered
3099,765,2023-10-31,Card,Delivered
3100,765,2024-06-02,UPI,Delivered
3101,765,2024-11-01,Card,Delivered
3102,765,2024-03-28,COD,Delivered
3103,765,2023-12-12,UPI,Delivered
3104,765,2024-05-29,NetBanking,Delivered
3105,765,2023-09-27,UPI,Delivered
3106,766,2024-09-24,UPI,Delivered
3107,767,2024-11-22,UPI,Delivered
3108,767,2024-01-13,NetBanking,Delivered
3109,768,2024-10-28,UPI,Delivered
3110,768,2023-10-10,COD,Delivered
3111,769,2024-08-16,UPI,Delivered
3112,770,2024-12-14,NetBanking,Delivered
3113,771,2024-11-12,NetBanking,Delivered
3114,771,2023-12-30,UPI,Delivered
3115,771,2024-09-18,UPI,Delivered
3116,772,2024-12-24,UPI,Delivered
3117,773,2023-04-11,Wallet,Delivered
3118,773,2023-12-27,Card,Delivered
3119,773,2023-12-05,Wallet,Delivered
3120,773,2023-11-27,Card,Delivered
3121,773,2024-02-07,COD,Cancelled
3122,774,2024-11-16,NetBanking,Delivered
3123,774,2024-05-30,UPI,Delivered
3124,774,2024-01-25,UPI,Delivered
3125,775,2024-08-20,UPI,Delivered
3126,777,2024-02-13,,Delivered
3127,777,2024-02-19,COD,Delivered
3128,777,2024-01-21,Wallet,Delivered
3129,778,2024-05-08,COD,Delivered
3130,778,2024-11-12,UPI,Delivered
3131,778,2024-10-16,NetBanking,Delivered
3132,778,2024-02-16,COD,Delivered
3133,779,2023-06-01,UPI,Delivered
3134,779,2024-07-20,NetBanking,Delivered
3135,779,2024-03-19,UPI,Delivered
3136,779,2024-12-08,Card,Delivered
3137,779,2023-10-25,COD,Delivered
3138,779,2023-08-20,UPI,Delivered
3139,780,2024-12-13,COD,Delivered
3140,780,2024-09-24,Card,Returned
3141,781,2024-09-24,Card,Delivered
3142,784,2023-04-12,Card,Delivered
3143,784,2024-09-16,UPI,Delivered
3144,784,2023-08-22,UPI,Delivered
3145,784,2023-10-19,UPI,Delivered
3146,786,2024-06-11,UPI,Delivered
3147,786,2024-11-19,Card,Delivered
3148,786,2024-10-16,Card,Delivered
3149,786,2024-08-11,UPI,Delivered
3150,788,2024-10-22,COD,Delivered
3151,788,2024-09-07,COD,Delivered
3152,788,2024-02-28,UPI,Cancelled
3153,788,2024-12-01,UPI,Delivered
3154,788,2024-05-18,UPI,Delivered
3155,788,2024-03-18,COD,Delivered
3156,788,2024-12-26,UPI,Delivered
3157,788,2024-02-24,UPI,Delivered
3158,788,2024-02-03,Wallet,Delivered
3159,789,2024-04-11,Card,Delivered
3160,789,2024-12-11,UPI,Delivered
3161,789,2024-10-17,Card,Delivered
3162,789,2024-10-06,UPI,Returned
3163,790,2023-01-07,NetBanking,Delivered
3164,790,2023-10-20,Wallet,Delivered
3165,790,2023-01-29,UPI,Delivered
3166,790,2023-11-26,NetBanking,Cancelled
3167,790,2024-04-03,COD,Delivered
3168,791,2024-12-20,UPI,Delivered
3169,791,2023-12-16,COD,Delivered
3170,791,2024-10-29,UPI,Delivered
3171,791,2023-11-14,UPI,Delivered
3172,791,2024-05-09,COD,Delivered
3173,791,2024-01-10,UPI,Delivered
3174,791,2024-06-29,NetBanking,Delivered
3175,792,2023-09-03,Card,Cancelled
3176,792,2024-11-15,Card,Delivered
3177,792,2024-09-17,COD,Delivered
3178,793,2024-09-21,COD,Delivered
3179,793,2024-06-10,UPI,Delivered
3180,793,2024-04-24,UPI,Returned
3181,793,2024-11-29,NetBanking,Delivered
3182,793,2024-03-27,UPI,Delivered
3183,793,2024-07-16,Card,Delivered
3184,793,2024-09-27,UPI,Delivered
3185,794,2024-11-30,COD,Delivered
3186,794,2024-03-27,UPI,Delivered
3187,794,2024-03-22,COD,Delivered
3188,794,2024-08-30,COD,Delivered
3189,794,2024-04-14,Card,Delivered
3190,794,2024-05-21,UPI,Delivered
3191,795,2023-10-08,UPI,Delivered
3192,795,2023-12-25,UPI,Returned
3193,796,2023-06-10,UPI,Delivered
3194,796,2024-05-10,UPI,Delivered
3195,797,2024-10-13,Card,Delivered
3196,797,2024-11-27,Wallet,Delivered
3197,797,2024-08-02,COD,Delivered
3198,797,2024-10-13,UPI,Delivered
3199,798,2023-12-30,COD,Delivered
3200,798,2024-07-05,UPI,Delivered
3201,798,2023-10-30,UPI,Delivered
3202,799,2023-09-27,UPI,Delivered
3203,799,2023-11-16,COD,Delivered
3204,799,2024-04-08,UPI,Delivered
3205,799,2024-01-30,UPI,Delivered
3206,799,2024-11-12,UPI,Cancelled
3207,799,2023-06-29,COD,Delivered
3208,799,2023-08-13,NetBanking,Delivered
3209,799,2023-12-06,Card,Delivered
3210,799,2023-10-02,NetBanking,Delivered
3211,799,2024-01-22,Card,Delivered
3212,799,2024-08-23,Card,Delivered
3213,799,2024-12-28,NetBanking,Delivered
3214,800,2024-12-23,Card,Delivered
3215,800,2024-12-16,Card,Delivered
3216,800,2023-09-07,UPI,Delivered
3217,800,2024-05-05,NetBanking,Delivered
3218,800,2024-03-05,UPI,Delivered
3219,801,2024-03-19,Card,Delivered
3220,801,2024-10-19,COD,Returned
3221,802,2024-05-24,Card,Delivered
3222,803,2024-02-04,COD,Cancelled
3223,803,2023-12-21,COD,Delivered
3224,803,2023-11-05,NetBanking,Delivered
3225,803,2024-09-14,UPI,Delivered
3226,803,2024-12-20,UPI,Delivered
3227,803,2024-06-11,NetBanking,Delivered
3228,804,2024-12-17,UPI,Delivered
3229,804,2024-05-14,COD,Delivered
3230,805,2024-12-11,Card,Delivered
3231,805,2024-09-18,NetBanking,Delivered
3232,805,2024-07-17,UPI,Delivered
3233,806,2024-09-22,COD,Delivered
3234,806,2024-09-18,Card,Delivered
3235,806,2024-10-31,UPI,Delivered
3236,806,2024-10-11,Card,Delivered
3237,806,2024-07-11,Card,Returned
3238,806,2024-06-23,UPI,Delivered
3239,807,2024-10-19,UPI,Delivered
3240,808,2024-05-07,NetBanking,Delivered
3241,808,2024-11-25,COD,Delivered
3242,808,2023-10-01,COD,Returned
3243,809,2024-06-20,UPI,Delivered
3244,809,2023-09-05,Card,Delivered
3245,809,2023-11-27,UPI,Delivered
3246,809,2023-09-08,UPI,Delivered
3247,809,2023-12-27,Wallet,Delivered
3248,809,2023-11-07,UPI,Delivered
3249,809,2024-10-11,Card,Cancelled
3250,809,2024-03-28,NetBanking,Delivered
3251,810,2024-12-06,COD,Delivered
3252,810,2024-12-04,UPI,Delivered
3253,810,2024-10-08,Card,Delivered
3254,811,2024-06-22,Card,Cancelled
3255,811,2024-12-19,Card,Delivered
3256,811,2023-07-03,COD,Delivered
3257,812,2024-11-19,Card,Delivered
3258,812,2024-10-02,COD,Delivered
3259,812,2024-08-01,UPI,Delivered
3260,812,2024-10-08,COD,Delivered
3261,813,2024-12-08,Card,Cancelled
3262,813,2024-03-28,COD,Delivered
3263,813,2024-03-30,COD,Delivered
3264,815,2024-10-23,UPI,Delivered
3265,815,2024-03-08,UPI,Cancelled
3266,816,2024-03-28,COD,Delivered
3267,816,2024-09-27,Card,Delivered
3268,816,2024-03-27,Card,Delivered
3269,816,2024-07-23,Wallet,Cancelled
3270,817,2024-07-09,UPI,Delivered
3271,817,2023-02-15,Card,Delivered
3272,818,2024-09-19,UPI,Delivered
3273,818,2023-03-10,UPI,Delivered
3274,818,2023-11-08,Card,Returned
3275,818,2024-02-12,UPI,Delivered
3276,818,2023-03-23,UPI,Returned
3277,818,2024-08-06,UPI,Delivered
3278,819,2024-12-05,Card,Delivered
3279,819,2024-09-06,Wallet,Delivered
3280,819,2024-09-21,COD,Delivered
3281,819,2024-07-07,COD,Delivered
3282,820,2024-08-22,UPI,Delivered
3283,820,2024-07-04,UPI,Delivered
3284,820,2024-10-20,COD,Delivered
3285,820,2024-10-07,UPI,Delivered
3286,820,2024-09-30,COD,Delivered
3287,820,2024-11-24,UPI,Delivered
3288,820,2024-10-28,Card,Delivered
3289,821,2024-04-06,Card,Delivered
3290,821,2023-09-06,UPI,Delivered
3291,821,2023-02-17,COD,Delivered
3292,822,2024-05-13,UPI,Delivered
3293,823,2024-01-08,UPI,Delivered
3294,825,2024-08-22,UPI,Delivered
3295,825,2024-07-27,COD,Delivered
3296,825,2024-10-23,Card,Delivered
3297,825,2024-12-29,Wallet,Delivered
3298,825,2024-03-03,UPI,Delivered
3299,826,2023-06-04,UPI,Delivered
3300,826,2023-12-10,NetBanking,Delivered
3301,826,2024-09-23,UPI,Delivered
3302,826,2023-12-20,UPI,Delivered
3303,826,2024-04-29,COD,Delivered
3304,827,2024-03-01,UPI,Delivered
3305,827,2024-02-03,Card,Delivered
3306,827,2024-04-03,UPI,Delivered
3307,827,2024-04-13,NetBanking,Delivered
3308,827,2024-11-29,Card,Delivered
3309,827,2024-12-09,Card,Delivered
3310,827,2024-04-17,UPI,Delivered
3311,827,2024-10-28,UPI,Delivered
3312,827,2024-11-16,UPI,Delivered
3313,828,2024-09-07,Wallet,Delivered
3314,828,2024-07-18,UPI,Delivered
3315,828,2024-09-22,UPI,Delivered
3316,828,2024-05-30,Card,Delivered
3317,828,2024-11-21,UPI,Delivered
3318,828,2024-09-24,UPI,Delivered
3319,829,2024-10-28,UPI,Delivered
3320,829,2024-07-20,UPI,Delivered
3321,829,2024-11-08,NetBanking,Delivered
3322,829,2024-08-04,UPI,Delivered
3323,829,2024-10-07,UPI,Delivered
3324,829,2024-11-25,COD,Delivered
3325,829,2024-04-18,Card,Delivered
3326,829,2024-06-27,UPI,Delivered
3327,829,2024-10-02,Card,Delivered
3328,829,2024-05-15,Card,Delivered
3329,830,2023-11-07,UPI,Delivered
3330,830,2024-12-11,NetBanking,Delivered
3331,830,2024-02-21,COD,Delivered
3332,831,2024-10-10,UPI,Returned
3333,831,2024-05-16,UPI,Returned
3334,831,2024-07-27,Card,Delivered
3335,831,2024-02-28,UPI,Delivered
3336,831,2024-04-29,UPI,Delivered
3337,832,2024-11-08,UPI,Delivered
3338,832,2023-08-15,UPI,Delivered
3339,832,2023-08-20,UPI,Delivered
3340,832,2024-10-30,Card,Delivered
3341,832,2023-10-21,Card,Delivered
3342,833,2024-10-21,Card,Delivered
3343,833,2023-11-30,COD,Delivered
3344,834,2024-10-10,UPI,Delivered
3345,834,2024-03-27,UPI,Cancelled
3346,834,2024-11-24,Card,Delivered
3347,834,2023-07-07,Card,Delivered
3348,834,2023-11-12,UPI,Delivered
3349,834,2024-09-13,UPI,Delivered
3350,834,2023-10-21,UPI,Delivered
3351,834,2023-12-25,Card,Delivered
3352,834,2024-09-06,Card,Delivered
3353,834,2024-03-13,COD,Delivered
3354,834,2023-08-09,Card,Delivered
3355,834,2023-07-31,UPI,Delivered
3356,834,2023-10-18,COD,Delivered
3357,834,2023-10-18,UPI,Delivered
3358,834,2023-07-01,Card,Delivered
3359,834,2024-10-12,Card,Delivered
3360,834,2023-10-09,UPI,Delivered
3361,834,2024-09-25,UPI,Delivered
3362,834,2024-12-17,UPI,Delivered
3363,834,2023-11-01,Card,Delivered
3364,834,2024-12-15,UPI,Delivered
3365,835,2024-06-29,Wallet,Delivered
3366,835,2024-07-01,Card,Delivered
3367,836,2024-07-08,UPI,Delivered
3368,837,2024-09-06,UPI,Delivered
3369,837,2024-05-25,UPI,Delivered
3370,837,2024-03-23,Card,Delivered
3371,837,2024-11-16,NetBanking,Delivered
3372,837,2024-11-26,COD,Delivered
3373,837,2024-06-04,UPI,Returned
3374,838,2024-12-20,UPI,Delivered
3375,838,2023-05-31,NetBanking,Delivered
3376,838,2024-12-18,UPI,Delivered
3377,838,2023-06-05,COD,Delivered
3378,838,2023-11-06,UPI,Delivered
3379,838,2023-10-07,UPI,Delivered
3380,838,2023-10-11,UPI,Returned
3381,838,2024-12-29,UPI,Delivered
3382,838,2024-01-22,UPI,Delivered
3383,838,2023-07-14,Card,Delivered
3384,838,2024-12-22,Card,Delivered
3385,838,2023-10-03,Card,Delivered
3386,838,2023-06-08,,Delivered
3387,838,2023-05-05,COD,Delivered
3388,839,2024-06-29,UPI,Delivered
3389,839,2024-08-05,COD,Delivered
3390,839,2024-03-01,UPI,Delivered
3391,840,2024-10-24,,Delivered
3392,840,2024-11-01,COD,Returned
3393,840,2024-07-11,Card,Delivered
3394,840,2024-09-22,Card,Delivered
3395,840,2024-10-01,Card,Delivered
3396,841,2023-10-22,Card,Delivered
3397,841,2024-11-06,UPI,Delivered
3398,841,2024-07-27,UPI,Delivered
3399,841,2024-04-07,COD,Delivered
3400,841,2023-11-19,COD,Delivered
3401,842,2024-05-15,UPI,Delivered
3402,842,2024-08-17,COD,Delivered
3403,842,2024-06-18,COD,Delivered
3404,843,2024-08-15,Card,Delivered
3405,843,2024-05-10,Wallet,Delivered
3406,843,2024-11-24,UPI,Delivered
3407,844,2024-06-16,UPI,Delivered
3408,844,2023-11-04,UPI,Delivered
3409,844,2024-09-30,UPI,Delivered
3410,844,2023-06-24,COD,Returned
3411,844,2023-04-05,Card,Delivered
3412,844,2023-08-01,UPI,Delivered
3413,844,2024-11-23,COD,Delivered
3414,844,2024-10-04,UPI,Delivered
3415,844,2023-09-12,Card,Delivered
3416,844,2023-07-13,Wallet,Returned
3417,844,2023-06-02,UPI,Delivered
3418,844,2023-07-26,COD,Delivered
3419,844,2023-07-12,UPI,Delivered
3420,845,2023-11-21,UPI,Delivered
3421,845,2023-03-16,UPI,Delivered
3422,846,2024-06-22,COD,Cancelled
3423,846,2023-09-25,UPI,Delivered
3424,846,2024-02-16,,Delivered
3425,846,2023-07-28,UPI,Delivered
3426,846,2024-05-25,Card,Delivered
3427,847,2023-07-02,UPI,Delivered
3428,847,2024-08-13,UPI,Delivered
3429,848,2024-12-04,Card,Delivered
3430,848,2024-07-20,Card,Delivered
3431,848,2023-07-17,UPI,Delivered
3432,848,2024-02-12,Wallet,Delivered
3433,848,2023-11-12,UPI,Delivered
3434,848,2023-11-07,COD,Delivered
3435,849,2024-10-16,Card,Delivered
3436,849,2024-12-31,UPI,Delivered
3437,850,2023-12-26,COD,Delivered
3438,850,2024-12-14,UPI,Delivered
3439,850,2024-09-13,NetBanking,Delivered
3440,851,2024-09-08,COD,Delivered
3441,852,2024-05-05,COD,Delivered
3442,852,2024-12-11,Wallet,Delivered
3443,852,2024-09-20,NetBanking,Delivered
3444,853,2024-12-08,UPI,Delivered
3445,853,2024-08-21,NetBanking,Delivered
3446,853,2024-08-31,COD,Delivered
3447,853,2024-10-15,Card,Delivered
3448,853,2024-06-15,Card,Returned
3449,855,2023-08-05,Card,Delivered
3450,855,2024-08-13,Card,Cancelled
3451,855,2023-06-22,Card,Delivered
3452,855,2024-01-17,Card,Delivered
3453,855,2024-03-28,COD,Delivered
3454,855,2024-07-04,Wallet,Delivered
3455,856,2024-11-26,COD,Delivered
3456,856,2024-04-21,NetBanking,Delivered
3457,856,2024-07-02,Wallet,Returned
3458,857,2023-06-03,COD,Delivered
3459,857,2024-08-29,UPI,Delivered
3460,857,2024-10-21,Card,Delivered
3461,857,2024-06-20,NetBanking,Delivered
3462,857,2024-02-16,UPI,Delivered
3463,857,2024-12-19,COD,Delivered
3464,857,2023-12-10,NetBanking,Delivered
3465,857,2023-12-28,COD,Delivered
3466,857,2024-05-15,NetBanking,Delivered
3467,857,2024-01-15,COD,Delivered
3468,857,2024-04-21,Wallet,Cancelled
3469,857,2024-12-15,,Delivered
3470,857,2023-10-13,Card,Delivered
3471,858,2023-10-02,Card,Delivered
3472,858,2024-09-08,NetBanking,Delivered
3473,858,2023-07-05,COD,Cancelled
3474,858,2023-07-13,Card,Delivered
3475,858,2023-11-22,COD,Delivered
3476,858,2023-10-07,UPI,Delivered
3477,859,2024-02-06,Wallet,Delivered
3478,860,2024-10-11,Card,Cancelled
3479,860,2024-11-18,UPI,Delivered
3480,860,2024-05-14,UPI,Delivered
3481,860,2024-11-02,Card,Delivered
3482,860,2024-10-16,Wallet,Delivered
3483,860,2024-04-06,Card,Cancelled
3484,860,2024-07-10,UPI,Cancelled
3485,860,2024-03-18,UPI,Delivered
3486,860,2024-04-10,Card,Delivered
3487,860,2024-06-17,NetBanking,Delivered
3488,860,2024-06-02,UPI,Delivered
3489,860,2024-12-06,Wallet,Delivered
3490,860,2024-12-04,UPI,Delivered
3491,860,2024-09-25,Card,Delivered
3492,861,2024-10-15,Wallet,Delivered
3493,861,2024-11-08,Card,Delivered
3494,861,2024-07-20,,Delivered
3495,861,2024-08-28,UPI,Delivered
3496,861,2024-11-11,COD,Delivered
3497,861,2024-07-18,NetBanking,Delivered
3498,862,2024-12-22,Card,Delivered
3499,862,2024-12-12,NetBanking,Delivered
3500,862,2024-07-10,UPI,Delivered
3501,862,2024-10-30,COD,Delivered
3502,862,2024-11-21,UPI,Delivered
3503,862,2024-06-19,,Delivered
3504,862,2024-10-14,Card,Delivered
3505,862,2024-11-30,Card,Delivered
3506,862,2024-10-02,Card,Delivered
3507,862,2024-12-16,COD,Delivered
3508,862,2024-05-28,Card,Delivered
3509,862,2024-12-15,UPI,Delivered
3510,862,2024-12-27,COD,Delivered
3511,862,2024-06-29,COD,Delivered
3512,863,2023-12-02,Card,Delivered
3513,863,2024-04-30,Card,Delivered
3514,864,2024-10-07,Card,Delivered
3515,864,2024-11-21,Card,Delivered
3516,864,2024-11-09,UPI,Delivered
3517,864,2024-02-25,COD,Delivered
3518,866,2024-04-29,COD,Delivered
3519,867,2024-10-31,COD,Delivered
3520,867,2024-05-02,Wallet,Delivered
3521,868,2024-07-27,Card,Delivered
3522,868,2024-10-19,Wallet,Delivered
3523,868,2024-04-09,UPI,Delivered
3524,868,2024-05-06,NetBanking,Delivered
3525,869,2024-05-25,Card,Delivered
3526,869,2023-12-10,Card,Returned
3527,870,2023-05-19,NetBanking,Delivered
3528,870,2024-07-10,Wallet,Delivered
3529,871,2024-05-15,UPI,Delivered
3530,871,2024-12-14,UPI,Delivered
3531,871,2023-12-28,COD,Delivered
3532,871,2024-07-10,UPI,Delivered
3533,871,2024-10-20,UPI,Returned
3534,871,2024-11-19,UPI,Delivered
3535,871,2024-12-09,UPI,Delivered
3536,871,2024-03-07,COD,Delivered
3537,872,2023-06-06,UPI,Delivered
3538,872,2024-11-16,Card,Delivered
3539,872,2024-02-20,UPI,Delivered
3540,872,2023-06-22,COD,Delivered
3541,872,2024-08-06,Wallet,Delivered
3542,872,2023-06-10,UPI,Delivered
3543,872,2023-12-12,NetBanking,Delivered
3544,872,2023-09-27,NetBanking,Delivered
3545,873,2024-10-16,UPI,Delivered
3546,873,2024-10-05,UPI,Delivered
3547,873,2024-05-27,UPI,Delivered
3548,873,2024-10-08,NetBanking,Delivered
3549,873,2024-07-16,Card,Delivered
3550,873,2024-06-13,Card,Delivered
3551,873,2023-04-09,UPI,Delivered
3552,873,2023-12-29,UPI,Delivered
3553,873,2023-03-30,NetBanking,Delivered
3554,873,2023-05-14,NetBanking,Delivered
3555,874,2024-03-10,UPI,Delivered
3556,874,2024-03-28,COD,Delivered
3557,874,2024-08-15,COD,Delivered
3558,874,2024-09-26,Card,Delivered
3559,874,2023-10-16,COD,Delivered
3560,874,2024-11-21,NetBanking,Delivered
3561,874,2023-11-07,COD,Delivered
3562,875,2024-12-22,Card,Delivered
3563,875,2024-02-20,Card,Delivered
3564,875,2024-09-20,COD,Delivered
3565,876,2024-10-02,COD,Delivered
3566,878,2024-12-26,NetBanking,Delivered
3567,878,2024-07-05,COD,Delivered
3568,878,2024-12-07,UPI,Delivered
3569,878,2024-11-06,COD,Delivered
3570,878,2024-04-08,,Returned
3571,878,2024-11-19,COD,Delivered
3572,878,2024-08-14,UPI,Delivered
3573,878,2024-10-21,UPI,Delivered
3574,878,2024-10-19,UPI,Delivered
3575,878,2024-11-30,NetBanking,Delivered
3576,878,2024-11-02,Wallet,Delivered
3577,878,2024-11-16,Card,Delivered
3578,878,2024-06-12,Card,Delivered
3579,878,2024-12-24,Card,Delivered
3580,878,2024-10-10,Card,Delivered
3581,878,2024-11-05,UPI,Delivered
3582,878,2024-11-24,UPI,Delivered
3583,879,2024-06-25,Card,Delivered
3584,879,2024-04-20,UPI,Delivered
3585,879,2024-11-21,Card,Delivered
3586,879,2024-07-18,NetBanking,Delivered
3587,880,2024-07-03,COD,Delivered
3588,880,2024-04-25,Card,Delivered
3589,880,2024-10-17,UPI,Delivered
3590,881,2023-09-28,Card,Delivered
3591,881,2024-09-01,UPI,Delivered
3592,881,2024-11-13,UPI,Delivered
3593,881,2023-03-26,Wallet,Delivered
3594,882,2024-12-26,NetBanking,Delivered
3595,882,2024-06-27,Card,Delivered
3596,882,2024-09-23,Card,Delivered
3597,882,2024-06-20,UPI,Delivered
3598,883,2024-07-02,UPI,Delivered
3599,884,2024-12-05,UPI,Delivered
3600,884,2023-12-29,,Delivered
3601,885,2024-10-27,COD,Delivered
3602,885,2024-10-30,,Delivered
3603,885,2024-09-09,UPI,Delivered
3604,885,2024-12-30,UPI,Delivered
3605,885,2024-06-22,UPI,Delivered
3606,886,2024-09-10,UPI,Delivered
3607,887,2023-10-01,UPI,Delivered
3608,887,2023-04-25,NetBanking,Delivered
3609,887,2024-03-12,UPI,Delivered
3610,887,2023-12-25,Card,Delivered
3611,888,2023-10-21,Card,Delivered
3612,888,2024-12-21,Card,Delivered
3613,888,2024-02-04,UPI,Delivered
3614,888,2024-05-15,COD,Delivered
3615,888,2024-06-08,UPI,Delivered
3616,888,2023-09-04,COD,Delivered
3617,889,2023-12-04,UPI,Delivered
3618,889,2024-04-16,NetBanking,Delivered
3619,889,2023-02-03,UPI,Delivered
3620,889,2024-07-01,COD,Returned
3621,889,2024-10-14,COD,Delivered
3622,890,2023-12-20,NetBanking,Delivered
3623,891,2024-07-28,Wallet,Delivered
3624,891,2024-03-12,Card,Delivered
3625,891,2024-12-20,COD,Delivered
3626,891,2024-12-28,Card,Cancelled
3627,891,2024-09-16,NetBanking,Delivered
3628,891,2023-05-17,Card,Returned
3629,891,2023-12-31,COD,Delivered
3630,892,2024-04-13,UPI,Delivered
3631,892,2024-06-01,UPI,Delivered
3632,895,2024-10-24,UPI,Delivered
3633,895,2024-04-15,COD,Delivered
3634,895,2024-12-15,COD,Cancelled
3635,895,2024-09-23,UPI,Delivered
3636,895,2024-11-12,Card,Delivered
3637,895,2024-07-29,Card,Delivered
3638,895,2024-10-27,COD,Delivered
3639,896,2023-12-20,UPI,Returned
3640,896,2024-09-14,UPI,Delivered
3641,896,2024-01-24,COD,Delivered
3642,896,2024-12-31,UPI,Delivered
3643,896,2024-12-18,COD,Delivered
3644,896,2023-12-05,UPI,Delivered
3645,897,2024-11-01,UPI,Delivered
3646,897,2024-11-21,UPI,Delivered
3647,897,2023-10-16,UPI,Delivered
3648,897,2024-01-11,Wallet,Delivered
3649,897,2024-04-29,Card,Delivered
3650,897,2024-06-06,Card,Delivered
3651,897,2023-11-02,COD,Delivered
3652,897,2024-11-01,UPI,Delivered
3653,897,2024-12-05,Card,Returned
3654,897,2024-04-02,COD,Delivered
3655,897,2024-11-09,NetBanking,Delivered
3656,897,2024-08-31,UPI,Cancelled
3657,897,2024-07-17,COD,Delivered
3658,897,2024-10-28,UPI,Delivered
3659,897,2024-05-11,Card,Delivered
3660,898,2023-12-29,UPI,Delivered
3661,898,2023-11-09,COD,Delivered
3662,899,2024-02-01,COD,Delivered
3663,899,2023-09-26,COD,Delivered
3664,899,2024-02-20,UPI,Delivered
3665,899,2023-05-10,UPI,Delivered
3666,899,2024-09-30,UPI,Returned
3667,899,2024-02-29,UPI,Delivered
3668,899,2023-07-30,Card,Delivered
3669,899,2024-08-28,Card,Delivered
3670,899,2023-03-12,UPI,Delivered
3671,899,2024-04-10,COD,Returned
3672,900,2024-10-13,COD,Delivered
3673,902,2024-12-01,COD,Delivered
3674,902,2023-02-13,COD,Delivered
3675,904,2024-12-18,UPI,Delivered
3676,906,2024-06-06,NetBanking,Delivered
3677,906,2024-09-25,COD,Delivered
3678,906,2024-10-30,COD,Delivered
3679,906,2024-06-12,NetBanking,Delivered
3680,906,2024-03-23,COD,Returned
3681,906,2024-06-15,Card,Delivered
3682,907,2023-09-26,Card,Delivered
3683,907,2023-12-20,Card,Delivered
3684,907,2024-01-26,NetBanking,Delivered
3685,907,2024-09-01,UPI,Delivered
3686,907,2024-01-26,UPI,Delivered
3687,907,2023-08-12,UPI,Delivered
3688,907,2024-11-26,Card,Delivered
3689,908,2024-11-15,Card,Delivered
3690,910,2024-08-17,COD,Delivered
3691,910,2023-06-02,UPI,Delivered
3692,910,2024-11-22,Card,Delivered
3693,910,2023-12-05,UPI,Delivered
3694,910,2023-07-22,COD,Delivered
3695,910,2023-09-19,UPI,Delivered
3696,910,2023-06-23,UPI,Delivered
3697,910,2024-11-24,UPI,Delivered
3698,910,2023-10-09,Card,Delivered
3699,910,2023-06-13,UPI,Delivered
3700,910,2024-09-28,COD,Delivered
3701,910,2023-08-08,NetBanking,Delivered
3702,910,2023-05-07,UPI,Delivered
3703,911,2024-09-05,Card,Delivered
3704,911,2024-09-18,NetBanking,Delivered
3705,911,2024-11-06,NetBanking,Delivered
3706,911,2024-08-14,COD,Delivered
3707,912,2024-02-17,UPI,Delivered
3708,912,2023-06-25,Card,Delivered
3709,913,2023-10-14,Wallet,Delivered
3710,913,2023-11-14,UPI,Delivered
3711,913,2023-11-27,UPI,Delivered
3712,913,2023-11-11,Card,Returned
3713,913,2024-08-08,UPI,Delivered
3714,913,2024-09-12,Card,Delivered
3715,913,2024-03-19,Card,Delivered
3716,913,2024-12-26,UPI,Delivered
3717,913,2024-11-15,UPI,Delivered
3718,913,2023-09-12,Card,Delivered
3719,913,2024-03-21,COD,Delivered
3720,914,2024-06-24,COD,Returned
3721,914,2024-07-31,UPI,Delivered
3722,914,2024-11-16,UPI,Delivered
3723,914,2024-11-09,NetBanking,Delivered
3724,914,2024-12-11,UPI,Delivered
3725,914,2024-09-02,Card,Delivered
3726,914,2024-10-29,UPI,Delivered
3727,914,2024-06-20,UPI,Delivered
3728,915,2023-12-11,COD,Returned
3729,916,2024-06-02,UPI,Delivered
3730,916,2024-02-18,,Delivered
3731,916,2024-04-01,Card,Delivered
3732,916,2024-07-08,UPI,Delivered
3733,916,2024-01-12,COD,Delivered
3734,920,2024-10-09,UPI,Delivered
3735,920,2024-10-29,Card,Delivered
3736,920,2024-10-17,NetBanking,Returned
3737,920,2024-07-19,UPI,Delivered
3738,920,2024-11-12,UPI,Delivered
3739,920,2024-08-03,COD,Delivered
3740,920,2024-04-04,UPI,Delivered
3741,920,2023-12-11,UPI,Delivered
3742,920,2024-05-18,Card,Delivered
3743,920,2024-01-08,Card,Returned
3744,920,2023-12-30,COD,Delivered
3745,920,2024-07-07,UPI,Delivered
3746,920,2024-12-13,Card,Delivered
3747,920,2024-01-20,NetBanking,Delivered
3748,920,2024-04-11,Wallet,Delivered
3749,920,2024-11-11,Card,Cancelled
3750,920,2024-06-06,Card,Delivered
3751,920,2024-10-23,COD,Delivered
3752,920,2024-08-09,NetBanking,Delivered
3753,920,2024-09-03,UPI,Delivered
3754,921,2024-06-13,UPI,Delivered
3755,922,2024-11-27,,Delivered
3756,922,2024-11-04,Wallet,Delivered
3757,922,2024-02-28,COD,Delivered
3758,923,2024-03-04,UPI,Delivered
3759,925,2024-06-22,NetBanking,Delivered
3760,925,2024-09-30,COD,Delivered
3761,925,2023-08-19,NetBanking,Delivered
3762,925,2023-06-14,NetBanking,Delivered
3763,925,2024-12-18,UPI,Delivered
3764,927,2024-08-21,UPI,Delivered
3765,927,2024-12-14,UPI,Delivered
3766,928,2024-10-29,COD,Delivered
3767,930,2023-12-16,COD,Delivered
3768,930,2024-01-26,Card,Delivered
3769,930,2024-10-25,Card,Delivered
3770,931,2024-11-07,Card,Delivered
3771,931,2024-10-16,UPI,Delivered
3772,931,2024-02-09,COD,Delivered
3773,932,2024-02-17,Card,Returned
3774,932,2024-10-12,COD,Delivered
3775,933,2023-08-19,UPI,Delivered
3776,933,2023-10-31,UPI,Delivered
3777,933,2024-06-30,Card,Delivered
3778,933,2023-12-09,UPI,Delivered
3779,933,2023-08-11,Card,Delivered
3780,933,2024-12-22,COD,Delivered
3781,933,2023-08-04,UPI,Delivered
3782,933,2023-12-06,UPI,Delivered
3783,933,2024-11-05,Card,Delivered
3784,934,2023-12-18,Wallet,Delivered
3785,934,2024-12-13,UPI,Delivered
3786,935,2024-11-06,Card,Delivered
3787,937,2024-12-02,UPI,Delivered
3788,937,2023-08-04,Card,Delivered
3789,937,2023-10-04,Card,Delivered
3790,937,2023-11-01,Card,Delivered
3791,937,2023-07-09,Card,Delivered
3792,937,2024-03-15,Card,Delivered
3793,937,2023-11-08,NetBanking,Delivered
3794,937,2024-05-09,UPI,Delivered
3795,937,2023-11-20,UPI,Delivered
3796,937,2023-06-22,Card,Delivered
3797,937,2024-10-31,COD,Delivered
3798,939,2024-04-07,UPI,Delivered
3799,939,2023-11-22,UPI,Delivered
3800,939,2024-09-28,UPI,Delivered
3801,939,2024-10-02,UPI,Delivered
3802,939,2024-07-18,Card,Delivered
3803,939,2024-03-25,Card,Delivered
3804,939,2024-01-12,UPI,Delivered
3805,940,2024-09-10,UPI,Delivered
3806,940,2024-11-05,NetBanking,Delivered
3807,940,2024-12-29,Card,Delivered
3808,941,2024-06-10,COD,Delivered
3809,941,2024-09-07,UPI,Delivered
3810,941,2024-05-07,Card,Returned
3811,941,2024-04-11,UPI,Delivered
3812,941,2024-03-18,UPI,Delivered
3813,942,2024-05-07,UPI,Delivered
3814,942,2024-09-12,UPI,Delivered
3815,942,2023-11-16,NetBanking,Delivered
3816,942,2024-12-01,Card,Delivered
3817,943,2024-08-23,UPI,Delivered
3818,943,2024-11-22,Card,Delivered
3819,943,2024-10-13,NetBanking,Delivered
3820,943,2024-10-18,Wallet,Delivered
3821,943,2024-09-05,UPI,Delivered
3822,943,2024-07-06,Wallet,Delivered
3823,944,2024-05-04,UPI,Delivered
3824,944,2024-01-04,,Delivered
3825,945,2023-04-13,COD,Delivered
3826,946,2023-12-03,NetBanking,Delivered
3827,946,2024-01-28,Card,Delivered
3828,946,2024-12-22,COD,Delivered
3829,946,2023-04-04,COD,Delivered
3830,946,2024-04-18,UPI,Delivered
3831,946,2024-02-25,COD,Delivered
3832,946,2023-03-24,NetBanking,Delivered
3833,946,2023-10-26,Card,Delivered
3834,946,2023-12-09,COD,Delivered
3835,947,2024-11-01,Card,Delivered
3836,947,2024-12-17,COD,Delivered
3837,947,2024-07-26,Card,Delivered
3838,947,2024-07-14,COD,Delivered
3839,948,2023-06-29,UPI,Delivered
3840,948,2023-05-21,UPI,Delivered
3841,948,2024-10-19,Card,Delivered
3842,948,2024-07-26,COD,Returned
3843,948,2024-05-17,UPI,Delivered
3844,949,2024-10-22,UPI,Delivered
3845,949,2024-10-23,UPI,Delivered
3846,949,2024-07-31,NetBanking,Delivered
3847,949,2024-07-11,NetBanking,Delivered
3848,949,2024-10-09,UPI,Delivered
3849,949,2024-09-20,COD,Delivered
3850,949,2024-08-18,COD,Delivered
3851,949,2024-07-27,UPI,Delivered
3852,949,2024-12-03,UPI,Delivered
3853,950,2024-09-26,UPI,Delivered
3854,950,2024-08-27,UPI,Delivered
3855,950,2023-08-06,UPI,Delivered
3856,950,2024-05-04,UPI,Cancelled
3857,950,2024-12-10,Wallet,Delivered
3858,950,2024-11-04,Card,Delivered
3859,950,2024-06-15,UPI,Delivered
3860,951,2024-12-12,UPI,Cancelled
3861,951,2024-12-13,UPI,Delivered
3862,951,2024-06-17,UPI,Delivered
3863,951,2024-11-01,UPI,Delivered
3864,953,2024-01-05,UPI,Delivered
3865,953,2024-09-21,Card,Delivered
3866,954,2024-05-17,COD,Delivered
3867,954,2024-12-05,COD,Delivered
3868,954,2023-11-18,UPI,Delivered
3869,954,2023-09-29,UPI,Delivered
3870,954,2024-03-20,UPI,Returned
3871,954,2024-06-19,UPI,Delivered
3872,954,2024-08-18,UPI,Delivered
3873,954,2024-10-21,UPI,Delivered
3874,954,2023-09-03,NetBanking,Delivered
3875,954,2024-10-15,Card,Delivered
3876,954,2024-06-30,,Delivered
3877,954,2024-12-11,Card,Delivered
3878,954,2024-01-22,COD,Delivered
3879,954,2024-07-11,UPI,Delivered
3880,955,2024-04-11,UPI,Delivered
3881,956,2023-11-29,Card,Delivered
3882,956,2024-09-07,NetBanking,Delivered
3883,956,2024-06-07,COD,Delivered
3884,956,2024-01-20,UPI,Delivered
3885,956,2024-02-26,Wallet,Delivered
3886,956,2024-12-10,Card,Delivered
3887,956,2023-12-17,Card,Delivered
3888,956,2024-10-29,UPI,Delivered
3889,956,2024-11-29,Card,Delivered
3890,956,2024-09-30,Card,Delivered
3891,956,2023-12-15,COD,Delivered
3892,957,2023-10-14,NetBanking,Delivered
3893,957,2024-08-29,COD,Delivered
3894,957,2024-11-20,UPI,Delivered
3895,957,2024-05-07,UPI,Delivered
3896,957,2024-12-10,Card,Delivered
3897,957,2024-03-14,UPI,Cancelled
3898,957,2024-11-04,Card,Delivered
3899,957,2024-10-02,UPI,Delivered
3900,957,2023-09-23,UPI,Delivered
3901,957,2024-11-24,UPI,Delivered
3902,958,2024-03-10,COD,Delivered
3903,958,2024-07-13,Card,Delivered
3904,959,2024-10-01,UPI,Delivered
3905,959,2024-12-30,UPI,Delivered
3906,959,2024-08-30,UPI,Returned
3907,959,2024-10-03,COD,Delivered
3908,959,2024-10-30,UPI,Delivered
3909,959,2024-07-02,UPI,Delivered
3910,960,2023-10-09,UPI,Delivered
3911,960,2023-11-16,UPI,Delivered
3912,960,2023-09-25,Card,Delivered
3913,960,2024-04-17,NetBanking,Delivered
3914,960,2024-01-10,COD,Delivered
3915,960,2024-12-19,UPI,Delivered
3916,960,2024-04-09,UPI,Delivered
3917,960,2023-11-14,Card,Delivered
3918,960,2024-12-19,UPI,Delivered
3919,961,2024-05-20,UPI,Delivered
3920,961,2024-10-20,UPI,Delivered
3921,962,2024-07-08,UPI,Delivered
3922,962,2024-02-15,UPI,Delivered
3923,962,2024-05-29,Card,Delivered
3924,962,2024-02-16,COD,Delivered
3925,962,2024-11-20,COD,Delivered
3926,962,2024-02-01,UPI,Delivered
3927,963,2024-12-14,Card,Returned
3928,964,2024-07-01,UPI,Delivered
3929,964,2023-11-13,UPI,Delivered
3930,964,2024-08-24,Card,Delivered
3931,964,2024-03-07,UPI,Returned
3932,964,2023-11-25,Card,Delivered
3933,964,2023-08-11,UPI,Delivered
3934,964,2023-10-14,UPI,Delivered
3935,964,2024-06-13,Card,Delivered
3936,965,2024-10-24,Card,Delivered
3937,965,2024-05-31,COD,Delivered
3938,965,2024-07-24,UPI,Delivered
3939,965,2024-10-19,Wallet,Delivered
3940,965,2024-09-02,UPI,Delivered
3941,965,2024-10-12,Wallet,Delivered
3942,965,2024-10-28,UPI,Delivered
3943,965,2024-11-30,Wallet,Delivered
3944,965,2024-09-10,Wallet,Delivered
3945,966,2024-06-05,UPI,Delivered
3946,967,2024-08-06,UPI,Delivered
3947,967,2024-12-26,Card,Delivered
3948,968,2023-11-23,UPI,Delivered
3949,968,2024-12-20,UPI,Delivered
3950,969,2024-08-11,Wallet,Delivered
3951,969,2024-06-23,COD,Cancelled
3952,969,2024-06-10,COD,Returned
3953,969,2024-10-03,NetBanking,Delivered
3954,969,2024-09-03,COD,Delivered
3955,969,2024-05-24,COD,Delivered
3956,970,2024-08-05,COD,Delivered
3957,971,2023-07-07,UPI,Delivered
3958,971,2023-08-16,UPI,Delivered
3959,971,2024-12-19,Card,Delivered
3960,971,2024-05-13,COD,Delivered
3961,971,2024-10-06,UPI,Delivered
3962,973,2024-11-07,UPI,Delivered
3963,973,2024-04-25,Wallet,Cancelled
3964,973,2024-08-29,UPI,Delivered
3965,973,2024-02-04,Card,Delivered
3966,974,2023-10-17,COD,Delivered
3967,974,2024-11-27,UPI,Delivered
3968,974,2024-06-28,Card,Delivered
3969,974,2023-12-05,COD,Delivered
3970,974,2023-11-30,UPI,Delivered
3971,974,2023-12-14,Card,Returned
3972,974,2023-10-11,,Delivered
3973,974,2023-10-06,Card,Delivered
3974,975,2024-01-23,UPI,Delivered
3975,975,2024-10-27,NetBanking,Delivered
3976,977,2023-08-25,NetBanking,Delivered
3977,977,2024-04-29,NetBanking,Returned
3978,977,2023-04-08,Card,Delivered
3979,977,2023-11-12,COD,Delivered
3980,977,2024-03-21,COD,Delivered
3981,978,2024-02-10,Wallet,Delivered
3982,978,2024-03-17,COD,Delivered
3983,979,2023-12-02,UPI,Delivered
3984,980,2024-11-12,UPI,Returned
3985,980,2024-04-22,Card,Delivered
3986,981,2024-06-22,COD,Delivered
3987,981,2023-12-22,COD,Returned
3988,981,2024-07-25,UPI,Delivered
3989,981,2024-12-02,Card,Cancelled
3990,982,2024-07-22,Card,Delivered
3991,982,2024-08-11,COD,Delivered
3992,982,2024-03-21,Card,Returned
3993,983,2024-10-16,COD,Delivered
3994,983,2024-10-16,COD,Delivered
3995,983,2024-03-24,Card,Delivered
3996,983,2024-04-26,UPI,Delivered
3997,984,2024-11-21,Card,Delivered
3998,984,2024-09-23,UPI,Delivered
3999,984,2024-12-12,Card,Delivered
4000,985,2024-09-22,UPI,Delivered
4001,985,2024-02-12,UPI,Delivered
4002,985,2024-02-17,Card,Delivered
4003,985,2024-07-26,Card,Delivered
4004,985,2023-11-22,Wallet,Delivered
4005,985,2024-05-20,Card,Delivered
4006,985,2024-10-29,Card,Delivered
4007,985,2023-11-21,COD,Delivered
4008,986,2024-10-16,UPI,Delivered
4009,986,2024-11-25,UPI,Delivered
4010,988,2024-04-28,UPI,Delivered
4011,989,2024-03-14,Card,Delivered
4012,990,2024-08-05,Card,Cancelled
4013,990,2024-06-21,COD,Delivered
4014,990,2024-11-06,Card,Delivered
4015,990,2024-04-24,UPI,Delivered
4016,990,2024-11-09,COD,Delivered
4017,991,2023-09-10,UPI,Delivered
4018,991,2024-12-22,COD,Delivered
4019,991,2023-08-11,Card,Cancelled
4020,991,2024-12-14,Card,Cancelled
4021,991,2023-11-14,COD,Cancelled
4022,992,2023-11-03,UPI,Delivered
4023,994,2024-11-11,Card,Delivered
4024,994,2023-12-11,NetBanking,Delivered
4025,994,2023-11-23,UPI,Delivered
4026,994,2024-12-14,NetBanking,Delivered
4027,994,2024-09-16,Card,Delivered
4028,995,2023-11-25,NetBanking,Delivered
4029,995,2024-12-25,UPI,Delivered
4030,995,2023-10-23,COD,Delivered
4031,996,2024-10-15,Card,Delivered
4032,996,2024-09-17,UPI,Delivered
4033,996,2024-03-18,Card,Delivered
4034,998,2023-11-19,NetBanking,Delivered
4035,998,2024-04-27,Card,Delivered
4036,998,2024-10-01,UPI,Delivered
4037,998,2024-10-30,UPI,Delivered
4038,999,2024-08-10,UPI,Delivered
4039,1000,2023-11-13,UPI,Delivered
4040,1000,2023-11-06,Card,Delivered
4041,1001,2024-03-29,UPI,Delivered
4042,1001,2024-06-04,NetBanking,Delivered
4043,1001,2024-10-06,COD,Delivered
4044,1002,2024-12-14,Card,Delivered
4045,1003,2024-10-26,UPI,Delivered
4046,1003,2024-01-20,Card,Delivered
4047,1003,2024-11-04,Card,Delivered
4048,1004,2024-10-03,UPI,Delivered
4049,1004,2024-10-28,NetBanking,Delivered
4050,1004,2024-11-22,COD,Delivered
4051,1004,2024-07-17,Wallet,Delivered
4052,1005,2024-08-25,COD,Delivered
4053,1005,2024-06-07,UPI,Delivered
4054,1005,2024-10-18,Card,Delivered
4055,1005,2024-09-08,UPI,Delivered
4056,1005,2024-01-23,UPI,Delivered
4057,1005,2023-05-06,UPI,Cancelled
4058,1005,2024-11-15,UPI,Delivered
4059,1006,2024-10-06,UPI,Returned
4060,1006,2024-07-29,Card,Delivered
4061,1006,2024-11-30,Card,Delivered
4062,1006,2024-09-29,UPI,Cancelled
4063,1006,2024-10-11,Card,Delivered
4064,1006,2024-10-07,NetBanking,Returned
4065,1007,2024-11-11,Card,Delivered
4066,1007,2024-05-10,COD,Returned
4067,1007,2024-09-30,COD,Delivered
4068,1007,2024-10-29,Card,Delivered
4069,1008,2023-10-20,UPI,Delivered
4070,1008,2024-09-22,UPI,Delivered
4071,1009,2024-10-10,UPI,Delivered
4072,1009,2024-10-12,UPI,Delivered
4073,1009,2024-08-27,NetBanking,Cancelled
4074,1010,2024-02-11,UPI,Delivered
4075,1010,2024-11-10,COD,Returned
4076,1010,2024-02-08,,Delivered
4077,1011,2023-11-10,Card,Delivered
4078,1011,2024-09-12,UPI,Delivered
4079,1013,2024-08-09,COD,Delivered
4080,1013,2024-06-05,UPI,Delivered
4081,1014,2024-12-10,Card,Delivered
4082,1014,2023-09-08,UPI,Delivered
4083,1014,2023-11-10,NetBanking,Delivered
4084,1014,2024-11-23,Card,Returned
4085,1015,2024-11-05,Card,Delivered
4086,1015,2024-10-23,UPI,Delivered
4087,1015,2023-12-29,Card,Delivered
4088,1015,2024-03-03,UPI,Delivered
4089,1015,2024-06-05,Card,Delivered
4090,1015,2023-11-15,UPI,Delivered
4091,1016,2024-09-03,NetBanking,Delivered
4092,1016,2024-09-25,,Delivered
4093,1016,2024-05-09,Card,Delivered
4094,1016,2024-11-04,UPI,Delivered
4095,1016,2024-09-03,COD,Delivered
4096,1016,2024-08-28,UPI,Returned
4097,1016,2024-10-02,Wallet,Cancelled
4098,1017,2023-11-26,UPI,Delivered
4099,1017,2023-09-15,COD,Delivered
4100,1017,2024-05-22,Wallet,Delivered
4101,1017,2023-11-26,COD,Delivered
4102,1017,2024-11-09,UPI,Delivered
4103,1018,2023-11-09,NetBanking,Delivered
4104,1018,2023-11-01,UPI,Delivered
4105,1018,2024-08-20,Card,Delivered
4106,1018,2023-11-01,COD,Delivered
4107,1018,2023-11-09,UPI,Delivered
4108,1019,2024-07-06,COD,Returned
4109,1019,2024-10-03,Card,Delivered
4110,1020,2023-06-04,NetBanking,Delivered
4111,1020,2024-06-27,UPI,Delivered
4112,1020,2023-09-23,NetBanking,Delivered
4113,1020,2023-10-19,Card,Delivered
4114,1020,2024-04-03,Card,Delivered
4115,1020,2023-07-08,UPI,Delivered
4116,1020,2023-09-06,UPI,Delivered
4117,1020,2023-12-21,UPI,Delivered
4118,1020,2024-11-01,UPI,Delivered
4119,1020,2024-09-03,Card,Delivered
4120,1020,2023-10-19,COD,Delivered
4121,1020,2023-10-12,UPI,Delivered
4122,1021,2024-10-11,Wallet,Delivered
4123,1021,2024-11-14,UPI,Cancelled
4124,1021,2023-07-09,COD,Delivered
4125,1022,2024-12-06,COD,Delivered
4126,1022,2023-09-16,Card,Delivered
4127,1023,2024-12-19,Card,Returned
4128,1023,2024-09-18,UPI,Returned
4129,1024,2024-12-13,Card,Delivered
4130,1024,2024-09-11,NetBanking,Delivered
4131,1024,2024-12-09,UPI,Delivered
4132,1024,2024-08-09,NetBanking,Delivered
4133,1025,2024-05-24,COD,Delivered
4134,1025,2024-06-10,NetBanking,Delivered
4135,1025,2024-12-26,UPI,Delivered
4136,1025,2024-04-28,COD,Cancelled
4137,1025,2024-11-07,UPI,Delivered
4138,1025,2024-10-12,Card,Returned
4139,1025,2024-05-25,COD,Delivered
4140,1026,2023-07-14,UPI,Delivered
4141,1026,2024-06-23,Wallet,Delivered
4142,1026,2023-06-17,Card,Cancelled
4143,1026,2023-02-04,Card,Delivered
4144,1026,2023-12-06,NetBanking,Cancelled
4145,1026,2023-04-07,NetBanking,Delivered
4146,1026,2024-03-13,NetBanking,Delivered
4147,1026,2024-02-04,COD,Delivered
4148,1026,2023-05-25,COD,Returned
4149,1026,2023-08-21,UPI,Cancelled
4150,1027,2023-03-02,COD,Delivered
4151,1027,2023-10-13,Card,Delivered
4152,1027,2023-10-15,UPI,Delivered
4153,1028,2024-10-08,Wallet,Delivered
4154,1028,2024-05-25,Card,Delivered
4155,1028,2024-03-07,COD,Delivered
4156,1028,2023-11-18,COD,Delivered
4157,1028,2024-02-08,UPI,Delivered
4158,1028,2024-08-30,Card,Delivered
4159,1029,2024-04-10,Card,Delivered
4160,1029,2024-06-28,Wallet,Cancelled
4161,1029,2024-03-29,UPI,Delivered
4162,1029,2024-04-10,COD,Delivered
4163,1029,2024-01-08,Card,Delivered
4164,1030,2024-05-15,Card,Delivered
4165,1030,2024-10-22,UPI,Delivered
4166,1030,2023-12-30,Card,Delivered
4167,1030,2023-11-22,UPI,Delivered
4168,1031,2023-12-01,Card,Delivered
4169,1031,2024-01-16,Card,Delivered
4170,1031,2024-05-31,UPI,Cancelled
4171,1031,2023-10-17,Wallet,Delivered
4172,1031,2024-11-07,COD,Delivered
4173,1031,2024-11-15,Wallet,Delivered
4174,1031,2024-01-31,COD,Delivered
4175,1032,2023-04-11,Card,Delivered
4176,1032,2024-11-01,Card,Delivered
4177,1032,2023-10-21,UPI,Delivered
4178,1033,2024-04-14,UPI,Delivered
4179,1033,2024-09-23,Card,Delivered
4180,1033,2024-04-25,UPI,Delivered
4181,1033,2024-05-16,COD,Delivered
4182,1033,2024-10-11,UPI,Delivered
4183,1033,2024-12-20,UPI,Delivered
4184,1033,2024-10-31,Card,Delivered
4185,1033,2024-03-23,Card,Delivered
4186,1033,2024-06-04,UPI,Delivered
4187,1033,2024-11-09,UPI,Delivered
4188,1033,2024-05-21,Card,Delivered
4189,1033,2024-10-27,COD,Delivered
4190,1033,2024-08-07,UPI,Delivered
4191,1033,2024-11-29,COD,Delivered
4192,1033,2024-06-23,COD,Delivered
4193,1033,2024-12-13,COD,Delivered
4194,1034,2024-02-14,UPI,Delivered
4195,1034,2023-10-04,Wallet,Delivered
4196,1034,2024-12-12,COD,Delivered
4197,1035,2024-09-25,UPI,Delivered
4198,1035,2023-07-09,NetBanking,Delivered
4199,1035,2023-02-09,Card,Delivered
4200,1035,2023-05-20,UPI,Delivered
4201,1036,2024-05-09,NetBanking,Delivered
4202,1036,2024-06-02,COD,Delivered
4203,1036,2024-11-07,UPI,Delivered
4204,1036,2024-08-22,Card,Delivered
4205,1036,2024-09-13,UPI,Cancelled
4206,1037,2024-08-24,UPI,Delivered
4207,1038,2024-10-15,Card,Delivered
4208,1038,2024-07-28,UPI,Delivered
4209,1038,2023-10-21,UPI,Delivered
4210,1038,2024-05-22,UPI,Delivered
4211,1039,2023-12-03,UPI,Delivered
4212,1039,2023-12-11,COD,Delivered
4213,1039,2023-10-21,UPI,Delivered
4214,1039,2024-07-14,UPI,Delivered
4215,1039,2023-10-17,UPI,Delivered
4216,1039,2024-01-24,COD,Delivered
4217,1039,2024-11-17,Card,Delivered
4218,1039,2024-04-04,Card,Delivered
4219,1040,2024-11-20,UPI,Delivered
4220,1040,2024-09-05,COD,Delivered
4221,1040,2024-11-24,Wallet,Delivered
4222,1040,2024-05-23,COD,Delivered
4223,1041,2024-10-12,COD,Delivered
4224,1041,2024-03-16,UPI,Delivered
4225,1041,2024-11-03,Card,Delivered
4226,1041,2024-07-12,UPI,Returned
4227,1041,2024-09-16,,Delivered
4228,1042,2024-08-29,COD,Cancelled
4229,1042,2024-06-08,UPI,Delivered
4230,1042,2024-10-29,COD,Delivered
4231,1042,2024-05-28,Card,Delivered
4232,1043,2024-05-26,Wallet,Delivered
4233,1043,2024-12-18,Wallet,Delivered
4234,1043,2023-12-06,UPI,Cancelled
4235,1044,2024-04-01,COD,Delivered
4236,1044,2024-11-29,UPI,Delivered
4237,1045,2024-03-17,Card,Delivered
4238,1045,2024-06-22,Card,Delivered
4239,1045,2024-03-16,UPI,Delivered
4240,1045,2024-04-27,COD,Cancelled
4241,1046,2024-12-30,Card,Delivered
4242,1046,2024-02-27,Card,Delivered
4243,1047,2024-12-20,COD,Delivered
4244,1047,2024-10-29,Card,Delivered
4245,1048,2024-12-04,UPI,Delivered
4246,1048,2024-11-09,UPI,Delivered
4247,1048,2024-11-30,UPI,Delivered
4248,1049,2024-11-11,COD,Delivered
4249,1049,2024-10-13,UPI,Delivered
4250,1049,2024-02-05,UPI,Delivered
4251,1050,2023-12-06,Card,Delivered
4252,1050,2023-09-20,COD,Returned
4253,1051,2024-05-22,COD,Delivered
4254,1051,2023-10-15,UPI,Delivered
4255,1051,2023-10-03,Card,Delivered
4256,1051,2024-07-24,UPI,Delivered
4257,1051,2023-11-26,Wallet,Delivered
4258,1052,2023-12-11,Card,Delivered
4259,1052,2023-07-22,UPI,Delivered
4260,1052,2024-03-20,UPI,Cancelled
4261,1052,2024-09-11,NetBanking,Delivered
4262,1053,2024-10-17,UPI,Cancelled
4263,1053,2024-04-25,NetBanking,Delivered
4264,1053,2023-10-29,COD,Delivered
4265,1053,2024-05-08,Card,Delivered
4266,1053,2024-09-16,COD,Delivered
4267,1054,2024-11-19,COD,Delivered
4268,1054,2024-10-07,Card,Delivered
4269,1054,2024-10-12,UPI,Delivered
4270,1054,2024-10-09,COD,Delivered
4271,1055,2023-03-27,COD,Delivered
4272,1055,2023-05-06,NetBanking,Returned
4273,1055,2023-10-03,UPI,Delivered
4274,1055,2023-05-07,Wallet,Delivered
4275,1055,2024-10-27,Card,Delivered
4276,1055,2023-11-02,UPI,Delivered
4277,1057,2023-11-07,COD,Delivered
4278,1057,2024-05-30,,Delivered
4279,1057,2023-09-01,UPI,Delivered
4280,1057,2024-09-03,UPI,Delivered
4281,1057,2024-11-23,Card,Delivered
4282,1057,2024-09-29,COD,Delivered
4283,1057,2024-01-08,UPI,Delivered
4284,1057,2024-04-07,,Delivered
4285,1058,2024-11-26,NetBanking,Delivered
4286,1058,2024-10-27,NetBanking,Delivered
4287,1058,2024-12-22,UPI,Delivered
4288,1058,2024-08-26,Card,Delivered
4289,1058,2024-12-18,Card,Delivered
4290,1059,2024-10-13,Card,Delivered
4291,1059,2024-11-12,Card,Delivered
4292,1059,2024-07-22,NetBanking,Cancelled
4293,1059,2024-04-02,COD,Cancelled
4294,1059,2024-11-03,Card,Delivered
4295,1059,2024-10-06,Wallet,Delivered
4296,1059,2024-04-11,NetBanking,Delivered
4297,1060,2023-11-21,UPI,Cancelled
4298,1060,2024-11-12,Card,Delivered
4299,1060,2024-12-01,NetBanking,Delivered
4300,1060,2024-01-16,COD,Delivered
4301,1060,2024-11-22,NetBanking,Delivered
4302,1060,2024-03-09,Card,Delivered
4303,1060,2023-10-01,UPI,Delivered
4304,1060,2024-09-01,UPI,Delivered
4305,1060,2023-07-18,UPI,Delivered
4306,1060,2023-08-31,Card,Delivered
4307,1060,2024-12-03,NetBanking,Delivered
4308,1060,2024-04-11,UPI,Delivered
4309,1061,2024-09-11,Card,Delivered
4310,1061,2024-10-04,Card,Delivered
4311,1061,2024-12-11,UPI,Delivered
4312,1062,2024-09-15,UPI,Delivered
4313,1062,2024-12-03,UPI,Delivered
4314,1063,2024-10-25,COD,Delivered
4315,1063,2024-03-13,COD,Delivered
4316,1063,2024-11-16,Card,Delivered
4317,1063,2023-09-13,Wallet,Delivered
4318,1063,2023-04-09,UPI,Delivered
4319,1063,2023-12-17,COD,Delivered
4320,1063,2023-08-21,UPI,Delivered
4321,1064,2024-10-07,Card,Delivered
4322,1064,2024-03-03,COD,Delivered
4323,1064,2024-12-20,Card,Delivered
4324,1064,2024-05-03,Card,Delivered
4325,1064,2024-06-18,Card,Delivered
4326,1064,2024-08-31,UPI,Delivered
4327,1064,2024-08-12,NetBanking,Delivered
4328,1064,2024-10-04,COD,Delivered
4329,1064,2024-11-05,COD,Delivered
4330,1064,2024-10-30,NetBanking,Delivered
4331,1065,2024-10-29,COD,Delivered
4332,1065,2024-10-16,UPI,Delivered
4333,1065,2024-05-29,Card,Delivered
4334,1065,2024-04-04,Card,Delivered
4335,1066,2024-07-19,UPI,Delivered
4336,1066,2024-11-18,Card,Cancelled
4337,1066,2024-08-19,COD,Delivered
4338,1066,2024-02-15,Card,Delivered
4339,1066,2024-07-02,UPI,Delivered
4340,1066,2024-10-17,Card,Delivered
4341,1066,2024-09-27,UPI,Delivered
4342,1066,2024-04-14,UPI,Delivered
4343,1066,2024-01-15,COD,Delivered
4344,1066,2024-02-10,Card,Delivered
4345,1066,2024-11-22,Card,Delivered
4346,1067,2024-11-10,UPI,Delivered
4347,1067,2024-11-17,Card,Delivered
4348,1067,2024-11-20,UPI,Delivered
4349,1068,2024-04-25,UPI,Delivered
4350,1068,2024-11-02,NetBanking,Delivered
4351,1069,2024-11-20,UPI,Delivered
4352,1069,2024-08-10,COD,Delivered
4353,1070,2023-09-10,Card,Delivered
4354,1070,2023-10-31,UPI,Delivered
4355,1071,2024-08-24,UPI,Delivered
4356,1071,2024-08-04,UPI,Delivered
4357,1071,2024-11-03,Card,Delivered
4358,1071,2024-11-22,UPI,Delivered
4359,1071,2024-10-16,Wallet,Delivered
4360,1071,2024-12-23,UPI,Delivered
4361,1071,2024-05-01,UPI,Delivered
4362,1072,2023-06-25,UPI,Delivered
4363,1073,2024-07-31,Card,Delivered
4364,1073,2024-10-28,UPI,Delivered
4365,1073,2024-10-28,COD,Delivered
4366,1073,2024-11-09,COD,Delivered
4367,1073,2024-12-09,Wallet,Delivered
4368,1073,2024-08-22,UPI,Delivered
4369,1074,2023-11-23,COD,Delivered
4370,1074,2024-11-21,UPI,Delivered
4371,1074,2024-06-12,UPI,Delivered
4372,1074,2023-12-06,NetBanking,Delivered
4373,1074,2024-11-23,NetBanking,Delivered
4374,1074,2024-09-24,UPI,Delivered
4375,1074,2024-05-20,Card,Delivered
4376,1074,2024-05-14,COD,Delivered
4377,1074,2024-09-02,UPI,Delivered
4378,1074,2024-03-05,UPI,Returned
4379,1074,2024-12-31,COD,Delivered
4380,1075,2023-09-21,Card,Delivered
4381,1075,2024-10-12,UPI,Delivered
4382,1076,2023-09-15,UPI,Delivered
4383,1077,2024-10-01,NetBanking,Delivered
4384,1077,2024-12-29,Card,Delivered
4385,1078,2023-05-30,Card,Delivered
4386,1078,2024-11-07,UPI,Returned
4387,1078,2023-08-16,UPI,Delivered
4388,1078,2023-09-13,UPI,Delivered
4389,1078,2024-11-07,UPI,Delivered
4390,1078,2024-12-09,UPI,Delivered
4391,1078,2023-09-10,UPI,Delivered
4392,1079,2024-03-18,COD,Delivered
4393,1079,2024-11-05,UPI,Delivered
4394,1079,2024-08-30,Wallet,Delivered
4395,1079,2023-10-25,NetBanking,Delivered
4396,1079,2024-09-25,UPI,Delivered
4397,1080,2024-11-22,COD,Delivered
4398,1080,2024-09-18,UPI,Delivered
4399,1080,2024-12-02,Card,Delivered
4400,1081,2024-08-17,Card,Delivered
4401,1081,2024-10-15,NetBanking,Delivered
4402,1081,2024-10-05,Card,Delivered
4403,1081,2024-12-09,UPI,Delivered
4404,1081,2024-10-28,COD,Delivered
4405,1081,2024-11-19,Card,Delivered
4406,1081,2024-08-08,UPI,Delivered
4407,1081,2024-06-18,COD,Cancelled
4408,1081,2024-11-12,Card,Cancelled
4409,1082,2024-11-03,UPI,Delivered
4410,1082,2024-12-29,UPI,Delivered
4411,1082,2024-09-01,COD,Delivered
4412,1082,2024-11-12,Card,Cancelled
4413,1082,2024-09-09,UPI,Delivered
4414,1083,2024-08-19,UPI,Delivered
4415,1083,2024-11-27,UPI,Delivered
4416,1083,2024-06-18,Wallet,Delivered
4417,1083,2024-07-20,Card,Delivered
4418,1084,2024-06-23,Card,Cancelled
4419,1084,2024-10-22,UPI,Delivered
4420,1084,2024-08-06,Card,Delivered
4421,1084,2024-01-20,Wallet,Cancelled
4422,1084,2024-10-31,NetBanking,Delivered
4423,1084,2023-10-28,Card,Delivered
4424,1084,2024-11-22,NetBanking,Delivered
4425,1085,2023-12-01,Card,Delivered
4426,1085,2023-11-25,Card,Delivered
4427,1086,2024-08-17,UPI,Delivered
4428,1087,2024-09-15,COD,Delivered
4429,1087,2024-10-15,COD,Delivered
4430,1087,2024-05-16,UPI,Delivered
4431,1087,2024-07-30,NetBanking,Delivered
4432,1087,2024-11-12,UPI,Delivered
4433,1087,2024-04-01,COD,Delivered
4434,1087,2024-04-26,NetBanking,Delivered
4435,1087,2024-11-18,UPI,Delivered
4436,1087,2024-11-16,Wallet,Delivered
4437,1088,2024-11-01,COD,Delivered
4438,1088,2024-12-17,COD,Delivered
4439,1088,2024-12-09,UPI,Delivered
4440,1088,2024-10-29,Card,Delivered
4441,1088,2024-08-02,Card,Delivered
4442,1089,2024-11-30,NetBanking,Delivered
4443,1090,2024-02-25,Card,Delivered
4444,1090,2023-08-12,UPI,Delivered
4445,1090,2023-10-03,Card,Delivered
4446,1091,2024-04-18,Wallet,Delivered
4447,1091,2023-10-30,Card,Delivered
4448,1091,2024-05-03,Card,Delivered
4449,1091,2024-07-28,COD,Delivered
4450,1091,2024-10-19,UPI,Delivered
4451,1092,2023-10-25,NetBanking,Delivered
4452,1092,2024-12-30,Card,Delivered
4453,1092,2024-11-23,UPI,Delivered
4454,1093,2024-08-29,UPI,Delivered
4455,1093,2024-08-19,Card,Delivered
4456,1094,2023-08-13,COD,Delivered
4457,1094,2024-11-12,UPI,Delivered
4458,1095,2023-11-03,Wallet,Delivered
4459,1095,2024-07-18,Card,Delivered
4460,1096,2024-09-24,NetBanking,Delivered
4461,1097,2024-04-05,UPI,Cancelled
4462,1097,2024-07-05,Card,Cancelled
4463,1097,2024-04-24,Wallet,Delivered
4464,1098,2024-12-25,Card,Delivered
4465,1098,2024-06-11,COD,Delivered
4466,1098,2024-06-24,COD,Delivered
4467,1098,2024-07-28,UPI,Delivered
4468,1098,2024-03-16,COD,Delivered
4469,1098,2024-06-18,Card,Delivered
4470,1098,2024-12-13,UPI,Delivered
4471,1098,2024-03-14,COD,Delivered
4472,1100,2024-08-24,UPI,Cancelled
4473,1100,2024-08-31,NetBanking,Delivered
4474,1100,2024-07-01,UPI,Delivered
4475,1100,2024-04-01,NetBanking,Returned
4476,1101,2024-10-01,Card,Delivered
4477,1101,2024-10-03,COD,Delivered
4478,1101,2024-02-03,Wallet,Delivered
4479,1103,2024-08-22,Wallet,Delivered
4480,1103,2024-05-30,NetBanking,Delivered
4481,1103,2024-07-25,COD,Delivered
4482,1103,2024-11-04,Card,Cancelled
4483,1103,2024-12-14,UPI,Delivered
4484,1103,2024-10-22,Card,Returned
4485,1104,2023-08-03,Card,Delivered
4486,1104,2023-05-05,UPI,Delivered
4487,1104,2024-08-09,Card,Delivered
4488,1104,2024-09-24,Card,Delivered
4489,1105,2024-12-09,COD,Delivered
4490,1105,2024-02-16,Card,Delivered
4491,1105,2023-09-22,NetBanking,Delivered
4492,1105,2023-10-13,Card,Delivered
4493,1106,2024-11-30,Card,Delivered
4494,1106,2024-12-18,Card,Delivered
4495,1106,2024-01-24,UPI,Delivered
4496,1106,2024-08-09,COD,Delivered
4497,1106,2024-10-20,UPI,Delivered
4498,1106,2023-07-03,COD,Delivered
4499,1106,2023-06-08,NetBanking,Delivered
4500,1107,2024-09-08,UPI,Delivered
4501,1107,2024-10-16,Card,Delivered
4502,1107,2023-12-25,NetBanking,Delivered
4503,1107,2024-05-22,Card,Delivered
4504,1107,2023-11-07,Card,Delivered
4505,1107,2024-02-21,COD,Delivered
4506,1108,2024-08-15,Card,Delivered
4507,1109,2024-09-01,Card,Delivered
4508,1109,2024-10-23,Wallet,Delivered
4509,1109,2024-10-30,UPI,Delivered
4510,1109,2024-09-08,NetBanking,Delivered
4511,1111,2024-09-30,COD,Delivered
4512,1111,2024-11-11,Card,Delivered
4513,1111,2024-09-16,NetBanking,Delivered
4514,1112,2024-11-11,UPI,Delivered
4515,1112,2023-09-13,Wallet,Returned
4516,1112,2023-06-24,COD,Delivered
4517,1112,2024-09-18,Card,Delivered
4518,1112,2024-11-01,Card,Delivered
4519,1112,2024-03-30,NetBanking,Delivered
4520,1112,2023-12-10,COD,Returned
4521,1113,2024-11-14,Card,Delivered
4522,1115,2023-08-12,COD,Delivered
4523,1115,2023-05-10,Card,Delivered
4524,1116,2024-04-11,COD,Delivered
4525,1116,2024-08-22,Card,Delivered
4526,1116,2024-09-29,UPI,Delivered
4527,1117,2024-12-20,UPI,Delivered
4528,1117,2024-12-14,COD,Delivered
4529,1117,2024-11-30,UPI,Delivered
4530,1118,2024-12-30,NetBanking,Delivered
4531,1118,2024-06-04,Card,Delivered
4532,1118,2023-12-24,UPI,Delivered
4533,1118,2024-10-02,COD,Delivered
4534,1118,2024-04-23,COD,Delivered
4535,1118,2024-02-25,COD,Returned
4536,1119,2024-07-06,NetBanking,Returned
4537,1119,2024-07-18,COD,Delivered
4538,1119,2024-10-17,COD,Delivered
4539,1120,2023-10-07,Card,Delivered
4540,1120,2024-10-19,COD,Delivered
4541,1120,2024-08-27,Card,Delivered
4542,1120,2024-10-17,Card,Delivered
4543,1120,2024-10-03,Card,Delivered
4544,1120,2024-03-13,COD,Delivered
4545,1121,2024-12-13,UPI,Returned
4546,1121,2024-01-22,Card,Delivered
4547,1121,2024-08-03,UPI,Cancelled
4548,1121,2023-09-29,Card,Delivered
4549,1121,2023-10-05,Card,Delivered
4550,1121,2023-10-21,UPI,Delivered
4551,1121,2023-10-15,UPI,Delivered
4552,1121,2023-03-08,UPI,Delivered
4553,1121,2023-09-23,NetBanking,Delivered
4554,1121,2024-05-14,Card,Delivered
4555,1123,2024-03-05,UPI,Delivered
4556,1123,2024-11-22,Card,Returned
4557,1124,2023-08-18,Card,Delivered
4558,1124,2024-10-24,NetBanking,Delivered
4559,1124,2024-01-05,NetBanking,Cancelled
4560,1124,2024-10-30,Card,Delivered
4561,1124,2024-09-09,Card,Delivered
4562,1124,2023-11-07,Wallet,Delivered
4563,1124,2024-08-12,UPI,Delivered
4564,1124,2024-08-28,NetBanking,Returned
4565,1125,2024-12-01,COD,Delivered
4566,1125,2024-06-22,,Delivered
4567,1125,2024-11-24,Wallet,Delivered
4568,1125,2024-05-20,UPI,Delivered
4569,1125,2024-11-04,Card,Delivered
4570,1125,2024-09-28,UPI,Returned
4571,1125,2024-10-19,UPI,Delivered
4572,1125,2024-12-25,COD,Delivered
4573,1125,2024-04-16,NetBanking,Returned
4574,1125,2024-05-18,Card,Delivered
4575,1126,2024-11-13,COD,Delivered
4576,1127,2024-12-01,,Delivered
4577,1127,2024-11-04,Card,Delivered
4578,1127,2024-05-31,UPI,Delivered
4579,1127,2024-11-25,COD,Delivered
4580,1127,2024-08-25,UPI,Delivered
4581,1127,2024-05-03,UPI,Delivered
4582,1127,2024-05-23,UPI,Delivered
4583,1127,2024-04-28,UPI,Delivered
4584,1127,2024-10-24,COD,Delivered
4585,1128,2024-11-25,UPI,Delivered
4586,1128,2024-02-28,UPI,Delivered
4587,1128,2023-12-17,UPI,Delivered
4588,1128,2024-05-21,COD,Delivered
4589,1128,2023-12-29,UPI,Delivered
4590,1129,2024-08-28,UPI,Delivered
4591,1130,2024-08-22,UPI,Delivered
4592,1130,2024-04-13,Wallet,Delivered
4593,1131,2023-11-27,Card,Delivered
4594,1131,2024-11-20,UPI,Delivered
4595,1132,2024-09-20,COD,Delivered
4596,1133,2024-05-01,NetBanking,Delivered
4597,1133,2024-08-01,COD,Delivered
4598,1134,2024-10-10,Card,Delivered
4599,1134,2024-09-29,UPI,Delivered
4600,1134,2024-09-29,Card,Delivered
4601,1134,2024-06-02,UPI,Delivered
4602,1134,2024-03-26,UPI,Delivered
4603,1134,2024-05-01,NetBanking,Delivered
4604,1134,2024-05-10,COD,Delivered
4605,1134,2024-04-25,UPI,Delivered
4606,1134,2024-05-20,COD,Delivered
4607,1134,2024-03-15,NetBanking,Delivered
4608,1135,2023-12-07,COD,Delivered
4609,1135,2024-08-03,Card,Delivered
4610,1135,2024-04-12,Card,Delivered
4611,1136,2023-09-28,Card,Delivered
4612,1136,2024-06-22,NetBanking,Cancelled
4613,1136,2023-08-08,UPI,Delivered
4614,1136,2023-11-25,COD,Delivered
4615,1136,2023-04-06,Card,Delivered
4616,1136,2024-06-22,UPI,Delivered
4617,1136,2024-02-22,UPI,Delivered
4618,1136,2024-09-26,NetBanking,Returned
4619,1136,2024-02-18,UPI,Delivered
4620,1136,2024-12-28,Card,Delivered
4621,1136,2023-08-18,UPI,Delivered
4622,1138,2024-11-28,Card,Delivered
4623,1138,2023-09-03,UPI,Delivered
4624,1138,2023-12-20,Card,Returned
4625,1138,2023-10-25,Card,Delivered
4626,1138,2024-04-10,COD,Delivered
4627,1138,2023-10-27,UPI,Delivered
4628,1138,2024-09-09,UPI,Delivered
4629,1139,2024-05-13,Card,Delivered
4630,1139,2024-08-30,COD,Cancelled
4631,1139,2024-07-05,COD,Delivered
4632,1139,2024-08-25,UPI,Delivered
4633,1139,2024-11-14,UPI,Delivered
4634,1139,2024-02-26,UPI,Delivered
4635,1140,2024-07-24,UPI,Delivered
4636,1140,2024-09-04,UPI,Delivered
4637,1141,2024-05-14,Card,Delivered
4638,1141,2024-10-18,COD,Delivered
4639,1141,2024-09-28,NetBanking,Delivered
4640,1141,2024-04-21,UPI,Delivered
4641,1142,2024-04-03,UPI,Delivered
4642,1142,2024-11-14,Card,Returned
4643,1142,2024-08-08,COD,Returned
4644,1142,2023-11-29,Card,Delivered
4645,1142,2024-10-22,COD,Delivered
4646,1143,2024-07-01,UPI,Delivered
4647,1143,2024-10-22,UPI,Returned
4648,1144,2024-10-01,Card,Delivered
4649,1144,2024-09-30,COD,Delivered
4650,1144,2024-09-14,UPI,Delivered
4651,1144,2024-04-21,UPI,Returned
4652,1144,2024-10-31,Wallet,Delivered
4653,1145,2024-12-01,COD,Delivered
4654,1145,2024-06-24,Card,Delivered
4655,1145,2023-09-29,UPI,Delivered
4656,1145,2023-09-30,NetBanking,Delivered
4657,1145,2024-03-16,Card,Delivered
4658,1145,2024-09-05,UPI,Delivered
4659,1145,2024-04-05,UPI,Delivered
4660,1145,2024-10-08,UPI,Delivered
4661,1145,2024-09-24,UPI,Delivered
4662,1145,2023-10-21,Card,Delivered
4663,1145,2023-09-19,UPI,Delivered
4664,1146,2024-04-13,Card,Delivered
4665,1146,2024-07-06,Card,Delivered
4666,1146,2024-11-16,UPI,Delivered
4667,1146,2024-09-14,UPI,Delivered
4668,1146,2023-12-12,NetBanking,Delivered
4669,1146,2024-11-09,UPI,Returned
4670,1146,2024-08-19,UPI,Delivered
4671,1146,2024-11-21,COD,Delivered
4672,1146,2024-10-31,,Delivered
4673,1146,2023-11-06,Card,Delivered
4674,1146,2024-12-15,UPI,Delivered
4675,1146,2024-04-21,COD,Delivered
4676,1146,2024-12-24,Card,Delivered
4677,1147,2024-12-29,COD,Delivered
4678,1148,2024-03-18,UPI,Delivered
4679,1148,2024-10-19,UPI,Delivered
4680,1148,2024-10-23,Card,Delivered
4681,1148,2024-05-05,UPI,Returned
4682,1149,2024-04-17,Card,Delivered
4683,1149,2024-12-14,UPI,Delivered
4684,1149,2024-06-20,NetBanking,Delivered
4685,1150,2024-06-05,Card,Delivered
4686,1150,2024-06-20,UPI,Delivered
4687,1151,2024-02-24,Card,Delivered
4688,1153,2024-11-19,,Delivered
4689,1154,2024-10-13,UPI,Delivered
4690,1154,2024-10-11,COD,Delivered
4691,1154,2024-06-21,COD,Delivered
4692,1155,2023-10-23,COD,Delivered
4693,1155,2023-08-28,Card,Delivered
4694,1155,2024-08-10,Card,Delivered
4695,1155,2024-09-13,Card,Delivered
4696,1155,2024-07-24,UPI,Delivered
4697,1155,2024-01-28,UPI,Delivered
4698,1155,2023-10-01,Card,Delivered
4699,1155,2024-10-02,COD,Delivered
4700,1155,2024-11-05,UPI,Delivered
4701,1155,2024-01-06,UPI,Delivered
4702,1155,2024-10-24,UPI,Delivered
4703,1155,2024-06-27,UPI,Delivered
4704,1155,2024-04-16,Card,Delivered
4705,1155,2024-06-10,COD,Returned
4706,1155,2023-08-25,UPI,Delivered
4707,1155,2023-09-05,,Delivered
4708,1155,2024-08-27,COD,Delivered
4709,1155,2024-12-17,Card,Delivered
4710,1155,2024-04-03,UPI,Delivered
4711,1155,2023-07-21,UPI,Delivered
4712,1156,2024-05-30,UPI,Delivered
4713,1156,2024-10-10,UPI,Delivered
4714,1156,2023-12-23,Card,Delivered
4715,1156,2024-06-01,UPI,Delivered
4716,1157,2023-06-18,Card,Returned
4717,1157,2023-10-09,NetBanking,Delivered
4718,1158,2024-08-15,,Delivered
4719,1158,2024-08-23,,Delivered
4720,1158,2024-10-05,UPI,Delivered
4721,1158,2024-08-06,Card,Delivered
4722,1159,2023-10-23,COD,Delivered
4723,1159,2024-11-23,COD,Delivered
4724,1159,2024-07-29,COD,Delivered
4725,1159,2024-11-22,COD,Delivered
4726,1159,2024-07-01,UPI,Delivered
4727,1159,2024-03-20,Card,Delivered
4728,1159,2023-10-08,UPI,Delivered
4729,1159,2024-02-09,NetBanking,Delivered
4730,1159,2024-06-18,Wallet,Delivered
4731,1159,2024-11-30,UPI,Returned
4732,1161,2024-12-17,COD,Delivered
4733,1161,2024-09-27,UPI,Delivered
4734,1161,2023-11-14,COD,Delivered
4735,1161,2024-09-30,UPI,Delivered
4736,1162,2024-08-03,COD,Delivered
4737,1162,2024-04-16,UPI,Delivered
4738,1162,2023-10-20,COD,Returned
4739,1162,2024-10-28,Card,Delivered
4740,1162,2024-01-02,COD,Delivered
4741,1162,2024-07-29,UPI,Delivered
4742,1162,2024-07-24,NetBanking,Delivered
4743,1162,2023-10-17,COD,Delivered
4744,1162,2024-12-30,UPI,Delivered
4745,1162,2024-04-24,UPI,Delivered
4746,1162,2023-12-08,UPI,Delivered
4747,1162,2024-04-17,Card,Delivered
4748,1162,2024-07-20,UPI,Delivered
4749,1163,2024-07-08,COD,Cancelled
4750,1163,2024-10-26,COD,Delivered
4751,1163,2024-07-24,UPI,Delivered
4752,1163,2024-07-04,UPI,Delivered
4753,1164,2024-03-09,Wallet,Delivered
4754,1164,2024-01-10,,Delivered
4755,1164,2024-11-02,COD,Delivered
4756,1164,2024-01-30,Card,Delivered
4757,1165,2024-12-26,UPI,Delivered
4758,1165,2024-09-06,COD,Delivered
4759,1165,2023-11-30,Card,Delivered
4760,1165,2024-05-08,UPI,Delivered
4761,1165,2024-07-02,Card,Returned
4762,1165,2023-12-20,NetBanking,Delivered
4763,1165,2024-09-28,COD,Delivered
4764,1165,2024-08-20,COD,Delivered
4765,1165,2023-12-27,UPI,Delivered
4766,1166,2024-07-24,UPI,Delivered
4767,1166,2023-03-17,COD,Delivered
4768,1166,2023-08-26,COD,Delivered
4769,1166,2023-09-15,NetBanking,Delivered
4770,1166,2023-05-29,NetBanking,Delivered
4771,1166,2023-03-25,UPI,Delivered
4772,1167,2024-07-18,Card,Delivered
4773,1167,2023-03-04,Card,Delivered
4774,1167,2023-02-19,UPI,Delivered
4775,1168,2023-12-22,Card,Delivered
4776,1168,2024-01-26,Wallet,Delivered
4777,1168,2024-06-17,NetBanking,Cancelled
4778,1168,2024-12-22,Card,Cancelled
4779,1168,2023-12-24,UPI,Delivered
4780,1168,2024-12-05,COD,Delivered
4781,1168,2023-11-08,NetBanking,Delivered
4782,1168,2023-10-04,Card,Delivered
4783,1169,2024-12-24,Card,Delivered
4784,1169,2024-10-21,UPI,Delivered
4785,1169,2024-09-12,UPI,Delivered
4786,1169,2024-12-10,UPI,Returned
4787,1169,2024-11-06,Card,Delivered
4788,1169,2024-10-21,UPI,Delivered
4789,1169,2024-11-09,Card,Delivered
4790,1170,2024-08-31,UPI,Delivered
4791,1170,2024-12-02,NetBanking,Delivered
4792,1170,2024-09-25,UPI,Delivered
4793,1170,2024-11-06,Card,Delivered
4794,1170,2024-06-27,UPI,Delivered
4795,1170,2024-09-03,Card,Delivered
4796,1170,2024-11-28,UPI,Delivered
4797,1170,2024-12-19,UPI,Returned
4798,1170,2024-08-13,Card,Delivered
4799,1170,2024-06-29,Card,Delivered
4800,1170,2024-05-16,UPI,Delivered
4801,1170,2024-06-15,Wallet,Delivered
4802,1171,2024-11-01,COD,Delivered
4803,1173,2024-02-06,Card,Cancelled
4804,1173,2024-11-09,NetBanking,Returned
4805,1173,2024-10-27,COD,Delivered
4806,1173,2024-11-09,Card,Delivered
4807,1174,2024-10-01,Wallet,Delivered
4808,1174,2024-12-20,Card,Delivered
4809,1174,2023-11-21,UPI,Delivered
4810,1174,2024-10-21,UPI,Delivered
4811,1174,2024-10-27,UPI,Delivered
4812,1175,2024-04-08,UPI,Delivered
4813,1175,2024-08-28,UPI,Delivered
4814,1176,2024-10-25,Card,Delivered
4815,1176,2024-11-02,,Returned
4816,1176,2023-12-29,UPI,Delivered
4817,1176,2023-12-04,Card,Returned
4818,1176,2024-11-21,Card,Delivered
4819,1176,2024-09-29,Wallet,Delivered
4820,1177,2023-10-05,Card,Delivered
4821,1177,2024-12-06,NetBanking,Cancelled
4822,1177,2024-09-16,NetBanking,Delivered
4823,1177,2024-02-12,Card,Delivered
4824,1177,2023-08-31,UPI,Delivered
4825,1177,2023-09-17,COD,Delivered
4826,1177,2024-08-18,UPI,Delivered
4827,1177,2023-10-17,UPI,Delivered
4828,1177,2023-12-17,NetBanking,Delivered
4829,1178,2023-11-10,COD,Cancelled
4830,1179,2023-10-01,UPI,Delivered
4831,1179,2024-03-28,UPI,Delivered
4832,1179,2023-05-21,COD,Delivered
4833,1179,2023-10-14,UPI,Delivered
4834,1180,2024-10-12,COD,Delivered
4835,1180,2023-06-11,Card,Delivered
4836,1180,2024-08-02,COD,Returned
4837,1181,2024-01-21,Card,Delivered
4838,1181,2024-08-05,Wallet,Delivered
4839,1181,2024-02-28,NetBanking,Cancelled
4840,1181,2024-11-23,UPI,Delivered
4841,1181,2024-11-10,Card,Delivered
4842,1181,2024-01-08,NetBanking,Delivered
4843,1181,2024-08-19,UPI,Delivered
4844,1182,2024-09-27,Card,Delivered
4845,1182,2024-10-30,Card,Delivered
4846,1182,2024-07-31,UPI,Delivered
4847,1182,2024-10-08,UPI,Delivered
4848,1182,2024-09-22,UPI,Delivered
4849,1182,2024-08-10,Card,Delivered
4850,1182,2024-05-31,NetBanking,Delivered
4851,1183,2024-05-11,Card,Delivered
4852,1183,2024-05-17,UPI,Delivered
4853,1183,2024-02-11,UPI,Delivered
4854,1183,2024-11-19,Card,Delivered
4855,1183,2024-12-01,UPI,Delivered
4856,1183,2024-09-16,UPI,Delivered
4857,1183,2024-11-30,UPI,Delivered
4858,1185,2024-10-14,COD,Delivered
4859,1186,2024-07-25,NetBanking,Delivered
4860,1186,2024-03-29,Card,Delivered
4861,1186,2024-04-24,UPI,Delivered
4862,1186,2024-01-23,UPI,Delivered
4863,1186,2023-07-30,UPI,Delivered
4864,1186,2023-10-06,UPI,Returned
4865,1186,2024-09-14,Card,Delivered
4866,1186,2023-10-28,NetBanking,Delivered
4867,1186,2024-06-23,UPI,Delivered
4868,1186,2024-04-27,UPI,Delivered
4869,1187,2024-11-08,Card,Delivered
4870,1187,2023-12-13,Card,Delivered
4871,1187,2023-11-05,UPI,Delivered
4872,1187,2024-11-21,UPI,Delivered
4873,1187,2023-11-12,Card,Delivered
4874,1187,2023-05-20,Card,Delivered
4875,1187,2023-07-15,Card,Delivered
4876,1187,2024-07-26,COD,Delivered
4877,1187,2024-04-01,UPI,Delivered
4878,1187,2024-03-10,Card,Delivered
4879,1188,2024-10-05,Card,Delivered
4880,1188,2024-06-11,UPI,Returned
4881,1188,2024-08-13,COD,Delivered
4882,1188,2024-11-17,UPI,Delivered
4883,1188,2024-05-06,Card,Returned
4884,1188,2023-12-21,Card,Delivered
4885,1188,2024-11-25,UPI,Delivered
4886,1188,2024-05-02,UPI,Delivered
4887,1188,2024-05-21,Card,Delivered
4888,1188,2024-03-29,UPI,Delivered
4889,1189,2024-08-06,COD,Delivered
4890,1189,2023-11-14,Card,Delivered
4891,1189,2024-03-13,COD,Delivered
4892,1189,2024-10-15,UPI,Delivered
4893,1189,2024-10-24,NetBanking,Delivered
4894,1190,2023-08-04,Card,Delivered
4895,1191,2023-11-07,COD,Delivered
4896,1191,2023-11-01,Wallet,Cancelled
4897,1191,2024-09-25,Card,Delivered
4898,1191,2023-12-21,NetBanking,Delivered
4899,1191,2023-10-30,UPI,Delivered
4900,1191,2024-03-15,COD,Delivered
4901,1191,2023-11-28,NetBanking,Delivered
4902,1191,2024-02-01,UPI,Delivered
4903,1191,2024-10-23,Card,Delivered
4904,1191,2024-01-07,NetBanking,Delivered
4905,1191,2023-11-02,UPI,Delivered
4906,1191,2023-11-22,COD,Delivered
4907,1191,2023-09-01,UPI,Delivered
4908,1191,2024-11-20,UPI,Delivered
4909,1191,2024-08-25,COD,Delivered
4910,1191,2024-04-04,Card,Delivered
4911,1191,2024-06-02,COD,Delivered
4912,1191,2023-11-30,Card,Delivered
4913,1192,2023-10-07,NetBanking,Delivered
4914,1192,2023-08-13,UPI,Returned
4915,1192,2023-10-23,Card,Delivered
4916,1193,2023-09-10,Card,Delivered
4917,1193,2023-07-11,NetBanking,Delivered
4918,1193,2023-11-12,NetBanking,Delivered
4919,1194,2024-10-16,UPI,Cancelled
4920,1194,2024-10-05,COD,Cancelled
4921,1195,2024-05-18,Card,Delivered
4922,1195,2024-08-23,UPI,Delivered
4923,1196,2024-12-10,UPI,Delivered
4924,1196,2024-11-10,UPI,Cancelled
4925,1196,2024-09-16,Card,Delivered
4926,1196,2023-12-31,Card,Cancelled
4927,1196,2024-04-20,UPI,Delivered
4928,1196,2024-04-01,NetBanking,Delivered
4929,1196,2024-04-02,Card,Delivered
4930,1197,2024-12-11,Wallet,Delivered
4931,1197,2024-11-22,UPI,Delivered
4932,1197,2024-09-12,UPI,Delivered
4933,1197,2024-02-17,NetBanking,Delivered
4934,1197,2024-01-28,COD,Delivered
4935,1197,2024-10-01,UPI,Delivered
4936,1197,2024-11-12,UPI,Delivered
4937,1197,2024-08-14,UPI,Delivered
4938,1197,2024-01-31,COD,Delivered
4939,1197,2024-03-25,UPI,Delivered
4940,1197,2024-04-21,UPI,Delivered
4941,1198,2024-07-24,COD,Delivered
4942,1198,2024-10-22,UPI,Delivered
4943,1198,2024-12-18,Card,Delivered
4944,1199,2024-12-05,UPI,Delivered
4945,1199,2024-10-27,Card,Delivered
4946,1199,2024-05-02,UPI,Delivered
4947,1199,2024-11-29,UPI,Delivered
4948,1199,2024-10-11,Card,Delivered
4949,1199,2024-08-31,UPI,Delivered
4950,1199,2024-06-08,Card,Delivered
4951,1199,2024-10-13,UPI,Delivered
4952,1199,2024-12-06,NetBanking,Delivered
4953,1199,2024-03-23,Card,Delivered
4954,1199,2024-07-22,Card,Delivered
4955,1201,2024-09-07,NetBanking,Delivered
4956,1201,2024-10-04,UPI,Delivered
4957,1201,2024-05-04,Card,Delivered
4958,1201,2024-06-28,Card,Delivered
4959,1201,2024-12-13,UPI,Returned
4960,1202,2024-06-01,UPI,Delivered
4961,1202,2024-03-17,UPI,Delivered
4962,1202,2024-08-08,COD,Delivered
4963,1202,2023-10-21,COD,Delivered
4964,1202,2024-10-31,Card,Delivered
4965,1202,2024-12-18,UPI,Delivered
4966,1203,2024-10-05,UPI,Delivered
4967,1203,2024-10-08,Card,Delivered
4968,1203,2024-08-19,UPI,Delivered
4969,1203,2024-11-24,COD,Delivered
4970,1204,2024-08-06,UPI,Delivered
4971,1204,2024-09-03,UPI,Delivered
4972,1204,2024-06-22,NetBanking,Delivered
4973,1204,2024-11-16,UPI,Delivered
4974,1204,2024-12-12,COD,Delivered
4975,1204,2024-09-01,UPI,Delivered
4976,1204,2024-10-23,Card,Delivered
4977,1204,2024-12-13,Card,Delivered
4978,1204,2024-05-02,Card,Delivered
4979,1204,2024-05-01,UPI,Delivered
4980,1205,2024-08-12,UPI,Returned
4981,1205,2024-04-18,UPI,Delivered
4982,1205,2024-02-04,COD,Delivered
4983,1205,2024-01-11,Wallet,Delivered
4984,1205,2024-10-13,UPI,Delivered
4985,1206,2024-06-09,UPI,Delivered
4986,1207,2024-04-05,UPI,Delivered
4987,1207,2024-01-15,UPI,Delivered
4988,1207,2024-09-17,Card,Delivered
4989,1207,2024-07-05,Card,Delivered
4990,1207,2023-11-23,Card,Returned
4991,1207,2024-10-08,UPI,Delivered
4992,1207,2024-02-25,COD,Delivered
4993,1207,2024-11-22,COD,Delivered
4994,1207,2024-11-01,Wallet,Delivered
4995,1207,2024-01-19,COD,Delivered
4996,1207,2024-01-06,Card,Delivered
4997,1207,2024-04-02,Card,Delivered
4998,1207,2024-10-23,UPI,Delivered
4999,1207,2023-11-18,UPI,Delivered
5000,1207,2024-02-14,NetBanking,Delivered
5001,1207,2024-08-24,NetBanking,Delivered
5002,1207,2023-10-17,Wallet,Delivered
5003,1207,2023-10-25,COD,Delivered
5004,1207,2024-10-09,UPI,Delivered
5005,1207,2024-06-09,COD,Delivered
5006,1207,2024-06-29,Card,Delivered
5007,1207,2024-01-02,UPI,Delivered
5008,1207,2024-06-15,UPI,Delivered
5009,1207,2024-06-22,Card,Delivered
5010,1207,2024-04-11,COD,Delivered
5011,1207,2024-12-17,UPI,Delivered
5012,1208,2024-12-13,NetBanking,Delivered
5013,1210,2024-09-29,UPI,Delivered
5014,1210,2024-09-20,UPI,Delivered
5015,1211,2023-12-09,UPI,Delivered
5016,1211,2024-10-02,Card,Returned
5017,1211,2024-09-22,Card,Delivered
5018,1211,2024-02-08,COD,Delivered
5019,1213,2024-05-24,UPI,Delivered
5020,1214,2024-12-30,Card,Delivered
5021,1214,2024-12-22,Card,Delivered
5022,1214,2024-09-18,NetBanking,Delivered
5023,1214,2024-09-16,COD,Delivered
5024,1214,2024-05-19,NetBanking,Delivered
5025,1214,2024-10-22,NetBanking,Delivered
5026,1214,2024-04-23,UPI,Delivered
5027,1215,2023-12-02,Card,Delivered
5028,1215,2023-10-01,NetBanking,Delivered
5029,1215,2024-05-29,COD,Delivered
5030,1215,2023-11-06,NetBanking,Delivered
5031,1215,2024-11-05,UPI,Cancelled
5032,1216,2024-06-22,Card,Delivered
5033,1217,2024-04-07,UPI,Delivered
5034,1217,2024-01-12,UPI,Delivered
5035,1218,2024-11-04,Card,Delivered
5036,1218,2024-12-28,Wallet,Delivered
5037,1218,2024-12-19,COD,Delivered
5038,1219,2024-12-07,Card,Delivered
5039,1219,2024-04-03,COD,Delivered
5040,1219,2024-06-13,Card,Delivered
5041,1219,2024-11-18,UPI,Delivered
5042,1219,2024-05-16,Card,Returned
5043,1219,2024-05-28,,Cancelled
5044,1220,2023-12-08,UPI,Delivered
5045,1221,2024-01-08,UPI,Delivered
5046,1221,2024-03-30,Wallet,Delivered
5047,1221,2024-12-08,UPI,Delivered
5048,1221,2024-09-19,COD,Delivered
5049,1221,2024-09-24,UPI,Delivered
5050,1222,2024-01-18,Card,Delivered
5051,1222,2023-12-30,NetBanking,Delivered
5052,1222,2024-03-01,Card,Delivered
5053,1222,2024-04-02,COD,Delivered
5054,1222,2024-09-07,NetBanking,Delivered
5055,1222,2024-06-27,UPI,Delivered
5056,1222,2024-08-29,UPI,Delivered
5057,1224,2024-01-16,Card,Returned
5058,1224,2024-05-23,UPI,Delivered
5059,1224,2024-01-02,Card,Delivered
5060,1224,2024-08-27,COD,Delivered
5061,1224,2024-09-03,NetBanking,Delivered
5062,1224,2024-12-16,UPI,Delivered
5063,1225,2024-05-24,UPI,Delivered
5064,1225,2024-05-22,COD,Delivered
5065,1225,2023-12-15,Card,Returned
5066,1225,2024-01-13,COD,Delivered
5067,1225,2024-08-14,NetBanking,Cancelled
5068,1225,2023-12-18,UPI,Delivered
5069,1226,2024-07-24,COD,Delivered
5070,1226,2024-12-22,UPI,Delivered
5071,1226,2024-12-11,UPI,Delivered
5072,1226,2024-11-15,COD,Delivered
5073,1226,2024-10-09,UPI,Returned
5074,1226,2024-09-14,UPI,Delivered
5075,1227,2023-06-20,Card,Delivered
5076,1227,2023-10-28,UPI,Delivered
5077,1227,2023-10-30,UPI,Delivered
5078,1227,2023-11-13,UPI,Delivered
5079,1227,2023-12-30,UPI,Delivered
5080,1227,2023-12-14,Card,Delivered
5081,1228,2024-06-22,Card,Returned
5082,1228,2024-10-27,UPI,Delivered
5083,1229,2024-11-05,COD,Delivered
5084,1229,2024-04-11,NetBanking,Delivered
5085,1230,2024-01-11,COD,Delivered
5086,1230,2024-06-09,UPI,Delivered
5087,1230,2024-10-28,Card,Delivered
5088,1230,2024-06-10,UPI,Delivered
5089,1230,2024-08-25,UPI,Delivered
5090,1230,2023-11-16,NetBanking,Delivered
5091,1230,2024-05-22,UPI,Delivered
5092,1230,2023-08-15,NetBanking,Delivered
5093,1230,2024-02-26,UPI,Delivered
5094,1230,2024-08-02,Card,Cancelled
5095,1231,2024-05-01,Card,Delivered
5096,1231,2024-12-13,Card,Delivered
5097,1231,2024-10-17,Card,Delivered
5098,1231,2024-08-29,UPI,Cancelled
5099,1232,2024-09-08,UPI,Delivered
5100,1232,2024-09-09,COD,Delivered
5101,1232,2024-03-01,COD,Delivered
5102,1232,2024-10-16,Card,Delivered
5103,1232,2024-04-04,NetBanking,Delivered
5104,1232,2024-09-20,UPI,Delivered
5105,1232,2024-08-08,NetBanking,Delivered
5106,1232,2024-11-27,Card,Delivered
5107,1232,2024-05-07,NetBanking,Delivered
5108,1232,2024-04-13,Card,Delivered
5109,1233,2024-08-10,COD,Delivered
5110,1233,2024-10-17,Wallet,Returned
5111,1233,2024-11-06,NetBanking,Delivered
5112,1233,2024-12-27,UPI,Delivered
5113,1234,2024-02-18,COD,Delivered
5114,1234,2024-05-27,Card,Delivered
5115,1234,2024-09-08,UPI,Delivered
5116,1234,2024-09-24,COD,Delivered
5117,1234,2024-07-01,Card,Delivered
5118,1234,2024-05-25,Card,Delivered
5119,1234,2024-04-19,COD,Delivered
5120,1234,2024-05-14,COD,Delivered
5121,1234,2024-04-02,,Delivered
5122,1235,2024-02-21,Card,Delivered
5123,1235,2023-12-15,Card,Delivered
5124,1235,2024-09-11,COD,Delivered
5125,1236,2023-08-31,NetBanking,Delivered
5126,1236,2023-11-23,UPI,Delivered
5127,1237,2024-09-08,UPI,Delivered
5128,1237,2024-07-14,Card,Delivered
5129,1237,2023-09-18,Card,Delivered
5130,1237,2024-08-24,UPI,Delivered
5131,1238,2024-09-18,UPI,Delivered
5132,1238,2023-05-06,Card,Delivered
5133,1238,2023-10-13,UPI,Delivered
5134,1238,2024-06-17,Card,Delivered
5135,1238,2024-08-29,COD,Delivered
5136,1238,2023-05-01,UPI,Returned
5137,1238,2024-05-02,Card,Cancelled
5138,1238,2023-06-22,Card,Delivered
5139,1239,2023-10-28,NetBanking,Delivered
5140,1239,2024-03-23,Wallet,Delivered
5141,1240,2024-01-22,COD,Delivered
5142,1241,2024-04-21,UPI,Delivered
5143,1241,2023-12-28,NetBanking,Delivered
5144,1241,2024-10-08,UPI,Delivered
5145,1241,2023-11-01,Card,Delivered
5146,1241,2024-06-21,NetBanking,Delivered
5147,1241,2024-01-22,Card,Delivered
5148,1241,2023-12-12,Card,Delivered
5149,1242,2024-12-30,UPI,Delivered
5150,1242,2024-07-07,COD,Delivered
5151,1242,2024-05-12,UPI,Delivered
5152,1242,2024-04-04,UPI,Delivered
5153,1243,2024-08-24,UPI,Delivered
5154,1243,2024-11-06,Card,Delivered
5155,1243,2024-10-06,NetBanking,Delivered
5156,1243,2024-12-11,UPI,Delivered
5157,1243,2024-11-30,COD,Delivered
5158,1243,2024-10-05,Card,Delivered
5159,1243,2024-11-03,Card,Delivered
5160,1243,2024-10-31,COD,Delivered
5161,1243,2024-06-29,COD,Delivered
5162,1243,2024-09-22,COD,Delivered
5163,1243,2024-09-25,UPI,Delivered
5164,1245,2024-10-09,UPI,Delivered
5165,1245,2024-09-13,COD,Delivered
5166,1245,2024-09-13,UPI,Delivered
5167,1245,2024-12-09,Wallet,Cancelled
5168,1245,2024-08-25,Card,Delivered
5169,1246,2024-06-22,UPI,Delivered
5170,1246,2024-11-17,Card,Delivered
5171,1246,2024-10-24,UPI,Delivered
5172,1246,2024-07-22,COD,Delivered
5173,1246,2024-08-22,Card,Delivered
5174,1246,2024-10-28,UPI,Delivered
5175,1246,2024-10-13,COD,Delivered
5176,1246,2024-11-14,COD,Delivered
5177,1246,2024-10-09,Card,Returned
5178,1246,2024-12-03,Card,Delivered
5179,1246,2024-07-06,COD,Delivered
5180,1246,2024-10-28,UPI,Delivered
5181,1246,2024-09-16,NetBanking,Delivered
5182,1246,2024-09-02,Card,Delivered
5183,1246,2024-12-21,NetBanking,Returned
5184,1247,2024-09-25,NetBanking,Delivered
5185,1247,2024-06-08,UPI,Delivered
5186,1247,2024-08-26,UPI,Delivered
5187,1247,2024-12-13,COD,Delivered
5188,1247,2024-06-30,UPI,Delivered
5189,1247,2024-10-16,Card,Delivered
5190,1248,2024-10-07,UPI,Delivered
5191,1249,2024-08-26,Wallet,Delivered
5192,1249,2023-10-13,UPI,Delivered
5193,1250,2024-08-08,UPI,Delivered
5194,1250,2024-12-11,Card,Delivered
5195,1250,2024-11-07,UPI,Delivered
5196,1250,2024-07-23,COD,Delivered
5197,1252,2024-03-29,UPI,Delivered
5198,1252,2024-05-31,COD,Delivered
5199,1252,2023-11-21,Card,Delivered
5200,1252,2024-02-25,NetBanking,Cancelled
5201,1252,2023-10-12,NetBanking,Delivered
5202,1252,2024-02-29,COD,Delivered
5203,1252,2024-04-05,Card,Delivered
5204,1253,2023-08-03,Card,Delivered
5205,1253,2024-06-13,UPI,Delivered
5206,1253,2023-04-17,NetBanking,Delivered
5207,1253,2023-11-10,Wallet,Delivered
5208,1253,2024-10-27,UPI,Delivered
5209,1253,2023-03-07,Card,Delivered
5210,1253,2024-07-02,Card,Delivered
5211,1254,2024-04-11,Card,Delivered
5212,1254,2024-04-20,Card,Delivered
5213,1254,2024-05-15,Card,Delivered
5214,1254,2024-11-06,COD,Delivered
5215,1254,2024-07-31,Card,Delivered
5216,1255,2024-02-21,UPI,Delivered
5217,1255,2024-09-11,UPI,Delivered
5218,1255,2024-08-01,UPI,Delivered
5219,1255,2024-11-01,Card,Delivered
5220,1255,2024-04-27,Card,Delivered
5221,1256,2023-12-13,UPI,Delivered
5222,1256,2023-05-26,UPI,Cancelled
5223,1256,2023-12-28,NetBanking,Delivered
5224,1256,2024-12-10,NetBanking,Delivered
5225,1256,2023-05-18,Card,Delivered
5226,1256,2024-03-23,UPI,Delivered
5227,1256,2023-03-03,COD,Cancelled
5228,1256,2023-10-17,UPI,Delivered
5229,1256,2024-08-23,NetBanking,Delivered
5230,1256,2024-03-23,Card,Delivered
5231,1256,2023-04-24,UPI,Delivered
5232,1256,2023-12-18,UPI,Cancelled
5233,1256,2023-04-22,COD,Delivered
5234,1256,2023-11-09,UPI,Delivered
5235,1257,2024-04-11,Card,Delivered
5236,1257,2023-05-20,UPI,Cancelled
5237,1257,2023-07-05,NetBanking,Delivered
5238,1258,2024-01-15,COD,Delivered
5239,1258,2024-03-22,UPI,Delivered
5240,1258,2024-10-02,Card,Cancelled
5241,1258,2024-04-13,Card,Delivered
5242,1258,2024-06-18,UPI,Returned
5243,1258,2024-10-29,Card,Delivered
5244,1258,2024-08-31,UPI,Delivered
5245,1258,2024-11-06,UPI,Delivered
5246,1258,2023-11-22,NetBanking,Delivered
5247,1258,2024-08-10,UPI,Delivered
5248,1258,2024-08-07,COD,Delivered
5249,1258,2024-08-09,Wallet,Delivered
5250,1259,2023-11-21,UPI,Delivered
5251,1260,2024-08-19,UPI,Delivered
5252,1260,2024-06-13,COD,Delivered
5253,1260,2024-08-20,Card,Delivered
5254,1260,2024-08-03,COD,Delivered
5255,1260,2024-03-11,Card,Delivered
5256,1261,2023-10-16,NetBanking,Delivered
5257,1261,2023-07-04,UPI,Delivered
5258,1261,2024-03-19,Card,Delivered
5259,1262,2024-10-03,NetBanking,Returned
5260,1262,2024-08-13,UPI,Delivered
5261,1262,2024-09-18,Card,Delivered
5262,1262,2024-12-25,Card,Delivered
5263,1262,2024-08-24,Card,Delivered
5264,1263,2024-11-23,UPI,Delivered
5265,1264,2024-04-12,Card,Delivered
5266,1264,2024-05-13,Card,Delivered
5267,1264,2024-10-02,Card,Delivered
5268,1265,2024-12-18,UPI,Delivered
5269,1265,2024-12-02,UPI,Delivered
5270,1265,2024-11-25,Card,Delivered
5271,1265,2024-05-25,COD,Delivered
5272,1266,2023-04-29,NetBanking,Delivered
5273,1266,2024-10-31,UPI,Delivered
5274,1267,2023-08-12,NetBanking,Delivered
5275,1267,2023-07-26,NetBanking,Delivered
5276,1267,2024-11-25,UPI,Cancelled
5277,1267,2023-11-25,Card,Delivered
5278,1267,2024-12-01,UPI,Delivered
5279,1268,2023-12-09,Card,Delivered
5280,1268,2024-02-13,COD,Delivered
5281,1268,2024-01-06,UPI,Delivered
5282,1268,2024-08-14,NetBanking,Delivered
5283,1269,2024-12-16,Card,Returned
5284,1270,2023-03-11,Card,Delivered
5285,1270,2024-10-07,Card,Delivered
5286,1271,2024-05-03,UPI,Cancelled
5287,1272,2024-05-16,UPI,Delivered
5288,1272,2023-11-18,Card,Delivered
5289,1272,2024-05-19,Card,Delivered
5290,1272,2024-03-06,Card,Delivered
5291,1272,2023-04-03,UPI,Delivered
5292,1272,2023-08-09,COD,Delivered
5293,1272,2024-07-10,Card,Delivered
5294,1272,2024-01-01,NetBanking,Delivered
5295,1272,2023-12-31,Card,Delivered
5296,1273,2024-11-08,UPI,Cancelled
5297,1273,2024-07-27,COD,Delivered
5298,1273,2024-05-26,NetBanking,Delivered
5299,1273,2024-06-07,Card,Delivered
5300,1273,2024-05-30,UPI,Delivered
5301,1273,2024-08-07,Card,Delivered
5302,1273,2024-06-23,NetBanking,Delivered
5303,1275,2024-07-09,UPI,Delivered
5304,1276,2024-02-15,UPI,Delivered
5305,1276,2024-11-30,COD,Delivered
5306,1276,2024-10-15,UPI,Delivered
5307,1276,2024-10-05,COD,Delivered
5308,1276,2024-12-07,NetBanking,Delivered
5309,1277,2024-06-15,UPI,Delivered
5310,1277,2023-12-29,NetBanking,Delivered
5311,1278,2024-07-13,COD,Delivered
5312,1278,2024-11-13,COD,Returned
5313,1279,2023-01-20,Card,Delivered
5314,1279,2024-10-18,UPI,Returned
5315,1279,2023-12-31,Card,Cancelled
5316,1280,2024-06-26,UPI,Delivered
5317,1280,2024-10-22,Card,Delivered
5318,1280,2024-12-06,Card,Delivered
5319,1280,2024-07-21,NetBanking,Delivered
5320,1280,2024-11-18,UPI,Delivered
5321,1282,2024-06-13,UPI,Delivered
5322,1283,2024-06-28,UPI,Cancelled
5323,1283,2024-05-01,COD,Delivered
5324,1285,2024-07-22,UPI,Delivered
5325,1286,2024-09-04,UPI,Delivered
5326,1286,2024-09-24,COD,Delivered
5327,1286,2024-03-24,UPI,Delivered
5328,1286,2023-11-10,Card,Delivered
5329,1286,2024-05-26,Card,Delivered
5330,1286,2024-11-16,NetBanking,Delivered
5331,1286,2023-06-08,Card,Delivered
5332,1286,2023-10-03,COD,Delivered
5333,1286,2024-06-07,UPI,Delivered
5334,1286,2024-10-07,Card,Delivered
5335,1286,2024-05-23,Card,Delivered
5336,1286,2024-04-04,UPI,Delivered
5337,1286,2023-04-12,NetBanking,Delivered
5338,1287,2024-08-19,COD,Delivered
5339,1288,2024-05-23,Card,Delivered
5340,1288,2024-01-21,UPI,Delivered
5341,1288,2024-11-03,COD,Delivered
5342,1288,2023-09-08,Card,Returned
5343,1288,2023-08-02,COD,Delivered
5344,1288,2023-12-26,COD,Delivered
5345,1288,2024-12-18,COD,Delivered
5346,1288,2024-07-30,Card,Returned
5347,1288,2024-05-30,NetBanking,Delivered
5348,1288,2023-12-17,UPI,Returned
5349,1288,2023-11-04,COD,Delivered
5350,1288,2024-12-09,UPI,Delivered
5351,1288,2024-01-08,NetBanking,Delivered
5352,1288,2024-08-07,Card,Delivered
5353,1288,2024-10-06,UPI,Delivered
5354,1288,2024-06-29,Wallet,Delivered
5355,1288,2023-10-08,,Delivered
5356,1288,2023-11-01,NetBanking,Delivered
5357,1288,2023-05-22,COD,Delivered
5358,1288,2024-12-16,Card,Delivered
5359,1289,2023-03-31,UPI,Delivered
5360,1290,2024-02-20,UPI,Delivered
5361,1291,2024-11-27,UPI,Delivered
5362,1291,2024-10-09,NetBanking,Delivered
5363,1291,2024-11-08,UPI,Delivered
5364,1292,2024-11-09,UPI,Delivered
5365,1292,2024-06-25,UPI,Delivered
5366,1292,2024-11-17,Card,Delivered
5367,1292,2024-10-14,Card,Delivered
5368,1292,2024-09-12,COD,Delivered
5369,1292,2024-04-15,NetBanking,Delivered
5370,1292,2024-12-06,UPI,Delivered
5371,1292,2024-05-25,UPI,Delivered
5372,1292,2024-11-23,Card,Delivered
5373,1292,2024-10-27,UPI,Delivered
5374,1292,2024-05-01,UPI,Delivered
5375,1292,2024-09-26,COD,Delivered
5376,1293,2024-02-28,UPI,Delivered
5377,1293,2024-12-17,NetBanking,Delivered
5378,1293,2024-01-01,COD,Delivered
5379,1293,2024-09-13,UPI,Delivered
5380,1293,2023-10-30,UPI,Delivered
5381,1294,2023-11-10,UPI,Delivered
5382,1294,2023-01-03,UPI,Delivered
5383,1295,2024-12-20,COD,Delivered
5384,1295,2024-12-08,COD,Delivered
5385,1295,2024-07-25,UPI,Delivered
5386,1295,2024-09-11,UPI,Delivered
5387,1295,2024-08-28,Card,Delivered
5388,1295,2024-10-04,UPI,Delivered
5389,1295,2024-12-09,UPI,Delivered
5390,1297,2024-02-02,UPI,Delivered
5391,1297,2024-12-18,NetBanking,Delivered
5392,1297,2024-10-28,UPI,Delivered
5393,1297,2024-08-04,UPI,Delivered
5394,1297,2023-11-15,Card,Delivered
5395,1298,2024-06-10,UPI,Delivered
5396,1299,2024-06-15,UPI,Delivered
5397,1299,2024-05-09,Wallet,Delivered
5398,1300,2023-06-08,NetBanking,Delivered
5399,1300,2023-08-06,UPI,Cancelled
5400,1300,2024-11-06,UPI,Delivered
5401,1300,2024-05-30,NetBanking,Delivered
5402,1300,2024-12-22,UPI,Delivered
5403,1300,2024-03-11,Card,Delivered
5404,1301,2024-10-30,UPI,Delivered
5405,1301,2024-02-29,Card,Delivered
5406,1301,2024-09-27,UPI,Delivered
5407,1301,2024-10-01,Card,Delivered
5408,1301,2024-05-07,NetBanking,Delivered
5409,1301,2024-08-05,,Delivered
5410,1301,2024-02-17,COD,Delivered
5411,1302,2024-08-10,Card,Delivered
5412,1303,2024-11-07,UPI,Delivered
5413,1303,2024-03-21,NetBanking,Returned
5414,1303,2024-12-13,Wallet,Delivered
5415,1303,2024-06-05,UPI,Delivered
5416,1303,2024-10-11,Wallet,Delivered
5417,1303,2024-09-24,Wallet,Delivered
5418,1304,2024-12-09,UPI,Delivered
5419,1304,2024-05-26,Card,Delivered
5420,1304,2024-12-31,UPI,Delivered
5421,1304,2024-04-29,UPI,Delivered
5422,1304,2024-11-27,UPI,Delivered
5423,1304,2024-10-06,UPI,Delivered
5424,1305,2024-01-04,NetBanking,Delivered
5425,1305,2024-02-08,UPI,Delivered
5426,1305,2024-02-05,COD,Delivered
5427,1305,2024-11-13,NetBanking,Delivered
5428,1305,2024-05-21,Card,Delivered
5429,1305,2024-07-05,COD,Delivered
5430,1308,2023-11-24,Card,Delivered
5431,1309,2024-10-12,UPI,Delivered
5432,1311,2024-12-28,COD,Delivered
5433,1311,2024-11-07,Card,Delivered
5434,1311,2024-11-20,COD,Delivered
5435,1313,2024-08-06,UPI,Delivered
5436,1313,2024-08-29,Card,Delivered
5437,1314,2024-09-14,UPI,Delivered
5438,1314,2024-09-04,NetBanking,Delivered
5439,1314,2024-04-30,NetBanking,Delivered
5440,1314,2024-12-06,UPI,Delivered
5441,1314,2024-05-05,COD,Delivered
5442,1314,2024-12-26,UPI,Delivered
5443,1315,2024-05-08,COD,Delivered
5444,1315,2024-10-15,UPI,Returned
5445,1315,2024-06-14,Card,Delivered
5446,1316,2024-03-20,Card,Delivered
5447,1317,2024-05-01,COD,Delivered
5448,1318,2024-04-28,UPI,Delivered
5449,1318,2024-08-14,NetBanking,Delivered
5450,1318,2024-06-29,UPI,Returned
5451,1318,2024-10-11,UPI,Cancelled
5452,1318,2024-07-25,UPI,Delivered
5453,1318,2024-11-01,UPI,Delivered
5454,1318,2023-12-17,Card,Delivered
5455,1318,2024-05-31,UPI,Delivered
5456,1318,2023-11-19,Card,Delivered
5457,1318,2023-12-23,Wallet,Cancelled
5458,1318,2024-04-10,COD,Cancelled
5459,1318,2024-11-28,Card,Delivered
5460,1318,2024-05-04,COD,Delivered
5461,1319,2024-02-11,UPI,Delivered
5462,1319,2023-11-09,UPI,Delivered
5463,1319,2024-08-01,NetBanking,Delivered
5464,1319,2024-11-19,Wallet,Delivered
5465,1320,2023-09-12,NetBanking,Delivered
5466,1320,2024-06-20,Card,Returned
5467,1320,2023-09-24,COD,Delivered
5468,1320,2024-05-06,UPI,Delivered
5469,1320,2023-09-21,Card,Delivered
5470,1320,2024-07-10,Card,Delivered
5471,1320,2024-03-25,Card,Delivered
5472,1320,2024-05-24,UPI,Delivered
5473,1321,2023-10-24,Card,Delivered
5474,1321,2023-12-03,UPI,Delivered
5475,1321,2024-11-01,COD,Delivered
5476,1321,2023-12-16,Card,Delivered
5477,1321,2023-09-12,Card,Delivered
5478,1321,2024-02-22,NetBanking,Delivered
5479,1321,2023-07-27,Wallet,Delivered
5480,1322,2024-11-29,COD,Delivered
5481,1322,2024-12-28,Card,Delivered
5482,1322,2024-10-27,Card,Cancelled
5483,1322,2024-10-18,Card,Delivered
5484,1322,2024-04-02,COD,Delivered
5485,1322,2024-02-13,COD,Delivered
5486,1322,2024-06-25,UPI,Delivered
5487,1322,2023-06-13,Card,Delivered
5488,1323,2024-04-18,COD,Delivered
5489,1323,2024-06-07,UPI,Delivered
5490,1323,2024-10-27,UPI,Delivered
5491,1323,2024-11-26,COD,Cancelled
5492,1323,2023-10-29,NetBanking,Delivered
5493,1323,2024-10-05,UPI,Delivered
5494,1323,2024-11-18,NetBanking,Delivered
5495,1324,2024-10-16,NetBanking,Delivered
5496,1324,2024-06-11,UPI,Delivered
5497,1324,2024-06-11,UPI,Delivered
5498,1324,2024-07-12,Card,Delivered
5499,1324,2024-10-01,COD,Delivered
5500,1324,2024-11-27,Card,Delivered
5501,1324,2024-09-28,COD,Delivered
5502,1324,2024-11-16,UPI,Delivered
5503,1324,2024-12-22,UPI,Delivered
5504,1324,2024-11-08,COD,Delivered
5505,1324,2024-10-21,Card,Delivered
5506,1325,2024-11-23,Card,Delivered
5507,1325,2024-12-29,COD,Delivered
5508,1325,2024-11-14,UPI,Returned
5509,1325,2024-05-25,Card,Delivered
5510,1326,2023-07-12,NetBanking,Delivered
5511,1326,2024-10-12,NetBanking,Delivered
5512,1326,2024-01-22,UPI,Delivered
5513,1326,2024-02-15,Card,Returned
5514,1326,2023-11-04,UPI,Delivered
5515,1327,2024-09-11,UPI,Delivered
5516,1327,2024-02-22,UPI,Delivered
5517,1327,2024-10-02,Card,Delivered
5518,1327,2024-12-31,Wallet,Delivered
5519,1327,2024-10-07,UPI,Delivered
5520,1327,2024-04-08,Wallet,Delivered
5521,1327,2024-03-07,Card,Delivered
5522,1327,2024-06-06,UPI,Delivered
5523,1327,2024-03-11,UPI,Delivered
5524,1327,2024-09-02,Card,Delivered
5525,1328,2024-06-03,UPI,Delivered
5526,1328,2023-11-11,COD,Delivered
5527,1328,2023-07-01,UPI,Delivered
5528,1328,2024-01-08,COD,Delivered
5529,1328,2023-09-28,UPI,Returned
5530,1329,2024-08-23,Card,Delivered
5531,1329,2024-09-29,Card,Delivered
5532,1329,2024-11-17,COD,Delivered
5533,1329,2024-07-02,Card,Delivered
5534,1329,2024-12-17,Card,Delivered
5535,1329,2024-09-14,NetBanking,Delivered
5536,1329,2024-11-25,NetBanking,Returned
5537,1329,2024-02-08,NetBanking,Delivered
5538,1330,2023-12-10,UPI,Delivered
5539,1330,2024-10-01,COD,Delivered
5540,1330,2023-11-12,Card,Delivered
5541,1330,2024-10-16,COD,Delivered
5542,1331,2023-10-25,Card,Returned
5543,1331,2024-07-05,UPI,Delivered
5544,1331,2024-11-02,UPI,Returned
5545,1331,2024-01-03,Card,Delivered
5546,1331,2024-11-11,Card,Delivered
5547,1331,2024-01-24,Card,Delivered
5548,1332,2024-03-05,NetBanking,Delivered
5549,1332,2024-12-20,NetBanking,Delivered
5550,1332,2024-09-05,COD,Delivered
5551,1333,2024-04-01,Card,Delivered
5552,1333,2024-10-23,COD,Delivered
5553,1333,2024-12-27,NetBanking,Delivered
5554,1335,2024-07-05,Card,Delivered
5555,1335,2024-02-19,Card,Delivered
5556,1335,2024-10-27,UPI,Delivered
5557,1335,2024-05-17,UPI,Delivered
5558,1335,2024-09-17,COD,Delivered
5559,1335,2024-11-16,NetBanking,Delivered
5560,1336,2024-08-02,COD,Delivered
5561,1336,2024-10-26,UPI,Delivered
5562,1336,2024-09-11,COD,Delivered
5563,1336,2024-11-07,Card,Delivered
5564,1336,2024-08-31,UPI,Delivered
5565,1337,2024-05-12,UPI,Returned
5566,1337,2024-07-15,COD,Delivered
5567,1338,2024-09-23,NetBanking,Returned
5568,1338,2024-09-02,UPI,Delivered
5569,1338,2023-12-12,UPI,Delivered
5570,1338,2023-06-15,Card,Delivered
5571,1338,2024-09-30,COD,Cancelled
5572,1339,2024-06-20,UPI,Cancelled
5573,1339,2024-08-19,Card,Delivered
5574,1339,2024-07-15,UPI,Delivered
5575,1339,2024-09-23,Card,Delivered
5576,1339,2024-10-05,UPI,Delivered
5577,1339,2024-12-30,UPI,Delivered
5578,1339,2024-10-02,UPI,Delivered
5579,1339,2024-10-29,Card,Returned
5580,1339,2024-04-01,COD,Delivered
5581,1339,2024-11-04,UPI,Delivered
5582,1340,2024-10-13,COD,Returned
5583,1340,2023-08-21,UPI,Delivered
5584,1340,2024-05-19,COD,Cancelled
5585,1340,2023-09-18,UPI,Delivered
5586,1340,2023-11-28,COD,Delivered
5587,1340,2024-09-09,COD,Delivered
5588,1341,2024-08-24,UPI,Delivered
5589,1341,2024-09-17,NetBanking,Delivered
5590,1341,2024-06-30,UPI,Delivered
5591,1341,2023-12-16,UPI,Delivered
5592,1341,2024-01-15,UPI,Returned
5593,1341,2024-06-01,UPI,Returned
5594,1341,2023-12-24,NetBanking,Delivered
5595,1341,2024-04-27,Card,Delivered
5596,1341,2023-12-02,UPI,Cancelled
5597,1342,2023-10-08,Card,Returned
5598,1342,2023-03-29,COD,Returned
5599,1343,2023-09-10,Wallet,Delivered
5600,1343,2024-10-13,Card,Cancelled
5601,1343,2024-02-11,UPI,Delivered
5602,1344,2024-05-10,UPI,Returned
5603,1344,2024-11-15,NetBanking,Delivered
5604,1344,2024-08-30,COD,Delivered
5605,1345,2024-07-05,UPI,Delivered
5606,1345,2024-06-29,COD,Delivered
5607,1345,2024-11-29,UPI,Delivered
5608,1345,2023-06-07,UPI,Delivered
5609,1345,2024-01-26,UPI,Delivered
5610,1346,2024-11-04,Wallet,Delivered
5611,1346,2024-08-27,UPI,Delivered
5612,1346,2024-09-18,UPI,Delivered
5613,1347,2024-10-19,COD,Delivered
5614,1347,2024-10-11,Card,Delivered
5615,1347,2024-10-14,Card,Delivered
5616,1347,2024-12-17,NetBanking,Delivered
5617,1348,2024-09-08,UPI,Delivered
5618,1348,2024-11-18,Card,Returned
5619,1348,2024-05-26,UPI,Delivered
5620,1348,2024-09-13,NetBanking,Delivered
5621,1348,2024-05-05,UPI,Cancelled
5622,1349,2024-09-17,Card,Delivered
5623,1349,2024-03-10,COD,Delivered
5624,1350,2024-03-29,NetBanking,Delivered
5625,1350,2024-11-02,UPI,Delivered
5626,1351,2023-02-19,UPI,Delivered
5627,1351,2024-07-10,Card,Delivered
5628,1351,2023-10-27,UPI,Delivered
5629,1351,2024-10-21,UPI,Delivered
5630,1351,2023-04-19,Card,Delivered
5631,1352,2024-02-26,Card,Delivered
5632,1352,2024-02-03,Card,Delivered
5633,1353,2024-06-01,COD,Delivered
5634,1353,2024-08-26,UPI,Delivered
5635,1353,2024-03-01,Card,Delivered
5636,1353,2024-01-11,UPI,Delivered
5637,1353,2023-12-11,Card,Delivered
5638,1353,2024-03-03,Card,Returned
5639,1353,2023-12-22,UPI,Delivered
5640,1353,2024-10-07,Card,Delivered
5641,1354,2024-11-23,UPI,Delivered
5642,1354,2024-06-13,UPI,Delivered
5643,1354,2024-09-07,Card,Delivered
5644,1354,2024-11-24,NetBanking,Delivered
5645,1354,2024-11-21,COD,Delivered
5646,1354,2024-10-22,Card,Delivered
5647,1355,2023-11-17,UPI,Delivered
5648,1355,2024-10-19,UPI,Delivered
5649,1355,2023-12-22,UPI,Delivered
5650,1355,2024-06-15,Card,Returned
5651,1355,2024-04-12,UPI,Returned
5652,1357,2023-11-12,,Delivered
5653,1357,2023-10-11,UPI,Delivered
5654,1357,2023-11-19,COD,Delivered
5655,1357,2023-11-26,Card,Delivered
5656,1357,2024-11-02,UPI,Delivered
5657,1358,2023-03-28,Card,Delivered
5658,1358,2024-07-22,Card,Delivered
5659,1358,2024-05-04,Wallet,Delivered
5660,1359,2024-10-30,UPI,Delivered
5661,1359,2024-12-23,COD,Delivered
5662,1360,2023-08-22,COD,Delivered
5663,1360,2024-07-26,COD,Delivered
5664,1360,2023-07-20,COD,Delivered
5665,1360,2023-11-06,Card,Delivered
5666,1360,2023-10-11,COD,Delivered
5667,1360,2023-12-25,UPI,Delivered
5668,1361,2024-08-28,,Delivered
5669,1361,2024-05-27,COD,Delivered
5670,1361,2024-08-31,UPI,Delivered
5671,1361,2024-05-10,UPI,Delivered
5672,1361,2024-08-02,NetBanking,Delivered
5673,1361,2023-06-20,Card,Delivered
5674,1361,2023-10-15,COD,Delivered
5675,1361,2024-03-17,NetBanking,Delivered
5676,1361,2023-03-01,UPI,Returned
5677,1362,2023-08-27,UPI,Delivered
5678,1362,2023-06-22,NetBanking,Delivered
5679,1362,2024-08-02,Card,Delivered
5680,1363,2023-08-11,COD,Delivered
5681,1363,2024-09-02,UPI,Cancelled
5682,1364,2024-10-15,UPI,Delivered
5683,1364,2024-04-27,UPI,Delivered
5684,1364,2023-04-21,UPI,Delivered
5685,1364,2024-10-06,UPI,Delivered
5686,1365,2024-01-07,NetBanking,Delivered
5687,1365,2024-11-30,NetBanking,Delivered
5688,1365,2024-01-09,,Delivered
5689,1365,2024-09-10,UPI,Delivered
5690,1365,2024-10-23,Card,Cancelled
5691,1366,2023-02-04,UPI,Delivered
5692,1366,2024-09-21,UPI,Delivered
5693,1366,2024-11-10,UPI,Delivered
5694,1367,2024-11-16,COD,Delivered
5695,1368,2024-03-02,UPI,Delivered
5696,1369,2024-11-26,Card,Delivered
5697,1369,2024-06-29,COD,Delivered
5698,1369,2024-07-01,Card,Delivered
5699,1369,2024-08-11,UPI,Delivered
5700,1369,2024-11-01,NetBanking,Delivered
5701,1370,2024-09-22,Card,Delivered
5702,1370,2024-09-17,UPI,Delivered
5703,1371,2024-08-17,COD,Delivered
5704,1371,2024-12-19,Card,Delivered
5705,1371,2024-11-07,COD,Delivered
5706,1371,2024-10-02,COD,Delivered
5707,1372,2023-09-12,UPI,Delivered
5708,1372,2024-02-23,COD,Delivered
5709,1373,2024-07-08,Card,Delivered
5710,1373,2023-12-07,COD,Delivered
5711,1373,2023-09-25,UPI,Delivered
5712,1373,2024-05-27,UPI,Delivered
5713,1373,2024-05-15,UPI,Delivered
5714,1373,2024-08-07,COD,Delivered
5715,1374,2024-12-31,UPI,Delivered
5716,1374,2023-08-24,Card,Delivered
5717,1374,2024-04-26,,Delivered
5718,1374,2024-02-02,Wallet,Delivered
5719,1374,2024-10-05,Wallet,Delivered
5720,1374,2024-09-16,COD,Delivered
5721,1374,2024-07-16,Card,Delivered
5722,1374,2023-09-25,UPI,Delivered
5723,1374,2023-11-25,UPI,Delivered
5724,1374,2023-10-04,UPI,Delivered
5725,1374,2024-12-22,UPI,Delivered
5726,1375,2024-11-14,Card,Delivered
5727,1375,2024-11-07,Card,Delivered
5728,1375,2024-07-13,Wallet,Returned
5729,1375,2024-12-17,UPI,Delivered
5730,1376,2024-06-01,NetBanking,Delivered
5731,1376,2024-08-30,COD,Delivered
5732,1376,2024-11-30,COD,Delivered
5733,1376,2024-07-13,UPI,Delivered
5734,1376,2024-09-04,Card,Delivered
5735,1377,2024-10-05,Card,Delivered
5736,1378,2024-11-09,COD,Delivered
5737,1378,2024-10-25,Card,Delivered
5738,1378,2024-06-08,Wallet,Delivered
5739,1378,2024-03-05,UPI,Delivered
5740,1379,2024-09-04,UPI,Delivered
5741,1379,2023-11-11,COD,Delivered
5742,1380,2024-12-20,,Delivered
5743,1380,2024-06-06,UPI,Delivered
5744,1380,2024-12-17,UPI,Delivered
5745,1380,2023-11-27,COD,Delivered
5746,1380,2024-07-28,COD,Delivered
5747,1380,2024-06-06,Card,Delivered
5748,1380,2023-10-20,UPI,Delivered
5749,1380,2023-12-23,,Delivered
5750,1380,2023-12-08,UPI,Delivered
5751,1380,2023-11-08,UPI,Delivered
5752,1380,2024-12-12,Card,Delivered
5753,1380,2024-12-18,UPI,Delivered
5754,1380,2024-11-22,COD,Delivered
5755,1381,2024-08-19,COD,Delivered
5756,1382,2024-02-21,Wallet,Delivered
5757,1382,2024-12-07,NetBanking,Delivered
5758,1382,2024-03-12,UPI,Returned
5759,1382,2024-12-13,UPI,Delivered
5760,1382,2024-10-25,Card,Cancelled
5761,1382,2024-11-12,COD,Delivered
5762,1382,2024-09-15,UPI,Returned
5763,1382,2024-06-01,Wallet,Returned
5764,1382,2024-04-15,COD,Delivered
5765,1382,2024-04-28,NetBanking,Delivered
5766,1384,2024-05-18,COD,Cancelled
5767,1384,2024-10-01,NetBanking,Delivered
5768,1384,2024-12-04,COD,Delivered
5769,1384,2024-08-15,Card,Delivered
5770,1384,2024-12-14,COD,Delivered
5771,1384,2024-05-02,NetBanking,Delivered
5772,1384,2024-09-14,NetBanking,Delivered
5773,1384,2024-06-11,NetBanking,Delivered
5774,1384,2024-08-03,COD,Delivered
5775,1384,2024-05-05,Card,Delivered
5776,1384,2024-05-09,Card,Delivered
5777,1384,2024-11-04,UPI,Delivered
5778,1384,2024-10-24,Card,Delivered
5779,1384,2024-06-30,,Delivered
5780,1384,2024-12-10,UPI,Delivered
5781,1384,2024-10-31,UPI,Delivered
5782,1384,2024-08-09,Card,Delivered
5783,1384,2024-08-30,UPI,Delivered
5784,1385,2023-12-10,NetBanking,Delivered
5785,1385,2024-02-14,NetBanking,Delivered
5786,1386,2024-11-10,COD,Delivered
5787,1386,2024-10-19,Card,Delivered
5788,1386,2023-09-14,Wallet,Delivered
5789,1386,2024-11-28,UPI,Delivered
5790,1386,2024-08-09,Card,Delivered
5791,1386,2024-09-21,COD,Delivered
5792,1386,2024-02-04,COD,Returned
5793,1387,2024-04-04,COD,Delivered
5794,1387,2024-10-06,UPI,Delivered
5795,1388,2023-10-05,COD,Delivered
5796,1388,2023-12-13,UPI,Delivered
5797,1388,2024-06-08,Card,Delivered
5798,1388,2024-10-05,UPI,Delivered
5799,1388,2024-12-12,UPI,Delivered
5800,1388,2024-06-07,Card,Delivered
5801,1388,2024-08-31,COD,Returned
5802,1388,2024-06-22,Card,Delivered
5803,1388,2024-02-13,NetBanking,Delivered
5804,1389,2024-05-25,Card,Delivered
5805,1389,2024-09-28,UPI,Delivered
5806,1390,2024-08-28,UPI,Delivered
5807,1390,2024-11-18,COD,Delivered
5808,1390,2024-12-19,NetBanking,Delivered
5809,1390,2024-06-19,,Delivered
5810,1390,2024-09-22,COD,Delivered
5811,1391,2024-07-19,Card,Delivered
5812,1391,2023-07-06,Card,Delivered
5813,1391,2024-12-03,NetBanking,Delivered
5814,1392,2024-05-22,Card,Returned
5815,1392,2024-12-20,COD,Cancelled
5816,1393,2024-12-04,,Returned
5817,1393,2024-08-30,UPI,Delivered
5818,1393,2024-10-16,Card,Delivered
5819,1393,2024-08-14,UPI,Delivered
5820,1393,2024-10-13,Wallet,Delivered
5821,1394,2024-11-28,UPI,Delivered
5822,1394,2024-02-27,UPI,Delivered
5823,1394,2024-02-16,COD,Delivered
5824,1395,2023-05-08,UPI,Delivered
5825,1396,2024-07-08,COD,Delivered
5826,1396,2024-03-03,COD,Delivered
5827,1396,2024-11-01,Card,Delivered
5828,1397,2024-05-12,Card,Cancelled
5829,1397,2023-12-07,COD,Delivered
5830,1398,2024-10-26,UPI,Cancelled
5831,1398,2024-07-29,COD,Delivered
5832,1399,2024-11-30,Card,Delivered
5833,1399,2024-07-26,COD,Delivered
5834,1400,2023-09-20,COD,Cancelled
5835,1401,2024-08-14,Card,Returned
5836,1401,2024-11-11,COD,Delivered
5837,1401,2024-09-06,UPI,Delivered
5838,1401,2024-12-26,UPI,Delivered
5839,1402,2023-09-21,Card,Delivered
5840,1402,2024-10-08,COD,Delivered
5841,1402,2023-12-09,UPI,Delivered
5842,1402,2024-09-27,COD,Delivered
5843,1403,2023-11-12,UPI,Delivered
5844,1403,2023-06-27,UPI,Delivered
5845,1403,2023-10-18,UPI,Delivered
5846,1403,2024-10-07,UPI,Delivered
5847,1403,2023-11-13,Card,Delivered
5848,1403,2023-06-20,Card,Delivered
5849,1404,2023-11-30,UPI,Delivered
5850,1404,2024-07-30,NetBanking,Delivered
5851,1404,2024-11-18,COD,Delivered
5852,1404,2023-08-03,Card,Delivered
5853,1404,2024-11-05,NetBanking,Delivered
5854,1404,2023-10-26,UPI,Delivered
5855,1404,2024-11-02,Card,Delivered
5856,1404,2024-11-13,Card,Delivered
5857,1404,2024-09-26,NetBanking,Returned
5858,1404,2024-11-26,Card,Delivered
5859,1405,2023-06-22,UPI,Returned
5860,1406,2023-07-29,UPI,Delivered
5861,1406,2024-04-24,UPI,Delivered
5862,1406,2023-10-14,UPI,Delivered
5863,1406,2024-09-25,COD,Delivered
5864,1406,2023-12-07,COD,Delivered
5865,1407,2024-10-26,UPI,Delivered
5866,1407,2024-08-17,UPI,Delivered
5867,1407,2023-10-14,UPI,Delivered
5868,1407,2024-08-04,,Delivered
5869,1407,2023-12-16,Card,Returned
5870,1407,2023-08-13,Card,Delivered
5871,1408,2024-05-28,COD,Delivered
5872,1410,2023-10-18,Card,Delivered
5873,1411,2024-07-23,COD,Delivered
5874,1411,2024-11-30,Wallet,Delivered
5875,1411,2024-03-17,COD,Delivered
5876,1411,2024-01-07,Card,Delivered
5877,1411,2023-05-14,COD,Delivered
5878,1411,2024-08-15,Card,Delivered
5879,1411,2024-11-14,NetBanking,Delivered
5880,1411,2024-12-20,Card,Delivered
5881,1411,2023-07-19,NetBanking,Delivered
5882,1412,2024-08-17,Card,Returned
5883,1412,2024-06-09,UPI,Delivered
5884,1413,2024-09-07,COD,Delivered
5885,1413,2024-10-14,UPI,Delivered
5886,1413,2023-06-12,Wallet,Returned
5887,1414,2024-12-15,NetBanking,Cancelled
5888,1414,2024-09-14,UPI,Cancelled
5889,1414,2024-05-21,NetBanking,Delivered
5890,1414,2024-11-10,,Delivered
5891,1414,2024-09-26,UPI,Delivered
5892,1415,2024-03-27,NetBanking,Delivered
5893,1415,2024-04-29,COD,Delivered
5894,1415,2024-12-25,UPI,Delivered
5895,1415,2024-06-07,Card,Delivered
5896,1415,2024-04-30,NetBanking,Delivered
5897,1415,2024-06-13,Card,Delivered
5898,1416,2024-05-19,Card,Delivered
5899,1416,2024-05-10,COD,Delivered
5900,1416,2024-10-30,COD,Delivered
5901,1416,2024-10-21,UPI,Delivered
5902,1416,2024-09-10,COD,Delivered
5903,1416,2024-07-20,Card,Delivered
5904,1416,2024-12-02,Wallet,Delivered
5905,1416,2024-12-01,Card,Delivered
5906,1416,2024-09-30,UPI,Delivered
5907,1416,2024-10-13,UPI,Delivered
5908,1416,2024-11-12,COD,Delivered
5909,1416,2024-10-27,Card,Delivered
5910,1417,2024-11-17,NetBanking,Delivered
5911,1417,2024-03-08,NetBanking,Delivered
5912,1417,2024-12-26,UPI,Delivered
5913,1417,2024-12-26,Wallet,Delivered
5914,1417,2024-12-22,COD,Delivered
5915,1417,2024-09-06,UPI,Delivered
5916,1417,2024-11-12,UPI,Delivered
5917,1418,2024-07-28,COD,Returned
5918,1418,2024-10-16,UPI,Delivered
5919,1418,2024-04-11,UPI,Delivered
5920,1418,2024-03-12,Card,Delivered
5921,1418,2024-06-07,Wallet,Delivered
5922,1418,2024-11-22,NetBanking,Delivered
5923,1418,2024-03-17,UPI,Cancelled
5924,1418,2024-11-02,COD,Delivered
5925,1418,2024-07-13,UPI,Delivered
5926,1419,2024-06-23,NetBanking,Delivered
5927,1420,2024-12-03,COD,Delivered
5928,1420,2024-10-06,UPI,Delivered
5929,1420,2024-01-05,Wallet,Delivered
5930,1421,2024-11-12,UPI,Returned
5931,1421,2024-10-08,UPI,Delivered
5932,1422,2024-10-31,UPI,Delivered
5933,1422,2024-12-31,UPI,Returned
5934,1422,2024-08-05,UPI,Delivered
5935,1423,2023-12-13,Wallet,Delivered
5936,1423,2024-08-26,Card,Cancelled
5937,1423,2023-11-22,COD,Delivered
5938,1423,2024-06-29,UPI,Delivered
5939,1424,2024-03-22,UPI,Delivered
5940,1424,2024-12-08,Card,Delivered
5941,1424,2024-09-19,COD,Delivered
5942,1425,2024-01-29,,Delivered
5943,1426,2024-05-01,Card,Returned
5944,1427,2024-04-09,UPI,Delivered
5945,1427,2024-08-01,Card,Delivered
5946,1429,2024-02-09,Card,Delivered
5947,1429,2023-06-14,UPI,Delivered
5948,1429,2023-10-23,Card,Delivered
5949,1429,2024-12-25,Wallet,Delivered
5950,1429,2024-11-27,UPI,Delivered
5951,1430,2024-12-09,UPI,Delivered
5952,1431,2024-07-30,Card,Delivered
5953,1431,2023-12-12,COD,Delivered
5954,1431,2024-12-02,Card,Delivered
5955,1431,2024-07-21,UPI,Delivered
5956,1431,2024-03-15,COD,Returned
5957,1431,2024-09-20,Card,Delivered
5958,1431,2023-11-28,COD,Cancelled
5959,1431,2023-10-19,UPI,Delivered
5960,1431,2023-10-18,Wallet,Delivered
5961,1431,2024-06-30,UPI,Delivered
5962,1431,2024-11-18,Wallet,Delivered
5963,1433,2023-05-18,UPI,Delivered
5964,1433,2023-10-12,UPI,Delivered
5965,1433,2024-11-22,UPI,Delivered
5966,1433,2024-04-24,COD,Delivered
5967,1433,2023-11-11,COD,Delivered
5968,1433,2023-09-29,Card,Delivered
5969,1433,2023-06-26,NetBanking,Delivered
5970,1433,2024-08-26,UPI,Delivered
5971,1433,2023-12-14,UPI,Delivered
5972,1433,2024-11-28,UPI,Delivered
5973,1433,2024-01-09,Card,Delivered
5974,1433,2024-10-06,UPI,Delivered
5975,1434,2024-04-01,UPI,Delivered
5976,1434,2024-06-28,UPI,Delivered
5977,1434,2024-07-05,Card,Delivered
5978,1435,2024-11-24,UPI,Delivered
5979,1436,2023-10-26,UPI,Cancelled
5980,1436,2024-06-15,COD,Delivered
5981,1438,2024-06-08,UPI,Delivered
5982,1438,2024-07-23,UPI,Delivered
5983,1438,2024-07-08,Card,Delivered
5984,1438,2024-01-31,Wallet,Delivered
5985,1438,2024-04-28,COD,Delivered
5986,1438,2024-02-14,COD,Delivered
5987,1438,2024-09-07,COD,Delivered
5988,1438,2024-06-23,UPI,Delivered
5989,1438,2024-10-02,Card,Delivered
5990,1439,2023-10-06,COD,Delivered
5991,1439,2023-12-26,UPI,Delivered
5992,1439,2023-11-23,Wallet,Delivered
5993,1440,2024-07-05,COD,Delivered
5994,1440,2024-07-08,Card,Delivered
5995,1440,2024-09-02,Card,Delivered
5996,1440,2024-10-19,COD,Delivered
5997,1440,2024-12-07,Wallet,Returned
5998,1441,2024-10-10,UPI,Delivered
5999,1441,2024-05-15,UPI,Delivered
6000,1441,2024-12-10,Card,Returned
6001,1441,2024-12-14,UPI,Delivered
6002,1441,2024-04-05,UPI,Delivered
6003,1441,2024-05-09,Card,Delivered
6004,1441,2024-05-14,Card,Delivered
6005,1442,2023-10-11,UPI,Delivered
6006,1442,2023-12-26,Card,Delivered
6007,1442,2024-05-09,Card,Delivered
6008,1442,2024-06-13,UPI,Delivered
6009,1442,2024-10-31,UPI,Delivered
6010,1443,2024-08-06,UPI,Delivered
6011,1443,2024-10-13,UPI,Delivered
6012,1443,2024-12-06,UPI,Delivered
6013,1443,2024-12-22,Card,Delivered
6014,1443,2024-10-16,Wallet,Delivered
6015,1443,2024-12-02,UPI,Delivered
6016,1443,2024-11-22,COD,Delivered
6017,1444,2024-12-14,UPI,Delivered
6018,1444,2024-10-22,COD,Delivered
6019,1444,2024-09-26,Card,Delivered
6020,1444,2024-01-11,Wallet,Delivered
6021,1444,2024-04-24,,Delivered
6022,1444,2024-11-07,Card,Delivered
6023,1444,2024-12-04,UPI,Delivered
6024,1444,2024-12-30,COD,Delivered
6025,1444,2024-09-17,Wallet,Delivered
6026,1444,2024-09-15,UPI,Delivered
6027,1445,2024-05-01,UPI,Delivered
6028,1445,2024-07-08,Wallet,Delivered
6029,1445,2024-09-10,COD,Delivered
6030,1445,2024-07-16,UPI,Delivered
6031,1445,2024-03-24,UPI,Delivered
6032,1446,2023-04-12,COD,Delivered
6033,1446,2023-06-22,NetBanking,Delivered
6034,1446,2024-08-12,UPI,Delivered
6035,1446,2024-05-21,UPI,Delivered
6036,1446,2024-07-22,UPI,Delivered
6037,1446,2023-10-22,NetBanking,Delivered
6038,1447,2024-11-08,NetBanking,Delivered
6039,1447,2024-05-30,Card,Delivered
6040,1447,2024-10-01,Card,Delivered
6041,1447,2024-09-15,Card,Delivered
6042,1450,2023-12-13,Card,Delivered
6043,1450,2024-10-29,COD,Delivered
6044,1450,2023-05-31,COD,Delivered
6045,1450,2023-08-14,COD,Delivered
6046,1450,2024-06-11,Wallet,Delivered
6047,1450,2024-04-02,UPI,Delivered
6048,1450,2024-11-17,COD,Delivered
6049,1450,2023-03-21,NetBanking,Delivered
6050,1451,2024-09-30,UPI,Delivered
6051,1451,2023-09-21,UPI,Delivered
6052,1451,2023-10-21,UPI,Delivered
6053,1452,2024-11-05,NetBanking,Delivered
6054,1452,2024-09-09,Card,Delivered
6055,1453,2023-11-22,Card,Delivered
6056,1454,2023-06-18,Card,Delivered
6057,1454,2024-12-29,Card,Delivered
6058,1454,2024-10-21,UPI,Delivered
6059,1454,2023-11-23,UPI,Delivered
6060,1454,2023-12-23,UPI,Delivered
6061,1454,2024-12-13,Wallet,Delivered
6062,1454,2024-11-29,COD,Delivered
6063,1454,2023-12-21,UPI,Cancelled
6064,1454,2023-06-23,UPI,Delivered
6065,1454,2024-12-25,Card,Delivered
6066,1455,2024-05-17,COD,Delivered
6067,1455,2024-09-05,UPI,Delivered
6068,1455,2024-08-30,UPI,Delivered
6069,1455,2024-12-21,Card,Delivered
6070,1455,2024-07-24,Card,Delivered
6071,1456,2024-04-21,Card,Delivered
6072,1456,2023-09-21,UPI,Delivered
6073,1456,2024-11-11,Card,Delivered
6074,1456,2024-02-12,COD,Delivered
6075,1456,2024-09-04,UPI,Delivered
6076,1456,2024-10-16,UPI,Returned
6077,1456,2024-10-30,Card,Delivered
6078,1457,2024-07-30,COD,Delivered
6079,1457,2024-11-01,UPI,Returned
6080,1457,2024-10-30,UPI,Delivered
6081,1457,2024-11-28,UPI,Delivered
6082,1459,2023-10-09,COD,Delivered
6083,1459,2023-07-04,Wallet,Delivered
6084,1459,2024-03-16,Card,Delivered
6085,1459,2024-01-08,UPI,Returned
6086,1459,2023-06-14,Card,Delivered
6087,1460,2024-10-04,Wallet,Delivered
6088,1460,2024-03-26,COD,Delivered
6089,1460,2023-12-18,UPI,Delivered
6090,1460,2024-05-21,Card,Delivered
6091,1460,2024-03-02,UPI,Delivered
6092,1461,2024-11-10,UPI,Delivered
6093,1461,2024-11-25,COD,Delivered
6094,1462,2023-10-07,COD,Delivered
6095,1462,2024-05-09,Card,Delivered
6096,1462,2023-06-28,Card,Delivered
6097,1462,2023-09-26,UPI,Delivered
6098,1462,2023-12-28,NetBanking,Delivered
6099,1462,2024-06-21,UPI,Delivered
6100,1462,2023-10-01,UPI,Returned
6101,1462,2024-05-19,NetBanking,Returned
6102,1462,2024-07-18,Card,Delivered
6103,1463,2024-02-10,UPI,Delivered
6104,1463,2024-10-23,COD,Returned
6105,1463,2024-10-01,Card,Delivered
6106,1463,2024-11-07,COD,Delivered
6107,1464,2023-12-13,Card,Delivered
6108,1464,2024-09-05,NetBanking,Delivered
6109,1464,2023-02-01,COD,Delivered
6110,1464,2024-09-19,COD,Delivered
6111,1465,2024-10-23,NetBanking,Delivered
6112,1465,2024-11-21,UPI,Delivered
6113,1465,2024-07-03,UPI,Delivered
6114,1465,2024-10-19,UPI,Delivered
6115,1466,2024-10-13,UPI,Delivered
6116,1466,2024-07-12,Card,Delivered
6117,1466,2023-08-21,UPI,Delivered
6118,1466,2024-07-19,COD,Delivered
6119,1466,2023-03-22,Wallet,Delivered
6120,1466,2023-09-01,Card,Delivered
6121,1466,2023-10-03,Card,Delivered
6122,1466,2024-11-05,Wallet,Delivered
6123,1466,2024-11-17,UPI,Delivered
6124,1466,2023-09-24,UPI,Delivered
6125,1466,2024-01-08,Wallet,Delivered
6126,1466,2024-12-21,UPI,Cancelled
6127,1466,2024-06-13,NetBanking,Delivered
6128,1466,2023-04-27,Card,Delivered
6129,1466,2023-11-22,Card,Cancelled
6130,1466,2023-12-06,COD,Delivered
6131,1466,2023-10-13,Wallet,Delivered
6132,1466,2024-02-18,UPI,Delivered
6133,1466,2024-08-08,UPI,Delivered
6134,1466,2024-07-03,UPI,Delivered
6135,1466,2023-11-04,Card,Delivered
6136,1466,2024-08-08,UPI,Delivered
6137,1466,2024-03-02,UPI,Delivered
6138,1466,2024-09-01,Card,Cancelled
6139,1466,2023-05-29,COD,Delivered
6140,1467,2024-10-24,Wallet,Delivered
6141,1467,2024-11-17,UPI,Delivered
6142,1467,2024-10-18,Wallet,Delivered
6143,1467,2024-02-27,UPI,Delivered
6144,1467,2024-11-16,NetBanking,Delivered
6145,1468,2023-11-28,COD,Delivered
6146,1469,2024-03-19,Card,Delivered
6147,1469,2024-11-16,Wallet,Delivered
6148,1469,2024-04-05,UPI,Delivered
6149,1470,2023-12-22,COD,Cancelled
6150,1470,2024-04-06,COD,Delivered
6151,1470,2023-04-29,UPI,Delivered
6152,1471,2024-05-15,UPI,Delivered
6153,1471,2024-09-20,Card,Delivered
6154,1471,2024-11-21,UPI,Delivered
6155,1471,2024-10-01,NetBanking,Delivered
6156,1471,2024-07-28,UPI,Delivered
6157,1471,2024-05-03,Card,Delivered
6158,1471,2024-12-18,Card,Delivered
6159,1474,2023-06-30,Card,Delivered
6160,1474,2023-04-30,UPI,Delivered
6161,1474,2023-05-05,Card,Delivered
6162,1474,2023-12-15,NetBanking,Returned
6163,1475,2024-08-01,UPI,Delivered
6164,1476,2024-06-13,UPI,Delivered
6165,1476,2023-06-18,NetBanking,Delivered
6166,1476,2023-11-07,NetBanking,Delivered
6167,1476,2023-11-06,Card,Delivered
6168,1476,2024-09-16,NetBanking,Delivered
6169,1476,2024-01-01,Wallet,Delivered
6170,1476,2024-05-19,UPI,Delivered
6171,1477,2024-09-06,UPI,Delivered
6172,1477,2024-07-06,Card,Delivered
6173,1477,2024-03-29,COD,Delivered
6174,1477,2024-05-12,COD,Delivered
6175,1477,2024-12-18,Card,Delivered
6176,1477,2024-02-08,UPI,Delivered
6177,1477,2024-10-14,UPI,Delivered
6178,1477,2024-07-20,COD,Delivered
6179,1477,2024-04-18,Card,Delivered
6180,1478,2023-08-06,UPI,Delivered
6181,1478,2023-09-28,COD,Delivered
6182,1478,2023-10-14,Card,Delivered
6183,1478,2023-09-28,Card,Delivered
6184,1479,2023-10-18,NetBanking,Delivered
6185,1479,2023-10-15,UPI,Delivered
6186,1479,2024-01-27,COD,Delivered
6187,1479,2023-10-18,UPI,Delivered
6188,1479,2023-05-25,Card,Delivered
6189,1479,2023-07-19,Wallet,Delivered
6190,1479,2024-10-23,Card,Delivered
6191,1479,2024-11-07,Card,Delivered
6192,1479,2024-11-03,Card,Delivered
6193,1479,2024-04-15,COD,Delivered
6194,1479,2024-11-29,COD,Delivered
6195,1480,2024-12-28,COD,Delivered
6196,1480,2024-06-01,COD,Delivered
6197,1480,2024-01-25,UPI,Cancelled
6198,1480,2024-07-24,UPI,Delivered
6199,1480,2024-03-29,Card,Delivered
6200,1480,2023-11-14,Card,Returned
6201,1480,2024-02-19,COD,Delivered
6202,1480,2023-12-14,Card,Delivered
6203,1481,2023-11-14,UPI,Delivered
6204,1481,2023-11-21,Card,Delivered
6205,1481,2023-12-28,UPI,Cancelled
6206,1481,2023-10-16,Card,Delivered
6207,1482,2023-07-10,Card,Delivered
6208,1482,2023-12-02,Card,Delivered
6209,1482,2024-04-04,NetBanking,Delivered
6210,1482,2024-02-12,Card,Delivered
6211,1482,2024-11-30,Card,Delivered
6212,1482,2023-09-30,COD,Delivered
6213,1482,2023-10-27,Wallet,Delivered
6214,1482,2024-03-30,COD,Delivered
6215,1482,2024-03-31,UPI,Delivered
6216,1482,2024-09-03,Card,Returned
6217,1482,2024-09-08,UPI,Delivered
6218,1482,2023-01-11,UPI,Delivered
6219,1482,2024-08-17,COD,Delivered
6220,1482,2024-07-10,UPI,Delivered
6221,1482,2024-03-21,UPI,Returned
6222,1483,2024-08-15,Card,Delivered
6223,1483,2024-11-23,UPI,Delivered
6224,1484,2023-05-11,UPI,Delivered
6225,1484,2023-08-24,COD,Delivered
6226,1484,2023-09-11,UPI,Delivered
6227,1484,2023-10-30,UPI,Delivered
6228,1484,2024-11-28,COD,Delivered
6229,1484,2024-05-27,NetBanking,Delivered
6230,1484,2024-07-05,UPI,Delivered
6231,1485,2024-10-23,Card,Delivered
6232,1485,2024-01-06,UPI,Delivered
6233,1485,2024-04-06,UPI,Cancelled
6234,1485,2023-10-16,UPI,Delivered
6235,1485,2024-07-21,COD,Delivered
6236,1485,2024-10-10,UPI,Delivered
6237,1486,2024-10-07,UPI,Delivered
6238,1486,2024-10-30,Card,Delivered
6239,1486,2024-09-05,COD,Delivered
6240,1486,2024-06-19,UPI,Delivered
6241,1486,2024-04-26,Card,Delivered
6242,1486,2024-10-20,UPI,Delivered
6243,1486,2024-10-23,Wallet,Delivered
6244,1486,2024-10-23,Wallet,Delivered
6245,1487,2023-07-19,COD,Delivered
6246,1488,2023-09-14,UPI,Delivered
6247,1488,2024-07-16,UPI,Delivered
6248,1488,2024-12-25,UPI,Delivered
6249,1489,2023-03-26,UPI,Delivered
6250,1489,2024-07-29,Card,Delivered
6251,1490,2023-12-02,Card,Delivered
6252,1490,2024-03-15,Wallet,Delivered
6253,1490,2024-07-03,COD,Returned
6254,1490,2024-08-14,UPI,Delivered
6255,1491,2023-10-15,UPI,Delivered
6256,1491,2024-08-10,NetBanking,Delivered
6257,1491,2024-09-09,COD,Delivered
6258,1491,2024-09-01,UPI,Cancelled
6259,1491,2024-01-25,NetBanking,Delivered
6260,1491,2024-06-01,Card,Delivered
6261,1491,2024-05-26,COD,Delivered
6262,1491,2024-08-19,Card,Delivered
6263,1492,2024-08-14,COD,Delivered
6264,1492,2023-11-15,UPI,Delivered
6265,1492,2024-09-20,Card,Cancelled
6266,1492,2024-03-16,UPI,Delivered
6267,1492,2024-11-02,UPI,Delivered
6268,1492,2023-10-25,UPI,Delivered
6269,1492,2024-04-28,COD,Delivered
6270,1492,2023-11-21,UPI,Delivered
6271,1492,2024-11-12,UPI,Delivered
6272,1492,2023-11-07,UPI,Delivered
6273,1492,2024-05-11,COD,Returned
6274,1492,2023-10-31,Card,Delivered
6275,1492,2024-10-19,UPI,Delivered
6276,1492,2024-01-07,Card,Delivered
6277,1495,2024-11-08,UPI,Delivered
6278,1495,2024-09-14,NetBanking,Delivered
6279,1495,2023-12-12,UPI,Delivered
6280,1495,2024-06-06,COD,Delivered
6281,1495,2024-12-17,NetBanking,Delivered
6282,1495,2023-08-31,UPI,Delivered
6283,1495,2024-03-10,COD,Delivered
6284,1495,2024-07-09,UPI,Delivered
6285,1495,2024-01-09,NetBanking,Delivered
6286,1496,2023-11-24,UPI,Delivered
6287,1496,2023-10-04,UPI,Delivered
6288,1496,2024-03-23,UPI,Delivered
6289,1497,2023-11-23,Wallet,Delivered
6290,1497,2024-06-28,UPI,Delivered
6291,1497,2024-04-13,NetBanking,Delivered
6292,1497,2023-11-23,NetBanking,Delivered
6293,1497,2024-07-17,NetBanking,Delivered
6294,1497,2024-01-06,,Delivered
6295,1497,2024-07-26,COD,Delivered
6296,1497,2024-10-31,UPI,Delivered
6297,1497,2024-04-19,Card,Delivered
6298,1498,2024-12-16,UPI,Delivered
6299,1499,2024-01-18,Wallet,Delivered
6300,1500,2024-07-05,UPI,Delivered
6301,1500,2024-12-26,NetBanking,Delivered
6302,1500,2024-08-14,UPI,Returned
6303,1500,2024-12-10,COD,Delivered
6304,1500,2024-11-12,COD,Delivered
6305,1500,2024-08-01,UPI,Delivered
6306,1500,2024-07-24,Card,Returned
6307,1500,2024-10-23,UPI,Delivered
6308,1500,2024-12-17,UPI,Delivered
6309,1500,2024-10-22,Card,Delivered
6310,1500,2024-11-28,COD,Delivered
6311,1500,2024-12-23,COD,Delivered
6312,1501,2024-10-22,COD,Delivered
6313,1502,2024-10-07,COD,Delivered
6314,1502,2023-12-30,UPI,Delivered
6315,1502,2024-05-11,Wallet,Delivered
6316,1502,2024-10-23,Wallet,Delivered
6317,1503,2024-01-22,Card,Delivered
6318,1503,2024-02-07,Wallet,Delivered
6319,1503,2024-03-25,Wallet,Delivered
6320,1503,2024-05-13,COD,Delivered
6321,1504,2024-05-11,COD,Returned
6322,1504,2023-12-29,UPI,Delivered
6323,1505,2024-05-26,UPI,Delivered
6324,1505,2024-10-05,UPI,Delivered
6325,1506,2024-04-22,UPI,Delivered
6326,1506,2024-06-23,COD,Delivered
6327,1506,2024-12-10,UPI,Delivered
6328,1506,2023-06-21,UPI,Delivered
6329,1507,2024-09-26,Card,Delivered
6330,1507,2024-11-26,UPI,Delivered
6331,1507,2024-10-14,NetBanking,Delivered
6332,1507,2024-08-28,COD,Delivered
6333,1507,2024-10-28,UPI,Delivered
6334,1507,2024-12-27,Card,Delivered
6335,1507,2024-05-26,Card,Returned
6336,1507,2024-08-13,Card,Delivered
6337,1507,2024-06-22,UPI,Delivered
6338,1507,2024-12-22,UPI,Returned
6339,1507,2024-10-06,UPI,Cancelled
6340,1507,2024-06-14,COD,Delivered
6341,1510,2024-09-03,Card,Delivered
6342,1510,2024-05-20,Card,Delivered
6343,1511,2024-11-01,Card,Delivered
6344,1511,2024-05-26,COD,Delivered
6345,1511,2024-10-18,COD,Delivered
6346,1511,2023-08-15,UPI,Delivered
6347,1511,2024-12-14,COD,Delivered
6348,1511,2023-11-29,UPI,Delivered
6349,1511,2023-08-08,UPI,Delivered
6350,1512,2023-09-20,COD,Delivered
6351,1512,2024-02-27,COD,Delivered
6352,1513,2024-02-28,COD,Delivered
6353,1513,2024-09-16,UPI,Delivered
6354,1513,2024-04-17,COD,Delivered
6355,1513,2024-10-23,UPI,Delivered
6356,1514,2024-11-02,UPI,Delivered
6357,1514,2024-09-02,UPI,Delivered
6358,1514,2023-08-12,COD,Delivered
6359,1514,2023-08-21,UPI,Delivered
6360,1514,2024-03-19,UPI,Delivered
6361,1514,2023-12-17,UPI,Delivered
6362,1515,2024-09-04,Card,Delivered
6363,1516,2024-10-08,UPI,Returned
6364,1517,2024-10-03,COD,Delivered
6365,1518,2024-10-21,UPI,Returned
6366,1519,2023-10-02,COD,Delivered
6367,1519,2024-11-16,UPI,Delivered
6368,1520,2023-12-30,UPI,Delivered
6369,1521,2024-08-05,UPI,Delivered
6370,1521,2024-10-18,UPI,Cancelled
6371,1521,2024-04-24,NetBanking,Returned
6372,1521,2024-11-01,UPI,Delivered
6373,1522,2024-06-14,COD,Delivered
6374,1522,2024-08-27,UPI,Delivered
6375,1522,2024-12-26,UPI,Delivered
6376,1523,2023-08-28,UPI,Delivered
6377,1523,2023-10-13,UPI,Delivered
6378,1523,2024-04-25,NetBanking,Returned
6379,1523,2023-10-24,Card,Delivered
6380,1523,2023-05-13,COD,Delivered
6381,1523,2023-12-06,Card,Delivered
6382,1523,2023-09-27,UPI,Delivered
6383,1523,2024-03-05,Card,Delivered
6384,1523,2024-01-20,Card,Delivered
6385,1524,2024-10-07,UPI,Delivered
6386,1525,2023-12-05,Card,Delivered
6387,1525,2024-05-28,Card,Delivered
6388,1525,2024-12-21,UPI,Delivered
6389,1525,2024-03-22,UPI,Delivered
6390,1526,2023-08-04,COD,Delivered
6391,1526,2024-04-05,UPI,Returned
6392,1527,2024-06-22,UPI,Delivered
6393,1528,2024-10-19,COD,Returned
6394,1528,2023-11-30,Wallet,Delivered
6395,1528,2024-07-11,UPI,Delivered
6396,1528,2024-05-18,UPI,Delivered
6397,1528,2023-12-20,UPI,Delivered
6398,1528,2024-11-18,Card,Delivered
6399,1529,2023-11-21,UPI,Delivered
6400,1529,2024-06-12,COD,Delivered
6401,1529,2024-11-01,NetBanking,Delivered
6402,1530,2024-10-23,UPI,Cancelled
6403,1530,2024-10-16,,Delivered
6404,1531,2023-03-09,UPI,Delivered
6405,1532,2024-03-05,UPI,Delivered
6406,1532,2023-05-11,NetBanking,Delivered
6407,1532,2024-05-23,UPI,Delivered
6408,1532,2023-10-29,UPI,Delivered
6409,1532,2023-07-22,UPI,Delivered
6410,1532,2023-10-20,UPI,Delivered
6411,1532,2024-06-27,NetBanking,Delivered
6412,1532,2024-11-11,UPI,Delivered
6413,1532,2023-01-16,UPI,Delivered
6414,1532,2023-06-01,Wallet,Delivered
6415,1532,2024-06-30,Card,Delivered
6416,1532,2024-03-09,NetBanking,Delivered
6417,1532,2023-09-29,UPI,Delivered
6418,1533,2024-12-20,Card,Delivered
6419,1533,2024-11-23,NetBanking,Delivered
6420,1534,2023-06-17,Wallet,Delivered
6421,1534,2023-08-22,UPI,Delivered
6422,1534,2024-10-25,COD,Cancelled
6423,1534,2023-12-13,Card,Delivered
6424,1534,2024-03-30,UPI,Delivered
6425,1535,2024-03-31,UPI,Delivered
6426,1535,2024-12-19,Card,Delivered
6427,1535,2024-10-04,UPI,Delivered
6428,1536,2024-11-01,NetBanking,Delivered
6429,1536,2023-12-04,UPI,Delivered
6430,1536,2023-07-10,Card,Delivered
6431,1536,2024-10-03,COD,Delivered
6432,1537,2023-07-29,Card,Delivered
6433,1538,2023-08-22,UPI,Delivered
6434,1538,2024-05-07,Card,Delivered
6435,1540,2024-04-08,UPI,Delivered
6436,1540,2024-03-22,Card,Delivered
6437,1540,2024-10-10,Wallet,Delivered
6438,1540,2024-09-14,,Delivered
6439,1540,2024-09-12,UPI,Returned
6440,1540,2024-07-24,NetBanking,Delivered
6441,1541,2023-12-05,NetBanking,Delivered
6442,1542,2024-02-27,UPI,Delivered
6443,1542,2023-11-12,NetBanking,Delivered
6444,1542,2023-12-12,Card,Delivered
6445,1542,2023-10-08,NetBanking,Delivered
6446,1542,2023-05-30,Card,Delivered
6447,1542,2024-01-02,UPI,Delivered
6448,1542,2024-02-16,UPI,Delivered
6449,1542,2024-09-21,Card,Cancelled
6450,1542,2024-03-27,UPI,Delivered
6451,1542,2023-11-19,COD,Delivered
6452,1542,2024-02-10,UPI,Delivered
6453,1542,2024-09-30,UPI,Delivered
6454,1543,2023-10-28,Card,Delivered
6455,1543,2023-05-21,Card,Delivered
6456,1543,2024-02-05,UPI,Delivered
6457,1544,2024-08-31,UPI,Returned
6458,1544,2024-02-15,COD,Delivered
6459,1544,2024-07-30,UPI,Delivered
6460,1544,2024-07-12,UPI,Delivered
6461,1544,2024-02-19,Wallet,Delivered
6462,1544,2024-12-27,UPI,Delivered
6463,1544,2023-12-18,NetBanking,Delivered
6464,1544,2024-05-23,Card,Delivered
6465,1544,2023-11-13,Wallet,Delivered
6466,1545,2024-02-03,Card,Delivered
6467,1545,2024-02-03,COD,Delivered
6468,1545,2024-03-11,Wallet,Delivered
6469,1545,2024-02-16,UPI,Delivered
6470,1545,2024-06-16,UPI,Delivered
6471,1545,2024-12-08,Card,Delivered
6472,1545,2023-09-03,COD,Delivered
6473,1545,2023-11-30,Card,Delivered
6474,1546,2024-05-25,COD,Delivered
6475,1546,2024-03-21,UPI,Delivered
6476,1547,2024-10-22,UPI,Cancelled
6477,1547,2024-11-05,UPI,Delivered
6478,1547,2024-10-11,UPI,Delivered
6479,1547,2024-04-05,UPI,Delivered
6480,1547,2024-03-21,UPI,Delivered
6481,1547,2024-10-24,UPI,Delivered
6482,1547,2024-09-30,UPI,Delivered
6483,1547,2024-12-27,Card,Delivered
6484,1548,2024-12-04,COD,Delivered
6485,1548,2024-06-24,NetBanking,Delivered
6486,1548,2024-10-25,UPI,Delivered
6487,1548,2024-09-20,COD,Delivered
6488,1548,2024-06-11,Card,Delivered
6489,1548,2024-09-28,NetBanking,Delivered
6490,1548,2024-12-21,COD,Delivered
6491,1548,2024-12-18,UPI,Delivered
6492,1548,2024-07-08,UPI,Delivered
6493,1549,2024-12-28,Card,Delivered
6494,1549,2024-09-06,COD,Delivered
6495,1549,2023-11-11,UPI,Delivered
6496,1549,2024-10-20,Card,Delivered
6497,1550,2024-12-12,UPI,Delivered
6498,1550,2024-12-28,NetBanking,Delivered
6499,1550,2024-09-06,Wallet,Delivered
6500,1550,2024-09-12,NetBanking,Delivered
6501,1550,2024-11-29,NetBanking,Delivered
6502,1551,2023-11-29,Wallet,Delivered
6503,1551,2023-07-12,UPI,Delivered
6504,1551,2024-04-28,Card,Delivered
6505,1552,2024-11-21,UPI,Delivered
6506,1552,2024-11-27,Card,Delivered
6507,1552,2024-12-23,UPI,Delivered
6508,1552,2024-11-23,COD,Delivered
6509,1552,2024-09-28,UPI,Delivered
6510,1552,2024-04-29,NetBanking,Delivered
6511,1553,2024-06-25,NetBanking,Delivered
6512,1553,2024-12-31,Wallet,Delivered
6513,1554,2024-08-21,UPI,Returned
6514,1554,2024-01-29,COD,Cancelled
6515,1554,2024-10-01,UPI,Delivered
6516,1556,2024-02-07,UPI,Delivered
6517,1556,2023-10-02,COD,Delivered
6518,1556,2024-08-24,UPI,Delivered
6519,1556,2023-04-24,NetBanking,Delivered
6520,1556,2024-03-23,NetBanking,Delivered
6521,1557,2024-12-14,Card,Delivered
6522,1558,2024-10-14,Card,Delivered
6523,1559,2024-08-28,NetBanking,Delivered
6524,1559,2024-07-29,COD,Delivered
6525,1559,2024-07-23,UPI,Delivered
6526,1559,2024-11-07,Card,Delivered
6527,1560,2024-10-03,Card,Delivered
6528,1560,2024-10-14,NetBanking,Delivered
6529,1560,2024-06-29,NetBanking,Delivered
6530,1560,2024-05-22,Card,Delivered
6531,1561,2024-11-13,UPI,Delivered
6532,1562,2024-12-23,Card,Delivered
6533,1562,2024-11-06,Card,Delivered
6534,1562,2024-12-05,Card,Returned
6535,1562,2024-06-22,Wallet,Delivered
6536,1563,2023-11-15,Wallet,Delivered
6537,1563,2024-07-08,Card,Delivered
6538,1564,2024-09-14,NetBanking,Delivered
6539,1565,2024-06-22,UPI,Delivered
6540,1565,2024-11-18,UPI,Delivered
6541,1565,2024-10-06,COD,Delivered
6542,1565,2024-07-25,Card,Delivered
6543,1566,2023-10-11,COD,Delivered
6544,1566,2023-10-26,UPI,Delivered
6545,1566,2024-12-19,Card,Delivered
6546,1566,2023-11-14,COD,Delivered
6547,1566,2024-11-20,Card,Delivered
6548,1566,2023-12-21,UPI,Delivered
6549,1566,2024-03-07,Card,Delivered
6550,1566,2024-06-09,Card,Delivered
6551,1566,2024-07-22,Card,Delivered
6552,1566,2024-05-07,Card,Delivered
6553,1566,2024-02-03,Card,Delivered
6554,1566,2024-05-08,UPI,Delivered
6555,1567,2024-07-30,UPI,Delivered
6556,1567,2024-12-25,UPI,Delivered
6557,1567,2024-09-04,Card,Delivered
6558,1567,2024-09-15,NetBanking,Delivered
6559,1567,2024-11-03,COD,Delivered
6560,1567,2024-09-06,Card,Delivered
6561,1567,2024-10-06,Card,Delivered
6562,1568,2024-11-06,Wallet,Cancelled
6563,1568,2023-11-27,Wallet,Delivered
6564,1568,2024-08-21,Wallet,Delivered
6565,1568,2024-09-22,UPI,Delivered
6566,1568,2024-05-31,Card,Delivered
6567,1568,2024-06-26,COD,Returned
6568,1569,2024-09-20,UPI,Delivered
6569,1569,2024-12-24,UPI,Delivered
6570,1569,2024-11-26,UPI,Delivered
6571,1569,2024-10-05,UPI,Delivered
6572,1570,2024-11-06,Card,Delivered
6573,1570,2024-08-06,UPI,Delivered
6574,1571,2023-06-21,Card,Delivered
6575,1571,2023-05-29,UPI,Delivered
6576,1571,2023-06-27,NetBanking,Delivered
6577,1571,2023-12-23,UPI,Delivered
6578,1571,2023-03-27,Card,Delivered
6579,1571,2024-02-09,UPI,Cancelled
6580,1572,2024-04-30,Card,Delivered
6581,1572,2023-07-17,UPI,Delivered
6582,1572,2024-08-14,Wallet,Delivered
6583,1572,2024-12-12,COD,Delivered
6584,1573,2024-09-27,UPI,Delivered
6585,1574,2024-06-14,COD,Delivered
6586,1575,2023-10-07,Card,Delivered
6587,1575,2024-04-06,UPI,Delivered
6588,1575,2023-05-11,Card,Delivered
6589,1575,2023-04-26,UPI,Delivered
6590,1576,2023-07-28,Card,Delivered
6591,1576,2023-10-17,UPI,Delivered
6592,1576,2024-08-31,UPI,Cancelled
6593,1576,2023-10-05,COD,Delivered
6594,1576,2024-11-17,UPI,Delivered
6595,1576,2023-08-13,COD,Delivered
6596,1576,2023-07-26,NetBanking,Delivered
6597,1576,2024-03-18,UPI,Delivered
6598,1576,2023-10-26,UPI,Delivered
6599,1576,2023-08-28,UPI,Returned
6600,1576,2023-08-01,Card,Delivered
6601,1576,2024-04-19,COD,Delivered
6602,1576,2023-11-09,UPI,Delivered
6603,1578,2024-11-29,UPI,Delivered
6604,1578,2024-11-03,COD,Delivered
6605,1578,2024-10-30,Card,Delivered
6606,1578,2024-11-29,UPI,Delivered
6607,1579,2024-12-17,UPI,Delivered
6608,1579,2024-01-01,UPI,Returned
6609,1579,2023-08-30,UPI,Delivered
6610,1580,2024-12-15,Card,Delivered
6611,1581,2024-05-04,UPI,Delivered
6612,1581,2024-08-07,UPI,Delivered
6613,1582,2023-09-27,NetBanking,Delivered
6614,1582,2024-12-05,UPI,Delivered
6615,1582,2023-04-29,COD,Delivered
6616,1582,2023-11-05,UPI,Delivered
6617,1582,2023-08-15,Card,Delivered
6618,1582,2024-04-24,Wallet,Delivered
6619,1583,2024-11-19,Card,Cancelled
6620,1583,2023-12-10,UPI,Delivered
6621,1583,2024-05-23,COD,Delivered
6622,1583,2023-12-11,Card,Delivered
6623,1584,2024-10-25,COD,Returned
6624,1584,2023-08-19,UPI,Delivered
6625,1584,2024-10-15,UPI,Delivered
6626,1584,2023-08-24,NetBanking,Delivered
6627,1585,2023-12-11,Card,Delivered
6628,1585,2024-10-28,Card,Delivered
6629,1586,2023-12-20,Card,Returned
6630,1587,2024-12-04,Card,Delivered
6631,1587,2024-09-20,,Delivered
6632,1587,2024-10-30,UPI,Returned
6633,1587,2024-03-30,NetBanking,Delivered
6634,1587,2024-12-06,UPI,Delivered
6635,1587,2024-06-01,Card,Delivered
6636,1587,2024-07-11,Wallet,Delivered
6637,1587,2024-09-13,COD,Delivered
6638,1587,2024-12-22,Card,Delivered
6639,1588,2023-11-25,Wallet,Delivered
6640,1588,2023-11-30,UPI,Delivered
6641,1589,2024-11-14,Card,Delivered
6642,1589,2024-12-28,NetBanking,Delivered
6643,1589,2024-12-10,COD,Delivered
6644,1589,2024-07-14,UPI,Delivered
6645,1590,2023-05-19,Wallet,Delivered
6646,1591,2024-12-26,COD,Delivered
6647,1591,2024-02-28,Wallet,Delivered
6648,1591,2024-10-26,Card,Delivered
6649,1591,2024-12-05,UPI,Delivered
6650,1591,2024-10-30,Wallet,Delivered
6651,1591,2024-04-05,COD,Delivered
6652,1591,2024-04-28,Card,Delivered
6653,1591,2024-02-20,UPI,Delivered
6654,1592,2024-02-16,NetBanking,Delivered
6655,1592,2024-08-23,Card,Delivered
6656,1593,2024-10-12,UPI,Delivered
6657,1593,2024-10-26,Card,Delivered
6658,1593,2024-01-18,Wallet,Delivered
6659,1593,2024-02-22,Card,Delivered
6660,1593,2024-10-12,COD,Delivered
6661,1594,2024-02-05,COD,Delivered
6662,1595,2024-06-23,Card,Delivered
6663,1595,2024-01-31,COD,Delivered
6664,1595,2024-10-28,UPI,Delivered
6665,1595,2024-11-09,UPI,Delivered
6666,1595,2024-04-18,NetBanking,Returned
6667,1595,2024-08-07,UPI,Delivered
6668,1596,2023-07-09,Card,Delivered
6669,1596,2024-01-16,UPI,Delivered
6670,1596,2024-04-30,NetBanking,Delivered
6671,1596,2024-09-05,UPI,Delivered
6672,1596,2023-06-24,Card,Delivered
6673,1597,2024-11-08,UPI,Returned
6674,1597,2024-12-24,UPI,Delivered
6675,1597,2024-09-21,UPI,Delivered
6676,1597,2024-04-10,Wallet,Delivered
6677,1598,2024-04-06,UPI,Delivered
6678,1598,2024-03-01,UPI,Delivered
6679,1598,2024-05-07,UPI,Delivered
6680,1598,2024-02-21,Card,Cancelled
6681,1598,2024-05-20,UPI,Cancelled
6682,1598,2024-09-16,COD,Delivered
6683,1598,2024-03-28,Card,Delivered
6684,1598,2024-06-04,Card,Delivered
6685,1598,2024-05-01,UPI,Delivered
6686,1598,2024-03-09,COD,Delivered
6687,1598,2024-10-11,UPI,Delivered
6688,1598,2024-12-01,NetBanking,Delivered
6689,1598,2024-10-21,COD,Delivered
6690,1599,2024-06-12,UPI,Delivered
6691,1600,2024-06-13,Card,Delivered
6692,1600,2024-04-23,,Returned
6693,1600,2024-05-10,UPI,Returned
6694,1600,2024-11-30,UPI,Delivered
6695,1600,2024-06-24,Card,Delivered
6696,1600,2024-04-07,UPI,Delivered
6697,1603,2024-12-01,COD,Delivered
6698,1603,2024-12-20,NetBanking,Delivered
6699,1603,2024-05-19,,Delivered
6700,1603,2024-10-23,Wallet,Delivered
6701,1603,2024-05-14,UPI,Cancelled
6702,1604,2024-06-03,NetBanking,Delivered
6703,1604,2023-12-10,UPI,Delivered
6704,1604,2023-06-21,NetBanking,Delivered
6705,1604,2023-07-07,NetBanking,Delivered
6706,1604,2024-01-24,UPI,Delivered
6707,1604,2024-04-17,UPI,Delivered
6708,1605,2024-12-14,UPI,Returned
6709,1605,2024-03-06,Card,Delivered
6710,1605,2023-09-14,Wallet,Returned
6711,1605,2024-08-01,COD,Delivered
6712,1606,2024-10-14,Card,Cancelled
6713,1606,2024-10-25,Card,Delivered
6714,1607,2023-08-20,UPI,Delivered
6715,1607,2023-12-14,COD,Returned
6716,1607,2023-08-06,UPI,Delivered
6717,1607,2024-12-05,COD,Delivered
6718,1607,2023-08-01,COD,Delivered
6719,1607,2024-10-24,COD,Delivered
6720,1608,2024-08-14,UPI,Delivered
6721,1608,2024-03-11,Card,Delivered
6722,1608,2024-09-14,,Delivered
6723,1608,2023-11-18,UPI,Delivered
6724,1608,2024-05-05,COD,Returned
6725,1608,2024-11-16,Card,Delivered
6726,1608,2024-08-10,UPI,Delivered
6727,1608,2024-03-08,NetBanking,Delivered
6728,1608,2024-11-25,UPI,Delivered
6729,1608,2023-11-21,Card,Delivered
6730,1608,2024-11-23,Card,Delivered
6731,1608,2024-10-18,UPI,Delivered
6732,1608,2024-01-05,UPI,Delivered
6733,1608,2023-12-05,UPI,Delivered
6734,1608,2024-12-15,UPI,Delivered
6735,1609,2023-11-28,UPI,Delivered
6736,1609,2023-05-30,UPI,Delivered
6737,1609,2024-10-13,COD,Delivered
6738,1610,2023-12-31,UPI,Delivered
6739,1610,2023-03-28,UPI,Delivered
6740,1610,2023-10-20,Card,Cancelled
6741,1610,2024-06-15,UPI,Returned
6742,1610,2023-10-28,Card,Delivered
6743,1610,2023-05-25,Card,Delivered
6744,1610,2024-02-21,NetBanking,Delivered
6745,1611,2024-04-07,UPI,Delivered
6746,1612,2024-07-31,UPI,Delivered
6747,1613,2024-11-16,UPI,Delivered
6748,1613,2024-03-07,Card,Delivered
6749,1613,2024-08-16,,Delivered
6750,1613,2024-11-01,Card,Delivered
6751,1614,2024-09-10,COD,Delivered
6752,1614,2024-10-12,Card,Delivered
6753,1614,2024-08-30,UPI,Delivered
6754,1614,2024-10-17,Card,Delivered
6755,1615,2023-12-17,UPI,Delivered
6756,1615,2024-07-13,NetBanking,Delivered
6757,1615,2024-01-03,UPI,Delivered
6758,1615,2024-11-10,NetBanking,Delivered
6759,1616,2023-10-01,Wallet,Cancelled
6760,1616,2023-11-24,UPI,Delivered
6761,1616,2023-09-20,NetBanking,Delivered
6762,1616,2023-09-22,COD,Delivered
6763,1617,2024-08-18,Card,Delivered
6764,1617,2024-10-06,COD,Delivered
6765,1617,2024-11-09,Card,Delivered
6766,1618,2023-12-26,Card,Delivered
6767,1618,2024-10-30,Card,Delivered
6768,1618,2024-08-01,Wallet,Delivered
6769,1618,2024-04-17,Card,Delivered
6770,1618,2024-08-23,UPI,Delivered
6771,1618,2024-11-10,COD,Delivered
6772,1618,2023-12-07,COD,Delivered
6773,1618,2024-03-25,NetBanking,Delivered
6774,1618,2024-03-18,UPI,Delivered
6775,1618,2023-10-27,COD,Delivered
6776,1618,2024-02-19,Card,Delivered
6777,1618,2024-10-07,COD,Delivered
6778,1619,2024-07-05,Card,Delivered
6779,1619,2024-01-18,UPI,Delivered
6780,1619,2024-04-17,UPI,Delivered
6781,1620,2024-11-22,UPI,Delivered
6782,1620,2024-12-12,COD,Cancelled
6783,1620,2024-10-20,UPI,Delivered
6784,1620,2024-11-11,NetBanking,Delivered
6785,1621,2023-06-04,UPI,Delivered
6786,1621,2023-12-17,UPI,Delivered
6787,1623,2024-08-10,NetBanking,Delivered
6788,1623,2024-12-13,,Delivered
6789,1623,2024-11-09,UPI,Delivered
6790,1623,2024-07-10,UPI,Delivered
6791,1623,2024-11-12,Card,Delivered
6792,1623,2024-07-27,UPI,Delivered
6793,1624,2023-08-11,COD,Delivered
6794,1624,2023-08-08,Card,Delivered
6795,1624,2024-03-29,UPI,Delivered
6796,1624,2023-09-04,Card,Delivered
6797,1625,2024-03-10,NetBanking,Delivered
6798,1625,2024-08-01,NetBanking,Delivered
6799,1625,2024-12-16,UPI,Delivered
6800,1625,2024-05-11,NetBanking,Cancelled
6801,1626,2024-11-16,UPI,Delivered
6802,1626,2024-11-14,UPI,Delivered
6803,1626,2024-11-17,Card,Delivered
6804,1629,2023-12-11,COD,Delivered
6805,1629,2024-11-17,Card,Delivered
6806,1629,2024-09-28,COD,Delivered
6807,1630,2023-12-07,UPI,Delivered
6808,1630,2024-08-02,UPI,Delivered
6809,1630,2024-07-16,NetBanking,Delivered
6810,1630,2024-01-23,Card,Delivered
6811,1630,2024-12-24,COD,Delivered
6812,1630,2023-06-08,UPI,Delivered
6813,1630,2023-07-11,UPI,Delivered
6814,1630,2023-09-21,UPI,Delivered
6815,1631,2024-07-05,COD,Delivered
6816,1631,2023-12-20,UPI,Delivered
6817,1631,2024-05-03,Card,Cancelled
6818,1631,2024-06-08,UPI,Delivered
6819,1631,2023-12-01,UPI,Delivered
6820,1632,2024-11-30,COD,Delivered
6821,1633,2024-09-15,Card,Delivered
6822,1634,2024-10-04,NetBanking,Delivered
6823,1634,2024-06-30,COD,Delivered
6824,1634,2024-10-14,UPI,Delivered
6825,1635,2024-11-07,UPI,Delivered
6826,1635,2023-11-04,Card,Delivered
6827,1635,2024-09-30,,Delivered
6828,1635,2024-08-15,UPI,Delivered
6829,1635,2024-06-04,Card,Delivered
6830,1636,2023-12-17,COD,Delivered
6831,1636,2024-06-13,UPI,Delivered
6832,1636,2024-01-08,COD,Delivered
6833,1637,2024-12-25,UPI,Delivered
6834,1637,2023-08-26,COD,Delivered
6835,1638,2024-06-09,UPI,Delivered
6836,1638,2024-10-10,COD,Delivered
6837,1638,2024-01-22,Card,Delivered
6838,1638,2024-12-18,UPI,Returned
6839,1638,2024-10-18,UPI,Delivered
6840,1638,2024-11-10,COD,Delivered
6841,1638,2024-12-01,NetBanking,Delivered
6842,1638,2024-02-16,UPI,Returned
6843,1638,2024-06-08,COD,Delivered
6844,1638,2024-09-18,NetBanking,Delivered
6845,1638,2024-11-08,UPI,Delivered
6846,1638,2024-10-16,,Delivered
6847,1638,2024-01-17,Card,Delivered
6848,1638,2024-09-16,UPI,Delivered
6849,1638,2024-04-12,UPI,Delivered
6850,1638,2024-06-01,NetBanking,Delivered
6851,1638,2024-12-30,COD,Delivered
6852,1639,2023-06-06,Card,Delivered
6853,1639,2023-12-20,Card,Returned
6854,1640,2024-03-31,Card,Delivered
6855,1640,2023-10-11,COD,Delivered
6856,1640,2024-02-07,COD,Delivered
6857,1642,2023-10-23,Card,Delivered
6858,1642,2024-11-22,UPI,Delivered
6859,1642,2024-03-23,UPI,Delivered
6860,1643,2024-05-02,COD,Delivered
6861,1643,2024-04-06,COD,Returned
6862,1643,2023-09-08,Card,Delivered
6863,1643,2023-10-13,UPI,Delivered
6864,1644,2024-05-27,COD,Delivered
6865,1644,2024-12-26,UPI,Delivered
6866,1644,2023-11-27,COD,Delivered
6867,1644,2024-11-21,COD,Delivered
6868,1644,2023-12-31,NetBanking,Delivered
6869,1644,2024-02-08,UPI,Delivered
6870,1644,2024-07-17,Card,Delivered
6871,1644,2024-11-20,COD,Returned
6872,1644,2024-05-22,UPI,Delivered
6873,1644,2024-03-26,COD,Delivered
6874,1645,2023-11-27,UPI,Delivered
6875,1645,2024-06-09,Card,Returned
6876,1645,2024-10-18,COD,Returned
6877,1645,2023-11-11,NetBanking,Delivered
6878,1645,2024-10-04,Wallet,Delivered
6879,1645,2024-08-25,Wallet,Delivered
6880,1646,2024-06-05,COD,Delivered
6881,1646,2024-11-15,Card,Delivered
6882,1646,2023-10-22,COD,Returned
6883,1646,2023-12-11,COD,Returned
6884,1647,2024-09-30,COD,Delivered
6885,1649,2024-11-14,UPI,Delivered
6886,1649,2024-07-16,COD,Delivered
6887,1649,2024-12-20,UPI,Delivered
6888,1649,2024-10-16,UPI,Delivered
6889,1650,2024-09-29,COD,Delivered
6890,1650,2024-11-23,Card,Delivered
6891,1653,2024-05-30,Card,Delivered
6892,1653,2023-05-27,UPI,Delivered
6893,1653,2024-10-06,UPI,Returned
6894,1653,2023-11-22,Card,Delivered
6895,1653,2023-09-04,UPI,Delivered
6896,1653,2024-10-12,,Delivered
6897,1654,2024-06-02,Card,Delivered
6898,1655,2023-09-04,Card,Delivered
6899,1655,2024-10-08,UPI,Delivered
6900,1655,2023-08-17,UPI,Delivered
6901,1655,2023-10-14,UPI,Delivered
6902,1656,2023-05-09,Card,Delivered
6903,1656,2024-12-08,NetBanking,Delivered
6904,1657,2024-09-27,COD,Delivered
6905,1659,2024-06-23,COD,Delivered
6906,1659,2024-08-26,COD,Delivered
6907,1659,2024-08-29,UPI,Delivered
6908,1659,2024-12-31,Card,Delivered
6909,1659,2024-07-20,COD,Delivered
6910,1659,2024-04-27,Card,Delivered
6911,1659,2024-09-17,NetBanking,Delivered
6912,1659,2024-07-15,Card,Delivered
6913,1659,2024-12-02,Card,Delivered
6914,1659,2024-06-07,UPI,Returned
6915,1659,2024-11-27,UPI,Delivered
6916,1659,2024-10-20,UPI,Cancelled
6917,1659,2024-05-30,UPI,Delivered
6918,1660,2024-05-24,COD,Delivered
6919,1660,2024-10-29,UPI,Delivered
6920,1660,2024-03-12,UPI,Delivered
6921,1660,2024-01-06,Card,Delivered
6922,1661,2024-04-27,NetBanking,Returned
6923,1661,2024-06-30,UPI,Delivered
6924,1661,2024-02-16,Card,Delivered
6925,1661,2024-01-10,UPI,Delivered
6926,1661,2024-08-14,NetBanking,Delivered
6927,1661,2024-06-03,,Delivered
6928,1662,2024-03-25,Card,Delivered
6929,1663,2023-09-22,Card,Delivered
6930,1663,2024-11-07,COD,Delivered
6931,1664,2023-11-25,Card,Delivered
6932,1664,2023-12-19,NetBanking,Returned
6933,1664,2023-12-12,UPI,Delivered
6934,1665,2024-12-12,COD,Delivered
6935,1665,2023-11-30,UPI,Delivered
6936,1665,2024-01-12,UPI,Delivered
6937,1665,2024-07-12,Card,Delivered
6938,1665,2023-12-12,UPI,Delivered
6939,1665,2023-12-16,UPI,Delivered
6940,1665,2023-11-04,UPI,Delivered
6941,1665,2024-12-24,UPI,Delivered
6942,1666,2024-04-04,Card,Cancelled
6943,1666,2024-04-07,UPI,Delivered
6944,1667,2024-07-04,NetBanking,Delivered
6945,1668,2024-10-13,UPI,Delivered
6946,1668,2024-04-17,Wallet,Returned
6947,1668,2024-09-11,Card,Delivered
6948,1668,2024-09-23,COD,Delivered
6949,1668,2024-11-08,COD,Delivered
6950,1669,2024-10-15,UPI,Delivered
6951,1669,2023-11-03,Card,Delivered
6952,1669,2023-12-12,UPI,Delivered
6953,1669,2024-11-30,NetBanking,Cancelled
6954,1669,2024-12-25,NetBanking,Delivered
6955,1670,2024-10-27,UPI,Delivered
6956,1670,2024-08-25,Card,Delivered
6957,1670,2024-05-24,UPI,Delivered
6958,1670,2024-07-13,UPI,Delivered
6959,1671,2024-12-15,UPI,Delivered
6960,1671,2024-11-02,Card,Delivered
6961,1671,2024-03-12,COD,Delivered
6962,1671,2024-06-21,UPI,Cancelled
6963,1671,2024-08-21,Card,Delivered
6964,1671,2024-11-23,UPI,Delivered
6965,1671,2024-11-07,Card,Delivered
6966,1671,2024-05-11,UPI,Delivered
6967,1672,2024-02-11,UPI,Delivered
6968,1673,2024-04-06,UPI,Delivered
6969,1673,2024-08-09,Card,Delivered
6970,1673,2024-02-24,COD,Delivered
6971,1674,2024-06-23,UPI,Delivered
6972,1675,2024-11-05,UPI,Delivered
6973,1675,2024-09-21,Card,Delivered
6974,1676,2024-11-09,Card,Returned
6975,1676,2024-11-09,,Delivered
6976,1677,2024-08-21,NetBanking,Delivered
6977,1677,2024-12-31,Card,Delivered
6978,1677,2023-11-09,COD,Delivered
6979,1678,2024-10-23,NetBanking,Delivered
6980,1678,2023-10-29,COD,Delivered
6981,1678,2024-12-22,UPI,Delivered
6982,1678,2024-11-07,COD,Delivered
6983,1678,2024-05-05,Card,Delivered
6984,1678,2024-02-14,UPI,Delivered
6985,1679,2024-10-02,UPI,Delivered
6986,1679,2024-10-29,UPI,Delivered
6987,1679,2024-10-01,Card,Delivered
6988,1679,2024-11-01,Card,Delivered
6989,1679,2024-12-03,Wallet,Delivered
6990,1679,2024-07-24,COD,Delivered
6991,1679,2024-12-21,UPI,Delivered
6992,1680,2023-10-19,COD,Returned
6993,1680,2024-09-16,Wallet,Delivered
6994,1681,2024-07-25,Card,Delivered
6995,1681,2024-11-25,NetBanking,Delivered
6996,1681,2024-06-13,COD,Delivered
6997,1682,2023-02-16,UPI,Delivered
6998,1682,2023-08-31,UPI,Delivered
6999,1682,2023-12-19,COD,Delivered
7000,1682,2023-02-13,Wallet,Delivered
7001,1682,2023-02-11,UPI,Delivered
7002,1682,2023-10-02,NetBanking,Delivered
7003,1682,2023-11-03,UPI,Delivered
7004,1682,2024-03-19,Card,Delivered
7005,1682,2024-11-23,Card,Delivered
7006,1682,2023-11-05,UPI,Delivered
7007,1682,2023-02-22,UPI,Returned
7008,1682,2024-02-12,UPI,Delivered
7009,1682,2023-10-19,UPI,Delivered
7010,1682,2024-11-08,UPI,Delivered
7011,1682,2023-11-24,COD,Delivered
7012,1682,2023-10-01,Card,Delivered
7013,1682,2024-07-16,UPI,Delivered
7014,1683,2023-05-04,UPI,Delivered
7015,1683,2024-03-31,COD,Delivered
7016,1684,2024-09-16,NetBanking,Delivered
7017,1684,2024-08-02,COD,Delivered
7018,1684,2024-08-02,Card,Delivered
7019,1685,2023-09-13,UPI,Delivered
7020,1685,2024-07-10,COD,Delivered
7021,1685,2023-11-11,Card,Delivered
7022,1686,2024-11-29,UPI,Delivered
7023,1686,2024-06-18,COD,Delivered
7024,1686,2024-01-27,UPI,Delivered
7025,1687,2023-11-07,UPI,Delivered
7026,1687,2024-10-12,COD,Delivered
7027,1687,2024-07-10,UPI,Delivered
7028,1687,2023-10-16,UPI,Delivered
7029,1687,2023-09-23,COD,Delivered
7030,1687,2023-12-23,UPI,Delivered
7031,1687,2024-08-05,UPI,Delivered
7032,1687,2024-01-31,UPI,Delivered
7033,1687,2023-12-12,Card,Delivered
7034,1687,2024-06-19,Wallet,Delivered
7035,1687,2024-12-11,Card,Delivered
7036,1688,2024-03-28,Wallet,Delivered
7037,1688,2024-10-02,NetBanking,Delivered
7038,1688,2023-09-01,NetBanking,Delivered
7039,1688,2024-03-01,Card,Delivered
7040,1688,2023-10-19,Card,Returned
7041,1688,2023-10-31,Card,Delivered
7042,1688,2024-05-03,UPI,Delivered
7043,1690,2023-09-05,UPI,Delivered
7044,1691,2024-09-30,Wallet,Delivered
7045,1691,2024-08-06,Card,Delivered
7046,1691,2024-10-03,COD,Delivered
7047,1691,2024-04-20,UPI,Delivered
7048,1692,2024-12-20,UPI,Delivered
7049,1692,2024-06-22,UPI,Delivered
7050,1692,2024-08-02,COD,Delivered
7051,1692,2024-06-13,UPI,Delivered
7052,1692,2024-07-07,COD,Delivered
7053,1693,2024-03-02,COD,Returned
7054,1693,2024-01-16,UPI,Delivered
7055,1693,2024-10-18,UPI,Delivered
7056,1693,2024-10-11,Card,Delivered
7057,1694,2024-03-18,COD,Delivered
7058,1694,2024-03-30,COD,Delivered
7059,1694,2024-08-05,Card,Delivered
7060,1694,2024-06-02,COD,Delivered
7061,1694,2024-06-09,NetBanking,Delivered
7062,1694,2024-07-14,Card,Delivered
7063,1694,2023-12-02,UPI,Delivered
7064,1694,2023-11-15,UPI,Returned
7065,1694,2023-11-11,UPI,Delivered
7066,1694,2024-10-04,UPI,Delivered
7067,1694,2023-09-25,NetBanking,Delivered
7068,1694,2023-12-22,Card,Delivered
7069,1695,2024-09-20,COD,Delivered
7070,1695,2023-11-23,Wallet,Delivered
7071,1695,2023-09-04,Card,Delivered
7072,1695,2024-02-01,COD,Delivered
7073,1696,2024-08-23,COD,Delivered
7074,1696,2024-08-09,UPI,Delivered
7075,1696,2024-04-07,UPI,Delivered
7076,1696,2024-12-17,UPI,Delivered
7077,1696,2024-10-04,COD,Delivered
7078,1696,2024-09-14,Wallet,Delivered
7079,1697,2024-09-09,UPI,Delivered
7080,1697,2024-05-18,Card,Delivered
7081,1697,2024-11-01,UPI,Cancelled
7082,1697,2024-10-21,COD,Delivered
7083,1697,2023-11-16,UPI,Cancelled
7084,1697,2023-09-21,UPI,Delivered
7085,1697,2023-11-24,NetBanking,Delivered
7086,1698,2024-02-17,UPI,Delivered
7087,1698,2024-12-15,Card,Delivered
7088,1699,2024-06-18,Card,Delivered
7089,1700,2024-12-12,UPI,Delivered
7090,1700,2024-10-10,COD,Delivered
7091,1701,2023-12-27,NetBanking,Delivered
7092,1701,2024-04-20,Card,Returned
7093,1702,2024-09-06,UPI,Delivered
7094,1702,2024-11-30,COD,Delivered
7095,1703,2024-10-23,UPI,Delivered
7096,1703,2024-06-03,COD,Returned
7097,1703,2024-10-05,NetBanking,Delivered
7098,1703,2024-12-14,NetBanking,Delivered
7099,1703,2024-10-01,COD,Delivered
7100,1705,2024-08-29,Wallet,Delivered
7101,1705,2024-10-23,NetBanking,Delivered
7102,1705,2024-12-09,NetBanking,Delivered
7103,1705,2024-09-12,Card,Delivered
7104,1706,2024-08-08,UPI,Returned
7105,1707,2024-09-29,Wallet,Delivered
7106,1707,2024-10-13,UPI,Cancelled
7107,1707,2024-11-22,Card,Delivered
7108,1707,2024-11-12,COD,Cancelled
7109,1707,2024-10-12,UPI,Delivered
7110,1709,2024-06-06,UPI,Delivered
7111,1709,2023-10-02,UPI,Returned
7112,1709,2023-05-21,UPI,Delivered
7113,1709,2024-07-24,Wallet,Delivered
7114,1709,2023-08-22,Card,Returned
7115,1710,2024-11-27,UPI,Delivered
7116,1710,2023-06-10,UPI,Delivered
7117,1710,2024-02-26,UPI,Delivered
7118,1711,2024-05-14,Card,Delivered
7119,1711,2023-10-18,,Returned
7120,1711,2023-07-17,UPI,Delivered
7121,1712,2024-02-10,Wallet,Delivered
7122,1712,2024-10-07,Card,Delivered
7123,1712,2024-08-18,UPI,Returned
7124,1713,2024-04-22,COD,Delivered
7125,1713,2024-08-20,UPI,Delivered
7126,1713,2024-08-21,UPI,Delivered
7127,1713,2024-05-26,UPI,Delivered
7128,1713,2024-09-02,COD,Cancelled
7129,1713,2024-05-25,UPI,Delivered
7130,1713,2024-11-25,Card,Delivered
7131,1713,2024-08-11,Card,Delivered
7132,1714,2024-09-06,UPI,Delivered
7133,1714,2024-05-12,,Delivered
7134,1714,2024-11-22,Card,Delivered
7135,1714,2024-06-16,Wallet,Delivered
7136,1714,2024-11-25,COD,Delivered
7137,1714,2024-12-11,,Returned
7138,1714,2024-04-13,COD,Delivered
7139,1714,2024-10-31,Card,Delivered
7140,1715,2024-04-15,UPI,Delivered
7141,1715,2024-12-17,UPI,Delivered
7142,1715,2024-06-06,Card,Delivered
7143,1715,2024-10-20,UPI,Delivered
7144,1715,2024-12-11,COD,Delivered
7145,1715,2024-05-15,UPI,Delivered
7146,1715,2024-08-19,UPI,Delivered
7147,1717,2024-11-11,Card,Delivered
7148,1717,2024-05-23,Wallet,Delivered
7149,1717,2024-10-01,UPI,Delivered
7150,1717,2024-11-06,,Delivered
7151,1717,2024-11-04,Card,Cancelled
7152,1717,2024-02-24,Card,Delivered
7153,1719,2024-08-30,UPI,Delivered
7154,1719,2024-10-08,UPI,Delivered
7155,1719,2024-09-18,COD,Delivered
7156,1719,2023-10-05,COD,Delivered
7157,1720,2024-03-09,UPI,Delivered
7158,1720,2024-09-26,Card,Delivered
7159,1720,2024-01-27,UPI,Delivered
7160,1720,2024-07-07,UPI,Delivered
7161,1721,2024-04-18,Card,Delivered
7162,1721,2024-12-19,UPI,Delivered
7163,1721,2023-03-18,Card,Delivered
7164,1721,2024-10-30,UPI,Cancelled
7165,1721,2024-01-14,UPI,Delivered
7166,1721,2023-08-17,UPI,Delivered
7167,1721,2024-01-28,UPI,Delivered
7168,1721,2023-11-27,Card,Delivered
7169,1721,2023-07-11,Card,Delivered
7170,1722,2024-12-24,COD,Delivered
7171,1722,2024-10-15,COD,Delivered
7172,1722,2024-12-04,UPI,Delivered
7173,1722,2024-09-01,Card,Delivered
7174,1722,2024-08-06,COD,Delivered
7175,1722,2024-11-07,UPI,Delivered
7176,1723,2024-12-20,Card,Delivered
7177,1723,2024-05-16,Card,Delivered
7178,1723,2024-04-08,UPI,Delivered
7179,1723,2024-03-23,Card,Delivered
7180,1723,2024-01-14,UPI,Delivered
7181,1723,2024-07-08,UPI,Delivered
7182,1723,2023-12-31,COD,Delivered
7183,1724,2024-09-09,NetBanking,Delivered
7184,1724,2024-09-21,COD,Delivered
7185,1724,2024-09-03,Card,Delivered
7186,1725,2024-09-28,,Delivered
7187,1725,2023-11-22,Card,Delivered
7188,1725,2024-03-19,Wallet,Delivered
7189,1725,2024-03-05,NetBanking,Delivered
7190,1725,2024-01-03,COD,Delivered
7191,1726,2024-12-24,COD,Delivered
7192,1727,2024-08-30,Card,Delivered
7193,1727,2024-11-15,Card,Delivered
7194,1727,2024-09-01,Card,Delivered
7195,1727,2024-06-07,Card,Delivered
7196,1727,2024-06-30,Card,Cancelled
7197,1727,2024-10-21,Card,Delivered
7198,1727,2024-10-08,NetBanking,Delivered
7199,1728,2024-09-05,UPI,Delivered
7200,1728,2023-11-10,,Delivered
7201,1728,2023-11-10,UPI,Cancelled
7202,1728,2024-03-21,COD,Delivered
7203,1729,2024-12-01,NetBanking,Delivered
7204,1729,2023-10-08,COD,Delivered
7205,1732,2024-06-19,Card,Delivered
7206,1732,2024-09-09,Card,Delivered
7207,1733,2024-11-26,UPI,Delivered
7208,1733,2024-09-16,Card,Delivered
7209,1733,2024-09-16,COD,Returned
7210,1733,2024-08-14,COD,Delivered
7211,1733,2024-03-31,Card,Delivered
7212,1733,2024-08-05,COD,Delivered
7213,1734,2024-10-30,UPI,Delivered
7214,1734,2024-04-27,UPI,Delivered
7215,1735,2024-11-06,Card,Returned
7216,1735,2024-09-22,Wallet,Delivered
7217,1735,2024-10-21,NetBanking,Delivered
7218,1735,2024-12-26,NetBanking,Returned
7219,1735,2024-10-29,Card,Delivered
7220,1736,2024-09-04,Wallet,Delivered
7221,1737,2023-12-27,Card,Delivered
7222,1737,2024-04-05,Card,Delivered
7223,1737,2024-09-21,COD,Delivered
7224,1737,2024-06-03,,Delivered
7225,1737,2024-11-07,COD,Delivered
7226,1737,2023-10-11,UPI,Delivered
7227,1738,2024-07-05,Wallet,Delivered
7228,1738,2024-11-12,NetBanking,Delivered
7229,1738,2024-09-26,COD,Cancelled
7230,1739,2023-10-18,UPI,Delivered
7231,1739,2024-10-22,UPI,Delivered
7232,1741,2024-08-29,NetBanking,Delivered
7233,1741,2024-11-30,COD,Returned
7234,1741,2024-11-15,UPI,Delivered
7235,1741,2023-10-20,Card,Delivered
7236,1741,2024-06-12,UPI,Delivered
7237,1741,2024-10-15,COD,Returned
7238,1741,2023-11-28,Card,Delivered
7239,1742,2024-06-08,Card,Delivered
7240,1743,2024-01-03,UPI,Cancelled
7241,1743,2023-11-14,UPI,Delivered
7242,1743,2024-12-20,NetBanking,Delivered
7243,1744,2023-08-20,COD,Delivered
7244,1744,2023-09-02,UPI,Delivered
7245,1744,2023-11-28,UPI,Delivered
7246,1744,2024-11-18,Card,Delivered
7247,1744,2023-11-13,NetBanking,Delivered
7248,1745,2023-11-29,Card,Delivered
7249,1748,2023-08-05,COD,Delivered
7250,1748,2024-06-28,Wallet,Delivered
7251,1749,2024-11-15,Card,Delivered
7252,1749,2024-08-05,COD,Delivered
7253,1749,2024-09-08,UPI,Delivered
7254,1749,2024-10-17,UPI,Delivered
7255,1750,2024-02-19,NetBanking,Delivered
7256,1750,2024-07-05,NetBanking,Delivered
7257,1750,2024-09-16,UPI,Delivered
7258,1751,2024-08-26,Card,Delivered
7259,1751,2024-08-23,COD,Delivered
7260,1751,2024-07-22,NetBanking,Delivered
7261,1751,2024-10-13,COD,Delivered
7262,1751,2024-06-15,COD,Delivered
7263,1752,2024-11-12,COD,Delivered
7264,1752,2024-12-11,UPI,Delivered
7265,1753,2024-08-16,UPI,Delivered
7266,1753,2023-12-26,NetBanking,Delivered
7267,1753,2024-03-27,Wallet,Delivered
7268,1754,2023-10-09,UPI,Delivered
7269,1755,2024-01-14,COD,Delivered
7270,1755,2024-05-07,UPI,Delivered
7271,1756,2023-10-22,COD,Delivered
7272,1756,2023-06-29,UPI,Delivered
7273,1756,2023-07-02,Wallet,Delivered
7274,1757,2024-08-05,COD,Returned
7275,1757,2024-01-23,,Delivered
7276,1758,2024-09-30,UPI,Delivered
7277,1758,2024-05-10,UPI,Delivered
7278,1759,2024-06-16,Card,Delivered
7279,1759,2023-11-29,UPI,Returned
7280,1760,2024-11-07,UPI,Returned
7281,1760,2024-07-07,NetBanking,Delivered
7282,1760,2024-10-12,Card,Cancelled
7283,1760,2024-11-24,UPI,Delivered
7284,1760,2023-12-22,NetBanking,Delivered
7285,1760,2024-10-05,COD,Delivered
7286,1760,2024-04-02,Card,Delivered
7287,1760,2024-03-08,COD,Delivered
7288,1760,2024-12-18,UPI,Delivered
7289,1760,2024-01-27,UPI,Delivered
7290,1760,2024-12-01,UPI,Delivered
7291,1760,2024-11-05,UPI,Delivered
7292,1760,2024-11-21,NetBanking,Delivered
7293,1760,2024-08-08,Wallet,Delivered
7294,1761,2024-04-10,UPI,Delivered
7295,1761,2024-12-30,NetBanking,Delivered
7296,1763,2023-03-13,COD,Delivered
7297,1763,2024-10-18,UPI,Delivered
7298,1764,2024-09-24,Card,Delivered
7299,1764,2024-09-20,Card,Delivered
7300,1764,2024-07-29,UPI,Delivered
7301,1764,2024-11-04,UPI,Delivered
7302,1764,2024-06-12,UPI,Delivered
7303,1764,2024-11-17,Card,Delivered
7304,1764,2024-02-20,UPI,Delivered
7305,1764,2024-12-18,Card,Delivered
7306,1764,2024-02-13,Card,Delivered
7307,1764,2024-01-19,Card,Cancelled
7308,1765,2024-04-29,UPI,Delivered
7309,1765,2024-06-13,UPI,Delivered
7310,1765,2024-05-10,Card,Delivered
7311,1765,2024-04-29,UPI,Delivered
7312,1765,2024-03-30,UPI,Delivered
7313,1766,2024-12-15,UPI,Delivered
7314,1766,2024-07-21,Wallet,Delivered
7315,1766,2024-12-26,Card,Delivered
7316,1766,2024-09-13,COD,Delivered
7317,1767,2024-06-26,COD,Delivered
7318,1767,2024-09-30,COD,Delivered
7319,1767,2024-05-08,Card,Delivered
7320,1768,2024-09-20,NetBanking,Returned
7321,1768,2023-12-24,UPI,Delivered
7322,1769,2023-10-04,UPI,Delivered
7323,1769,2023-12-19,,Delivered
7324,1769,2023-10-21,UPI,Delivered
7325,1769,2023-10-09,COD,Delivered
7326,1769,2023-10-27,UPI,Delivered
7327,1770,2023-06-03,Card,Delivered
7328,1770,2024-10-16,Card,Delivered
7329,1770,2024-05-03,NetBanking,Delivered
7330,1771,2024-08-01,UPI,Delivered
7331,1771,2023-09-06,Card,Returned
7332,1771,2024-12-01,COD,Delivered
7333,1771,2024-02-07,UPI,Delivered
7334,1772,2024-07-23,Card,Delivered
7335,1772,2024-11-22,UPI,Delivered
7336,1772,2023-12-14,UPI,Delivered
7337,1772,2023-10-03,Card,Delivered
7338,1772,2024-08-07,COD,Delivered
7339,1773,2024-12-03,UPI,Delivered
7340,1773,2023-10-15,Card,Delivered
7341,1773,2024-01-14,Card,Cancelled
7342,1773,2024-12-07,Card,Returned
7343,1773,2023-09-02,Card,Delivered
7344,1773,2023-07-17,NetBanking,Delivered
7345,1773,2023-09-15,Card,Delivered
7346,1774,2024-11-15,COD,Delivered
7347,1774,2023-10-23,UPI,Delivered
7348,1775,2024-12-29,UPI,Delivered
7349,1775,2024-04-04,UPI,Delivered
7350,1775,2024-07-27,Card,Delivered
7351,1776,2024-10-26,COD,Delivered
7352,1776,2024-11-18,Card,Cancelled
7353,1776,2023-05-25,NetBanking,Delivered
7354,1776,2024-03-23,UPI,Returned
7355,1776,2023-06-19,COD,Delivered
7356,1776,2023-09-17,Card,Delivered
7357,1776,2023-11-21,UPI,Delivered
7358,1776,2023-10-19,Card,Delivered
7359,1776,2024-07-26,COD,Delivered
7360,1776,2023-05-12,NetBanking,Delivered
7361,1776,2024-05-08,Card,Delivered
7362,1776,2024-04-13,COD,Delivered
7363,1776,2024-09-14,NetBanking,Delivered
7364,1777,2024-03-09,COD,Delivered
7365,1777,2024-12-15,UPI,Delivered
7366,1778,2024-10-24,COD,Cancelled
7367,1778,2023-09-28,UPI,Delivered
7368,1780,2024-02-22,UPI,Delivered
7369,1780,2024-02-13,Wallet,Delivered
7370,1780,2024-04-04,UPI,Delivered
7371,1780,2024-02-05,COD,Delivered
7372,1780,2024-12-01,COD,Delivered
7373,1780,2024-03-14,COD,Delivered
7374,1780,2024-04-16,Card,Delivered
7375,1780,2024-08-21,COD,Delivered
7376,1780,2024-12-01,Wallet,Delivered
7377,1781,2024-10-23,COD,Delivered
7378,1781,2024-03-25,UPI,Delivered
7379,1781,2024-10-07,NetBanking,Delivered
7380,1782,2023-11-19,Card,Delivered
7381,1782,2023-10-09,UPI,Delivered
7382,1782,2024-11-27,NetBanking,Delivered
7383,1783,2023-08-14,Card,Delivered
7384,1783,2024-03-31,UPI,Delivered
7385,1783,2024-09-21,Card,Delivered
7386,1784,2024-10-02,Wallet,Delivered
7387,1784,2024-11-26,COD,Delivered
7388,1784,2024-08-05,UPI,Delivered
7389,1784,2024-10-28,COD,Delivered
7390,1785,2024-12-02,UPI,Delivered
7391,1785,2024-11-05,Card,Delivered
7392,1785,2024-08-24,UPI,Delivered
7393,1785,2024-03-05,UPI,Delivered
7394,1786,2024-11-23,Wallet,Delivered
7395,1787,2024-03-08,Card,Delivered
7396,1787,2023-04-23,COD,Delivered
7397,1787,2023-10-06,Card,Delivered
7398,1787,2023-08-07,UPI,Delivered
7399,1787,2023-07-14,COD,Delivered
7400,1787,2023-12-06,Card,Delivered
7401,1788,2024-12-01,UPI,Delivered
7402,1788,2024-11-19,UPI,Returned
7403,1788,2024-10-29,Card,Delivered
7404,1788,2024-07-01,NetBanking,Delivered
7405,1788,2023-09-17,UPI,Delivered
7406,1788,2023-07-15,Card,Delivered
7407,1788,2024-12-03,UPI,Delivered
7408,1788,2024-12-09,COD,Delivered
7409,1788,2024-02-01,COD,Delivered
7410,1788,2024-03-11,UPI,Delivered
7411,1788,2023-02-27,Card,Delivered
7412,1788,2023-06-21,UPI,Delivered
7413,1789,2024-11-09,NetBanking,Delivered
7414,1789,2023-12-11,Card,Delivered
7415,1790,2024-07-11,UPI,Delivered
7416,1790,2024-08-28,COD,Delivered
7417,1790,2024-07-11,COD,Delivered
7418,1792,2024-04-27,UPI,Delivered
7419,1792,2024-05-06,Card,Returned
7420,1793,2023-11-25,Card,Delivered
7421,1795,2024-01-04,UPI,Delivered
7422,1795,2024-12-10,NetBanking,Delivered
7423,1796,2023-10-23,COD,Delivered
7424,1796,2024-12-03,NetBanking,Returned
7425,1796,2023-08-11,Card,Returned
7426,1797,2024-11-08,COD,Delivered
7427,1797,2024-12-22,UPI,Delivered
7428,1797,2024-10-26,UPI,Delivered
7429,1797,2024-06-22,Card,Delivered
7430,1797,2024-06-14,Card,Delivered
7431,1797,2024-10-09,UPI,Delivered
7432,1797,2024-12-20,Card,Delivered
7433,1797,2024-08-22,UPI,Delivered
7434,1797,2024-09-08,UPI,Delivered
7435,1797,2024-11-24,UPI,Delivered
7436,1798,2024-01-15,COD,Returned
7437,1798,2023-05-12,UPI,Delivered
7438,1798,2024-11-12,UPI,Delivered
7439,1798,2023-04-19,Card,Delivered
7440,1798,2023-10-30,UPI,Delivered
7441,1799,2024-06-12,UPI,Delivered
7442,1799,2024-01-08,UPI,Delivered
7443,1799,2023-09-26,Wallet,Delivered
7444,1799,2024-03-13,UPI,Delivered
7445,1800,2024-10-19,COD,Delivered
7446,1800,2024-02-20,UPI,Delivered
7447,1800,2024-08-13,COD,Delivered
7448,1800,2024-09-13,COD,Delivered
7449,1800,2023-12-06,Wallet,Delivered
7450,1800,2024-03-26,NetBanking,Delivered
7451,1801,2023-05-21,Wallet,Delivered
7452,1801,2023-05-14,UPI,Delivered
7453,1801,2023-08-05,Card,Delivered
7454,1801,2023-08-14,COD,Delivered
7455,1801,2024-12-10,UPI,Delivered
7456,1802,2023-11-24,UPI,Returned
7457,1802,2023-10-17,Card,Delivered
7458,1803,2024-01-05,COD,Delivered
7459,1803,2024-12-24,COD,Delivered
7460,1804,2024-04-21,COD,Delivered
7461,1804,2023-11-21,UPI,Delivered
7462,1805,2024-11-14,COD,Delivered
7463,1805,2024-10-10,UPI,Delivered
7464,1805,2023-09-17,NetBanking,Delivered
7465,1805,2024-09-23,Card,Delivered
7466,1805,2023-08-06,COD,Delivered
7467,1805,2023-03-30,Wallet,Delivered
7468,1806,2024-08-03,Card,Delivered
7469,1806,2024-12-06,UPI,Delivered
7470,1807,2024-01-22,UPI,Delivered
7471,1807,2023-05-03,UPI,Delivered
7472,1807,2023-10-30,COD,Delivered
7473,1807,2024-11-10,Wallet,Delivered
7474,1807,2023-04-01,NetBanking,Cancelled
7475,1807,2024-04-17,Wallet,Delivered
7476,1808,2024-05-12,UPI,Delivered
7477,1808,2023-11-01,UPI,Delivered
7478,1808,2024-07-04,UPI,Delivered
7479,1808,2024-04-05,Card,Delivered
7480,1809,2023-02-27,COD,Returned
7481,1809,2024-04-23,COD,Delivered
7482,1809,2023-06-14,UPI,Delivered
7483,1809,2023-12-28,Card,Delivered
7484,1810,2024-10-30,UPI,Delivered
7485,1810,2024-11-16,UPI,Delivered
7486,1810,2024-12-07,COD,Delivered
7487,1810,2024-08-17,NetBanking,Delivered
7488,1811,2024-12-22,Card,Delivered
7489,1811,2024-12-15,UPI,Delivered
7490,1811,2023-06-05,UPI,Delivered
7491,1811,2023-11-15,NetBanking,Delivered
7492,1813,2024-10-07,Card,Delivered
7493,1813,2024-05-22,COD,Delivered
7494,1813,2024-05-24,Card,Delivered
7495,1813,2024-11-19,Card,Delivered
7496,1813,2024-01-07,Card,Delivered
7497,1813,2024-06-19,COD,Delivered
7498,1813,2024-04-17,NetBanking,Delivered
7499,1813,2024-01-10,Card,Delivered
7500,1813,2024-04-07,Wallet,Returned
7501,1813,2024-03-24,COD,Delivered
7502,1813,2024-08-06,COD,Delivered
7503,1814,2024-05-30,NetBanking,Delivered
7504,1814,2024-01-25,UPI,Delivered
7505,1814,2024-11-24,UPI,Delivered
7506,1815,2024-09-09,UPI,Delivered
7507,1815,2024-11-15,Card,Delivered
7508,1815,2024-08-03,NetBanking,Delivered
7509,1816,2023-10-18,UPI,Delivered
7510,1816,2023-08-18,Card,Delivered
7511,1816,2023-04-13,Card,Delivered
7512,1817,2023-12-25,Card,Delivered
7513,1817,2024-12-22,UPI,Delivered
7514,1818,2024-11-29,UPI,Cancelled
7515,1818,2024-10-29,UPI,Delivered
7516,1818,2024-11-06,UPI,Delivered
7517,1818,2023-12-28,UPI,Delivered
7518,1818,2024-08-11,Card,Delivered
7519,1818,2024-06-19,COD,Delivered
7520,1818,2024-04-12,Card,Delivered
7521,1818,2023-08-30,COD,Delivered
7522,1818,2024-05-07,UPI,Delivered
7523,1818,2023-11-10,Card,Delivered
7524,1819,2024-08-05,UPI,Delivered
7525,1819,2024-11-02,Card,Delivered
7526,1819,2024-09-20,COD,Delivered
7527,1819,2024-11-25,Card,Delivered
7528,1819,2024-09-12,UPI,Delivered
7529,1819,2024-02-23,UPI,Delivered
7530,1819,2024-01-18,Card,Delivered
7531,1819,2023-04-09,NetBanking,Delivered
7532,1820,2023-11-14,COD,Delivered
7533,1820,2024-07-30,UPI,Delivered
7534,1820,2023-06-30,COD,Delivered
7535,1821,2024-08-27,UPI,Delivered
7536,1821,2023-11-25,UPI,Delivered
7537,1821,2024-05-17,UPI,Delivered
7538,1822,2024-03-11,Card,Delivered
7539,1822,2024-12-23,COD,Cancelled
7540,1822,2024-03-10,UPI,Delivered
7541,1822,2024-11-17,Card,Delivered
7542,1822,2024-10-12,Card,Delivered
7543,1822,2024-07-22,Card,Delivered
7544,1822,2024-10-31,UPI,Delivered
7545,1823,2023-12-27,Card,Delivered
7546,1823,2024-06-09,NetBanking,Delivered
7547,1823,2023-11-03,UPI,Delivered
7548,1824,2024-05-16,COD,Returned
7549,1824,2024-12-09,COD,Delivered
7550,1824,2024-05-02,Wallet,Returned
7551,1825,2024-07-19,UPI,Delivered
7552,1825,2024-09-08,NetBanking,Delivered
7553,1825,2024-05-26,UPI,Delivered
7554,1825,2024-08-09,Card,Delivered
7555,1825,2024-10-18,Card,Delivered
7556,1825,2024-07-26,COD,Delivered
7557,1825,2024-10-18,,Delivered
7558,1826,2024-11-02,UPI,Delivered
7559,1827,2024-06-02,Wallet,Delivered
7560,1827,2023-11-04,COD,Delivered
7561,1827,2023-10-10,Card,Delivered
7562,1828,2024-09-24,UPI,Cancelled
7563,1828,2024-10-02,Wallet,Delivered
7564,1830,2024-08-30,COD,Delivered
7565,1830,2024-08-14,Wallet,Delivered
7566,1830,2024-09-30,UPI,Delivered
7567,1831,2024-01-25,UPI,Delivered
7568,1833,2023-11-22,COD,Delivered
7569,1833,2024-09-17,COD,Delivered
7570,1833,2024-03-25,NetBanking,Delivered
7571,1833,2024-10-23,UPI,Delivered
7572,1833,2024-12-26,Card,Delivered
7573,1833,2024-03-13,,Delivered
7574,1833,2024-06-02,Card,Delivered
7575,1833,2024-07-24,Wallet,Delivered
7576,1834,2023-08-10,COD,Delivered
7577,1834,2023-12-30,UPI,Delivered
7578,1834,2023-10-08,Card,Delivered
7579,1834,2023-07-05,Card,Delivered
7580,1834,2023-05-09,Card,Delivered
7581,1834,2023-11-25,UPI,Delivered
7582,1834,2023-10-20,Card,Delivered
7583,1834,2024-12-12,Card,Delivered
7584,1834,2024-10-19,UPI,Delivered
7585,1834,2023-07-08,UPI,Delivered
7586,1834,2024-08-16,Card,Returned
7587,1835,2024-09-29,Card,Delivered
7588,1835,2024-04-10,UPI,Delivered
7589,1835,2023-10-11,COD,Delivered
7590,1835,2023-12-30,COD,Delivered
7591,1835,2024-06-05,UPI,Delivered
7592,1835,2024-01-17,COD,Delivered
7593,1835,2024-10-19,Card,Delivered
7594,1836,2023-06-23,UPI,Delivered
7595,1836,2023-12-06,COD,Delivered
7596,1838,2023-11-12,Card,Cancelled
7597,1838,2023-11-15,Card,Delivered
7598,1838,2023-09-12,UPI,Delivered
7599,1839,2024-08-05,COD,Delivered
7600,1839,2023-06-30,UPI,Delivered
7601,1839,2023-06-20,UPI,Delivered
7602,1839,2023-10-24,COD,Delivered
7603,1840,2024-10-20,UPI,Delivered
7604,1840,2024-10-17,Wallet,Delivered
7605,1842,2023-05-10,UPI,Delivered
7606,1842,2023-05-21,UPI,Delivered
7607,1842,2024-09-23,COD,Delivered
7608,1842,2024-05-15,UPI,Delivered
7609,1843,2024-09-07,UPI,Delivered
7610,1843,2024-08-18,UPI,Delivered
7611,1843,2024-10-02,UPI,Delivered
7612,1844,2024-04-26,,Delivered
7613,1844,2024-07-27,UPI,Delivered
7614,1844,2024-05-13,NetBanking,Delivered
7615,1844,2024-08-14,Card,Delivered
7616,1844,2024-11-08,COD,Delivered
7617,1844,2024-07-09,COD,Delivered
7618,1844,2024-09-06,UPI,Delivered
7619,1845,2024-10-07,Wallet,Delivered
7620,1845,2024-10-24,COD,Delivered
7621,1845,2024-07-23,COD,Delivered
7622,1846,2024-10-10,Card,Delivered
7623,1846,2024-10-04,Card,Delivered
7624,1846,2024-03-19,Card,Delivered
7625,1847,2024-07-03,UPI,Delivered
7626,1847,2024-01-25,UPI,Delivered
7627,1847,2024-09-19,COD,Delivered
7628,1847,2024-06-11,Card,Delivered
7629,1847,2023-09-06,UPI,Delivered
7630,1847,2024-05-14,NetBanking,Delivered
7631,1847,2024-09-18,UPI,Delivered
7632,1847,2023-11-30,NetBanking,Delivered
7633,1847,2024-07-29,COD,Delivered
7634,1847,2024-10-29,COD,Returned
7635,1847,2023-09-11,Card,Delivered
7636,1848,2024-05-14,Card,Returned
7637,1848,2023-11-13,UPI,Delivered
7638,1848,2024-07-28,NetBanking,Delivered
7639,1848,2023-12-09,UPI,Delivered
7640,1848,2024-12-30,Card,Returned
7641,1848,2023-11-13,UPI,Delivered
7642,1850,2024-04-30,UPI,Delivered
7643,1850,2024-02-05,NetBanking,Delivered
7644,1851,2024-09-18,Card,Delivered
7645,1851,2023-07-18,,Delivered
7646,1851,2024-04-18,UPI,Delivered
7647,1851,2024-01-28,Wallet,Delivered
7648,1851,2023-10-17,COD,Delivered
7649,1851,2024-04-25,Card,Delivered
7650,1851,2023-05-26,Wallet,Delivered
7651,1851,2024-10-20,Card,Delivered
7652,1851,2024-08-10,NetBanking,Delivered
7653,1851,2023-09-26,UPI,Delivered
7654,1851,2024-04-02,Card,Delivered
7655,1851,2024-11-10,Card,Delivered
7656,1851,2023-12-01,UPI,Delivered
7657,1853,2023-09-13,Card,Delivered
7658,1854,2023-05-25,COD,Delivered
7659,1854,2024-08-09,UPI,Delivered
7660,1854,2023-12-28,UPI,Delivered
7661,1854,2024-09-21,NetBanking,Delivered
7662,1854,2024-05-29,Card,Delivered
7663,1854,2023-03-30,COD,Delivered
7664,1854,2023-07-01,COD,Cancelled
7665,1854,2023-11-13,UPI,Delivered
7666,1855,2024-08-14,COD,Cancelled
7667,1858,2024-03-10,NetBanking,Delivered
7668,1858,2024-03-27,Wallet,Delivered
7669,1858,2024-07-07,UPI,Delivered
7670,1858,2024-11-11,UPI,Delivered
7671,1858,2023-12-22,UPI,Delivered
7672,1859,2023-10-20,UPI,Delivered
7673,1859,2024-09-21,UPI,Delivered
7674,1859,2024-01-19,Card,Delivered
7675,1859,2024-09-24,UPI,Delivered
7676,1861,2024-02-05,COD,Delivered
7677,1861,2024-09-26,Wallet,Delivered
7678,1862,2024-11-19,UPI,Delivered
7679,1862,2024-05-16,UPI,Delivered
7680,1863,2024-06-17,UPI,Returned
7681,1864,2023-12-20,Wallet,Delivered
7682,1864,2023-09-21,Card,Delivered
7683,1864,2024-11-30,UPI,Delivered
7684,1864,2023-09-30,UPI,Returned
7685,1864,2024-09-12,COD,Delivered
7686,1864,2023-08-30,COD,Delivered
7687,1864,2024-05-03,Card,Delivered
7688,1865,2024-08-02,UPI,Delivered
7689,1865,2024-04-12,Wallet,Delivered
7690,1865,2024-07-05,COD,Delivered
7691,1866,2024-06-19,UPI,Delivered
7692,1866,2024-07-12,Card,Delivered
7693,1866,2023-11-07,UPI,Delivered
7694,1867,2024-04-06,Card,Delivered
7695,1868,2024-03-29,NetBanking,Delivered
7696,1868,2024-10-05,UPI,Returned
7697,1868,2024-10-27,UPI,Delivered
7698,1869,2023-09-26,Card,Delivered
7699,1869,2024-06-18,UPI,Delivered
7700,1870,2024-11-18,UPI,Delivered
7701,1870,2024-06-03,UPI,Delivered
7702,1871,2023-12-17,UPI,Delivered
7703,1871,2023-02-25,UPI,Delivered
7704,1872,2024-03-09,Wallet,Delivered
7705,1872,2023-09-07,Wallet,Delivered
7706,1872,2024-07-18,Card,Delivered
7707,1872,2024-01-17,UPI,Delivered
7708,1872,2024-12-23,UPI,Delivered
7709,1872,2023-10-07,COD,Delivered
7710,1873,2024-08-17,COD,Delivered
7711,1873,2024-03-11,UPI,Delivered
7712,1873,2024-02-07,NetBanking,Delivered
7713,1874,2024-12-29,COD,Delivered
7714,1875,2023-10-04,UPI,Delivered
7715,1875,2024-09-11,NetBanking,Delivered
7716,1876,2024-03-05,COD,Delivered
7717,1876,2023-09-23,NetBanking,Delivered
7718,1876,2024-02-08,NetBanking,Delivered
7719,1876,2024-12-05,UPI,Delivered
7720,1876,2023-12-26,Card,Delivered
7721,1876,2023-09-21,UPI,Delivered
7722,1877,2024-04-14,UPI,Delivered
7723,1878,2024-09-21,UPI,Delivered
7724,1878,2024-10-28,Card,Delivered
7725,1878,2024-10-04,COD,Delivered
7726,1878,2024-05-09,UPI,Delivered
7727,1878,2024-09-26,Card,Returned
7728,1878,2024-12-24,NetBanking,Delivered
7729,1878,2024-08-29,Card,Delivered
7730,1879,2024-11-18,UPI,Delivered
7731,1879,2024-12-18,Card,Delivered
7732,1879,2024-12-15,UPI,Returned
7733,1879,2024-06-28,Card,Delivered
7734,1879,2024-07-31,Card,Delivered
7735,1879,2024-06-04,UPI,Delivered
7736,1879,2024-03-24,UPI,Cancelled
7737,1879,2024-09-06,UPI,Delivered
7738,1879,2024-04-16,NetBanking,Delivered
7739,1879,2024-02-24,UPI,Delivered
7740,1879,2024-11-21,NetBanking,Delivered
7741,1879,2024-11-10,Wallet,Delivered
7742,1879,2024-12-11,Card,Delivered
7743,1880,2023-12-25,NetBanking,Delivered
7744,1880,2024-03-15,Card,Returned
7745,1880,2023-12-10,UPI,Delivered
7746,1880,2024-09-10,UPI,Delivered
7747,1880,2023-11-02,Wallet,Delivered
7748,1880,2024-11-20,COD,Delivered
7749,1880,2023-04-25,Wallet,Delivered
7750,1880,2024-07-25,Card,Delivered
7751,1880,2024-11-23,UPI,Delivered
7752,1881,2024-08-05,UPI,Cancelled
7753,1882,2023-11-11,COD,Cancelled
7754,1883,2023-05-05,UPI,Delivered
7755,1883,2023-11-11,Card,Delivered
7756,1884,2024-07-21,NetBanking,Delivered
7757,1884,2024-07-21,COD,Delivered
7758,1884,2024-10-07,Card,Delivered
7759,1884,2024-10-13,UPI,Delivered
7760,1885,2024-12-09,Card,Delivered
7761,1885,2024-10-11,Card,Delivered
7762,1885,2024-07-14,UPI,Delivered
7763,1885,2023-12-07,UPI,Delivered
7764,1885,2024-03-21,UPI,Delivered
7765,1885,2024-11-12,UPI,Delivered
7766,1885,2024-05-19,UPI,Returned
7767,1885,2024-09-27,NetBanking,Delivered
7768,1885,2024-10-13,COD,Delivered
7769,1885,2024-10-26,Wallet,Delivered
7770,1885,2024-05-20,COD,Returned
7771,1885,2024-12-02,COD,Delivered
7772,1885,2024-04-09,Card,Delivered
7773,1885,2024-11-12,Card,Delivered
7774,1885,2024-06-08,UPI,Delivered
7775,1885,2024-03-12,COD,Delivered
7776,1886,2023-09-06,Card,Delivered
7777,1886,2024-08-25,Card,Returned
7778,1886,2023-11-04,COD,Delivered
7779,1886,2023-05-26,COD,Delivered
7780,1887,2024-07-06,Card,Delivered
7781,1890,2024-06-20,UPI,Delivered
7782,1890,2024-07-05,,Delivered
7783,1890,2023-11-08,NetBanking,Delivered
7784,1890,2024-05-27,Wallet,Delivered
7785,1890,2024-11-27,COD,Delivered
7786,1890,2023-10-21,COD,Delivered
7787,1891,2024-12-20,COD,Delivered
7788,1891,2023-09-01,COD,Delivered
7789,1891,2024-10-04,UPI,Returned
7790,1892,2024-11-30,UPI,Delivered
7791,1892,2024-10-19,NetBanking,Delivered
7792,1892,2024-03-03,NetBanking,Delivered
7793,1892,2023-09-25,UPI,Delivered
7794,1892,2023-06-09,UPI,Delivered
7795,1892,2024-12-19,Wallet,Returned
7796,1893,2024-10-27,Card,Cancelled
7797,1893,2024-05-18,COD,Delivered
7798,1893,2024-12-01,UPI,Delivered
7799,1893,2024-11-02,Card,Delivered
7800,1894,2024-08-17,Card,Delivered
7801,1895,2024-10-14,UPI,Delivered
7802,1895,2024-11-18,UPI,Delivered
7803,1895,2023-09-29,NetBanking,Returned
7804,1895,2024-11-29,UPI,Delivered
7805,1895,2023-10-04,COD,Delivered
7806,1895,2024-11-19,Card,Delivered
7807,1895,2024-11-27,,Delivered
7808,1895,2024-02-11,NetBanking,Returned
7809,1895,2024-12-04,COD,Delivered
7810,1895,2024-03-20,Card,Delivered
7811,1895,2023-11-20,Card,Delivered
7812,1895,2024-09-30,NetBanking,Cancelled
7813,1895,2023-06-04,NetBanking,Delivered
7814,1897,2023-12-08,COD,Delivered
7815,1897,2024-12-19,Card,Delivered
7816,1897,2024-06-06,Wallet,Delivered
7817,1897,2024-11-28,UPI,Delivered
7818,1897,2024-06-11,COD,Delivered
7819,1897,2024-09-26,UPI,Delivered
7820,1897,2024-03-26,Card,Delivered
7821,1897,2024-12-14,UPI,Delivered
7822,1898,2024-05-28,Card,Delivered
7823,1898,2024-08-14,UPI,Delivered
7824,1898,2024-04-19,UPI,Delivered
7825,1898,2024-11-15,Card,Delivered
7826,1899,2024-10-24,Wallet,Delivered
7827,1899,2024-06-04,UPI,Delivered
7828,1901,2024-10-21,UPI,Delivered
7829,1901,2023-12-04,UPI,Cancelled
7830,1901,2023-11-30,Card,Delivered
7831,1901,2024-04-29,UPI,Delivered
7832,1901,2024-03-03,UPI,Cancelled
7833,1901,2024-12-27,COD,Delivered
7834,1903,2024-07-07,UPI,Returned
7835,1903,2024-03-05,Card,Delivered
7836,1903,2024-01-25,UPI,Delivered
7837,1903,2024-12-09,COD,Delivered
7838,1903,2024-12-24,UPI,Delivered
7839,1903,2024-12-09,COD,Delivered
7840,1903,2024-05-10,UPI,Delivered
7841,1903,2024-09-26,COD,Delivered
7842,1903,2024-08-15,UPI,Delivered
7843,1904,2023-07-17,UPI,Returned
7844,1904,2024-11-12,COD,Delivered
7845,1904,2024-03-17,Card,Delivered
7846,1904,2024-04-10,UPI,Delivered
7847,1904,2024-11-10,Card,Delivered
7848,1904,2024-09-03,UPI,Delivered
7849,1904,2024-08-22,UPI,Delivered
7850,1904,2023-09-18,Card,Delivered
7851,1905,2023-12-19,Wallet,Delivered
7852,1905,2024-03-07,Card,Delivered
7853,1906,2023-08-12,UPI,Delivered
7854,1906,2023-09-30,Card,Returned
7855,1906,2023-09-04,COD,Returned
7856,1906,2023-10-16,UPI,Delivered
7857,1906,2024-05-23,Card,Returned
7858,1907,2023-11-15,UPI,Delivered
7859,1907,2024-04-03,Card,Delivered
7860,1907,2024-01-30,Wallet,Delivered
7861,1907,2024-12-07,UPI,Delivered
7862,1908,2024-11-17,UPI,Delivered
7863,1908,2023-11-24,UPI,Delivered
7864,1912,2024-12-11,UPI,Delivered
7865,1913,2023-10-18,Card,Delivered
7866,1914,2024-11-25,COD,Returned
7867,1914,2024-07-09,Card,Delivered
7868,1914,2024-04-01,Card,Delivered
7869,1914,2024-10-21,UPI,Delivered
7870,1914,2024-11-01,UPI,Delivered
7871,1914,2024-03-22,NetBanking,Delivered
7872,1915,2024-04-22,COD,Delivered
7873,1915,2024-09-02,UPI,Delivered
7874,1915,2024-09-09,NetBanking,Delivered
7875,1915,2024-06-12,,Delivered
7876,1915,2024-05-30,COD,Delivered
7877,1915,2023-12-29,Card,Delivered
7878,1916,2024-06-05,UPI,Delivered
7879,1916,2024-06-17,NetBanking,Delivered
7880,1916,2024-05-21,UPI,Delivered
7881,1918,2024-04-22,UPI,Delivered
7882,1918,2024-07-16,Card,Delivered
7883,1919,2024-11-26,NetBanking,Cancelled
7884,1919,2024-12-01,NetBanking,Delivered
7885,1919,2024-09-20,COD,Delivered
7886,1919,2024-12-07,UPI,Delivered
7887,1919,2024-04-10,,Returned
7888,1919,2023-11-18,NetBanking,Delivered
7889,1919,2024-08-08,COD,Delivered
7890,1919,2024-08-07,,Delivered
7891,1919,2024-05-03,Card,Delivered
7892,1919,2023-12-14,COD,Delivered
7893,1920,2024-12-16,Card,Delivered
7894,1920,2023-12-04,UPI,Delivered
7895,1920,2024-03-10,Card,Delivered
7896,1920,2024-05-13,COD,Delivered
7897,1920,2023-10-16,UPI,Delivered
7898,1920,2023-12-16,Card,Delivered
7899,1920,2024-11-02,NetBanking,Delivered
7900,1920,2024-06-14,Card,Delivered
7901,1921,2024-05-08,UPI,Delivered
7902,1921,2024-10-29,COD,Returned
7903,1921,2024-06-22,Card,Delivered
7904,1921,2024-01-01,Card,Delivered
7905,1922,2024-12-10,UPI,Delivered
7906,1922,2023-10-20,NetBanking,Delivered
7907,1922,2024-07-14,UPI,Delivered
7908,1922,2024-06-11,,Delivered
7909,1922,2024-11-18,COD,Delivered
7910,1922,2023-12-29,UPI,Cancelled
7911,1922,2023-11-14,UPI,Delivered
7912,1922,2024-11-08,UPI,Delivered
7913,1922,2024-03-18,UPI,Delivered
7914,1922,2024-03-04,Wallet,Delivered
7915,1922,2023-11-19,NetBanking,Delivered
7916,1923,2024-12-07,NetBanking,Delivered
7917,1923,2024-07-15,Wallet,Delivered
7918,1923,2024-08-16,UPI,Delivered
7919,1923,2024-09-11,COD,Delivered
7920,1923,2024-12-10,Card,Delivered
7921,1923,2024-05-18,UPI,Delivered
7922,1923,2024-07-27,Card,Delivered
7923,1924,2023-11-07,UPI,Delivered
7924,1924,2024-07-29,Wallet,Delivered
7925,1924,2024-04-13,COD,Delivered
7926,1924,2023-08-28,COD,Delivered
7927,1925,2024-01-12,UPI,Delivered
7928,1925,2023-11-08,UPI,Delivered
7929,1925,2024-11-17,UPI,Delivered
7930,1925,2024-09-08,COD,Returned
7931,1925,2024-04-11,Card,Delivered
7932,1925,2024-02-09,COD,Delivered
7933,1925,2024-11-03,UPI,Delivered
7934,1925,2023-10-26,Card,Delivered
7935,1926,2024-10-03,Card,Delivered
7936,1926,2024-11-24,Wallet,Delivered
7937,1926,2024-07-18,COD,Delivered
7938,1926,2023-12-09,UPI,Delivered
7939,1926,2024-12-29,Card,Delivered
7940,1926,2023-12-26,COD,Delivered
7941,1926,2023-06-10,COD,Delivered
7942,1926,2023-08-01,Card,Delivered
7943,1927,2024-02-06,COD,Delivered
7944,1928,2023-11-05,Card,Delivered
7945,1928,2023-04-08,UPI,Delivered
7946,1929,2024-09-17,COD,Delivered
7947,1929,2024-08-12,Wallet,Delivered
7948,1929,2024-07-01,UPI,Delivered
7949,1929,2024-06-04,COD,Delivered
7950,1930,2024-12-07,Card,Delivered
7951,1931,2023-10-20,Card,Delivered
7952,1933,2024-06-13,NetBanking,Delivered
7953,1933,2024-03-31,Wallet,Delivered
7954,1933,2024-10-28,UPI,Delivered
7955,1933,2024-04-02,COD,Delivered
7956,1933,2024-08-25,UPI,Delivered
7957,1933,2024-10-16,Card,Delivered
7958,1933,2024-07-08,COD,Returned
7959,1934,2024-07-27,UPI,Delivered
7960,1934,2024-11-20,UPI,Delivered
7961,1934,2024-10-21,NetBanking,Delivered
7962,1934,2024-09-14,Card,Delivered
7963,1934,2024-12-04,UPI,Delivered
7964,1934,2024-10-19,Card,Delivered
7965,1934,2024-12-16,Card,Delivered
7966,1936,2024-01-04,COD,Delivered
7967,1936,2023-07-19,UPI,Delivered
7968,1936,2023-06-01,UPI,Delivered
7969,1936,2024-12-10,COD,Delivered
7970,1938,2024-02-23,UPI,Delivered
7971,1938,2024-10-04,UPI,Delivered
7972,1938,2024-08-25,COD,Delivered
7973,1939,2024-08-28,Wallet,Delivered
7974,1939,2024-10-27,Wallet,Delivered
7975,1939,2024-10-04,Card,Delivered
7976,1939,2024-06-30,UPI,Delivered
7977,1939,2024-09-09,NetBanking,Delivered
7978,1939,2024-06-23,UPI,Delivered
7979,1940,2023-12-07,COD,Delivered
7980,1940,2023-06-10,NetBanking,Delivered
7981,1941,2024-10-12,NetBanking,Delivered
7982,1941,2024-12-13,Card,Delivered
7983,1941,2024-02-09,Wallet,Delivered
7984,1941,2024-11-02,,Delivered
7985,1941,2023-05-22,UPI,Delivered
7986,1941,2024-05-19,COD,Delivered
7987,1941,2023-11-16,Wallet,Delivered
7988,1941,2023-11-19,UPI,Delivered
7989,1942,2024-12-21,UPI,Delivered
7990,1942,2024-12-26,Wallet,Returned
7991,1942,2024-03-26,NetBanking,Delivered
7992,1942,2023-10-20,Card,Cancelled
7993,1942,2024-05-12,NetBanking,Delivered
7994,1942,2024-03-05,Card,Delivered
7995,1943,2024-12-04,UPI,Returned
7996,1943,2024-11-18,Card,Delivered
7997,1944,2024-02-15,UPI,Delivered
7998,1944,2024-10-08,COD,Delivered
7999,1945,2023-08-02,UPI,Delivered
8000,1945,2024-04-24,Card,Delivered
8001,1945,2024-12-29,COD,Returned
8002,1945,2024-02-16,NetBanking,Delivered
8003,1945,2023-11-29,UPI,Delivered
8004,1945,2023-11-21,COD,Delivered
8005,1945,2024-04-28,NetBanking,Delivered
8006,1946,2023-11-20,COD,Delivered
8007,1947,2024-10-10,UPI,Delivered
8008,1947,2024-06-19,COD,Delivered
8009,1947,2023-04-03,COD,Returned
8010,1947,2023-11-29,UPI,Delivered
8011,1947,2024-11-29,NetBanking,Delivered
8012,1947,2024-01-02,UPI,Delivered
8013,1947,2024-10-10,NetBanking,Delivered
8014,1947,2024-10-29,Card,Delivered
8015,1947,2023-11-04,UPI,Delivered
8016,1950,2024-10-27,COD,Delivered
8017,1950,2023-08-29,Card,Delivered
8018,1950,2024-03-23,COD,Delivered
8019,1950,2024-11-01,UPI,Delivered
8020,1950,2024-04-22,UPI,Cancelled
8021,1951,2024-06-20,UPI,Delivered
8022,1951,2024-11-28,Card,Delivered
8023,1951,2024-10-08,UPI,Delivered
8024,1951,2024-07-01,COD,Delivered
8025,1952,2024-11-22,Card,Delivered
8026,1952,2024-05-05,UPI,Delivered
8027,1952,2023-12-04,COD,Returned
8028,1952,2023-12-04,COD,Delivered
8029,1952,2024-02-10,Card,Delivered
8030,1952,2024-10-26,COD,Delivered
8031,1952,2024-11-27,Card,Delivered
8032,1952,2024-01-08,UPI,Delivered
8033,1952,2024-11-13,Card,Delivered
8034,1953,2023-09-07,UPI,Delivered
8035,1954,2024-11-27,COD,Delivered
8036,1954,2024-04-24,COD,Delivered
8037,1954,2024-11-01,Card,Delivered
8038,1955,2024-08-22,Card,Delivered
8039,1955,2024-08-17,UPI,Delivered
8040,1956,2024-10-18,COD,Delivered
8041,1956,2023-09-12,COD,Delivered
8042,1956,2024-11-30,UPI,Delivered
8043,1956,2023-11-13,UPI,Delivered
8044,1956,2024-04-24,NetBanking,Delivered
8045,1956,2024-09-13,COD,Delivered
8046,1956,2023-10-08,UPI,Delivered
8047,1956,2024-06-29,UPI,Cancelled
8048,1956,2024-05-03,NetBanking,Delivered
8049,1956,2024-06-14,,Delivered
8050,1957,2023-10-30,UPI,Delivered
8051,1957,2024-10-07,Card,Delivered
8052,1957,2024-06-18,UPI,Delivered
8053,1957,2023-12-16,Card,Delivered
8054,1958,2024-08-05,UPI,Delivered
8055,1958,2023-12-31,UPI,Delivered
8056,1958,2024-05-16,UPI,Delivered
8057,1958,2024-07-15,NetBanking,Delivered
8058,1959,2024-11-04,UPI,Delivered
8059,1959,2024-02-23,Card,Returned
8060,1959,2024-05-08,UPI,Delivered
8061,1959,2024-12-28,UPI,Delivered
8062,1959,2024-07-05,UPI,Returned
8063,1959,2024-04-06,UPI,Delivered
8064,1959,2024-10-25,Card,Delivered
8065,1959,2024-04-24,Card,Delivered
8066,1959,2024-08-12,UPI,Delivered
8067,1959,2024-03-04,NetBanking,Delivered
8068,1960,2023-07-23,Card,Delivered
8069,1960,2023-08-02,COD,Delivered
8070,1960,2024-08-14,Card,Delivered
8071,1960,2023-05-31,UPI,Delivered
8072,1960,2023-05-18,UPI,Delivered
8073,1960,2023-11-30,UPI,Returned
8074,1960,2023-12-10,COD,Delivered
8075,1960,2024-01-28,COD,Delivered
8076,1960,2024-08-21,UPI,Delivered
8077,1960,2024-04-17,Wallet,Delivered
8078,1960,2024-08-02,NetBanking,Delivered
8079,1960,2023-05-18,UPI,Delivered
8080,1961,2024-12-30,UPI,Returned
8081,1962,2024-10-28,Wallet,Delivered
8082,1962,2024-11-19,Wallet,Delivered
8083,1963,2023-06-29,Card,Delivered
8084,1963,2023-11-20,COD,Delivered
8085,1964,2024-11-09,NetBanking,Delivered
8086,1964,2024-11-27,NetBanking,Delivered
8087,1965,2024-11-07,COD,Delivered
8088,1965,2024-04-21,Card,Returned
8089,1965,2024-06-27,Card,Delivered
8090,1966,2024-11-29,COD,Delivered
8091,1966,2024-05-09,UPI,Delivered
8092,1966,2024-09-24,COD,Delivered
8093,1966,2024-05-17,Card,Delivered
8094,1966,2024-10-21,Card,Delivered
8095,1966,2024-10-06,COD,Delivered
8096,1966,2024-08-23,NetBanking,Delivered
8097,1966,2024-09-08,UPI,Returned
8098,1967,2024-06-06,COD,Delivered
8099,1967,2024-08-15,Card,Returned
8100,1967,2023-08-05,UPI,Delivered
8101,1967,2024-02-24,Card,Delivered
8102,1968,2023-10-31,COD,Delivered
8103,1968,2024-07-08,COD,Delivered
8104,1968,2024-07-06,Card,Delivered
8105,1968,2024-07-30,COD,Delivered
8106,1968,2024-12-07,UPI,Delivered
8107,1968,2024-07-12,Card,Returned
8108,1968,2024-11-11,Card,Delivered
8109,1968,2024-02-17,Card,Delivered
8110,1968,2023-10-07,UPI,Delivered
8111,1968,2024-02-29,UPI,Returned
8112,1968,2024-05-31,UPI,Delivered
8113,1968,2024-10-30,Wallet,Delivered
8114,1968,2024-07-30,Wallet,Delivered
8115,1968,2024-04-09,UPI,Delivered
8116,1969,2024-09-16,COD,Delivered
8117,1969,2024-05-16,Card,Delivered
8118,1969,2024-04-17,UPI,Delivered
8119,1971,2024-11-03,COD,Delivered
8120,1971,2024-04-23,Wallet,Delivered
8121,1972,2024-12-13,UPI,Delivered
8122,1972,2024-06-11,UPI,Delivered
8123,1972,2024-12-22,Wallet,Delivered
8124,1972,2024-07-27,COD,Delivered
8125,1972,2024-07-29,UPI,Delivered
8126,1972,2024-09-09,UPI,Delivered
8127,1972,2024-07-04,COD,Delivered
8128,1972,2024-11-26,Card,Delivered
8129,1972,2024-06-16,UPI,Delivered
8130,1972,2024-09-14,Card,Delivered
8131,1973,2024-05-23,UPI,Delivered
8132,1973,2024-03-03,,Delivered
8133,1974,2024-07-24,UPI,Delivered
8134,1976,2023-12-03,NetBanking,Delivered
8135,1976,2024-05-11,UPI,Delivered
8136,1976,2024-01-21,UPI,Returned
8137,1976,2024-09-19,COD,Delivered
8138,1976,2023-03-18,UPI,Delivered
8139,1977,2024-10-14,COD,Delivered
8140,1978,2023-10-07,UPI,Delivered
8141,1978,2024-11-29,UPI,Delivered
8142,1978,2024-11-09,Card,Delivered
8143,1978,2023-07-26,Wallet,Delivered
8144,1978,2024-09-01,UPI,Delivered
8145,1979,2024-11-09,UPI,Delivered
8146,1979,2024-12-21,,Delivered
8147,1979,2023-08-13,NetBanking,Delivered
8148,1979,2024-05-27,Card,Delivered
8149,1980,2024-11-15,Card,Delivered
8150,1980,2024-11-27,UPI,Delivered
8151,1980,2024-08-24,UPI,Delivered
8152,1980,2024-09-07,UPI,Delivered
8153,1980,2024-08-28,UPI,Delivered
8154,1981,2024-05-10,COD,Delivered
8155,1981,2024-07-28,Card,Delivered
8156,1981,2024-11-17,COD,Delivered
8157,1982,2024-10-02,Card,Delivered
8158,1982,2024-07-31,UPI,Delivered
8159,1983,2023-03-12,Card,Returned
8160,1983,2024-02-23,Card,Delivered
8161,1983,2024-04-29,UPI,Delivered
8162,1983,2024-05-22,Wallet,Delivered
8163,1983,2023-06-22,COD,Delivered
8164,1983,2024-05-23,NetBanking,Delivered
8165,1983,2023-06-16,Card,Returned
8166,1983,2024-08-15,COD,Delivered
8167,1983,2023-09-10,UPI,Delivered
8168,1984,2024-07-16,NetBanking,Delivered
8169,1984,2024-06-03,NetBanking,Delivered
8170,1984,2024-10-01,UPI,Delivered
8171,1985,2024-10-04,Card,Delivered
8172,1985,2024-06-11,UPI,Delivered
8173,1985,2024-01-29,Card,Delivered
8174,1987,2024-08-22,NetBanking,Delivered
8175,1987,2024-09-15,UPI,Delivered
8176,1987,2024-08-22,Card,Delivered
8177,1988,2023-08-03,,Delivered
8178,1988,2023-10-30,COD,Delivered
8179,1988,2023-10-21,UPI,Cancelled
8180,1988,2023-12-09,Wallet,Delivered
8181,1988,2024-01-25,UPI,Delivered
8182,1988,2023-09-26,UPI,Delivered
8183,1988,2024-05-27,Wallet,Delivered
8184,1989,2024-04-17,Card,Delivered
8185,1989,2024-02-10,Card,Delivered
8186,1989,2024-10-22,COD,Delivered
8187,1989,2024-08-16,NetBanking,Delivered
8188,1990,2024-05-30,COD,Delivered
8189,1990,2024-11-07,UPI,Delivered
8190,1990,2024-06-11,UPI,Delivered
8191,1990,2024-06-29,Card,Delivered
8192,1991,2024-01-31,Card,Delivered
8193,1991,2024-10-11,UPI,Delivered
8194,1991,2024-12-19,UPI,Delivered
8195,1991,2024-12-27,Card,Delivered
8196,1991,2024-07-29,COD,Delivered
8197,1991,2023-12-05,UPI,Delivered
8198,1991,2024-12-18,UPI,Delivered
8199,1992,2023-10-09,UPI,Delivered
8200,1992,2023-09-10,Card,Delivered
8201,1992,2024-10-06,Wallet,Delivered
8202,1992,2024-11-26,UPI,Delivered
8203,1992,2024-10-30,COD,Delivered
8204,1992,2024-12-05,COD,Delivered
8205,1992,2024-05-31,Wallet,Delivered
8206,1993,2023-11-05,UPI,Delivered
8207,1993,2024-11-10,NetBanking,Delivered
8208,1993,2024-05-22,COD,Delivered
8209,1994,2024-05-19,NetBanking,Delivered
8210,1994,2024-06-28,COD,Delivered
8211,1996,2023-11-16,UPI,Delivered
8212,1996,2024-07-29,Card,Delivered
8213,1996,2024-02-17,UPI,Delivered
8214,1996,2024-05-04,UPI,Delivered
8215,1997,2024-10-05,,Cancelled
8216,1997,2024-03-28,COD,Delivered
8217,1997,2024-11-18,UPI,Delivered
8218,1997,2024-09-05,Card,Delivered
8219,1998,2024-12-23,UPI,Delivered
8220,1998,2024-10-09,UPI,Delivered
8221,1998,2024-12-23,NetBanking,Delivered
8222,1998,2024-09-20,Wallet,Returned
8223,1998,2024-10-16,Card,Delivered
8224,1998,2024-10-04,COD,Delivered
8225,1999,2023-09-03,UPI,Delivered
8226,1999,2023-11-08,COD,Returned
8227,1999,2024-10-25,UPI,Delivered
8228,1999,2024-06-05,UPI,Delivered
8229,1999,2024-05-07,Card,Delivered
8230,1999,2024-05-28,UPI,Delivered
8231,1999,2024-12-07,UPI,Delivered
8232,1999,2023-11-08,UPI,Cancelled
8233,1999,2023-08-25,Card,Delivered
8234,1999,2024-06-03,UPI,Returned
8235,1999,2024-12-16,UPI,Delivered
8236,2000,2024-10-31,UPI,Delivered
8237,2000,2023-08-11,UPI,Delivered
8238,2001,2024-10-03,Card,Delivered
8239,2001,2024-05-25,UPI,Delivered
8240,2001,2024-06-28,COD,Delivered
8241,2002,2024-08-07,UPI,Delivered
8242,2003,2023-09-19,,Delivered
8243,2004,2023-11-07,UPI,Delivered
8244,2004,2023-09-18,UPI,Delivered
8245,2004,2024-06-23,UPI,Returned
8246,2004,2024-03-25,COD,Delivered
8247,2005,2024-10-15,UPI,Delivered
8248,2006,2024-05-07,Card,Cancelled
8249,2006,2024-01-05,UPI,Delivered
8250,2007,2024-12-29,UPI,Delivered
8251,2007,2024-11-30,UPI,Delivered
8252,2009,2024-11-23,UPI,Delivered
8253,2009,2024-11-10,Card,Delivered
8254,2011,2024-07-12,Card,Delivered
8255,2011,2024-05-23,UPI,Delivered
8256,2011,2024-10-25,UPI,Delivered
8257,2011,2023-11-10,UPI,Delivered
8258,2011,2024-06-05,UPI,Returned
8259,2011,2024-05-22,Card,Delivered
8260,2011,2024-03-23,COD,Delivered
8261,2011,2024-12-28,Card,Delivered
8262,2012,2024-12-02,UPI,Delivered
8263,2012,2024-11-12,UPI,Delivered
8264,2012,2024-06-26,Card,Delivered
8265,2013,2024-12-26,NetBanking,Delivered
8266,2013,2023-12-10,UPI,Delivered
8267,2013,2024-08-11,UPI,Delivered
8268,2013,2023-08-05,Card,Delivered
8269,2013,2024-11-26,Card,Delivered
8270,2013,2023-05-22,Wallet,Returned
8271,2017,2023-08-28,Card,Delivered
8272,2018,2024-04-15,UPI,Delivered
8273,2018,2024-08-27,COD,Delivered
8274,2018,2024-10-16,UPI,Delivered
8275,2019,2024-03-20,,Delivered
8276,2019,2024-12-21,,Delivered
8277,2019,2024-10-01,NetBanking,Cancelled
8278,2020,2023-12-16,UPI,Delivered
8279,2020,2024-08-03,Card,Delivered
8280,2021,2024-01-03,COD,Delivered
8281,2021,2023-07-31,UPI,Delivered
8282,2022,2024-11-28,Card,Delivered
8283,2023,2024-10-09,COD,Delivered
8284,2023,2024-10-29,Card,Delivered
8285,2023,2024-02-10,UPI,Delivered
8286,2023,2024-06-11,UPI,Delivered
8287,2023,2024-04-25,UPI,Delivered
8288,2023,2024-09-27,UPI,Delivered
8289,2023,2024-05-22,Card,Delivered
8290,2023,2024-08-03,UPI,Delivered
8291,2024,2023-12-05,UPI,Delivered
8292,2024,2024-06-04,UPI,Delivered
8293,2024,2024-09-25,COD,Delivered
8294,2024,2024-01-11,UPI,Delivered
8295,2025,2023-12-11,COD,Delivered
8296,2025,2024-03-29,COD,Delivered
8297,2025,2024-07-08,COD,Delivered
8298,2025,2024-09-02,UPI,Delivered
8299,2025,2023-03-16,COD,Delivered
8300,2026,2024-04-26,COD,Delivered
8301,2026,2024-03-23,UPI,Delivered
8302,2026,2023-10-18,NetBanking,Delivered
8303,2026,2023-11-28,COD,Delivered
8304,2026,2024-01-05,COD,Delivered
8305,2026,2024-06-12,Card,Delivered
8306,2026,2024-05-23,UPI,Returned
8307,2026,2024-06-07,UPI,Delivered
8308,2026,2023-10-15,COD,Delivered
8309,2026,2023-09-17,COD,Delivered
8310,2026,2024-04-23,UPI,Delivered
8311,2026,2023-11-25,Card,Delivered
8312,2026,2024-11-19,COD,Returned
8313,2026,2024-04-04,UPI,Delivered
8314,2026,2024-02-15,Card,Delivered
8315,2027,2024-01-19,UPI,Returned
8316,2028,2024-11-07,UPI,Delivered
8317,2028,2024-10-01,UPI,Delivered
8318,2028,2024-10-20,UPI,Delivered
8319,2028,2024-09-23,Card,Delivered
8320,2029,2023-10-16,,Delivered
8321,2029,2023-12-20,,Delivered
8322,2029,2024-01-29,NetBanking,Delivered
8323,2029,2023-11-18,COD,Returned
8324,2030,2024-11-18,Card,Delivered
8325,2030,2024-10-30,COD,Delivered
8326,2030,2024-11-13,NetBanking,Delivered
8327,2031,2024-12-11,Card,Delivered
8328,2031,2024-07-11,UPI,Delivered
8329,2031,2023-11-18,UPI,Delivered
8330,2032,2024-08-17,UPI,Delivered
8331,2032,2024-05-03,Wallet,Delivered
8332,2032,2023-06-15,COD,Delivered
8333,2032,2023-10-05,Card,Delivered
8334,2032,2023-11-08,UPI,Delivered
8335,2032,2024-07-27,Wallet,Delivered
8336,2034,2024-05-13,COD,Delivered
8337,2035,2024-12-29,UPI,Delivered
8338,2035,2024-09-24,Card,Delivered
8339,2035,2024-10-07,UPI,Delivered
8340,2035,2024-10-23,Wallet,Delivered
8341,2035,2024-06-18,Card,Delivered
8342,2035,2024-08-03,UPI,Delivered
8343,2036,2024-06-27,UPI,Returned
8344,2036,2024-10-09,Card,Delivered
8345,2036,2024-07-31,Card,Delivered
8346,2036,2024-07-09,UPI,Delivered
8347,2036,2024-08-07,COD,Delivered
8348,2036,2024-10-28,UPI,Delivered
8349,2036,2024-06-05,Wallet,Delivered
8350,2036,2024-04-22,COD,Delivered
8351,2036,2024-04-02,Card,Delivered
8352,2036,2024-09-19,UPI,Delivered
8353,2036,2024-06-23,UPI,Delivered
8354,2036,2024-09-29,UPI,Delivered
8355,2036,2024-12-03,COD,Delivered
8356,2036,2024-07-08,NetBanking,Delivered
8357,2036,2024-05-31,Card,Delivered
8358,2037,2024-10-20,NetBanking,Delivered
8359,2037,2024-11-29,NetBanking,Delivered
8360,2037,2024-08-22,Card,Delivered
8361,2037,2024-09-25,UPI,Delivered
8362,2037,2024-08-11,COD,Delivered
8363,2037,2024-04-10,UPI,Delivered
8364,2037,2024-02-24,NetBanking,Delivered
8365,2037,2024-08-31,UPI,Delivered
8366,2038,2023-02-10,UPI,Delivered
8367,2038,2024-04-01,UPI,Delivered
8368,2038,2024-11-23,UPI,Delivered
8369,2038,2024-12-08,Card,Delivered
8370,2038,2024-04-13,UPI,Delivered
8371,2038,2024-05-06,Card,Returned
8372,2038,2023-11-09,UPI,Delivered
8373,2038,2024-07-20,Card,Delivered
8374,2038,2023-08-15,Card,Delivered
8375,2040,2023-10-15,NetBanking,Delivered
8376,2041,2023-11-19,NetBanking,Delivered
8377,2041,2024-09-03,UPI,Delivered
8378,2041,2024-02-02,Card,Delivered
8379,2041,2024-12-12,UPI,Delivered
8380,2041,2023-07-04,UPI,Delivered
8381,2041,2023-12-28,UPI,Delivered
8382,2041,2023-09-16,Wallet,Delivered
8383,2041,2024-10-12,COD,Delivered
8384,2042,2024-11-17,NetBanking,Delivered
8385,2043,2024-10-19,UPI,Delivered
8386,2044,2024-03-20,NetBanking,Delivered
8387,2044,2024-10-10,COD,Returned
8388,2044,2024-12-18,UPI,Delivered
8389,2044,2024-02-24,UPI,Delivered
8390,2044,2024-02-19,COD,Delivered
8391,2044,2024-03-11,UPI,Delivered
8392,2044,2024-02-09,UPI,Delivered
8393,2045,2024-06-09,Wallet,Returned
8394,2045,2024-03-11,Card,Delivered
8395,2045,2024-03-22,UPI,Delivered
8396,2045,2023-09-20,UPI,Delivered
8397,2045,2024-11-18,Card,Delivered
8398,2045,2024-02-15,Card,Delivered
8399,2045,2023-09-09,NetBanking,Delivered
8400,2045,2024-08-09,COD,Delivered
8401,2045,2024-08-24,NetBanking,Delivered
8402,2045,2023-07-01,Card,Delivered
8403,2046,2024-10-25,Card,Delivered
8404,2046,2024-08-07,COD,Delivered
8405,2046,2024-08-25,UPI,Delivered
8406,2046,2024-09-24,Card,Cancelled
8407,2046,2024-10-05,Card,Delivered
8408,2046,2024-09-07,UPI,Delivered
8409,2046,2024-08-29,UPI,Delivered
8410,2046,2024-08-20,Card,Delivered
8411,2046,2024-11-10,NetBanking,Delivered
8412,2047,2024-01-14,Card,Delivered
8413,2047,2024-10-12,Card,Delivered
8414,2047,2024-10-10,NetBanking,Delivered
8415,2047,2023-10-05,UPI,Delivered
8416,2048,2024-03-20,UPI,Delivered
8417,2048,2023-12-31,UPI,Delivered
8418,2048,2023-11-28,UPI,Delivered
8419,2049,2024-06-19,Card,Delivered
8420,2049,2024-07-12,UPI,Delivered
8421,2049,2024-07-03,UPI,Cancelled
8422,2049,2024-10-12,UPI,Delivered
8423,2049,2024-09-07,UPI,Delivered
8424,2049,2024-12-02,Card,Delivered
8425,2049,2024-05-09,UPI,Delivered
8426,2049,2024-07-15,Card,Delivered
8427,2049,2024-09-05,COD,Delivered
8428,2049,2024-11-15,COD,Delivered
8429,2050,2024-10-17,Card,Delivered
8430,2051,2024-06-24,Card,Returned
8431,2052,2023-10-26,Card,Delivered
8432,2052,2024-06-06,UPI,Delivered
8433,2053,2023-09-15,UPI,Delivered
8434,2054,2024-07-01,Card,Delivered
8435,2054,2024-09-21,NetBanking,Delivered
8436,2054,2024-07-08,Card,Delivered
8437,2054,2024-07-21,UPI,Delivered
8438,2054,2024-08-28,UPI,Delivered
8439,2054,2024-11-01,UPI,Delivered
8440,2055,2024-04-03,NetBanking,Delivered
8441,2055,2024-08-26,UPI,Delivered
8442,2055,2024-02-05,NetBanking,Cancelled
8443,2055,2024-11-10,NetBanking,Delivered
8444,2055,2024-04-26,Card,Delivered
8445,2055,2024-03-20,Card,Cancelled
8446,2055,2024-11-11,UPI,Delivered
8447,2055,2024-11-19,Card,Delivered
8448,2055,2024-10-25,UPI,Delivered
8449,2055,2024-05-01,UPI,Delivered
8450,2055,2024-08-24,UPI,Delivered
8451,2055,2024-12-23,UPI,Delivered
8452,2055,2024-08-05,,Delivered
8453,2055,2024-12-17,Card,Delivered
8454,2055,2024-10-10,UPI,Delivered
8455,2055,2024-11-20,,Delivered
8456,2055,2024-04-13,Card,Delivered
8457,2055,2024-12-11,COD,Delivered
8458,2055,2024-11-22,UPI,Delivered
8459,2055,2024-11-06,Card,Delivered
8460,2055,2024-12-15,UPI,Cancelled
8461,2055,2024-11-07,Card,Delivered
8462,2056,2024-10-26,Card,Delivered
8463,2056,2023-10-31,Card,Delivered
8464,2056,2024-04-30,UPI,Delivered
8465,2056,2023-09-30,NetBanking,Delivered
8466,2056,2024-07-25,Card,Delivered
8467,2056,2024-09-24,COD,Delivered
8468,2056,2024-07-01,UPI,Delivered
8469,2057,2024-09-18,COD,Delivered
8470,2057,2024-12-07,NetBanking,Delivered
8471,2057,2024-11-27,Wallet,Delivered
8472,2057,2024-03-08,COD,Delivered
8473,2057,2024-08-22,Card,Delivered
8474,2057,2024-09-28,UPI,Delivered
8475,2058,2024-02-29,UPI,Delivered
8476,2058,2024-04-26,COD,Cancelled
8477,2058,2024-03-23,UPI,Delivered
8478,2058,2024-07-09,UPI,Delivered
8479,2058,2024-03-09,UPI,Delivered
8480,2058,2024-09-09,UPI,Delivered
8481,2059,2024-10-04,Card,Delivered
8482,2059,2024-06-23,COD,Delivered
8483,2059,2023-11-05,UPI,Delivered
8484,2059,2024-02-25,UPI,Delivered
8485,2059,2024-11-06,COD,Cancelled
8486,2060,2023-10-31,UPI,Delivered
8487,2060,2024-10-07,Card,Delivered
8488,2060,2024-09-08,Card,Delivered
8489,2060,2024-09-10,Card,Delivered
8490,2060,2024-01-02,NetBanking,Delivered
8491,2060,2024-05-08,UPI,Delivered
8492,2060,2024-06-15,COD,Cancelled
8493,2060,2024-02-01,Card,Delivered
8494,2061,2024-07-01,COD,Delivered
8495,2061,2024-12-02,,Delivered
8496,2061,2024-06-14,UPI,Delivered
8497,2062,2024-08-25,Card,Delivered
8498,2062,2024-09-05,Wallet,Delivered
8499,2062,2024-08-25,UPI,Delivered
8500,2062,2024-04-08,NetBanking,Delivered
8501,2062,2024-09-14,Card,Delivered
8502,2062,2024-03-02,COD,Delivered
8503,2064,2024-04-09,COD,Delivered
8504,2064,2024-11-16,UPI,Delivered
8505,2064,2024-11-01,UPI,Delivered
8506,2064,2024-04-05,Card,Delivered
8507,2064,2024-10-31,COD,Returned
8508,2064,2024-10-07,UPI,Delivered
8509,2064,2024-12-26,Wallet,Delivered
8510,2065,2024-11-29,UPI,Delivered
8511,2065,2024-02-27,Card,Delivered
8512,2065,2024-02-20,Card,Delivered
8513,2065,2023-12-26,Card,Delivered
8514,2065,2024-06-01,UPI,Delivered
8515,2065,2024-07-08,Card,Delivered
8516,2065,2023-12-31,UPI,Delivered
8517,2065,2023-12-21,Card,Delivered
8518,2065,2024-05-09,UPI,Delivered
8519,2065,2024-02-19,COD,Delivered
8520,2065,2024-08-06,UPI,Delivered
8521,2065,2024-07-13,Card,Delivered
8522,2066,2024-11-07,NetBanking,Delivered
8523,2066,2024-06-21,COD,Delivered
8524,2066,2024-06-06,UPI,Delivered
8525,2066,2024-09-07,COD,Delivered
8526,2066,2024-04-17,UPI,Returned
8527,2066,2024-11-17,Card,Delivered
8528,2067,2024-11-30,Card,Delivered
8529,2067,2024-04-15,UPI,Delivered
8530,2067,2024-01-28,COD,Delivered
8531,2069,2024-12-08,COD,Delivered
8532,2069,2024-09-26,Card,Delivered
8533,2069,2024-02-09,COD,Delivered
8534,2069,2024-08-31,UPI,Delivered
8535,2070,2024-01-19,UPI,Delivered
8536,2071,2024-08-19,UPI,Delivered
8537,2071,2023-07-03,UPI,Delivered
8538,2071,2024-11-10,UPI,Delivered
8539,2071,2023-10-20,UPI,Cancelled
8540,2071,2023-09-16,Wallet,Delivered
8541,2072,2024-09-25,UPI,Delivered
8542,2072,2024-09-01,COD,Delivered
8543,2073,2024-10-15,UPI,Delivered
8544,2073,2024-08-20,Card,Delivered
8545,2073,2024-11-21,UPI,Delivered
8546,2073,2024-05-07,NetBanking,Delivered
8547,2073,2024-08-14,UPI,Delivered
8548,2073,2023-09-03,UPI,Delivered
8549,2074,2024-07-13,Wallet,Delivered
8550,2074,2023-08-23,UPI,Returned
8551,2074,2024-06-27,UPI,Delivered
8552,2075,2024-08-17,UPI,Delivered
8553,2076,2024-11-20,UPI,Delivered
8554,2076,2023-11-15,UPI,Delivered
8555,2076,2024-10-06,UPI,Delivered
8556,2076,2024-04-13,UPI,Delivered
8557,2077,2024-02-06,UPI,Delivered
8558,2078,2024-03-11,Card,Delivered
8559,2078,2023-12-02,COD,Delivered
8560,2079,2024-10-25,COD,Returned
8561,2080,2023-07-03,UPI,Delivered
8562,2080,2023-12-23,Card,Delivered
8563,2080,2023-07-07,NetBanking,Delivered
8564,2080,2024-06-03,Wallet,Delivered
8565,2080,2023-11-11,NetBanking,Delivered
8566,2081,2024-08-17,UPI,Cancelled
8567,2081,2024-12-10,Wallet,Returned
8568,2081,2024-04-24,UPI,Delivered
8569,2082,2024-05-03,UPI,Delivered
8570,2082,2023-06-15,UPI,Returned
8571,2082,2023-12-14,UPI,Delivered
8572,2083,2023-07-08,COD,Cancelled
8573,2083,2023-08-06,Wallet,Returned
8574,2083,2024-07-21,COD,Delivered
8575,2083,2023-07-09,COD,Delivered
8576,2083,2023-11-27,UPI,Delivered
8577,2083,2024-07-30,COD,Cancelled
8578,2086,2024-06-06,UPI,Delivered
8579,2086,2024-12-10,UPI,Delivered
8580,2087,2024-12-29,Card,Delivered
8581,2087,2024-12-18,NetBanking,Delivered
8582,2087,2024-03-19,UPI,Delivered
8583,2088,2024-11-21,,Delivered
8584,2088,2024-07-23,Card,Delivered
8585,2088,2024-09-17,UPI,Delivered
8586,2088,2024-11-19,COD,Cancelled
8587,2088,2024-08-03,COD,Delivered
8588,2088,2024-08-04,Wallet,Delivered
8589,2088,2024-07-16,UPI,Delivered
8590,2088,2024-09-09,UPI,Delivered
8591,2088,2024-10-15,Card,Delivered
8592,2088,2024-11-07,UPI,Delivered
8593,2088,2024-01-02,Card,Delivered
8594,2091,2024-05-19,Card,Delivered
8595,2091,2024-09-05,UPI,Delivered
8596,2092,2023-11-10,Wallet,Returned
8597,2092,2024-08-25,UPI,Delivered
8598,2092,2024-06-29,UPI,Delivered
8599,2092,2024-06-23,UPI,Delivered
8600,2092,2024-01-25,Card,Delivered
8601,2092,2023-07-04,Card,Returned
8602,2092,2023-10-14,COD,Delivered
8603,2092,2024-10-26,UPI,Delivered
8604,2092,2024-06-19,NetBanking,Delivered
8605,2092,2024-05-24,UPI,Delivered
8606,2093,2024-12-11,Card,Delivered
8607,2093,2024-04-05,Card,Delivered
8608,2094,2024-01-25,UPI,Delivered
8609,2094,2024-12-10,UPI,Returned
8610,2096,2024-07-20,Card,Delivered
8611,2096,2024-06-07,UPI,Cancelled
8612,2097,2024-06-04,UPI,Delivered
8613,2099,2024-11-04,Card,Delivered
8614,2099,2024-08-18,Card,Delivered
8615,2100,2024-10-06,Card,Delivered
8616,2101,2024-10-08,Wallet,Delivered
8617,2101,2024-10-07,NetBanking,Delivered
8618,2101,2024-10-16,COD,Returned
8619,2101,2024-12-26,Wallet,Returned
8620,2101,2024-12-01,UPI,Delivered
8621,2101,2024-11-26,UPI,Delivered
8622,2101,2024-11-26,Card,Delivered
8623,2101,2024-11-20,COD,Delivered
8624,2101,2024-10-31,COD,Delivered
8625,2101,2024-07-23,COD,Delivered
8626,2101,2024-12-01,UPI,Delivered
8627,2101,2024-07-30,UPI,Delivered
8628,2103,2024-11-23,UPI,Delivered
8629,2103,2023-09-23,Card,Cancelled
8630,2104,2024-07-21,UPI,Delivered
8631,2104,2023-10-02,COD,Delivered
8632,2104,2024-12-30,COD,Delivered
8633,2104,2023-08-18,UPI,Delivered
8634,2105,2024-12-03,COD,Delivered
8635,2105,2024-05-05,UPI,Delivered
8636,2105,2024-10-19,UPI,Delivered
8637,2106,2024-01-26,COD,Delivered
8638,2106,2023-07-25,COD,Delivered
8639,2107,2024-10-01,COD,Delivered
8640,2107,2024-07-22,UPI,Delivered
8641,2107,2024-06-29,Card,Delivered
8642,2107,2024-10-01,COD,Delivered
8643,2107,2024-06-03,UPI,Delivered
8644,2107,2024-03-04,NetBanking,Delivered
8645,2107,2024-11-07,UPI,Delivered
8646,2108,2023-06-29,UPI,Returned
8647,2108,2024-02-17,Card,Delivered
8648,2108,2023-11-23,Card,Returned
8649,2108,2024-11-17,Card,Delivered
8650,2108,2024-02-18,Card,Delivered
8651,2109,2024-05-08,COD,Delivered
8652,2109,2023-08-20,Wallet,Delivered
8653,2109,2024-04-17,COD,Delivered
8654,2111,2024-09-23,Card,Delivered
8655,2112,2024-05-04,UPI,Delivered
8656,2112,2024-04-26,Card,Delivered
8657,2113,2024-10-27,COD,Delivered
8658,2113,2024-08-01,COD,Delivered
8659,2113,2024-12-14,UPI,Delivered
8660,2113,2024-12-12,COD,Delivered
8661,2114,2024-11-13,UPI,Delivered
8662,2114,2024-09-11,Card,Returned
8663,2114,2024-09-23,COD,Delivered
8664,2114,2024-11-14,Wallet,Delivered
8665,2115,2024-06-10,UPI,Delivered
8666,2115,2024-10-28,UPI,Delivered
8667,2115,2024-05-11,UPI,Delivered
8668,2115,2024-06-08,COD,Delivered
8669,2115,2024-08-30,UPI,Delivered
8670,2115,2024-10-06,UPI,Delivered
8671,2116,2023-07-01,UPI,Delivered
8672,2116,2023-11-28,COD,Delivered
8673,2116,2023-06-16,UPI,Delivered
8674,2116,2024-03-30,Card,Delivered
8675,2117,2024-12-02,UPI,Delivered
8676,2117,2024-10-03,Card,Delivered
8677,2117,2024-11-24,UPI,Delivered
8678,2117,2024-08-04,UPI,Delivered
8679,2118,2023-11-03,NetBanking,Delivered
8680,2120,2024-12-21,UPI,Delivered
8681,2120,2024-03-28,UPI,Delivered
8682,2121,2024-06-07,COD,Delivered
8683,2121,2024-06-22,UPI,Delivered
8684,2122,2024-10-11,UPI,Delivered
8685,2122,2024-10-24,UPI,Delivered
8686,2122,2024-10-28,Card,Delivered
8687,2122,2024-06-24,UPI,Delivered
8688,2123,2024-12-31,COD,Delivered
8689,2123,2024-07-24,UPI,Delivered
8690,2123,2023-12-04,Wallet,Delivered
8691,2124,2024-02-14,UPI,Delivered
8692,2124,2024-04-02,UPI,Delivered
8693,2124,2024-03-01,UPI,Delivered
8694,2124,2024-05-19,COD,Delivered
8695,2124,2024-07-13,UPI,Delivered
8696,2124,2023-12-24,UPI,Delivered
8697,2124,2024-12-01,Card,Delivered
8698,2124,2023-11-26,,Returned
8699,2124,2024-01-15,Card,Delivered
8700,2124,2023-11-28,Card,Delivered
8701,2125,2024-03-27,UPI,Delivered
8702,2125,2024-08-26,NetBanking,Delivered
8703,2125,2024-07-23,UPI,Delivered
8704,2125,2024-10-26,UPI,Delivered
8705,2125,2024-04-25,Card,Returned
8706,2125,2024-04-04,COD,Delivered
8707,2126,2024-11-17,Card,Delivered
8708,2126,2024-08-09,COD,Delivered
8709,2126,2024-06-09,UPI,Delivered
8710,2126,2024-04-22,UPI,Delivered
8711,2127,2024-12-23,Card,Delivered
8712,2127,2023-07-16,COD,Delivered
8713,2127,2024-01-22,UPI,Delivered
8714,2127,2024-11-07,Card,Delivered
8715,2127,2023-09-30,COD,Delivered
8716,2127,2024-05-15,UPI,Cancelled
8717,2127,2024-04-15,UPI,Delivered
8718,2127,2024-10-10,Card,Delivered
8719,2128,2023-12-04,Card,Delivered
8720,2128,2024-10-10,Card,Delivered
8721,2128,2024-02-10,NetBanking,Delivered
8722,2128,2024-12-09,UPI,Returned
8723,2128,2024-11-19,COD,Delivered
8724,2129,2024-09-26,COD,Delivered
8725,2130,2024-12-27,UPI,Delivered
8726,2130,2023-10-08,COD,Delivered
8727,2130,2024-09-04,Card,Delivered
8728,2130,2024-03-19,UPI,Delivered
8729,2130,2024-04-16,Card,Delivered
8730,2131,2024-11-23,UPI,Delivered
8731,2131,2024-10-05,COD,Delivered
8732,2131,2024-04-06,UPI,Delivered
8733,2131,2024-07-10,UPI,Delivered
8734,2131,2024-10-11,Card,Returned
8735,2131,2024-11-23,Card,Delivered
8736,2131,2024-06-15,Card,Delivered
8737,2131,2024-10-09,Card,Delivered
8738,2131,2024-04-07,NetBanking,Delivered
8739,2132,2024-11-30,Card,Delivered
8740,2132,2024-11-22,COD,Returned
8741,2132,2024-10-08,UPI,Delivered
8742,2132,2024-08-28,COD,Delivered
8743,2132,2024-12-04,UPI,Delivered
8744,2132,2024-12-03,Card,Delivered
8745,2133,2024-05-08,Wallet,Delivered
8746,2133,2024-04-03,COD,Delivered
8747,2133,2023-12-27,Card,Delivered
8748,2133,2024-12-30,Card,Delivered
8749,2134,2024-02-23,UPI,Delivered
8750,2134,2024-05-23,Card,Delivered
8751,2134,2024-12-10,Card,Delivered
8752,2134,2024-11-09,Card,Delivered
8753,2135,2023-12-12,UPI,Returned
8754,2136,2024-01-25,COD,Delivered
8755,2136,2024-12-02,UPI,Delivered
8756,2136,2024-12-01,Card,Delivered
8757,2136,2024-07-04,UPI,Delivered
8758,2136,2024-10-27,COD,Delivered
8759,2136,2024-11-19,UPI,Delivered
8760,2136,2024-04-29,Card,Returned
8761,2136,2024-10-02,COD,Delivered
8762,2136,2024-10-23,Card,Delivered
8763,2136,2024-06-09,Card,Delivered
8764,2136,2024-12-16,NetBanking,Delivered
8765,2136,2024-12-22,Wallet,Delivered
8766,2136,2024-08-02,UPI,Delivered
8767,2136,2024-02-11,Card,Delivered
8768,2136,2024-12-08,UPI,Delivered
8769,2136,2024-08-16,UPI,Delivered
8770,2136,2024-03-11,UPI,Delivered
8771,2136,2024-10-22,COD,Delivered
8772,2136,2024-10-10,NetBanking,Delivered
8773,2137,2024-03-24,COD,Delivered
8774,2137,2024-06-14,UPI,Delivered
8775,2137,2024-02-25,UPI,Delivered
8776,2138,2024-05-01,NetBanking,Delivered
8777,2138,2023-10-26,Card,Delivered
8778,2138,2024-09-07,Wallet,Delivered
8779,2138,2024-11-26,UPI,Delivered
8780,2138,2023-09-12,UPI,Delivered
8781,2138,2024-10-23,Card,Delivered
8782,2138,2024-07-31,NetBanking,Cancelled
8783,2138,2024-03-09,UPI,Returned
8784,2138,2024-01-31,Card,Delivered
8785,2138,2023-10-02,COD,Delivered
8786,2138,2023-07-06,UPI,Delivered
8787,2138,2023-03-30,Card,Delivered
8788,2139,2024-10-03,NetBanking,Delivered
8789,2139,2023-12-30,UPI,Delivered
8790,2139,2024-10-18,Card,Delivered
8791,2140,2024-10-27,UPI,Delivered
8792,2140,2023-10-20,Wallet,Delivered
8793,2140,2023-08-14,COD,Delivered
8794,2140,2024-11-07,Wallet,Cancelled
8795,2141,2024-09-21,COD,Delivered
8796,2141,2024-08-19,COD,Delivered
8797,2141,2024-11-01,UPI,Delivered
8798,2142,2024-09-13,Card,Delivered
8799,2143,2024-10-22,UPI,Delivered
8800,2143,2024-08-11,Card,Delivered
8801,2143,2024-07-17,Wallet,Delivered
8802,2143,2024-10-01,UPI,Delivered
8803,2143,2024-08-06,UPI,Delivered
8804,2143,2024-09-11,UPI,Delivered
8805,2144,2024-07-06,Card,Delivered
8806,2144,2024-10-29,NetBanking,Delivered
8807,2144,2024-05-20,Card,Delivered
8808,2144,2023-12-31,COD,Delivered
8809,2144,2024-09-12,UPI,Delivered
8810,2145,2023-12-08,UPI,Delivered
8811,2145,2024-10-07,UPI,Delivered
8812,2145,2023-12-17,UPI,Delivered
8813,2145,2024-09-07,COD,Delivered
8814,2146,2023-09-14,COD,Delivered
8815,2146,2024-11-04,UPI,Delivered
8816,2146,2024-02-17,Card,Delivered
8817,2147,2024-05-31,Card,Delivered
8818,2147,2023-11-22,NetBanking,Delivered
8819,2148,2024-06-30,UPI,Delivered
8820,2149,2024-11-15,UPI,Delivered
8821,2149,2024-09-16,UPI,Delivered
8822,2149,2024-12-03,UPI,Delivered
8823,2149,2024-12-21,UPI,Delivered
8824,2150,2024-11-13,NetBanking,Delivered
8825,2150,2024-04-29,Wallet,Delivered
8826,2150,2024-12-03,,Delivered
8827,2150,2024-10-19,COD,Delivered
8828,2151,2024-09-01,Card,Delivered
8829,2151,2023-07-31,Card,Delivered
8830,2151,2024-12-16,NetBanking,Delivered
8831,2151,2024-06-12,NetBanking,Delivered
8832,2153,2024-11-23,UPI,Delivered
8833,2154,2024-02-21,COD,Delivered
8834,2154,2024-11-23,UPI,Delivered
8835,2155,2024-02-17,,Delivered
8836,2155,2024-03-22,UPI,Delivered
8837,2156,2024-01-31,Card,Delivered
8838,2157,2024-06-26,UPI,Delivered
8839,2157,2023-12-13,NetBanking,Delivered
8840,2158,2024-12-28,Card,Delivered
8841,2158,2024-09-02,Card,Delivered
8842,2158,2024-05-07,COD,Delivered
8843,2158,2024-07-24,COD,Delivered
8844,2158,2024-10-29,COD,Returned
8845,2158,2024-11-05,UPI,Delivered
8846,2158,2024-09-15,UPI,Delivered
8847,2158,2023-12-08,UPI,Delivered
8848,2158,2024-11-21,COD,Delivered
8849,2158,2024-12-02,UPI,Delivered
8850,2160,2024-03-10,UPI,Delivered
8851,2162,2024-09-04,Card,Delivered
8852,2162,2024-06-09,UPI,Delivered
8853,2162,2024-02-28,Card,Delivered
8854,2163,2023-10-07,Card,Delivered
8855,2163,2024-01-07,UPI,Cancelled
8856,2163,2023-10-27,NetBanking,Delivered
8857,2163,2024-05-17,Card,Delivered
8858,2163,2024-02-13,Card,Delivered
8859,2163,2024-10-27,COD,Delivered
8860,2163,2024-02-05,Card,Delivered
8861,2163,2023-11-12,UPI,Delivered
8862,2164,2024-12-01,Card,Delivered
8863,2164,2024-07-21,NetBanking,Delivered
8864,2165,2024-11-09,NetBanking,Delivered
8865,2165,2024-11-29,UPI,Delivered
8866,2165,2024-08-22,UPI,Delivered
8867,2165,2024-09-13,UPI,Delivered
8868,2165,2024-12-09,NetBanking,Delivered
8869,2165,2024-11-21,Wallet,Delivered
8870,2165,2024-11-06,Card,Delivered
8871,2166,2024-10-22,COD,Delivered
8872,2166,2024-10-12,UPI,Delivered
8873,2166,2024-05-29,COD,Delivered
8874,2167,2024-12-19,UPI,Returned
8875,2167,2024-03-26,UPI,Delivered
8876,2167,2023-12-21,UPI,Delivered
8877,2167,2024-09-27,NetBanking,Delivered
8878,2167,2024-07-24,UPI,Delivered
8879,2167,2023-07-19,UPI,Returned
8880,2167,2024-12-12,Card,Returned
8881,2167,2024-05-08,UPI,Delivered
8882,2168,2024-09-24,UPI,Delivered
8883,2168,2024-08-22,Card,Delivered
8884,2169,2024-07-22,UPI,Delivered
8885,2169,2024-08-24,UPI,Delivered
8886,2169,2024-10-30,NetBanking,Delivered
8887,2169,2024-09-02,Card,Delivered
8888,2169,2024-05-25,COD,Delivered
8889,2169,2024-10-05,UPI,Delivered
8890,2170,2024-12-07,COD,Delivered
8891,2170,2024-11-17,UPI,Delivered
8892,2170,2024-10-30,NetBanking,Delivered
8893,2171,2023-05-01,COD,Delivered
8894,2171,2023-04-06,COD,Delivered
8895,2171,2023-03-12,UPI,Delivered
8896,2171,2024-08-06,Card,Delivered
8897,2171,2023-03-06,UPI,Delivered
8898,2171,2024-12-01,UPI,Delivered
8899,2171,2024-05-20,UPI,Delivered
8900,2171,2023-06-08,UPI,Delivered
8901,2171,2024-09-26,UPI,Delivered
8902,2171,2024-09-30,COD,Returned
8903,2172,2024-11-27,UPI,Cancelled
8904,2172,2024-05-17,NetBanking,Delivered
8905,2172,2024-12-31,Card,Delivered
8906,2174,2024-04-10,Card,Delivered
8907,2174,2024-07-26,Card,Delivered
8908,2174,2024-10-25,Card,Delivered
8909,2174,2024-04-17,UPI,Delivered
8910,2174,2024-02-24,Card,Delivered
8911,2175,2024-11-18,UPI,Delivered
8912,2175,2024-12-24,Card,Delivered
8913,2175,2023-05-19,UPI,Delivered
8914,2177,2024-03-26,UPI,Delivered
8915,2177,2024-12-11,Card,Delivered
8916,2177,2024-01-30,COD,Delivered
8917,2177,2023-08-19,UPI,Delivered
8918,2177,2023-12-25,Card,Delivered
8919,2177,2023-12-01,NetBanking,Delivered
8920,2177,2023-12-31,NetBanking,Delivered
8921,2177,2024-04-07,UPI,Delivered
8922,2177,2024-12-02,UPI,Delivered
8923,2177,2023-09-29,UPI,Delivered
8924,2177,2024-12-14,Card,Delivered
8925,2177,2024-09-07,COD,Delivered
8926,2177,2023-07-21,UPI,Delivered
8927,2178,2024-02-18,Card,Delivered
8928,2178,2024-03-12,COD,Delivered
8929,2178,2024-06-06,UPI,Delivered
8930,2178,2023-12-15,UPI,Delivered
8931,2178,2024-09-20,UPI,Delivered
8932,2179,2024-01-01,Card,Delivered
8933,2179,2024-09-22,UPI,Delivered
8934,2180,2023-12-21,UPI,Delivered
8935,2180,2024-12-05,Wallet,Cancelled
8936,2180,2024-03-25,UPI,Delivered
8937,2180,2023-09-11,UPI,Delivered
8938,2180,2024-05-11,COD,Delivered
8939,2180,2024-07-17,NetBanking,Delivered
8940,2180,2023-12-09,Card,Delivered
8941,2180,2024-09-16,COD,Returned
8942,2181,2024-11-05,UPI,Returned
8943,2181,2024-06-05,UPI,Delivered
8944,2181,2024-12-12,Wallet,Delivered
8945,2181,2024-11-12,Wallet,Delivered
8946,2181,2024-12-07,UPI,Delivered
8947,2181,2024-05-07,COD,Delivered
8948,2181,2024-01-16,UPI,Delivered
8949,2181,2024-09-21,,Delivered
8950,2181,2024-08-07,COD,Delivered
8951,2182,2023-08-29,Card,Delivered
8952,2182,2024-11-19,UPI,Delivered
8953,2183,2024-07-08,Card,Delivered
8954,2184,2024-10-24,Card,Delivered
8955,2184,2024-01-05,UPI,Delivered
8956,2186,2023-10-24,UPI,Delivered
8957,2186,2024-12-07,NetBanking,Delivered
8958,2187,2024-12-24,NetBanking,Cancelled
8959,2187,2023-08-29,NetBanking,Delivered
8960,2187,2024-10-31,COD,Delivered
8961,2188,2024-05-06,NetBanking,Delivered
8962,2189,2023-11-05,NetBanking,Delivered
8963,2189,2024-12-31,Card,Delivered
8964,2189,2024-11-07,Card,Delivered
8965,2192,2024-03-05,Card,Returned
8966,2192,2023-10-25,UPI,Delivered
8967,2192,2023-12-30,UPI,Delivered
8968,2192,2023-12-01,NetBanking,Delivered
8969,2192,2023-08-22,Card,Delivered
8970,2193,2023-07-27,UPI,Delivered
8971,2193,2023-12-13,NetBanking,Delivered
8972,2193,2024-03-23,COD,Delivered
8973,2194,2023-07-18,,Delivered
8974,2194,2024-03-01,Wallet,Cancelled
8975,2195,2023-12-28,COD,Delivered
8976,2195,2024-11-13,UPI,Delivered
8977,2195,2024-08-22,COD,Delivered
8978,2195,2024-10-24,UPI,Cancelled
8979,2195,2024-05-17,COD,Delivered
8980,2195,2024-03-03,UPI,Delivered
8981,2195,2024-04-20,UPI,Delivered
8982,2195,2024-01-09,COD,Delivered
8983,2195,2024-06-09,UPI,Delivered
8984,2195,2024-02-03,NetBanking,Delivered
8985,2195,2024-07-14,UPI,Delivered
8986,2196,2024-08-11,UPI,Delivered
8987,2196,2024-12-22,UPI,Delivered
8988,2196,2024-04-25,COD,Delivered
8989,2196,2024-11-07,Card,Delivered
8990,2196,2024-10-31,Card,Delivered
8991,2197,2024-03-21,COD,Delivered
8992,2197,2024-12-15,Card,Delivered
8993,2197,2024-09-23,Wallet,Delivered
8994,2197,2023-11-07,,Delivered
8995,2197,2024-06-16,UPI,Cancelled
8996,2197,2023-10-14,COD,Delivered
8997,2197,2023-10-19,NetBanking,Delivered
8998,2198,2024-09-28,COD,Delivered
8999,2198,2024-06-18,UPI,Delivered
9000,2198,2024-12-17,COD,Delivered
9001,2198,2024-07-24,UPI,Delivered
9002,2198,2024-12-22,Card,Delivered
9003,2198,2024-12-25,COD,Delivered
9004,2198,2024-12-18,Card,Delivered
9005,2199,2024-07-20,COD,Delivered
9006,2199,2024-08-27,Card,Delivered
9007,2199,2024-09-16,NetBanking,Delivered
9008,2199,2023-12-12,UPI,Delivered
9009,2199,2024-07-22,Card,Delivered
9010,2199,2024-08-28,COD,Delivered
9011,2199,2024-11-27,Card,Delivered
9012,2200,2024-11-03,Card,Delivered
9013,2200,2023-10-06,NetBanking,Delivered
9014,2200,2024-12-15,UPI,Delivered
9015,2200,2023-12-23,UPI,Returned
9016,2201,2023-12-27,Card,Delivered
9017,2201,2024-07-08,NetBanking,Delivered
9018,2201,2023-11-25,Wallet,Delivered
9019,2201,2024-10-21,NetBanking,Delivered
9020,2201,2024-01-19,COD,Delivered
9021,2201,2024-01-28,UPI,Delivered
9022,2201,2023-07-19,Card,Delivered
9023,2202,2023-12-04,COD,Cancelled
9024,2202,2024-11-12,Card,Returned
9025,2202,2023-10-01,COD,Delivered
9026,2202,2023-10-04,Wallet,Delivered
9027,2203,2024-05-21,Wallet,Delivered
9028,2203,2023-09-27,UPI,Delivered
9029,2203,2023-04-05,UPI,Delivered
9030,2203,2024-12-04,UPI,Delivered
9031,2203,2024-09-06,,Delivered
9032,2203,2024-12-04,COD,Delivered
9033,2203,2023-11-14,Card,Delivered
9034,2203,2024-08-15,Card,Delivered
9035,2203,2024-05-21,COD,Delivered
9036,2203,2024-04-26,UPI,Delivered
9037,2203,2023-03-01,Wallet,Delivered
9038,2203,2023-03-27,UPI,Delivered
9039,2203,2023-07-06,UPI,Returned
9040,2203,2024-08-10,NetBanking,Delivered
9041,2203,2024-09-14,COD,Delivered
9042,2204,2024-09-01,UPI,Delivered
9043,2204,2023-10-09,UPI,Delivered
9044,2204,2023-12-06,COD,Delivered
9045,2205,2024-10-10,COD,Delivered
9046,2205,2023-10-06,NetBanking,Delivered
9047,2205,2024-09-04,UPI,Delivered
9048,2205,2024-11-25,NetBanking,Delivered
9049,2205,2024-04-02,UPI,Delivered
9050,2205,2023-09-09,UPI,Delivered
9051,2206,2024-11-17,Card,Delivered
9052,2206,2024-06-17,NetBanking,Returned
9053,2206,2024-05-08,Card,Delivered
9054,2206,2024-12-07,UPI,Delivered
9055,2207,2023-12-04,Card,Cancelled
9056,2207,2023-11-07,Card,Delivered
9057,2207,2024-07-10,Wallet,Delivered
9058,2207,2024-05-03,Card,Delivered
9059,2207,2023-10-07,Card,Delivered
9060,2208,2024-05-14,NetBanking,Delivered
9061,2208,2024-08-25,UPI,Returned
9062,2208,2024-09-06,UPI,Delivered
9063,2208,2024-08-30,COD,Delivered
9064,2208,2024-06-18,COD,Returned
9065,2208,2024-05-10,NetBanking,Delivered
9066,2208,2024-12-15,UPI,Delivered
9067,2209,2023-07-14,Card,Delivered
9068,2209,2024-05-26,UPI,Returned
9069,2209,2023-09-10,COD,Returned
9070,2209,2023-07-23,UPI,Delivered
9071,2209,2024-12-24,Card,Returned
9072,2210,2023-09-03,Card,Delivered
9073,2210,2024-05-02,Card,Delivered
9074,2210,2023-10-21,UPI,Delivered
9075,2210,2024-03-21,Card,Delivered
9076,2210,2023-09-27,Card,Delivered
9077,2210,2024-01-28,UPI,Delivered
9078,2210,2024-11-25,COD,Delivered
9079,2210,2024-01-25,Wallet,Delivered
9080,2211,2024-03-07,NetBanking,Delivered
9081,2211,2024-09-08,NetBanking,Delivered
9082,2212,2024-11-05,COD,Delivered
9083,2212,2024-12-20,COD,Cancelled
9084,2212,2024-10-07,COD,Delivered
9085,2212,2024-07-04,Card,Delivered
9086,2212,2024-10-26,UPI,Delivered
9087,2213,2024-09-24,COD,Delivered
9088,2214,2023-07-16,Card,Delivered
9089,2214,2023-12-07,COD,Delivered
9090,2214,2023-10-20,Wallet,Delivered
9091,2214,2024-01-16,UPI,Delivered
9092,2214,2024-04-22,NetBanking,Delivered
9093,2214,2024-08-31,UPI,Returned
9094,2215,2023-08-30,UPI,Delivered
9095,2215,2024-06-07,,Returned
9096,2215,2023-05-09,NetBanking,Delivered
9097,2215,2024-09-13,,Delivered
9098,2215,2023-08-27,Card,Delivered
9099,2216,2023-08-18,Card,Delivered
9100,2216,2023-09-12,Card,Delivered
9101,2217,2024-12-14,NetBanking,Returned
9102,2217,2024-12-08,NetBanking,Cancelled
9103,2217,2024-01-15,UPI,Delivered
9104,2217,2023-11-19,UPI,Delivered
9105,2217,2023-10-03,UPI,Returned
9106,2217,2024-05-06,NetBanking,Delivered
9107,2217,2024-11-30,COD,Delivered
9108,2217,2023-09-21,UPI,Delivered
9109,2217,2024-07-13,COD,Delivered
9110,2217,2024-10-29,Card,Cancelled
9111,2218,2024-10-13,Card,Delivered
9112,2219,2024-09-05,Card,Cancelled
9113,2219,2024-08-22,COD,Cancelled
9114,2219,2024-08-03,UPI,Delivered
9115,2219,2023-06-09,NetBanking,Delivered
9116,2219,2023-06-16,NetBanking,Delivered
9117,2219,2023-07-21,UPI,Delivered
9118,2219,2023-06-26,COD,Delivered
9119,2220,2023-09-19,Card,Delivered
9120,2220,2024-10-07,Card,Delivered
9121,2220,2024-07-18,UPI,Delivered
9122,2221,2024-06-17,Card,Delivered
9123,2221,2024-06-27,COD,Cancelled
9124,2221,2024-07-11,UPI,Delivered
9125,2221,2024-08-23,Card,Delivered
9126,2221,2024-06-01,Card,Delivered
9127,2221,2024-11-28,UPI,Cancelled
9128,2221,2024-12-01,Wallet,Cancelled
9129,2221,2024-11-09,COD,Delivered
9130,2222,2024-12-28,COD,Delivered
9131,2222,2024-06-05,Card,Delivered
9132,2222,2024-11-10,UPI,Delivered
9133,2222,2024-12-05,NetBanking,Delivered
9134,2222,2024-04-19,UPI,Delivered
9135,2222,2024-09-25,COD,Delivered
9136,2222,2024-11-14,UPI,Returned
9137,2223,2024-10-15,COD,Delivered
9138,2223,2023-10-11,Card,Delivered
9139,2223,2023-11-06,Card,Cancelled
9140,2223,2024-06-21,Wallet,Delivered
9141,2223,2023-11-26,Wallet,Delivered
9142,2223,2023-06-16,UPI,Delivered
9143,2223,2024-10-16,NetBanking,Delivered
9144,2224,2024-11-23,UPI,Delivered
9145,2224,2023-09-10,Card,Delivered
9146,2224,2023-09-19,COD,Delivered
9147,2224,2024-09-24,UPI,Delivered
9148,2224,2024-11-18,COD,Returned
9149,2225,2024-09-14,Card,Delivered
9150,2225,2023-11-22,Card,Delivered
9151,2225,2023-11-26,NetBanking,Delivered
9152,2225,2024-07-14,COD,Delivered
9153,2225,2024-09-15,COD,Delivered
9154,2225,2024-02-23,UPI,Delivered
9155,2225,2024-12-07,UPI,Delivered
9156,2225,2023-10-23,Card,Delivered
9157,2225,2024-05-10,COD,Returned
9158,2226,2024-05-15,COD,Delivered
9159,2226,2024-12-03,Card,Delivered
9160,2226,2024-09-27,COD,Delivered
9161,2226,2023-12-06,NetBanking,Delivered
9162,2226,2024-07-25,Card,Delivered
9163,2226,2024-05-14,UPI,Delivered
9164,2226,2024-11-05,Card,Delivered
9165,2226,2024-01-12,UPI,Delivered
9166,2226,2024-08-30,UPI,Returned
9167,2226,2024-10-08,NetBanking,Delivered
9168,2227,2024-07-11,Wallet,Delivered
9169,2227,2024-10-24,COD,Delivered
9170,2229,2024-07-14,UPI,Delivered
9171,2229,2024-05-29,UPI,Delivered
9172,2229,2024-12-23,UPI,Delivered
9173,2229,2024-02-14,UPI,Delivered
9174,2230,2024-11-27,UPI,Delivered
9175,2230,2024-12-10,COD,Returned
9176,2230,2024-08-20,UPI,Delivered
9177,2230,2024-10-01,UPI,Delivered
9178,2230,2024-12-02,Wallet,Delivered
9179,2231,2024-10-07,COD,Delivered
9180,2231,2024-06-25,Card,Delivered
9181,2231,2024-05-12,Card,Returned
9182,2231,2024-06-22,Wallet,Delivered
9183,2231,2024-06-29,Card,Delivered
9184,2231,2024-12-13,UPI,Delivered
9185,2231,2024-11-26,Card,Delivered
9186,2231,2024-03-03,Card,Delivered
9187,2231,2024-04-11,Wallet,Delivered
9188,2232,2024-12-26,Card,Returned
9189,2232,2024-08-22,COD,Delivered
9190,2234,2024-10-16,COD,Delivered
9191,2234,2024-10-09,UPI,Delivered
9192,2234,2024-11-06,,Delivered
9193,2234,2023-06-06,Card,Delivered
9194,2235,2024-12-06,COD,Delivered
9195,2235,2024-11-10,Card,Delivered
9196,2235,2024-07-18,Card,Delivered
9197,2235,2024-10-13,UPI,Delivered
9198,2237,2023-07-12,UPI,Delivered
9199,2238,2024-10-02,COD,Returned
9200,2238,2024-08-06,UPI,Delivered
9201,2239,2024-09-29,UPI,Delivered
9202,2239,2024-12-16,Card,Delivered
9203,2239,2024-11-05,UPI,Delivered
9204,2240,2024-12-12,Card,Delivered
9205,2240,2024-12-05,UPI,Delivered
9206,2240,2024-11-05,UPI,Delivered
9207,2240,2024-07-11,COD,Cancelled
9208,2240,2024-06-18,UPI,Delivered
9209,2240,2024-09-03,UPI,Cancelled
9210,2240,2024-05-04,UPI,Delivered
9211,2241,2024-11-03,UPI,Delivered
9212,2241,2023-07-08,UPI,Delivered
9213,2242,2024-07-11,COD,Delivered
9214,2242,2024-02-14,Card,Delivered
9215,2242,2024-12-21,UPI,Delivered
9216,2242,2024-08-21,,Delivered
9217,2243,2023-09-05,COD,Delivered
9218,2243,2024-07-12,Card,Delivered
9219,2243,2024-09-18,Wallet,Delivered
9220,2243,2023-12-14,UPI,Delivered
9221,2243,2024-12-16,Card,Delivered
9222,2243,2023-11-10,Card,Delivered
9223,2243,2024-10-17,Card,Delivered
9224,2244,2024-05-25,Card,Delivered
9225,2245,2024-12-08,Card,Delivered
9226,2245,2024-11-01,NetBanking,Delivered
9227,2245,2024-07-01,UPI,Delivered
9228,2245,2024-12-27,COD,Delivered
9229,2246,2024-05-06,UPI,Delivered
9230,2246,2024-08-23,UPI,Delivered
9231,2246,2024-09-26,Card,Delivered
9232,2246,2024-08-16,COD,Delivered
9233,2246,2024-06-04,NetBanking,Delivered
9234,2246,2024-06-06,COD,Delivered
9235,2247,2024-11-19,COD,Cancelled
9236,2248,2024-01-03,Card,Delivered
9237,2248,2024-03-17,UPI,Delivered
9238,2248,2023-07-05,COD,Delivered
9239,2248,2023-06-02,UPI,Delivered
9240,2248,2024-02-06,NetBanking,Delivered
9241,2248,2023-12-14,NetBanking,Delivered
9242,2248,2024-11-21,UPI,Delivered
9243,2248,2024-07-19,UPI,Returned
9244,2250,2023-12-06,Card,Delivered
9245,2250,2023-09-29,UPI,Delivered
9246,2250,2024-04-22,UPI,Delivered
9247,2251,2024-12-18,Card,Delivered
9248,2252,2024-11-16,COD,Delivered
9249,2252,2024-11-06,UPI,Delivered
9250,2252,2024-02-14,Wallet,Delivered
9251,2252,2024-07-26,Card,Delivered
9252,2252,2024-07-14,COD,Delivered
9253,2253,2024-03-25,UPI,Delivered
9254,2253,2023-12-06,UPI,Delivered
9255,2253,2024-01-15,UPI,Delivered
9256,2254,2024-10-13,,Delivered
9257,2254,2024-08-04,COD,Returned
9258,2254,2024-06-07,UPI,Delivered
9259,2254,2024-08-01,Card,Delivered
9260,2254,2024-02-10,Card,Delivered
9261,2254,2023-11-10,UPI,Delivered
9262,2254,2024-03-02,Wallet,Delivered
9263,2254,2024-10-16,COD,Delivered
9264,2254,2024-07-24,Card,Delivered
9265,2254,2024-10-17,UPI,Delivered
9266,2254,2024-11-24,UPI,Delivered
9267,2255,2023-12-03,Card,Delivered
9268,2256,2024-12-27,COD,Delivered
9269,2256,2024-08-25,Card,Delivered
9270,2258,2024-08-08,COD,Delivered
9271,2259,2024-02-08,COD,Delivered
9272,2259,2023-10-14,COD,Delivered
9273,2259,2024-04-19,Card,Delivered
9274,2259,2024-09-30,NetBanking,Delivered
9275,2259,2023-10-26,UPI,Delivered
9276,2259,2024-02-04,UPI,Delivered
9277,2259,2024-08-25,COD,Delivered
9278,2260,2024-08-22,UPI,Delivered
9279,2260,2024-06-25,UPI,Delivered
9280,2260,2024-06-20,Card,Delivered
9281,2260,2024-10-08,Card,Delivered
9282,2260,2024-11-11,UPI,Delivered
9283,2260,2024-09-20,Card,Delivered
9284,2260,2024-10-30,UPI,Delivered
9285,2260,2024-08-07,UPI,Delivered
9286,2260,2024-12-02,Wallet,Returned
9287,2260,2024-09-15,UPI,Delivered
9288,2260,2024-11-12,Card,Delivered
9289,2260,2024-07-23,UPI,Returned
9290,2260,2024-11-29,NetBanking,Delivered
9291,2260,2024-10-14,UPI,Delivered
9292,2261,2024-06-17,UPI,Delivered
9293,2261,2023-06-19,Card,Delivered
9294,2262,2024-11-07,UPI,Delivered
9295,2262,2024-11-06,UPI,Delivered
9296,2262,2024-10-26,UPI,Delivered
9297,2262,2024-11-27,Card,Delivered
9298,2263,2024-09-01,NetBanking,Delivered
9299,2263,2024-09-02,Card,Delivered
9300,2263,2023-01-25,COD,Delivered
9301,2263,2024-10-21,Wallet,Delivered
9302,2263,2024-10-30,COD,Delivered
9303,2263,2023-10-04,NetBanking,Delivered
9304,2263,2023-02-03,COD,Delivered
9305,2263,2024-10-27,UPI,Delivered
9306,2264,2024-09-06,UPI,Delivered
9307,2264,2024-08-13,UPI,Delivered
9308,2264,2023-11-30,COD,Delivered
9309,2264,2024-04-26,Card,Delivered
9310,2267,2024-09-25,Card,Delivered
9311,2267,2024-10-17,COD,Cancelled
9312,2267,2024-04-19,UPI,Delivered
9313,2268,2024-08-17,NetBanking,Delivered
9314,2268,2024-08-27,Card,Delivered
9315,2270,2024-09-11,Card,Delivered
9316,2270,2024-12-02,UPI,Delivered
9317,2270,2024-10-17,UPI,Delivered
9318,2270,2024-07-18,Card,Delivered
9319,2270,2024-12-24,COD,Delivered
9320,2270,2024-12-29,COD,Delivered
9321,2271,2024-11-16,COD,Delivered
9322,2271,2024-01-07,UPI,Delivered
9323,2271,2024-12-18,Card,Delivered
9324,2271,2023-12-19,Card,Delivered
9325,2272,2024-09-10,UPI,Returned
9326,2272,2023-10-25,Card,Delivered
9327,2274,2024-05-31,UPI,Delivered
9328,2274,2024-09-14,COD,Delivered
9329,2274,2024-08-27,NetBanking,Cancelled
9330,2274,2023-12-29,NetBanking,Delivered
9331,2274,2024-06-12,UPI,Delivered
9332,2274,2024-10-30,Card,Delivered
9333,2274,2024-04-27,COD,Delivered
9334,2274,2024-06-18,Card,Delivered
9335,2274,2024-01-24,,Returned
9336,2274,2023-11-10,Card,Delivered
9337,2274,2023-10-07,Card,Cancelled
9338,2274,2024-03-16,COD,Delivered
9339,2274,2024-07-28,COD,Delivered
9340,2274,2024-10-03,COD,Delivered
9341,2274,2023-10-14,UPI,Delivered
9342,2276,2024-12-30,Card,Delivered
9343,2276,2024-10-16,NetBanking,Delivered
9344,2276,2024-02-17,UPI,Delivered
9345,2276,2023-10-18,NetBanking,Delivered
9346,2276,2024-01-22,UPI,Delivered
9347,2276,2023-10-09,Wallet,Delivered
9348,2276,2024-07-09,Wallet,Delivered
9349,2276,2023-10-12,Wallet,Delivered
9350,2276,2024-03-18,UPI,Delivered
9351,2276,2024-08-10,NetBanking,Delivered
9352,2276,2024-04-01,UPI,Delivered
9353,2276,2024-11-14,UPI,Delivered
9354,2277,2024-02-07,Card,Delivered
9355,2278,2024-02-02,COD,Delivered
9356,2278,2024-11-26,UPI,Delivered
9357,2278,2024-12-22,Card,Delivered
9358,2278,2023-10-10,Card,Delivered
9359,2278,2024-09-04,COD,Delivered
9360,2278,2023-12-16,UPI,Delivered
9361,2278,2023-11-15,UPI,Delivered
9362,2278,2024-08-17,UPI,Cancelled
9363,2278,2023-09-06,Card,Delivered
9364,2278,2023-11-28,Card,Delivered
9365,2278,2023-08-20,UPI,Delivered
9366,2278,2023-05-27,Card,Delivered
9367,2278,2023-11-06,UPI,Delivered
9368,2278,2024-12-08,,Cancelled
9369,2278,2023-11-25,UPI,Delivered
9370,2278,2024-06-17,Card,Delivered
9371,2279,2024-06-07,NetBanking,Delivered
9372,2279,2024-10-12,Card,Cancelled
9373,2279,2023-10-30,Card,Delivered
9374,2279,2024-08-22,COD,Delivered
9375,2279,2024-08-03,Card,Returned
9376,2280,2024-08-09,UPI,Delivered
9377,2280,2024-11-22,UPI,Delivered
9378,2280,2024-06-21,UPI,Delivered
9379,2280,2024-08-07,NetBanking,Delivered
9380,2280,2024-10-25,Wallet,Delivered
9381,2280,2024-11-13,UPI,Delivered
9382,2280,2024-03-31,Card,Delivered
9383,2281,2024-10-31,UPI,Cancelled
9384,2282,2024-08-04,UPI,Delivered
9385,2282,2024-12-19,UPI,Delivered
9386,2282,2023-08-03,UPI,Delivered
9387,2282,2024-04-28,COD,Delivered
9388,2283,2024-12-13,Card,Returned
9389,2283,2023-11-06,COD,Delivered
9390,2284,2024-05-01,Wallet,Delivered
9391,2284,2024-11-24,NetBanking,Delivered
9392,2284,2024-06-09,UPI,Delivered
9393,2285,2024-11-27,Card,Delivered
9394,2285,2024-03-06,NetBanking,Delivered
9395,2285,2024-12-16,Wallet,Delivered
9396,2285,2024-08-26,COD,Returned
9397,2285,2024-06-01,UPI,Delivered
9398,2285,2024-08-16,Card,Delivered
9399,2285,2024-05-30,UPI,Delivered
9400,2285,2024-07-19,UPI,Delivered
9401,2285,2024-03-16,UPI,Delivered
9402,2285,2024-11-18,COD,Delivered
9403,2285,2024-06-21,COD,Delivered
9404,2285,2024-07-24,Card,Delivered
9405,2285,2024-12-05,NetBanking,Delivered
9406,2285,2024-12-04,COD,Delivered
9407,2286,2024-05-10,Card,Delivered
9408,2286,2024-09-30,COD,Delivered
9409,2286,2024-08-30,UPI,Delivered
9410,2286,2024-08-05,Card,Delivered
9411,2287,2024-06-12,UPI,Delivered
9412,2287,2024-06-09,NetBanking,Delivered
9413,2287,2024-11-04,UPI,Delivered
9414,2287,2024-10-19,UPI,Delivered
9415,2287,2024-05-14,COD,Delivered
9416,2287,2024-10-14,,Delivered
9417,2288,2024-11-11,COD,Delivered
9418,2289,2024-08-26,UPI,Delivered
9419,2290,2024-07-22,Wallet,Delivered
9420,2290,2023-10-22,UPI,Delivered
9421,2290,2024-05-22,UPI,Delivered
9422,2290,2024-02-04,UPI,Delivered
9423,2290,2024-11-16,UPI,Delivered
9424,2290,2024-11-26,,Delivered
9425,2290,2023-12-02,COD,Delivered
9426,2291,2023-12-24,Card,Delivered
9427,2291,2023-08-14,Card,Delivered
9428,2291,2024-10-13,Card,Cancelled
9429,2291,2023-11-28,NetBanking,Delivered
9430,2292,2023-10-08,UPI,Delivered
9431,2292,2024-05-23,Card,Delivered
9432,2293,2023-10-18,NetBanking,Delivered
9433,2293,2024-05-06,UPI,Delivered
9434,2293,2023-11-16,UPI,Delivered
9435,2293,2023-09-30,UPI,Delivered
9436,2293,2024-06-22,COD,Delivered
9437,2294,2024-06-19,UPI,Delivered
9438,2294,2024-12-02,UPI,Delivered
9439,2294,2024-04-05,Card,Delivered
9440,2294,2024-09-20,UPI,Delivered
9441,2294,2024-12-03,NetBanking,Delivered
9442,2294,2024-02-15,Card,Delivered
9443,2294,2024-12-22,NetBanking,Delivered
9444,2294,2024-11-30,Card,Delivered
9445,2295,2024-10-16,,Delivered
9446,2296,2024-06-02,Card,Delivered
9447,2296,2024-11-22,UPI,Cancelled
9448,2297,2024-11-19,UPI,Delivered
9449,2297,2023-07-13,UPI,Delivered
9450,2297,2023-11-23,UPI,Cancelled
9451,2298,2024-12-10,COD,Delivered
9452,2298,2024-11-30,COD,Delivered
9453,2299,2023-09-16,UPI,Delivered
9454,2299,2023-07-12,UPI,Delivered
9455,2299,2023-10-08,UPI,Delivered
9456,2299,2024-03-10,Card,Delivered
9457,2299,2023-10-11,Card,Delivered
9458,2301,2023-09-04,NetBanking,Returned
9459,2301,2024-08-18,NetBanking,Delivered
9460,2301,2024-08-10,NetBanking,Delivered
9461,2302,2023-05-11,COD,Delivered
9462,2302,2024-08-19,COD,Delivered
9463,2302,2023-06-19,COD,Delivered
9464,2302,2023-12-23,UPI,Delivered
9465,2302,2024-08-13,Card,Delivered
9466,2303,2023-11-25,Card,Delivered
9467,2304,2024-09-15,Card,Delivered
9468,2304,2024-07-12,Card,Delivered
9469,2304,2024-11-10,UPI,Delivered
9470,2304,2024-11-26,COD,Delivered
9471,2304,2024-10-16,UPI,Returned
9472,2304,2024-08-24,UPI,Delivered
9473,2304,2024-10-03,COD,Returned
9474,2305,2024-07-03,NetBanking,Delivered
9475,2305,2024-11-03,NetBanking,Delivered
9476,2306,2024-05-31,Wallet,Delivered
9477,2306,2023-10-02,UPI,Delivered
9478,2306,2023-05-28,Card,Delivered
9479,2306,2023-05-18,UPI,Delivered
9480,2306,2023-03-01,Card,Cancelled
9481,2306,2024-12-19,COD,Delivered
9482,2307,2023-11-23,Wallet,Cancelled
9483,2307,2024-05-05,Wallet,Delivered
9484,2308,2024-11-03,Card,Delivered
9485,2308,2024-01-09,UPI,Returned
9486,2308,2023-05-23,UPI,Delivered
9487,2308,2023-10-20,Card,Returned
9488,2308,2023-08-09,UPI,Delivered
9489,2308,2024-11-29,UPI,Delivered
9490,2309,2024-02-13,UPI,Delivered
9491,2309,2024-07-11,UPI,Delivered
9492,2309,2024-11-09,Wallet,Delivered
9493,2309,2024-07-11,UPI,Delivered
9494,2309,2023-08-09,Card,Delivered
9495,2309,2023-12-02,COD,Delivered
9496,2309,2023-12-16,Card,Delivered
9497,2309,2024-01-05,NetBanking,Delivered
9498,2309,2024-12-03,NetBanking,Delivered
9499,2309,2023-07-10,UPI,Delivered
9500,2309,2023-11-24,Card,Delivered
9501,2309,2024-03-24,UPI,Delivered
9502,2310,2024-06-17,NetBanking,Delivered
9503,2310,2024-08-08,UPI,Delivered
9504,2311,2024-05-26,COD,Delivered
9505,2311,2024-01-24,COD,Delivered
9506,2311,2024-08-24,NetBanking,Delivered
9507,2312,2023-05-20,Card,Delivered
9508,2312,2023-03-01,Card,Delivered
9509,2312,2024-07-30,Card,Delivered
9510,2312,2023-12-25,UPI,Returned
9511,2312,2024-11-27,UPI,Cancelled
9512,2312,2023-07-01,COD,Delivered
9513,2313,2023-11-26,Card,Delivered
9514,2313,2024-06-01,NetBanking,Delivered
9515,2314,2023-10-26,UPI,Delivered
9516,2314,2023-06-22,UPI,Delivered
9517,2314,2023-08-11,Card,Delivered
9518,2314,2024-11-27,UPI,Delivered
9519,2314,2023-05-24,COD,Delivered
9520,2315,2023-06-04,UPI,Delivered
9521,2315,2023-09-14,Card,Delivered
9522,2315,2023-06-10,UPI,Delivered
9523,2315,2023-09-06,Card,Delivered
9524,2315,2024-03-12,Card,Delivered
9525,2316,2023-11-29,Card,Delivered
9526,2316,2024-09-23,,Delivered
9527,2317,2024-08-16,COD,Delivered
9528,2317,2023-10-30,Card,Delivered
9529,2317,2024-01-02,COD,Delivered
9530,2317,2024-10-15,COD,Delivered
9531,2317,2024-03-31,Wallet,Delivered
9532,2318,2024-07-27,UPI,Returned
9533,2318,2024-11-05,COD,Delivered
9534,2318,2024-01-10,UPI,Delivered
9535,2318,2024-08-19,UPI,Delivered
9536,2318,2024-04-24,COD,Delivered
9537,2318,2023-08-26,Card,Delivered
9538,2318,2023-12-19,COD,Delivered
9539,2318,2024-05-19,UPI,Delivered
9540,2318,2024-09-12,UPI,Delivered
9541,2320,2024-11-03,Card,Delivered
9542,2321,2023-10-13,Card,Delivered
9543,2321,2023-04-27,UPI,Delivered
9544,2321,2023-11-25,Card,Delivered
9545,2321,2024-01-11,Card,Returned
9546,2321,2023-11-04,UPI,Delivered
9547,2321,2024-01-06,COD,Delivered
9548,2321,2024-09-22,Card,Delivered
9549,2321,2023-08-11,UPI,Delivered
9550,2321,2024-08-22,Card,Delivered
9551,2321,2024-09-15,UPI,Delivered
9552,2321,2024-04-06,NetBanking,Delivered
9553,2322,2024-11-04,Card,Delivered
9554,2322,2023-05-27,UPI,Cancelled
9555,2323,2023-12-22,COD,Delivered
9556,2324,2024-08-16,UPI,Delivered
9557,2324,2024-03-10,Wallet,Delivered
9558,2324,2024-06-19,UPI,Delivered
9559,2325,2024-12-25,UPI,Delivered
9560,2325,2024-10-16,Wallet,Delivered
9561,2325,2024-07-15,NetBanking,Delivered
9562,2325,2024-12-31,UPI,Delivered
9563,2325,2024-05-05,UPI,Delivered
9564,2325,2024-11-03,NetBanking,Delivered
9565,2325,2024-05-25,UPI,Delivered
9566,2325,2024-09-05,NetBanking,Delivered
9567,2326,2024-11-11,Card,Delivered
9568,2326,2024-08-29,COD,Delivered
9569,2326,2024-11-19,COD,Delivered
9570,2326,2024-12-02,COD,Delivered
9571,2326,2024-07-31,UPI,Delivered
9572,2327,2023-10-11,Wallet,Delivered
9573,2327,2023-11-16,UPI,Delivered
9574,2327,2024-09-10,UPI,Delivered
9575,2327,2024-10-08,COD,Delivered
9576,2329,2024-09-05,UPI,Delivered
9577,2329,2024-09-01,UPI,Delivered
9578,2329,2024-10-17,COD,Delivered
9579,2329,2023-08-09,COD,Delivered
9580,2329,2024-10-14,Card,Delivered
9581,2329,2023-06-08,UPI,Delivered
9582,2329,2024-08-25,UPI,Delivered
9583,2329,2024-11-22,UPI,Delivered
9584,2329,2023-02-18,COD,Delivered
9585,2330,2024-05-26,UPI,Delivered
9586,2330,2023-05-02,NetBanking,Delivered
9587,2330,2024-08-24,Wallet,Delivered
9588,2330,2023-05-13,NetBanking,Delivered
9589,2330,2023-10-28,Card,Delivered
9590,2331,2023-11-21,Card,Delivered
9591,2331,2024-04-17,Card,Delivered
9592,2331,2023-05-03,Card,Delivered
9593,2332,2024-05-12,NetBanking,Delivered
9594,2332,2024-06-30,NetBanking,Delivered
9595,2333,2024-10-26,UPI,Delivered
9596,2334,2024-10-13,UPI,Delivered
9597,2334,2024-11-20,Card,Delivered
9598,2334,2024-04-18,UPI,Delivered
9599,2334,2024-05-06,COD,Delivered
9600,2334,2024-10-21,COD,Delivered
9601,2334,2024-11-14,COD,Delivered
9602,2334,2024-07-21,UPI,Delivered
9603,2334,2024-11-02,COD,Delivered
9604,2334,2024-05-17,UPI,Delivered
9605,2336,2024-07-26,Card,Delivered
9606,2336,2024-01-06,COD,Delivered
9607,2336,2023-11-13,UPI,Delivered
9608,2336,2024-08-06,NetBanking,Delivered
9609,2336,2023-11-19,UPI,Cancelled
9610,2336,2024-11-21,NetBanking,Delivered
9611,2336,2024-12-20,NetBanking,Delivered
9612,2336,2024-10-04,UPI,Delivered
9613,2336,2024-02-13,UPI,Delivered
9614,2336,2024-07-12,,Delivered
9615,2336,2023-10-29,COD,Delivered
9616,2338,2024-09-18,UPI,Delivered
9617,2338,2024-12-08,NetBanking,Delivered
9618,2339,2024-11-13,Card,Delivered
9619,2339,2024-10-04,COD,Delivered
9620,2339,2024-05-19,COD,Delivered
9621,2339,2023-10-20,COD,Delivered
9622,2339,2024-08-07,UPI,Delivered
9623,2340,2024-11-13,COD,Delivered
9624,2340,2023-06-27,COD,Delivered
9625,2340,2023-09-29,Card,Delivered
9626,2342,2024-04-10,NetBanking,Delivered
9627,2342,2024-04-23,Card,Delivered
9628,2342,2024-12-23,Card,Returned
9629,2342,2024-08-31,Card,Delivered
9630,2344,2024-04-19,COD,Delivered
9631,2344,2024-11-09,NetBanking,Delivered
9632,2344,2024-11-29,Card,Delivered
9633,2344,2024-06-11,UPI,Delivered
9634,2344,2024-08-17,Card,Delivered
9635,2345,2023-12-08,NetBanking,Delivered
9636,2345,2024-04-30,UPI,Cancelled
9637,2345,2024-09-19,NetBanking,Delivered
9638,2345,2024-12-26,COD,Delivered
9639,2346,2024-02-07,UPI,Delivered
9640,2346,2024-12-24,NetBanking,Delivered
9641,2346,2024-05-29,COD,Delivered
9642,2346,2024-12-04,NetBanking,Delivered
9643,2347,2024-11-02,Card,Delivered
9644,2347,2023-06-26,,Delivered
9645,2347,2024-11-19,UPI,Delivered
9646,2348,2024-09-23,UPI,Delivered
9647,2348,2024-05-21,UPI,Delivered
9648,2349,2024-10-16,Card,Returned
9649,2350,2024-05-08,UPI,Delivered
9650,2350,2023-11-02,NetBanking,Delivered
9651,2350,2024-12-08,UPI,Delivered
9652,2350,2024-03-30,Card,Delivered
9653,2350,2024-07-30,Wallet,Delivered
9654,2352,2024-09-14,Card,Returned
9655,2352,2024-06-20,UPI,Delivered
9656,2352,2024-12-03,UPI,Delivered
9657,2354,2024-01-24,Wallet,Delivered
9658,2356,2024-05-30,Wallet,Delivered
9659,2356,2024-01-04,COD,Delivered
9660,2356,2024-10-07,COD,Delivered
9661,2356,2023-10-28,Card,Delivered
9662,2356,2023-10-31,Card,Returned
9663,2357,2023-10-20,Card,Delivered
9664,2358,2024-01-10,UPI,Delivered
9665,2358,2024-08-02,COD,Delivered
9666,2358,2024-04-11,NetBanking,Delivered
9667,2358,2024-11-23,NetBanking,Delivered
9668,2358,2023-12-03,UPI,Delivered
9669,2359,2024-09-30,UPI,Delivered
9670,2359,2024-08-10,Wallet,Delivered
9671,2359,2024-04-11,UPI,Delivered
9672,2359,2024-11-08,UPI,Delivered
9673,2359,2024-07-23,UPI,Delivered
9674,2359,2024-03-28,UPI,Delivered
9675,2359,2024-09-24,Card,Returned
9676,2360,2024-04-07,UPI,Delivered
9677,2360,2023-10-01,Card,Delivered
9678,2360,2023-05-09,Card,Delivered
9679,2360,2023-12-23,Card,Delivered
9680,2360,2024-10-07,COD,Delivered
9681,2360,2023-11-10,UPI,Delivered
9682,2360,2024-08-29,UPI,Delivered
9683,2362,2024-12-19,COD,Delivered
9684,2363,2024-12-29,COD,Delivered
9685,2363,2024-09-08,Card,Delivered
9686,2363,2024-06-27,UPI,Delivered
9687,2363,2024-11-09,NetBanking,Delivered
9688,2364,2024-08-24,UPI,Delivered
9689,2364,2024-01-31,UPI,Delivered
9690,2364,2023-07-24,UPI,Delivered
9691,2365,2024-12-17,Card,Delivered
9692,2365,2024-02-21,Card,Delivered
9693,2365,2024-12-24,NetBanking,Delivered
9694,2365,2024-10-26,,Delivered
9695,2365,2024-02-24,UPI,Delivered
9696,2365,2024-08-30,COD,Delivered
9697,2366,2024-10-05,UPI,Returned
9698,2366,2023-08-10,NetBanking,Delivered
9699,2366,2024-02-01,UPI,Delivered
9700,2366,2024-07-10,Card,Delivered
9701,2366,2023-11-26,Wallet,Cancelled
9702,2366,2023-08-29,COD,Delivered
9703,2366,2024-01-24,UPI,Delivered
9704,2366,2023-10-04,COD,Delivered
9705,2366,2024-05-01,UPI,Delivered
9706,2366,2023-05-16,UPI,Delivered
9707,2366,2023-11-25,Card,Delivered
9708,2366,2024-04-12,Wallet,Delivered
9709,2368,2023-10-11,Card,Delivered
9710,2369,2023-09-27,UPI,Delivered
9711,2369,2023-10-30,Card,Delivered
9712,2369,2024-03-16,NetBanking,Delivered
9713,2369,2023-07-29,Card,Delivered
9714,2369,2024-02-23,UPI,Delivered
9715,2369,2023-05-05,Wallet,Delivered
9716,2369,2023-12-11,NetBanking,Delivered
9717,2369,2024-12-10,Card,Delivered
9718,2369,2024-08-16,COD,Delivered
9719,2370,2024-11-04,UPI,Delivered
9720,2370,2024-07-22,UPI,Delivered
9721,2370,2023-11-21,Card,Delivered
9722,2370,2024-11-03,NetBanking,Delivered
9723,2371,2023-08-06,COD,Delivered
9724,2371,2024-11-23,Wallet,Delivered
9725,2371,2023-10-04,COD,Returned
9726,2372,2024-05-05,COD,Delivered
9727,2372,2024-06-28,COD,Delivered
9728,2372,2024-09-22,UPI,Returned
9729,2372,2024-10-06,COD,Delivered
9730,2373,2024-06-29,UPI,Delivered
9731,2373,2023-10-01,Card,Delivered
9732,2374,2024-08-04,Card,Cancelled
9733,2374,2024-12-03,COD,Delivered
9734,2374,2023-09-19,NetBanking,Delivered
9735,2374,2024-08-17,UPI,Delivered
9736,2375,2024-04-08,NetBanking,Delivered
9737,2376,2024-11-17,COD,Delivered
9738,2376,2024-10-31,Card,Delivered
9739,2376,2024-10-25,COD,Delivered
9740,2377,2024-05-15,UPI,Delivered
9741,2377,2024-11-23,UPI,Delivered
9742,2377,2024-10-13,UPI,Delivered
9743,2377,2024-11-25,UPI,Delivered
9744,2377,2024-10-01,Card,Delivered
9745,2377,2024-11-29,UPI,Delivered
9746,2377,2024-09-29,COD,Delivered
9747,2378,2023-11-07,Card,Delivered
9748,2378,2023-05-02,COD,Delivered
9749,2378,2024-04-30,UPI,Delivered
9750,2379,2024-09-26,Card,Delivered
9751,2379,2024-07-18,,Delivered
9752,2379,2024-11-03,NetBanking,Delivered
9753,2379,2024-09-01,COD,Delivered
9754,2380,2024-09-07,Card,Delivered
9755,2380,2024-11-18,NetBanking,Delivered
9756,2381,2023-10-30,UPI,Delivered
9757,2381,2023-12-17,UPI,Delivered
9758,2381,2023-09-27,COD,Delivered
9759,2382,2024-11-30,UPI,Delivered
9760,2382,2024-03-25,UPI,Delivered
9761,2382,2024-04-09,NetBanking,Delivered
9762,2382,2024-11-16,UPI,Delivered
9763,2382,2023-11-21,COD,Delivered
9764,2383,2024-10-09,Card,Delivered
9765,2383,2024-07-13,UPI,Delivered
9766,2383,2024-12-16,Card,Delivered
9767,2383,2024-10-10,UPI,Delivered
9768,2383,2024-10-20,UPI,Delivered
9769,2383,2024-07-21,COD,Cancelled
9770,2383,2024-09-08,Card,Delivered
9771,2383,2024-10-04,UPI,Delivered
9772,2383,2024-11-23,Card,Delivered
9773,2385,2023-09-07,Card,Delivered
9774,2386,2024-04-17,UPI,Returned
9775,2386,2024-08-02,UPI,Delivered
9776,2386,2024-11-15,COD,Delivered
9777,2387,2024-06-21,COD,Delivered
9778,2387,2024-11-23,UPI,Delivered
9779,2387,2024-06-01,UPI,Delivered
9780,2387,2024-12-06,Card,Delivered
9781,2387,2024-11-23,COD,Delivered
9782,2388,2024-11-15,Card,Delivered
9783,2389,2024-07-22,UPI,Delivered
9784,2389,2024-09-15,COD,Cancelled
9785,2389,2024-08-29,UPI,Delivered
9786,2389,2024-12-09,Card,Delivered
9787,2389,2024-10-10,UPI,Delivered
9788,2389,2024-12-07,UPI,Delivered
9789,2389,2024-09-11,Card,Delivered
9790,2389,2024-12-13,Card,Delivered
9791,2389,2024-06-20,UPI,Delivered
9792,2389,2024-09-25,,Delivered
9793,2390,2024-10-04,Card,Delivered
9794,2390,2024-10-29,COD,Returned
9795,2390,2024-05-23,UPI,Delivered
9796,2390,2024-11-13,COD,Delivered
9797,2390,2024-08-07,Wallet,Delivered
9798,2390,2024-04-20,Card,Delivered
9799,2390,2024-10-20,COD,Delivered
9800,2391,2023-11-20,COD,Delivered
9801,2391,2024-12-17,NetBanking,Delivered
9802,2391,2024-04-03,UPI,Delivered
9803,2391,2023-09-08,UPI,Delivered
9804,2391,2024-08-09,Card,Delivered
9805,2391,2023-10-24,UPI,Returned
9806,2391,2023-10-13,UPI,Delivered
9807,2391,2023-09-14,NetBanking,Delivered
9808,2391,2024-11-15,,Delivered
9809,2392,2024-10-10,UPI,Returned
9810,2392,2023-07-11,UPI,Delivered
9811,2392,2023-07-06,Card,Delivered
9812,2392,2024-11-22,Card,Delivered
9813,2392,2023-05-05,UPI,Delivered
9814,2393,2024-06-11,COD,Delivered
9815,2393,2024-03-23,NetBanking,Delivered
9816,2394,2024-10-19,UPI,Cancelled
9817,2394,2024-10-13,Card,Cancelled
9818,2394,2024-10-01,UPI,Delivered
9819,2394,2024-10-07,Wallet,Delivered
9820,2394,2024-12-23,Card,Delivered
9821,2395,2024-12-18,UPI,Delivered
9822,2395,2023-12-20,UPI,Delivered
9823,2395,2024-11-27,UPI,Delivered
9824,2395,2024-01-05,Card,Delivered
9825,2395,2024-12-09,UPI,Delivered
9826,2395,2024-02-25,Card,Cancelled
9827,2395,2024-11-12,COD,Returned
9828,2395,2024-07-11,UPI,Delivered
9829,2396,2024-12-14,UPI,Delivered
9830,2396,2024-05-31,UPI,Delivered
9831,2396,2024-07-22,,Delivered
9832,2396,2024-05-27,UPI,Delivered
9833,2396,2024-05-26,Card,Delivered
9834,2396,2024-10-06,COD,Delivered
9835,2396,2024-10-02,Wallet,Delivered
9836,2396,2024-11-08,Wallet,Delivered
9837,2396,2024-01-19,UPI,Delivered
9838,2396,2024-11-24,COD,Delivered
9839,2397,2024-11-29,COD,Delivered
9840,2397,2024-11-20,COD,Returned
9841,2397,2024-09-14,UPI,Delivered
9842,2398,2024-10-30,UPI,Delivered
9843,2398,2023-12-06,UPI,Delivered
9844,2398,2023-07-16,UPI,Delivered
9845,2399,2024-05-25,COD,Returned
9846,2400,2024-11-26,COD,Delivered
9847,2400,2024-12-20,Card,Delivered
9848,2400,2024-03-23,Card,Delivered
9849,2401,2024-02-23,Card,Delivered
9850,2401,2023-08-22,UPI,Delivered
9851,2401,2024-08-01,UPI,Delivered
9852,2401,2024-05-15,UPI,Delivered
9853,2401,2023-07-18,UPI,Returned
9854,2401,2024-10-19,COD,Delivered
9855,2402,2024-11-14,Card,Delivered
9856,2403,2024-04-06,Card,Delivered
9857,2403,2024-03-28,COD,Delivered
9858,2403,2024-06-11,Card,Delivered
9859,2403,2024-11-26,UPI,Delivered
9860,2404,2024-08-14,COD,Delivered
9861,2405,2023-12-24,UPI,Delivered
9862,2405,2023-10-02,UPI,Delivered
9863,2405,2024-11-26,Wallet,Delivered
9864,2406,2024-04-04,COD,Delivered
9865,2406,2024-12-29,Card,Delivered
9866,2406,2024-07-08,UPI,Cancelled
9867,2406,2024-08-25,Card,Delivered
9868,2406,2024-07-07,Card,Delivered
9869,2406,2024-09-24,UPI,Delivered
9870,2406,2024-10-29,UPI,Returned
9871,2407,2024-06-25,Card,Delivered
9872,2407,2024-11-16,NetBanking,Cancelled
9873,2407,2023-07-22,UPI,Delivered
9874,2408,2024-11-04,NetBanking,Delivered
9875,2408,2024-09-16,UPI,Delivered
9876,2408,2024-06-23,UPI,Delivered
9877,2408,2024-05-23,NetBanking,Delivered
9878,2410,2024-04-11,UPI,Delivered
9879,2410,2023-06-21,COD,Delivered
9880,2410,2024-04-05,Card,Delivered
9881,2410,2023-05-25,UPI,Delivered
9882,2410,2023-04-10,COD,Delivered
9883,2410,2023-12-19,UPI,Delivered
9884,2410,2024-07-06,COD,Delivered
9885,2410,2023-08-06,Card,Delivered
9886,2412,2023-06-03,COD,Delivered
9887,2412,2023-07-18,UPI,Delivered
9888,2412,2024-09-08,Card,Delivered
9889,2413,2024-10-12,Card,Delivered
9890,2413,2024-10-29,NetBanking,Delivered
9891,2413,2024-11-29,NetBanking,Delivered
9892,2413,2024-11-01,Card,Delivered
9893,2413,2024-11-03,UPI,Delivered
9894,2413,2024-08-08,Card,Delivered
9895,2414,2024-10-21,,Delivered
9896,2415,2024-02-29,UPI,Delivered
9897,2415,2023-10-27,Wallet,Delivered
9898,2416,2023-10-21,Card,Delivered
9899,2416,2024-07-21,Card,Delivered
9900,2417,2024-05-27,Card,Delivered
9901,2417,2024-05-24,NetBanking,Delivered
9902,2417,2024-01-19,Card,Delivered
9903,2417,2023-12-27,UPI,Delivered
9904,2417,2023-12-27,COD,Delivered
9905,2417,2023-12-18,UPI,Delivered
9906,2417,2023-12-11,UPI,Delivered
9907,2417,2024-11-04,UPI,Delivered
9908,2417,2024-12-10,COD,Delivered
9909,2417,2024-06-09,NetBanking,Delivered
9910,2418,2023-12-21,COD,Delivered
9911,2418,2023-05-22,UPI,Delivered
9912,2418,2024-07-21,UPI,Returned
9913,2418,2023-08-16,NetBanking,Delivered
9914,2419,2023-07-02,Card,Delivered
9915,2419,2024-07-20,UPI,Delivered
9916,2419,2024-10-27,Card,Delivered
9917,2419,2023-07-09,COD,Delivered
9918,2419,2023-11-01,COD,Delivered
9919,2419,2023-12-09,UPI,Delivered
9920,2420,2024-10-29,Card,Delivered
9921,2420,2023-12-24,UPI,Delivered
9922,2421,2023-06-18,NetBanking,Delivered
9923,2421,2024-05-02,COD,Delivered
9924,2421,2023-07-16,NetBanking,Delivered
9925,2422,2024-12-14,UPI,Cancelled
9926,2422,2024-09-22,UPI,Delivered
9927,2424,2024-12-24,Card,Returned
9928,2425,2024-12-23,UPI,Returned
9929,2425,2024-11-11,UPI,Returned
9930,2425,2024-04-19,COD,Delivered
9931,2425,2024-10-02,UPI,Delivered
9932,2425,2024-11-11,UPI,Delivered
9933,2425,2024-03-18,COD,Delivered
9934,2425,2023-09-07,UPI,Delivered
9935,2425,2024-03-27,NetBanking,Returned
9936,2425,2023-12-26,Card,Delivered
9937,2426,2024-10-31,Card,Delivered
9938,2426,2024-03-05,UPI,Delivered
9939,2426,2024-04-27,Card,Delivered
9940,2426,2024-07-14,NetBanking,Delivered
9941,2426,2024-12-23,COD,Delivered
9942,2426,2024-03-13,UPI,Delivered
9943,2426,2023-11-12,UPI,Delivered
9944,2428,2024-08-17,UPI,Delivered
9945,2428,2024-10-18,COD,Delivered
9946,2428,2023-08-18,Card,Delivered
9947,2428,2024-09-23,Card,Delivered
9948,2429,2024-11-07,NetBanking,Delivered
9949,2429,2024-05-20,Card,Returned
9950,2429,2024-08-30,Card,Delivered
9951,2429,2024-04-29,UPI,Delivered
9952,2429,2024-10-28,COD,Delivered
9953,2429,2024-12-20,Card,Delivered
9954,2429,2024-09-05,NetBanking,Delivered
9955,2429,2024-12-18,UPI,Delivered
9956,2429,2024-07-17,UPI,Cancelled
9957,2429,2024-06-02,UPI,Delivered
9958,2429,2024-11-20,COD,Delivered
9959,2430,2023-11-09,Card,Delivered
9960,2430,2024-08-06,,Delivered
9961,2430,2023-08-12,UPI,Delivered
9962,2430,2024-10-27,UPI,Delivered
9963,2430,2023-09-05,UPI,Delivered
9964,2431,2024-03-07,UPI,Delivered
9965,2431,2024-11-29,Card,Returned
9966,2431,2023-03-14,COD,Delivered
9967,2432,2023-10-29,Card,Delivered
9968,2434,2024-02-04,COD,Delivered
9969,2434,2023-12-24,Card,Delivered
9970,2434,2024-09-06,UPI,Delivered
9971,2434,2023-10-16,Wallet,Delivered
9972,2434,2024-11-29,UPI,Delivered
9973,2434,2024-10-19,NetBanking,Delivered
9974,2434,2024-11-02,NetBanking,Delivered
9975,2434,2024-11-22,UPI,Delivered
9976,2434,2024-02-13,UPI,Delivered
9977,2434,2024-11-13,UPI,Delivered
9978,2434,2024-02-20,Card,Delivered
9979,2434,2023-08-25,Card,Delivered
9980,2435,2024-04-25,NetBanking,Delivered
9981,2435,2024-01-29,Wallet,Delivered
9982,2435,2023-12-24,Card,Returned
9983,2435,2024-04-05,UPI,Delivered
9984,2435,2024-04-27,Wallet,Delivered
9985,2435,2024-12-25,Card,Delivered
9986,2435,2023-12-16,Card,Delivered
9987,2435,2024-11-25,Card,Delivered
9988,2435,2023-11-09,COD,Cancelled
9989,2436,2024-01-20,Card,Delivered
9990,2436,2024-02-25,UPI,Delivered
9991,2436,2024-09-18,Card,Delivered
9992,2436,2024-10-26,Card,Delivered
9993,2436,2024-08-23,Card,Delivered
9994,2436,2023-11-19,UPI,Delivered
9995,2437,2024-07-15,UPI,Cancelled
9996,2438,2024-08-07,UPI,Delivered
9997,2438,2024-11-19,Card,Delivered
9998,2438,2024-11-10,Card,Delivered
9999,2438,2024-02-16,UPI,Delivered
10000,2438,2024-11-24,Card,Cancelled
10001,2438,2024-03-17,,Delivered
10002,2438,2024-11-11,Card,Delivered
10003,2438,2024-10-27,COD,Delivered
10004,2438,2024-10-22,NetBanking,Delivered
10005,2438,2024-12-08,UPI,Delivered
10006,2438,2024-09-12,COD,Delivered
10007,2438,2024-05-29,UPI,Delivered
10008,2438,2024-09-10,Card,Delivered
10009,2438,2024-10-12,NetBanking,Delivered
10010,2438,2024-06-09,NetBanking,Delivered
10011,2439,2024-12-31,Card,Delivered
10012,2439,2024-12-20,COD,Delivered
10013,2439,2024-08-15,Card,Delivered
10014,2439,2024-11-23,Card,Delivered
10015,2439,2024-12-10,Card,Delivered
10016,2439,2024-06-22,Card,Delivered
10017,2439,2024-09-16,UPI,Delivered
10018,2440,2023-08-15,COD,Delivered
10019,2440,2023-12-23,UPI,Delivered
10020,2440,2023-09-07,UPI,Delivered
10021,2440,2023-03-25,UPI,Delivered
10022,2442,2023-06-25,UPI,Delivered
10023,2442,2023-11-03,UPI,Delivered
10024,2442,2024-10-28,UPI,Delivered
10025,2443,2024-05-09,Card,Delivered
10026,2443,2024-07-23,NetBanking,Delivered
10027,2443,2023-11-11,UPI,Delivered
10028,2443,2024-05-31,COD,Returned
10029,2443,2024-02-20,Card,Delivered
10030,2444,2024-03-25,Card,Delivered
10031,2444,2023-05-29,UPI,Delivered
10032,2445,2023-12-13,NetBanking,Delivered
10033,2445,2023-12-20,Card,Delivered
10034,2445,2024-11-05,UPI,Delivered
10035,2445,2024-12-22,UPI,Delivered
10036,2445,2024-06-29,COD,Delivered
10037,2446,2024-12-05,COD,Delivered
10038,2446,2024-08-16,COD,Delivered
10039,2447,2024-03-16,UPI,Delivered
10040,2447,2024-09-03,UPI,Delivered
10041,2447,2024-12-24,Card,Cancelled
10042,2448,2023-12-28,Card,Delivered
10043,2448,2024-12-23,Card,Delivered
10044,2450,2024-11-19,Card,Delivered
10045,2450,2024-11-10,COD,Delivered
10046,2450,2023-04-17,Card,Delivered
10047,2451,2024-11-13,UPI,Delivered
10048,2451,2024-07-14,UPI,Delivered
10049,2451,2024-10-07,Card,Delivered
10050,2451,2024-12-16,UPI,Delivered
10051,2451,2024-06-17,Card,Returned
10052,2451,2024-04-17,UPI,Delivered
10053,2451,2024-10-19,Card,Delivered
10054,2451,2024-11-02,UPI,Delivered
10055,2451,2024-07-12,UPI,Delivered
10056,2451,2024-09-01,UPI,Delivered
10057,2451,2024-09-10,Card,Delivered
10058,2451,2024-11-20,COD,Cancelled
10059,2451,2024-10-26,Card,Delivered
10060,2451,2024-06-28,Wallet,Delivered
10061,2452,2024-11-23,Card,Delivered
10062,2453,2023-11-01,UPI,Delivered
10063,2453,2024-08-16,COD,Delivered
10064,2453,2023-09-30,Card,Delivered
10065,2453,2023-10-20,UPI,Delivered
10066,2453,2023-03-01,Card,Delivered
10067,2453,2023-10-14,UPI,Delivered
10068,2453,2023-09-20,NetBanking,Delivered
10069,2453,2024-03-07,COD,Delivered
10070,2453,2023-11-24,NetBanking,Delivered
10071,2453,2024-12-20,Card,Delivered
10072,2453,2024-03-08,UPI,Delivered
10073,2456,2024-05-10,UPI,Delivered
10074,2456,2023-12-25,COD,Returned
10075,2456,2024-06-16,UPI,Delivered
10076,2456,2023-12-04,UPI,Delivered
10077,2456,2024-02-14,UPI,Delivered
10078,2456,2024-06-02,Wallet,Delivered
10079,2457,2024-12-03,COD,Delivered
10080,2457,2024-11-30,COD,Delivered
10081,2457,2024-09-28,COD,Delivered
10082,2458,2024-07-23,COD,Delivered
10083,2458,2024-11-11,UPI,Returned
10084,2458,2024-08-26,Card,Delivered
10085,2458,2024-11-07,Card,Returned
10086,2459,2023-11-16,UPI,Delivered
10087,2459,2023-10-21,Card,Delivered
10088,2459,2024-04-24,UPI,Delivered
10089,2460,2024-12-22,Card,Delivered
10090,2460,2023-12-20,COD,Cancelled
10091,2460,2024-03-28,UPI,Delivered
10092,2460,2023-11-09,UPI,Delivered
10093,2461,2024-12-04,NetBanking,Delivered
10094,2463,2024-02-27,COD,Delivered
10095,2463,2023-12-12,COD,Delivered
10096,2463,2023-12-18,UPI,Delivered
10097,2464,2024-12-29,COD,Delivered
10098,2464,2024-11-02,,Delivered
10099,2464,2024-12-13,Card,Delivered
10100,2465,2024-05-25,UPI,Delivered
10101,2465,2023-12-28,UPI,Delivered
10102,2465,2024-12-19,Wallet,Delivered
10103,2465,2023-11-22,COD,Delivered
10104,2466,2023-07-28,UPI,Delivered
10105,2466,2023-09-01,COD,Delivered
10106,2466,2024-01-03,UPI,Returned
10107,2466,2024-03-31,,Delivered
10108,2466,2024-05-12,UPI,Delivered
10109,2467,2024-12-18,Card,Delivered
10110,2467,2024-03-14,UPI,Delivered
10111,2467,2024-07-15,NetBanking,Delivered
10112,2467,2023-07-11,COD,Delivered
10113,2467,2023-12-07,NetBanking,Delivered
10114,2467,2024-12-25,UPI,Delivered
10115,2468,2024-11-06,UPI,Delivered
10116,2469,2023-09-11,Card,Delivered
10117,2469,2023-08-16,Card,Delivered
10118,2469,2024-07-20,COD,Delivered
10119,2469,2023-08-09,Card,Delivered
10120,2469,2024-11-23,UPI,Delivered
10121,2469,2023-11-13,COD,Delivered
10122,2469,2024-05-06,COD,Delivered
10123,2469,2023-02-24,COD,Delivered
10124,2469,2023-12-06,COD,Delivered
10125,2469,2023-11-12,Card,Delivered
10126,2469,2024-08-12,UPI,Delivered
10127,2469,2023-03-07,NetBanking,Delivered
10128,2469,2023-11-13,COD,Delivered
10129,2470,2024-10-15,Card,Delivered
10130,2470,2024-01-19,UPI,Delivered
10131,2470,2023-10-15,UPI,Delivered
10132,2470,2023-06-21,UPI,Delivered
10133,2470,2024-10-13,UPI,Delivered
10134,2470,2024-05-25,COD,Delivered
10135,2470,2024-05-01,Card,Delivered
10136,2470,2024-08-10,UPI,Delivered
10137,2470,2024-05-18,UPI,Delivered
10138,2470,2023-11-23,UPI,Delivered
10139,2471,2024-05-16,Card,Delivered
10140,2471,2024-11-23,Card,Delivered
10141,2471,2024-05-09,NetBanking,Delivered
10142,2471,2024-08-18,UPI,Delivered
10143,2471,2024-09-10,NetBanking,Delivered
10144,2471,2024-10-29,UPI,Returned
10145,2471,2024-06-11,Wallet,Delivered
10146,2471,2024-11-23,COD,Delivered
10147,2471,2024-09-02,NetBanking,Delivered
10148,2471,2024-07-12,NetBanking,Delivered
10149,2472,2023-10-01,Card,Delivered
10150,2472,2023-11-11,Card,Delivered
10151,2472,2024-11-21,UPI,Delivered
10152,2472,2024-04-08,UPI,Delivered
10153,2472,2023-07-05,UPI,Delivered
10154,2472,2024-05-16,UPI,Delivered
10155,2472,2023-11-24,UPI,Delivered
10156,2472,2023-03-09,UPI,Cancelled
10157,2473,2023-08-14,COD,Delivered
10158,2473,2024-07-02,COD,Delivered
10159,2474,2024-12-10,NetBanking,Delivered
10160,2474,2024-06-21,UPI,Delivered
10161,2474,2024-11-03,Wallet,Delivered
10162,2474,2024-04-12,UPI,Delivered
10163,2474,2024-09-30,UPI,Delivered
10164,2474,2023-11-12,UPI,Delivered
10165,2475,2024-02-26,UPI,Delivered
10166,2475,2024-08-08,UPI,Delivered
10167,2475,2023-09-03,Wallet,Delivered
10168,2475,2024-02-08,COD,Delivered
10169,2475,2023-10-12,Card,Delivered
10170,2476,2024-10-06,UPI,Returned
10171,2476,2024-08-16,Card,Delivered
10172,2476,2023-12-15,Card,Delivered
10173,2476,2023-08-29,NetBanking,Delivered
10174,2476,2023-12-29,UPI,Returned
10175,2477,2024-10-21,UPI,Delivered
10176,2477,2024-01-21,UPI,Returned
10177,2477,2024-12-13,COD,Delivered
10178,2479,2023-05-10,Card,Delivered
10179,2480,2024-07-28,COD,Returned
10180,2480,2024-12-19,Card,Delivered
10181,2481,2024-12-17,Card,Cancelled
10182,2481,2024-11-21,UPI,Delivered
10183,2482,2024-12-22,COD,Delivered
10184,2482,2024-11-29,UPI,Delivered
10185,2483,2023-07-22,UPI,Delivered
10186,2483,2024-10-07,UPI,Delivered
10187,2483,2024-06-14,UPI,Delivered
10188,2483,2024-09-10,Card,Delivered
10189,2483,2024-08-15,Card,Delivered
10190,2484,2024-04-04,Card,Delivered
10191,2484,2023-08-31,UPI,Delivered
10192,2484,2024-07-27,UPI,Delivered
10193,2484,2023-08-02,UPI,Delivered
10194,2484,2023-07-15,UPI,Delivered
10195,2484,2024-11-19,Card,Delivered
10196,2484,2024-11-23,UPI,Delivered
10197,2484,2024-06-23,UPI,Delivered
10198,2484,2024-03-05,UPI,Delivered
10199,2484,2024-10-19,Card,Delivered
10200,2484,2024-12-14,UPI,Delivered
10201,2484,2023-07-30,Card,Delivered
10202,2484,2023-08-30,UPI,Delivered
10203,2484,2024-11-19,COD,Delivered
10204,2485,2023-10-25,UPI,Delivered
10205,2485,2024-12-08,UPI,Delivered
10206,2485,2023-09-05,COD,Delivered
10207,2485,2023-11-07,Wallet,Delivered
10208,2485,2023-09-29,Card,Delivered
10209,2485,2024-08-22,UPI,Delivered
10210,2485,2024-10-01,COD,Delivered
10211,2485,2024-11-18,Card,Delivered
10212,2486,2023-12-05,COD,Delivered
10213,2486,2023-12-14,Card,Delivered
10214,2486,2024-08-26,Card,Returned
10215,2487,2024-07-22,UPI,Cancelled
10216,2488,2023-12-25,UPI,Delivered
10217,2488,2023-08-10,UPI,Delivered
10218,2488,2024-06-21,UPI,Delivered
10219,2488,2024-07-14,COD,Delivered
10220,2488,2023-02-06,UPI,Delivered
10221,2489,2023-12-29,COD,Delivered
10222,2489,2024-05-02,COD,Delivered
10223,2489,2024-11-18,Card,Delivered
10224,2489,2023-10-24,COD,Cancelled
10225,2489,2024-05-02,UPI,Delivered
10226,2489,2024-10-31,Card,Delivered
10227,2489,2023-12-09,Card,Delivered
10228,2489,2024-08-04,Card,Delivered
10229,2489,2023-11-03,Card,Delivered
10230,2490,2024-01-05,UPI,Delivered
10231,2491,2024-11-10,Card,Delivered
10232,2491,2024-09-27,UPI,Delivered
10233,2491,2024-05-21,Card,Delivered
10234,2491,2023-10-13,UPI,Delivered
10235,2491,2024-06-23,Card,Delivered
10236,2491,2024-04-06,UPI,Delivered
10237,2491,2024-03-02,Card,Delivered
10238,2491,2024-12-05,Card,Delivered
10239,2492,2024-10-26,COD,Returned
10240,2492,2024-10-23,NetBanking,Delivered
10241,2492,2023-09-16,UPI,Delivered
10242,2492,2023-08-16,NetBanking,Delivered
10243,2492,2024-05-25,UPI,Delivered
10244,2492,2023-10-16,UPI,Delivered
10245,2492,2023-11-27,Card,Delivered
10246,2492,2024-11-30,UPI,Returned
10247,2492,2023-09-18,UPI,Delivered
10248,2492,2024-02-24,Card,Delivered
10249,2492,2023-11-11,COD,Delivered
10250,2493,2024-08-26,Card,Delivered
10251,2493,2024-11-29,UPI,Cancelled
10252,2493,2024-05-29,COD,Delivered
10253,2493,2024-07-28,Card,Delivered
10254,2493,2024-12-28,Card,Cancelled
10255,2493,2024-10-26,NetBanking,Delivered
10256,2493,2024-09-04,Wallet,Delivered
10257,2493,2024-06-06,UPI,Delivered
10258,2493,2024-11-14,UPI,Delivered
10259,2493,2024-12-16,COD,Delivered
10260,2493,2024-11-12,UPI,Delivered
10261,2493,2024-06-18,UPI,Delivered
10262,2493,2024-10-06,UPI,Returned
10263,2494,2024-10-20,COD,Delivered
10264,2494,2024-09-08,Card,Delivered
10265,2494,2024-01-17,UPI,Returned
10266,2495,2024-10-04,UPI,Delivered
10267,2495,2024-03-01,Card,Delivered
10268,2496,2024-02-03,UPI,Delivered
10269,2496,2023-07-11,Card,Delivered
10270,2496,2024-11-24,COD,Delivered
10271,2496,2024-11-13,UPI,Delivered
10272,2496,2023-10-20,UPI,Cancelled
10273,2497,2024-09-16,Card,Delivered
10274,2497,2024-12-20,COD,Delivered
10275,2497,2024-11-16,UPI,Delivered
10276,2497,2024-05-25,Card,Delivered
10277,2497,2024-05-19,UPI,Delivered
10278,2497,2024-11-06,UPI,Delivered
10279,2499,2024-04-10,NetBanking,Delivered
10280,2499,2024-12-10,Card,Delivered
10281,2500,2024-07-08,Card,Delivered
10282,2500,2024-11-09,Card,Delivered
10283,2501,2024-12-06,Wallet,Delivered
10284,2501,2024-06-09,Card,Delivered
10285,2501,2024-06-21,UPI,Delivered
10286,2501,2024-04-29,UPI,Delivered
10287,2501,2024-12-20,COD,Delivered
10288,2502,2023-10-11,NetBanking,Delivered
10289,2502,2023-10-31,NetBanking,Delivered
10290,2503,2024-04-01,UPI,Delivered
10291,2503,2024-02-19,Card,Delivered
10292,2503,2024-04-02,Card,Delivered
10293,2503,2024-11-17,Card,Delivered
10294,2503,2024-02-27,COD,Delivered
10295,2503,2024-08-10,NetBanking,Delivered
10296,2504,2023-09-17,UPI,Delivered
10297,2504,2024-12-22,UPI,Delivered
10298,2504,2024-03-06,UPI,Delivered
10299,2504,2024-12-13,COD,Delivered
10300,2504,2024-05-06,NetBanking,Delivered
10301,2504,2023-10-05,COD,Delivered
10302,2504,2024-04-12,UPI,Delivered
10303,2504,2023-06-29,Card,Delivered
10304,2504,2023-12-20,Card,Delivered
10305,2504,2023-12-17,COD,Delivered
10306,2504,2024-04-04,COD,Delivered
10307,2505,2023-04-28,UPI,Delivered
10308,2505,2023-05-29,UPI,Delivered
10309,2505,2024-07-29,UPI,Delivered
10310,2505,2024-11-09,Card,Delivered
10311,2506,2023-07-16,UPI,Delivered
10312,2506,2024-07-12,Card,Returned
10313,2506,2024-03-10,Card,Delivered
10314,2506,2023-08-11,Card,Delivered
10315,2506,2024-05-07,COD,Delivered
10316,2506,2024-11-27,Card,Delivered
10317,2507,2024-08-19,COD,Delivered
10318,2507,2024-10-02,NetBanking,Delivered
10319,2507,2023-12-19,UPI,Delivered
10320,2507,2024-09-22,UPI,Delivered
10321,2507,2024-10-04,UPI,Delivered
10322,2507,2024-10-18,COD,Delivered
10323,2508,2024-08-24,Card,Delivered
10324,2508,2024-02-06,Card,Delivered
10325,2508,2024-08-06,COD,Delivered
10326,2510,2024-02-27,Card,Delivered
10327,2510,2024-08-19,UPI,Delivered
10328,2510,2023-12-21,UPI,Returned
10329,2510,2024-09-16,NetBanking,Delivered
10330,2510,2024-11-09,UPI,Delivered
10331,2510,2023-12-04,UPI,Delivered
10332,2510,2024-12-13,COD,Delivered
10333,2510,2023-07-04,COD,Delivered
10334,2510,2024-10-16,Card,Delivered
10335,2510,2024-02-26,Card,Delivered
10336,2511,2024-12-12,Wallet,Delivered
10337,2511,2024-10-23,Card,Returned
10338,2511,2024-08-05,NetBanking,Delivered
10339,2511,2023-11-27,Wallet,Delivered
10340,2512,2024-06-22,UPI,Delivered
10341,2513,2024-06-16,COD,Delivered
10342,2513,2024-09-07,Wallet,Delivered
10343,2513,2024-11-26,Card,Delivered
10344,2514,2024-03-27,UPI,Delivered
10345,2514,2024-10-13,UPI,Delivered
10346,2514,2024-10-24,COD,Delivered
10347,2514,2024-07-03,COD,Delivered
10348,2514,2024-09-26,Card,Delivered
10349,2515,2024-12-23,Card,Delivered
10350,2516,2024-05-28,Card,Delivered
10351,2518,2023-10-18,UPI,Delivered
10352,2519,2023-05-11,UPI,Delivered
10353,2519,2024-01-22,UPI,Delivered
10354,2520,2024-10-12,,Returned
10355,2520,2024-12-21,COD,Delivered
10356,2520,2024-11-27,NetBanking,Delivered
10357,2520,2024-08-12,COD,Delivered
10358,2521,2023-09-25,UPI,Delivered
10359,2521,2024-04-20,Card,Delivered
10360,2521,2023-09-23,Card,Delivered
10361,2521,2023-11-07,UPI,Delivered
10362,2521,2024-04-21,UPI,Cancelled
10363,2521,2024-03-09,COD,Delivered
10364,2521,2023-09-21,UPI,Delivered
10365,2522,2023-11-03,UPI,Delivered
10366,2522,2024-11-18,UPI,Delivered
10367,2522,2023-10-08,Card,Delivered
10368,2522,2023-10-31,UPI,Delivered
10369,2522,2024-06-24,,Delivered
10370,2525,2024-12-19,COD,Delivered
10371,2525,2024-10-18,UPI,Delivered
10372,2525,2024-09-11,Card,Delivered
10373,2525,2023-10-17,Wallet,Delivered
10374,2525,2024-07-13,COD,Returned
10375,2525,2024-08-17,COD,Delivered
10376,2525,2023-11-22,Wallet,Delivered
10377,2525,2023-04-25,UPI,Returned
10378,2525,2024-08-01,NetBanking,Delivered
10379,2528,2024-09-21,UPI,Delivered
10380,2528,2024-10-21,UPI,Delivered
10381,2529,2024-06-15,Card,Returned
10382,2529,2023-05-24,NetBanking,Delivered
10383,2529,2023-11-16,UPI,Delivered
10384,2529,2023-02-27,UPI,Delivered
10385,2529,2023-04-29,UPI,Delivered
10386,2529,2023-08-03,UPI,Delivered
10387,2529,2024-03-13,Wallet,Delivered
10388,2529,2023-10-20,COD,Returned
10389,2529,2024-03-20,Card,Cancelled
10390,2530,2024-10-19,UPI,Delivered
10391,2530,2024-01-04,,Cancelled
10392,2530,2024-12-09,UPI,Delivered
10393,2530,2023-11-14,UPI,Delivered
10394,2530,2024-07-21,UPI,Delivered
10395,2531,2024-11-09,Card,Delivered
10396,2531,2024-10-01,NetBanking,Delivered
10397,2531,2024-08-09,COD,Delivered
10398,2531,2024-05-12,UPI,Delivered
10399,2531,2024-11-08,COD,Delivered
10400,2532,2024-07-11,COD,Delivered
10401,2532,2024-09-05,UPI,Delivered
10402,2532,2024-09-28,UPI,Delivered
10403,2532,2024-09-27,UPI,Delivered
10404,2533,2024-05-30,,Delivered
10405,2533,2024-10-05,NetBanking,Delivered
10406,2534,2023-10-01,NetBanking,Delivered
10407,2534,2024-04-12,Card,Delivered
10408,2534,2024-11-16,UPI,Delivered
10409,2534,2024-05-05,Card,Delivered
10410,2535,2024-04-06,NetBanking,Delivered
10411,2536,2024-10-25,COD,Delivered
10412,2536,2024-10-28,COD,Delivered
10413,2536,2024-12-14,UPI,Delivered
10414,2536,2024-12-18,Card,Delivered
10415,2536,2024-07-29,COD,Delivered
10416,2536,2024-07-03,Card,Delivered
10417,2536,2024-08-22,UPI,Delivered
10418,2537,2024-06-28,UPI,Delivered
10419,2537,2024-12-03,UPI,Delivered
10420,2537,2024-09-05,NetBanking,Delivered
10421,2537,2024-11-19,COD,Cancelled
10422,2537,2024-10-21,NetBanking,Delivered
10423,2537,2023-08-16,UPI,Delivered
10424,2537,2023-11-11,UPI,Delivered
10425,2537,2024-09-08,Card,Delivered
10426,2537,2024-11-13,UPI,Delivered
10427,2537,2024-10-09,Card,Delivered
10428,2537,2023-12-03,UPI,Delivered
10429,2537,2024-06-22,UPI,Delivered
10430,2538,2024-05-24,UPI,Delivered
10431,2538,2023-11-27,NetBanking,Delivered
10432,2538,2024-09-04,Card,Delivered
10433,2539,2024-04-07,Card,Delivered
10434,2539,2023-11-13,COD,Delivered
10435,2539,2024-09-17,COD,Cancelled
10436,2539,2023-10-29,Card,Delivered
10437,2540,2024-10-18,Card,Delivered
10438,2542,2024-12-07,UPI,Delivered
10439,2542,2024-09-18,COD,Delivered
10440,2542,2024-10-22,UPI,Delivered
10441,2542,2024-11-11,UPI,Delivered
10442,2543,2024-09-03,NetBanking,Delivered
10443,2543,2024-08-07,COD,Delivered
10444,2543,2024-12-25,Card,Delivered
10445,2543,2024-06-09,COD,Delivered
10446,2544,2024-02-06,UPI,Delivered
10447,2544,2023-09-24,NetBanking,Delivered
10448,2545,2024-10-17,Card,Delivered
10449,2545,2024-09-18,Card,Delivered
10450,2545,2024-06-27,UPI,Delivered
10451,2545,2024-05-25,Wallet,Delivered
10452,2545,2024-11-27,Card,Delivered
10453,2546,2024-10-02,UPI,Delivered
10454,2548,2024-10-08,NetBanking,Returned
10455,2548,2023-12-21,Card,Delivered
10456,2549,2024-05-23,Card,Delivered
10457,2549,2024-11-30,UPI,Delivered
10458,2549,2024-04-16,UPI,Delivered
10459,2549,2024-04-28,UPI,Delivered
10460,2549,2024-09-05,UPI,Delivered
10461,2550,2023-05-31,COD,Delivered
10462,2550,2023-12-06,Wallet,Delivered
10463,2550,2024-07-01,UPI,Delivered
10464,2550,2023-04-21,Card,Delivered
10465,2550,2023-10-20,NetBanking,Delivered
10466,2550,2024-09-12,UPI,Delivered
10467,2550,2024-06-10,NetBanking,Delivered
10468,2550,2023-05-15,Card,Delivered
10469,2551,2024-09-05,UPI,Delivered
10470,2551,2024-10-02,COD,Delivered
10471,2551,2024-07-26,UPI,Cancelled
10472,2551,2024-09-28,Card,Delivered
10473,2552,2024-01-25,UPI,Delivered
10474,2552,2024-07-02,Card,Delivered
10475,2552,2024-02-16,Card,Delivered
10476,2552,2024-06-01,Card,Delivered
10477,2552,2024-10-07,UPI,Returned
10478,2552,2023-09-09,COD,Delivered
10479,2552,2024-08-11,NetBanking,Delivered
10480,2552,2023-07-30,NetBanking,Delivered
10481,2552,2024-09-03,Card,Delivered
10482,2552,2023-10-21,COD,Delivered
10483,2552,2024-03-28,NetBanking,Returned
10484,2552,2023-11-13,UPI,Delivered
10485,2552,2023-12-05,COD,Delivered
10486,2552,2024-06-26,Card,Delivered
10487,2553,2024-03-26,COD,Delivered
10488,2553,2024-10-26,UPI,Delivered
10489,2553,2023-06-11,,Delivered
10490,2553,2023-10-28,NetBanking,Delivered
10491,2553,2024-04-15,UPI,Delivered
10492,2553,2023-07-25,NetBanking,Delivered
10493,2553,2024-02-17,COD,Delivered
10494,2554,2024-11-18,UPI,Delivered
10495,2554,2024-04-17,COD,Delivered
10496,2554,2024-04-27,NetBanking,Delivered
10497,2555,2024-08-14,UPI,Delivered
10498,2555,2024-11-13,COD,Delivered
10499,2555,2024-12-17,Wallet,Cancelled
10500,2555,2024-11-21,,Delivered
10501,2555,2024-11-16,NetBanking,Delivered
10502,2555,2024-12-26,UPI,Delivered
10503,2555,2024-10-19,COD,Delivered
10504,2555,2024-12-11,UPI,Delivered
10505,2555,2024-06-23,Card,Delivered
10506,2556,2023-04-29,UPI,Delivered
10507,2556,2024-04-08,Wallet,Delivered
10508,2556,2023-05-14,COD,Delivered
10509,2557,2024-07-16,NetBanking,Delivered
10510,2557,2024-09-25,NetBanking,Delivered
10511,2557,2024-07-30,COD,Delivered
10512,2557,2024-11-18,UPI,Delivered
10513,2557,2024-10-07,Wallet,Delivered
10514,2558,2024-11-01,UPI,Delivered
10515,2558,2024-08-20,NetBanking,Delivered
10516,2559,2024-09-08,COD,Delivered
10517,2560,2024-12-19,Card,Cancelled
10518,2561,2024-10-05,COD,Delivered
10519,2561,2024-08-03,UPI,Delivered
10520,2561,2024-03-03,Card,Delivered
10521,2561,2024-02-12,UPI,Delivered
10522,2561,2024-03-10,Wallet,Delivered
10523,2562,2024-04-08,UPI,Delivered
10524,2562,2024-11-26,COD,Delivered
10525,2562,2024-09-22,COD,Delivered
10526,2562,2024-06-04,COD,Delivered
10527,2562,2024-06-04,Card,Delivered
10528,2563,2024-09-13,Card,Delivered
10529,2563,2024-10-13,COD,Delivered
10530,2563,2024-10-20,UPI,Delivered
10531,2564,2024-05-18,COD,Delivered
10532,2564,2024-01-25,UPI,Delivered
10533,2565,2023-09-24,COD,Delivered
10534,2565,2024-01-25,COD,Delivered
10535,2568,2024-10-30,,Delivered
10536,2569,2024-01-13,Card,Returned
10537,2569,2024-05-24,COD,Delivered
10538,2569,2023-11-10,Card,Delivered
10539,2570,2024-12-15,UPI,Delivered
10540,2570,2024-07-26,Card,Delivered
10541,2570,2024-10-01,Card,Delivered
10542,2570,2024-12-17,UPI,Delivered
10543,2571,2024-10-15,UPI,Delivered
10544,2571,2024-05-12,COD,Delivered
10545,2571,2024-10-26,COD,Delivered
10546,2572,2024-12-31,UPI,Delivered
10547,2572,2024-06-22,Wallet,Delivered
10548,2572,2024-09-25,,Delivered
10549,2574,2024-03-02,Card,Delivered
10550,2574,2024-02-10,,Delivered
10551,2574,2024-12-15,COD,Delivered
10552,2574,2024-05-16,UPI,Returned
10553,2575,2024-06-20,NetBanking,Delivered
10554,2575,2024-08-09,COD,Delivered
10555,2575,2024-06-08,UPI,Delivered
10556,2575,2024-11-08,COD,Delivered
10557,2575,2024-05-01,UPI,Delivered
10558,2576,2023-07-14,UPI,Delivered
10559,2578,2024-11-19,UPI,Delivered
10560,2579,2024-10-01,UPI,Delivered
10561,2579,2024-08-12,UPI,Delivered
10562,2579,2024-11-04,UPI,Delivered
10563,2579,2024-12-01,COD,Delivered
10564,2580,2024-07-05,UPI,Returned
10565,2580,2024-10-08,Card,Delivered
10566,2580,2023-12-12,COD,Cancelled
10567,2580,2023-11-17,Wallet,Delivered
10568,2580,2024-07-25,Card,Delivered
10569,2580,2024-10-26,Card,Delivered
10570,2580,2024-03-09,COD,Delivered
10571,2580,2024-08-02,COD,Delivered
10572,2581,2024-09-04,Card,Delivered
10573,2582,2024-06-23,COD,Delivered
10574,2582,2024-09-18,COD,Delivered
10575,2582,2024-10-04,COD,Delivered
10576,2582,2024-12-20,UPI,Delivered
10577,2582,2024-12-26,COD,Delivered
10578,2582,2024-05-19,Card,Delivered
10579,2582,2024-11-08,COD,Delivered
10580,2582,2024-09-22,UPI,Returned
10581,2583,2023-07-15,UPI,Delivered
10582,2583,2024-10-07,COD,Delivered
10583,2583,2024-01-16,NetBanking,Delivered
10584,2583,2024-05-07,NetBanking,Cancelled
10585,2584,2024-01-23,Card,Delivered
10586,2584,2024-11-19,COD,Cancelled
10587,2584,2024-11-19,Card,Delivered
10588,2585,2024-08-30,UPI,Delivered
10589,2585,2023-08-23,Card,Delivered
10590,2585,2024-12-24,Wallet,Delivered
10591,2585,2024-05-09,UPI,Delivered
10592,2585,2024-06-18,Card,Delivered
10593,2585,2023-08-07,NetBanking,Delivered
10594,2585,2023-07-16,UPI,Delivered
10595,2585,2023-09-23,UPI,Delivered
10596,2585,2024-01-23,Card,Delivered
10597,2585,2024-12-06,UPI,Delivered
10598,2585,2024-09-03,COD,Delivered
10599,2585,2024-12-31,UPI,Delivered
10600,2585,2024-08-05,Card,Delivered
10601,2585,2023-09-09,Wallet,Delivered
10602,2585,2024-08-14,Card,Delivered
10603,2585,2024-07-10,COD,Cancelled
10604,2585,2024-11-13,Wallet,Returned
10605,2585,2024-05-09,UPI,Delivered
10606,2586,2023-12-08,UPI,Returned
10607,2586,2024-03-29,COD,Delivered
10608,2586,2024-10-01,Card,Cancelled
10609,2586,2024-04-25,UPI,Delivered
10610,2586,2024-03-02,COD,Delivered
10611,2586,2024-09-22,COD,Delivered
10612,2586,2024-06-22,UPI,Delivered
10613,2586,2024-05-12,UPI,Delivered
10614,2586,2024-10-25,COD,Delivered
10615,2587,2023-11-13,Card,Delivered
10616,2588,2023-11-17,UPI,Delivered
10617,2588,2024-11-22,UPI,Delivered
10618,2588,2023-07-22,UPI,Delivered
10619,2588,2024-03-03,UPI,Delivered
10620,2589,2024-12-14,COD,Delivered
10621,2589,2024-10-11,NetBanking,Returned
10622,2590,2024-10-27,COD,Delivered
10623,2590,2024-10-28,Card,Delivered
10624,2590,2024-04-22,COD,Delivered
10625,2591,2023-04-04,Card,Delivered
10626,2591,2023-10-01,UPI,Delivered
10627,2591,2023-11-06,UPI,Delivered
10628,2591,2024-12-10,Card,Delivered
10629,2593,2024-02-27,UPI,Delivered
10630,2594,2023-03-15,NetBanking,Delivered
10631,2594,2024-04-12,UPI,Delivered
10632,2594,2024-07-25,COD,Returned
10633,2596,2024-07-24,UPI,Delivered
10634,2596,2024-12-12,Card,Returned
10635,2596,2023-08-13,COD,Returned
10636,2596,2024-02-23,COD,Delivered
10637,2596,2023-11-18,UPI,Delivered
10638,2596,2024-05-05,Card,Cancelled
10639,2596,2024-11-04,Card,Cancelled
10640,2596,2024-11-06,UPI,Delivered
10641,2596,2023-12-30,COD,Cancelled
10642,2596,2024-08-29,Card,Delivered
10643,2596,2024-02-26,Card,Delivered
10644,2596,2024-09-08,UPI,Cancelled
10645,2596,2024-11-05,Card,Returned
10646,2596,2024-07-28,Card,Delivered
10647,2597,2024-06-01,UPI,Delivered
10648,2598,2024-10-04,COD,Returned
10649,2598,2024-06-14,UPI,Delivered
10650,2598,2024-06-25,Card,Returned
10651,2598,2024-03-11,UPI,Delivered
10652,2598,2024-11-04,Card,Delivered
10653,2600,2024-01-07,NetBanking,Delivered
10654,2600,2023-08-22,Card,Delivered
10655,2600,2023-11-23,Wallet,Delivered
10656,2600,2023-09-16,COD,Delivered
10657,2600,2023-10-22,NetBanking,Delivered
10658,2601,2024-07-29,NetBanking,Delivered
10659,2601,2024-08-18,NetBanking,Delivered
10660,2603,2024-06-22,UPI,Delivered
10661,2604,2024-09-30,COD,Delivered
10662,2604,2024-08-24,UPI,Delivered
10663,2604,2024-12-04,COD,Delivered
10664,2604,2024-09-12,Card,Delivered
10665,2604,2024-01-12,UPI,Delivered
10666,2604,2023-11-12,NetBanking,Delivered
10667,2604,2024-07-04,COD,Delivered
10668,2604,2024-06-15,COD,Returned
10669,2605,2024-05-07,NetBanking,Delivered
10670,2605,2024-05-30,Wallet,Delivered
10671,2605,2024-09-20,,Delivered
10672,2605,2024-04-15,Card,Delivered
10673,2605,2024-02-15,UPI,Delivered
10674,2605,2024-05-24,COD,Delivered
10675,2605,2024-06-10,Card,Delivered
10676,2605,2024-12-16,Card,Delivered
10677,2605,2024-09-19,COD,Delivered
10678,2605,2024-07-20,COD,Delivered
10679,2606,2024-11-16,,Delivered
10680,2606,2024-06-16,UPI,Delivered
10681,2606,2024-07-04,UPI,Delivered
10682,2606,2024-05-04,COD,Delivered
10683,2606,2024-05-22,,Delivered
10684,2606,2024-04-07,Card,Delivered
10685,2606,2024-11-23,Card,Delivered
10686,2606,2024-02-12,COD,Delivered
10687,2606,2024-07-26,Card,Delivered
10688,2606,2024-07-02,Wallet,Delivered
10689,2606,2024-07-12,,Delivered
10690,2606,2024-11-21,Card,Delivered
10691,2606,2024-11-16,UPI,Delivered
10692,2606,2024-10-11,Card,Delivered
10693,2606,2024-10-17,UPI,Delivered
10694,2607,2024-01-07,Card,Delivered
10695,2608,2023-08-13,UPI,Returned
10696,2608,2023-07-19,UPI,Delivered
10697,2608,2023-10-29,Wallet,Delivered
10698,2608,2024-04-30,UPI,Delivered
10699,2608,2024-11-20,NetBanking,Delivered
10700,2608,2024-11-03,COD,Delivered
10701,2609,2024-10-26,UPI,Delivered
10702,2610,2024-04-30,UPI,Delivered
10703,2610,2024-09-05,COD,Delivered
10704,2610,2024-11-03,UPI,Cancelled
10705,2610,2024-05-25,UPI,Delivered
10706,2610,2024-07-10,Card,Delivered
10707,2610,2024-07-16,Card,Delivered
10708,2611,2024-11-19,UPI,Delivered
10709,2611,2024-09-23,UPI,Delivered
10710,2611,2024-10-16,Card,Delivered
10711,2612,2024-07-03,Wallet,Cancelled
10712,2613,2023-08-13,NetBanking,Delivered
10713,2613,2023-05-27,COD,Delivered
10714,2613,2024-07-24,UPI,Delivered
10715,2613,2023-11-16,UPI,Cancelled
10716,2613,2023-05-02,Wallet,Delivered
10717,2613,2024-08-28,NetBanking,Delivered
10718,2613,2023-10-05,UPI,Delivered
10719,2614,2024-12-06,Card,Delivered
10720,2614,2023-11-23,Card,Delivered
10721,2614,2024-08-20,Card,Delivered
10722,2615,2024-09-15,Card,Delivered
10723,2615,2023-05-28,Wallet,Cancelled
10724,2616,2024-02-16,UPI,Delivered
10725,2616,2024-11-02,NetBanking,Delivered
10726,2616,2024-08-27,UPI,Delivered
10727,2616,2024-03-24,Card,Delivered
10728,2616,2024-03-23,Card,Delivered
10729,2616,2024-12-17,COD,Delivered
10730,2616,2024-12-31,UPI,Delivered
10731,2616,2024-09-02,UPI,Returned
10732,2616,2024-03-23,COD,Delivered
10733,2616,2024-05-26,UPI,Delivered
10734,2616,2024-04-03,UPI,Delivered
10735,2616,2024-09-13,UPI,Delivered
10736,2616,2024-06-21,Card,Delivered
10737,2616,2024-06-11,Card,Delivered
10738,2616,2024-11-07,Card,Delivered
10739,2616,2024-12-20,UPI,Delivered
10740,2616,2024-03-27,COD,Delivered
10741,2616,2024-06-27,UPI,Delivered
10742,2616,2024-08-17,Wallet,Delivered
10743,2616,2024-04-18,UPI,Delivered
10744,2616,2024-06-21,Card,Delivered
10745,2616,2024-01-21,COD,Delivered
10746,2616,2024-01-14,Card,Delivered
10747,2616,2024-11-03,COD,Cancelled
10748,2616,2024-05-26,COD,Delivered
10749,2616,2024-10-14,Card,Delivered
10750,2616,2024-02-04,,Delivered
10751,2617,2024-12-13,Card,Delivered
10752,2617,2024-08-14,COD,Delivered
10753,2618,2023-11-28,COD,Delivered
10754,2618,2023-03-03,Card,Delivered
10755,2618,2024-03-15,UPI,Delivered
10756,2618,2024-05-03,UPI,Delivered
10757,2618,2023-02-01,UPI,Delivered
10758,2619,2024-11-13,COD,Delivered
10759,2619,2024-10-12,COD,Delivered
10760,2619,2024-10-26,Card,Delivered
10761,2619,2024-04-17,COD,Delivered
10762,2620,2024-12-17,Card,Delivered
10763,2620,2024-09-22,Card,Delivered
10764,2620,2024-10-21,NetBanking,Delivered
10765,2620,2024-07-04,Card,Returned
10766,2621,2024-05-31,UPI,Delivered
10767,2621,2024-06-29,Card,Delivered
10768,2622,2023-10-19,UPI,Delivered
10769,2622,2024-09-30,UPI,Delivered
10770,2622,2023-12-12,Card,Delivered
10771,2622,2023-12-31,UPI,Delivered
10772,2622,2023-10-26,UPI,Delivered
10773,2623,2023-12-28,Card,Delivered
10774,2624,2024-12-30,UPI,Delivered
10775,2624,2024-09-02,Wallet,Delivered
10776,2624,2024-09-18,Card,Delivered
10777,2624,2024-06-08,Card,Delivered
10778,2624,2024-10-31,Card,Delivered
10779,2624,2024-08-04,COD,Delivered
10780,2625,2024-12-24,COD,Delivered
10781,2625,2024-08-29,COD,Delivered
10782,2625,2024-10-21,UPI,Delivered
10783,2625,2024-08-28,Card,Delivered
10784,2626,2024-07-18,Card,Delivered
10785,2626,2024-09-10,UPI,Delivered
10786,2627,2024-12-10,UPI,Delivered
10787,2627,2024-10-04,UPI,Returned
10788,2628,2024-12-06,UPI,Cancelled
10789,2628,2023-10-27,Card,Delivered
10790,2628,2024-07-04,,Delivered
10791,2629,2024-02-02,COD,Delivered
10792,2629,2024-06-15,UPI,Delivered
10793,2629,2024-09-05,COD,Delivered
10794,2630,2024-12-24,UPI,Delivered
10795,2630,2023-03-18,UPI,Delivered
10796,2630,2023-09-03,UPI,Delivered
10797,2630,2024-01-28,UPI,Delivered
10798,2631,2024-06-12,NetBanking,Delivered
10799,2631,2024-07-15,Card,Delivered
10800,2631,2024-06-05,UPI,Returned
10801,2633,2024-10-15,COD,Returned
10802,2633,2024-10-13,Card,Delivered
10803,2633,2024-12-25,NetBanking,Cancelled
10804,2635,2024-09-09,COD,Delivered
10805,2636,2024-06-17,NetBanking,Delivered
10806,2636,2023-10-04,COD,Delivered
10807,2636,2023-08-04,COD,Delivered
10808,2636,2024-04-04,Card,Delivered
10809,2636,2024-04-22,UPI,Delivered
10810,2636,2024-09-23,Card,Delivered
10811,2636,2023-11-19,Card,Delivered
10812,2636,2024-08-19,UPI,Delivered
10813,2636,2024-11-16,UPI,Delivered
10814,2637,2024-02-04,UPI,Delivered
10815,2637,2024-11-04,Card,Delivered
10816,2637,2023-10-03,Card,Delivered
10817,2638,2024-08-17,UPI,Delivered
10818,2638,2024-08-28,UPI,Delivered
10819,2638,2024-05-14,UPI,Delivered
10820,2639,2023-11-14,UPI,Delivered
10821,2639,2024-01-10,Card,Delivered
10822,2639,2024-11-26,UPI,Returned
10823,2640,2024-10-01,Card,Delivered
10824,2640,2024-07-31,UPI,Delivered
10825,2641,2023-09-05,Card,Delivered
10826,2641,2024-07-17,UPI,Delivered
10827,2641,2023-11-14,Card,Returned
10828,2641,2023-06-22,UPI,Delivered
10829,2642,2024-04-14,COD,Delivered
10830,2642,2023-11-30,NetBanking,Delivered
10831,2642,2023-10-04,Card,Delivered
10832,2642,2024-04-28,UPI,Returned
10833,2642,2024-02-11,UPI,Delivered
10834,2642,2023-10-30,UPI,Delivered
10835,2642,2024-11-13,UPI,Delivered
10836,2642,2023-11-09,Card,Delivered
10837,2643,2024-10-05,COD,Cancelled
10838,2643,2023-08-23,Card,Delivered
10839,2643,2023-10-31,UPI,Delivered
10840,2643,2023-04-23,UPI,Delivered
10841,2644,2023-12-09,UPI,Delivered
10842,2644,2024-11-04,Card,Delivered
10843,2644,2024-07-07,UPI,Delivered
10844,2645,2023-11-07,NetBanking,Delivered
10845,2646,2023-01-19,UPI,Delivered
10846,2646,2024-11-11,Card,Delivered
10847,2646,2024-01-24,NetBanking,Delivered
10848,2647,2024-02-29,Wallet,Delivered
10849,2647,2024-11-25,UPI,Returned
10850,2651,2024-08-03,Card,Delivered
10851,2651,2024-08-01,COD,Delivered
10852,2651,2024-11-30,UPI,Returned
10853,2652,2024-05-14,Card,Delivered
10854,2652,2024-08-05,Wallet,Delivered
10855,2652,2024-12-29,NetBanking,Delivered
10856,2652,2024-08-05,NetBanking,Delivered
10857,2652,2024-10-27,Card,Delivered
10858,2653,2024-09-18,Card,Delivered
10859,2653,2024-07-24,UPI,Delivered
10860,2653,2024-10-06,COD,Returned
10861,2653,2024-09-15,COD,Delivered
10862,2653,2024-12-30,Card,Delivered
10863,2654,2024-04-17,NetBanking,Delivered
10864,2654,2024-11-09,UPI,Delivered
10865,2654,2024-05-28,COD,Delivered
10866,2654,2024-01-22,Card,Delivered
10867,2654,2024-09-27,UPI,Delivered
10868,2655,2024-12-24,UPI,Delivered
10869,2655,2024-07-11,COD,Cancelled
10870,2655,2024-05-16,COD,Delivered
10871,2655,2024-11-23,UPI,Delivered
10872,2655,2024-12-05,UPI,Delivered
10873,2656,2024-12-27,UPI,Delivered
10874,2658,2024-02-10,Wallet,Returned
10875,2658,2023-11-01,,Delivered
10876,2660,2023-12-01,Card,Delivered
10877,2660,2024-10-27,UPI,Delivered
10878,2660,2024-12-30,UPI,Delivered
10879,2660,2024-08-20,Wallet,Delivered
10880,2660,2024-09-13,Card,Cancelled
10881,2660,2024-11-03,COD,Delivered
10882,2660,2023-06-07,NetBanking,Delivered
10883,2660,2024-01-30,NetBanking,Delivered
10884,2660,2024-08-11,NetBanking,Delivered
10885,2660,2024-05-08,NetBanking,Delivered
10886,2660,2024-03-19,Card,Delivered
10887,2661,2024-03-22,NetBanking,Delivered
10888,2661,2023-10-20,COD,Returned
10889,2661,2023-10-29,Wallet,Delivered
10890,2661,2023-10-03,NetBanking,Returned
10891,2662,2024-12-28,Card,Delivered
10892,2662,2024-08-20,UPI,Delivered
10893,2663,2024-12-26,Wallet,Delivered
10894,2664,2024-07-09,Card,Delivered
10895,2664,2024-04-12,NetBanking,Delivered
10896,2664,2024-06-24,Card,Delivered
10897,2664,2023-11-21,Card,Delivered
10898,2664,2024-05-25,NetBanking,Delivered
10899,2665,2023-10-24,UPI,Delivered
10900,2665,2024-04-14,UPI,Delivered
10901,2665,2024-10-16,NetBanking,Delivered
10902,2665,2023-06-07,Card,Delivered
10903,2665,2023-06-30,COD,Delivered
10904,2665,2024-09-28,Card,Delivered
10905,2666,2023-12-11,Card,Delivered
10906,2666,2024-12-23,UPI,Delivered
10907,2666,2024-05-09,Wallet,Delivered
10908,2666,2024-09-13,COD,Delivered
10909,2667,2024-03-01,Wallet,Delivered
10910,2667,2023-05-23,,Delivered
10911,2667,2023-05-12,UPI,Delivered
10912,2668,2024-07-03,NetBanking,Delivered
10913,2668,2024-12-21,UPI,Delivered
10914,2668,2024-11-04,NetBanking,Delivered
10915,2668,2024-08-21,Card,Delivered
10916,2668,2024-11-18,UPI,Delivered
10917,2669,2024-12-26,COD,Delivered
10918,2669,2023-10-13,NetBanking,Delivered
10919,2669,2024-03-08,Wallet,Delivered
10920,2669,2023-08-22,UPI,Delivered
10921,2669,2024-09-18,COD,Delivered
10922,2669,2024-01-14,UPI,Delivered
10923,2669,2024-12-22,UPI,Delivered
10924,2669,2024-11-03,UPI,Delivered
10925,2669,2023-09-15,COD,Delivered
10926,2669,2023-05-20,UPI,Delivered
10927,2669,2024-05-03,COD,Returned
10928,2670,2024-11-24,Wallet,Delivered
10929,2670,2024-08-11,COD,Delivered
10930,2670,2024-11-12,UPI,Delivered
10931,2670,2024-07-22,NetBanking,Delivered
10932,2670,2024-07-14,COD,Cancelled
10933,2670,2024-12-20,Card,Delivered
10934,2670,2024-10-16,Wallet,Delivered
10935,2670,2024-09-05,UPI,Delivered
10936,2670,2024-12-10,UPI,Delivered
10937,2670,2024-08-21,UPI,Delivered
10938,2670,2024-06-21,UPI,Delivered
10939,2671,2024-04-03,UPI,Delivered
10940,2671,2024-05-01,Card,Delivered
10941,2671,2024-10-28,UPI,Delivered
10942,2671,2024-11-16,Card,Delivered
10943,2672,2024-10-02,,Delivered
10944,2673,2024-05-11,UPI,Delivered
10945,2673,2024-08-10,Card,Delivered
10946,2674,2023-10-17,UPI,Delivered
10947,2674,2023-12-06,Wallet,Delivered
10948,2674,2024-04-06,UPI,Delivered
10949,2675,2024-11-09,UPI,Delivered
10950,2675,2024-10-12,UPI,Returned
10951,2675,2024-12-09,COD,Delivered
10952,2675,2024-10-13,Card,Delivered
10953,2676,2024-03-23,UPI,Delivered
10954,2676,2024-01-03,Card,Delivered
10955,2676,2024-09-01,NetBanking,Delivered
10956,2676,2024-06-26,Card,Delivered
10957,2677,2024-07-05,UPI,Delivered
10958,2677,2024-10-30,UPI,Delivered
10959,2677,2024-12-19,COD,Delivered
10960,2677,2024-06-13,UPI,Delivered
10961,2677,2024-10-06,Card,Delivered
10962,2677,2024-07-27,COD,Delivered
10963,2678,2024-06-03,UPI,Delivered
10964,2678,2024-11-28,UPI,Delivered
10965,2678,2024-05-05,Wallet,Delivered
10966,2678,2024-11-21,COD,Delivered
10967,2678,2024-09-09,NetBanking,Delivered
10968,2678,2024-10-30,,Delivered
10969,2678,2024-11-09,UPI,Delivered
10970,2678,2024-08-29,Card,Delivered
10971,2679,2024-02-07,COD,Delivered
10972,2680,2024-02-20,Card,Delivered
10973,2680,2023-11-18,Card,Delivered
10974,2680,2024-06-27,Card,Delivered
10975,2680,2023-10-13,UPI,Delivered
10976,2680,2024-10-15,UPI,Delivered
10977,2680,2023-11-04,Card,Delivered
10978,2680,2023-09-29,COD,Delivered
10979,2680,2023-09-03,Card,Delivered
10980,2680,2024-10-17,Card,Delivered
10981,2681,2024-10-24,Wallet,Cancelled
10982,2681,2024-11-28,UPI,Delivered
10983,2681,2023-12-22,COD,Delivered
10984,2681,2023-03-21,UPI,Delivered
10985,2681,2023-03-26,UPI,Cancelled
10986,2681,2023-10-12,UPI,Delivered
10987,2681,2024-01-25,Card,Delivered
10988,2681,2023-12-14,Card,Delivered
10989,2682,2024-04-18,UPI,Delivered
10990,2682,2024-12-23,UPI,Delivered
10991,2682,2024-10-12,UPI,Delivered
10992,2682,2023-10-09,UPI,Delivered
10993,2683,2023-10-27,Card,Delivered
10994,2683,2024-01-16,Card,Delivered
10995,2683,2023-10-08,UPI,Delivered
10996,2683,2023-11-06,Card,Delivered
10997,2683,2024-11-15,Card,Delivered
10998,2683,2024-09-02,UPI,Delivered
10999,2683,2024-11-01,UPI,Cancelled
11000,2683,2024-11-09,UPI,Delivered
11001,2683,2024-06-14,UPI,Returned
11002,2683,2023-12-15,UPI,Delivered
11003,2684,2024-07-25,UPI,Delivered
11004,2684,2024-05-13,UPI,Delivered
11005,2685,2024-12-11,Card,Delivered
11006,2686,2024-06-11,Card,Delivered
11007,2688,2024-10-25,NetBanking,Delivered
11008,2688,2024-06-25,NetBanking,Returned
11009,2688,2024-10-01,UPI,Returned
11010,2688,2023-11-25,NetBanking,Delivered
11011,2689,2024-03-01,Card,Delivered
11012,2689,2024-10-20,COD,Delivered
11013,2689,2024-03-09,COD,Delivered
11014,2689,2024-01-08,Card,Delivered
11015,2689,2024-02-26,Card,Delivered
11016,2690,2024-09-15,COD,Delivered
11017,2691,2024-10-29,COD,Delivered
11018,2691,2024-08-10,Card,Delivered
11019,2691,2024-11-04,UPI,Delivered
11020,2691,2024-12-20,COD,Delivered
11021,2691,2024-06-22,COD,Delivered
11022,2691,2024-09-22,COD,Cancelled
11023,2691,2024-05-31,UPI,Cancelled
11024,2691,2024-12-02,UPI,Returned
11025,2691,2024-05-13,Card,Delivered
11026,2691,2024-06-19,UPI,Delivered
11027,2691,2024-11-30,UPI,Delivered
11028,2691,2024-03-13,COD,Delivered
11029,2691,2024-08-15,UPI,Delivered
11030,2691,2024-09-14,COD,Delivered
11031,2691,2024-09-13,UPI,Delivered
11032,2693,2024-12-10,UPI,Delivered
11033,2693,2024-07-02,Card,Delivered
11034,2694,2024-01-10,UPI,Cancelled
11035,2694,2024-01-12,UPI,Delivered
11036,2694,2024-07-06,UPI,Delivered
11037,2694,2023-09-25,UPI,Delivered
11038,2694,2024-08-28,COD,Delivered
11039,2694,2024-10-14,COD,Delivered
11040,2694,2024-11-13,Card,Cancelled
11041,2695,2024-11-07,UPI,Delivered
11042,2695,2024-06-11,Card,Delivered
11043,2695,2024-05-26,COD,Delivered
11044,2696,2024-12-25,Card,Delivered
11045,2696,2023-10-31,COD,Delivered
11046,2696,2023-09-08,Card,Delivered
11047,2696,2023-12-16,Card,Delivered
11048,2696,2024-09-24,Card,Delivered
11049,2697,2023-07-29,UPI,Delivered
11050,2697,2023-11-01,UPI,Cancelled
11051,2697,2024-09-19,UPI,Returned
11052,2697,2024-08-14,Card,Delivered
11053,2697,2024-01-17,UPI,Delivered
11054,2697,2024-07-24,Wallet,Delivered
11055,2697,2023-12-01,UPI,Cancelled
11056,2697,2023-08-20,UPI,Delivered
11057,2697,2024-10-15,NetBanking,Cancelled
11058,2698,2024-06-22,COD,Delivered
11059,2698,2023-12-04,UPI,Delivered
11060,2698,2024-07-23,COD,Delivered
11061,2698,2024-08-13,COD,Returned
11062,2699,2024-11-27,Card,Delivered
11063,2699,2024-10-04,Card,Delivered
11064,2699,2024-08-07,COD,Delivered
11065,2700,2024-07-14,Card,Delivered
11066,2700,2024-10-30,Card,Delivered
11067,2701,2024-05-02,COD,Delivered
11068,2701,2024-08-06,NetBanking,Delivered
11069,2702,2024-05-08,NetBanking,Delivered
11070,2702,2024-05-11,Card,Delivered
11071,2702,2024-10-03,Card,Returned
11072,2702,2024-10-16,Card,Delivered
11073,2702,2024-10-02,UPI,Delivered
11074,2702,2024-12-12,NetBanking,Delivered
11075,2703,2024-12-04,UPI,Delivered
11076,2703,2024-02-03,UPI,Cancelled
11077,2703,2024-09-24,UPI,Delivered
11078,2704,2024-09-23,COD,Delivered
11079,2704,2024-05-06,UPI,Cancelled
11080,2705,2023-04-01,Card,Delivered
11081,2705,2023-03-26,UPI,Delivered
11082,2705,2023-12-22,NetBanking,Delivered
11083,2705,2024-09-07,Wallet,Returned
11084,2705,2023-04-27,Card,Returned
11085,2706,2023-11-27,COD,Cancelled
11086,2706,2023-12-12,UPI,Delivered
11087,2706,2024-11-27,Card,Delivered
11088,2707,2024-09-26,UPI,Delivered
11089,2707,2024-05-07,NetBanking,Delivered
11090,2707,2024-11-21,Card,Delivered
11091,2707,2024-09-12,COD,Delivered
11092,2707,2024-04-04,,Delivered
11093,2707,2024-07-11,COD,Delivered
11094,2707,2024-04-06,UPI,Delivered
11095,2707,2024-07-27,Card,Delivered
11096,2707,2024-02-22,Card,Returned
11097,2707,2024-12-21,UPI,Delivered
11098,2707,2024-09-16,UPI,Delivered
11099,2707,2024-12-29,COD,Delivered
11100,2708,2023-11-07,UPI,Delivered
11101,2708,2024-08-30,Card,Delivered
11102,2708,2024-08-17,Wallet,Delivered
11103,2708,2024-07-15,UPI,Delivered
11104,2709,2024-10-12,NetBanking,Delivered
11105,2709,2024-12-01,Card,Delivered
11106,2710,2024-12-12,Card,Delivered
11107,2710,2024-05-08,UPI,Delivered
11108,2710,2024-06-27,NetBanking,Delivered
11109,2710,2024-07-10,COD,Delivered
11110,2710,2024-10-13,COD,Delivered
11111,2710,2024-12-20,NetBanking,Delivered
11112,2710,2024-09-13,UPI,Delivered
11113,2710,2024-10-04,UPI,Delivered
11114,2711,2024-11-20,UPI,Delivered
11115,2711,2024-11-19,NetBanking,Delivered
11116,2711,2023-04-29,NetBanking,Delivered
11117,2711,2023-04-16,Card,Delivered
11118,2711,2023-07-07,COD,Returned
11119,2712,2024-12-08,COD,Delivered
11120,2712,2023-11-30,UPI,Delivered
11121,2713,2024-12-22,UPI,Delivered
11122,2713,2024-12-30,Wallet,Delivered
11123,2713,2024-06-01,UPI,Delivered
11124,2713,2024-07-08,Card,Returned
11125,2714,2024-07-26,Card,Delivered
11126,2714,2024-04-02,UPI,Delivered
11127,2714,2024-07-06,Card,Returned
11128,2714,2023-11-05,COD,Returned
11129,2714,2023-11-08,COD,Delivered
11130,2714,2023-11-08,COD,Delivered
11131,2715,2024-04-20,UPI,Delivered
11132,2715,2023-11-04,UPI,Delivered
11133,2715,2024-11-03,UPI,Delivered
11134,2715,2024-03-08,Card,Delivered
11135,2715,2024-08-27,UPI,Delivered
11136,2715,2024-08-12,Wallet,Delivered
11137,2717,2024-09-02,COD,Delivered
11138,2717,2023-12-08,Wallet,Cancelled
11139,2717,2023-09-10,UPI,Delivered
11140,2719,2024-12-21,Card,Delivered
11141,2720,2024-11-03,NetBanking,Delivered
11142,2720,2024-05-02,Card,Delivered
11143,2720,2023-04-02,Card,Delivered
11144,2720,2024-04-03,UPI,Delivered
11145,2720,2023-11-18,Wallet,Delivered
11146,2720,2024-11-14,COD,Delivered
11147,2721,2024-10-26,Wallet,Delivered
11148,2721,2024-10-09,UPI,Delivered
11149,2722,2024-10-01,COD,Delivered
11150,2724,2024-11-18,UPI,Delivered
11151,2724,2023-09-11,UPI,Delivered
11152,2724,2024-09-15,NetBanking,Delivered
11153,2724,2024-06-11,UPI,Delivered
11154,2724,2024-02-13,COD,Delivered
11155,2724,2024-11-27,Card,Delivered
11156,2725,2024-12-25,NetBanking,Delivered
11157,2725,2024-06-24,Card,Delivered
11158,2725,2024-08-08,Card,Delivered
11159,2725,2024-12-30,COD,Delivered
11160,2725,2024-04-25,UPI,Returned
11161,2725,2024-09-22,NetBanking,Delivered
11162,2725,2024-07-15,,Delivered
11163,2725,2024-03-19,UPI,Delivered
11164,2725,2024-11-05,COD,Delivered
11165,2725,2024-05-14,Card,Delivered
11166,2726,2024-03-24,UPI,Delivered
11167,2726,2024-03-21,COD,Delivered
11168,2726,2024-08-21,COD,Delivered
11169,2727,2023-12-16,NetBanking,Delivered
11170,2728,2023-04-02,UPI,Cancelled
11171,2728,2024-05-04,COD,Returned
11172,2728,2024-12-21,COD,Delivered
11173,2728,2024-10-05,NetBanking,Delivered
11174,2729,2023-12-27,Card,Delivered
11175,2729,2024-04-20,NetBanking,Delivered
11176,2729,2024-09-21,COD,Delivered
11177,2729,2024-08-30,NetBanking,Delivered
11178,2729,2024-06-28,Card,Delivered
11179,2729,2024-05-22,Card,Delivered
11180,2729,2024-10-26,UPI,Delivered
11181,2729,2023-12-09,Card,Returned
11182,2729,2024-08-12,COD,Delivered
11183,2729,2024-10-31,UPI,Delivered
11184,2729,2024-03-05,UPI,Delivered
11185,2730,2023-10-31,UPI,Delivered
11186,2730,2024-09-08,COD,Delivered
11187,2730,2024-12-31,NetBanking,Delivered
11188,2730,2024-01-06,UPI,Delivered
11189,2730,2024-11-30,UPI,Delivered
11190,2730,2024-09-18,Card,Delivered
11191,2731,2024-12-02,COD,Delivered
11192,2731,2024-08-18,COD,Delivered
11193,2732,2023-12-22,Wallet,Delivered
11194,2732,2024-12-22,Card,Returned
11195,2732,2024-04-24,Card,Delivered
11196,2732,2024-11-30,NetBanking,Delivered
11197,2732,2024-03-07,UPI,Delivered
11198,2732,2024-02-01,UPI,Delivered
11199,2733,2024-05-31,UPI,Delivered
11200,2733,2024-05-19,UPI,Delivered
11201,2733,2024-09-30,,Delivered
11202,2733,2024-11-25,UPI,Delivered
11203,2734,2024-02-03,NetBanking,Delivered
11204,2734,2023-12-23,Wallet,Delivered
11205,2734,2024-12-07,Wallet,Delivered
11206,2734,2023-09-05,COD,Delivered
11207,2735,2024-03-19,COD,Delivered
11208,2735,2023-10-30,UPI,Delivered
11209,2735,2024-10-05,Card,Delivered
11210,2735,2024-02-28,Card,Delivered
11211,2736,2023-08-06,NetBanking,Delivered
11212,2736,2024-11-26,UPI,Delivered
11213,2737,2024-08-09,Card,Delivered
11214,2737,2024-10-10,Card,Returned
11215,2737,2024-06-21,UPI,Delivered
11216,2738,2023-11-20,Wallet,Delivered
11217,2738,2024-08-22,NetBanking,Delivered
11218,2738,2024-04-06,UPI,Returned
11219,2739,2023-12-02,,Delivered
11220,2739,2024-05-05,Card,Delivered
11221,2740,2024-04-24,UPI,Delivered
11222,2740,2023-11-09,COD,Delivered
11223,2740,2023-11-07,COD,Delivered
11224,2741,2024-03-03,Card,Delivered
11225,2741,2023-09-01,Wallet,Cancelled
11226,2741,2024-11-28,UPI,Cancelled
11227,2741,2024-02-29,UPI,Delivered
11228,2742,2024-06-25,COD,Delivered
11229,2744,2024-08-19,Card,Delivered
11230,2744,2024-10-26,Card,Delivered
11231,2745,2023-10-26,Card,Delivered
11232,2745,2023-06-12,NetBanking,Delivered
11233,2745,2024-10-16,UPI,Delivered
11234,2745,2024-11-15,UPI,Cancelled
11235,2745,2024-12-18,COD,Delivered
11236,2745,2023-12-16,Card,Delivered
11237,2745,2024-12-03,Card,Delivered
11238,2746,2024-10-04,UPI,Delivered
11239,2746,2024-06-30,COD,Delivered
11240,2746,2024-03-06,UPI,Delivered
11241,2747,2023-12-07,UPI,Cancelled
11242,2748,2024-09-07,UPI,Delivered
11243,2749,2024-12-09,COD,Delivered
11244,2749,2024-06-21,COD,Delivered
11245,2749,2024-02-19,Card,Delivered
11246,2749,2023-10-27,UPI,Delivered
11247,2749,2024-09-11,UPI,Cancelled
11248,2749,2024-10-04,UPI,Delivered
11249,2749,2023-11-13,UPI,Delivered
11250,2749,2024-02-03,Card,Delivered
11251,2749,2023-09-12,COD,Delivered
11252,2749,2024-05-31,NetBanking,Cancelled
11253,2750,2024-06-15,COD,Delivered
11254,2750,2024-07-06,UPI,Delivered
11255,2750,2024-11-13,UPI,Delivered
11256,2750,2024-10-05,Wallet,Delivered
11257,2750,2024-11-15,COD,Delivered
11258,2750,2024-08-19,UPI,Delivered
11259,2750,2024-09-28,NetBanking,Delivered
11260,2750,2024-10-29,UPI,Delivered
11261,2750,2024-08-06,UPI,Delivered
11262,2750,2024-08-24,Card,Delivered
11263,2750,2024-07-18,UPI,Delivered
11264,2750,2024-11-11,UPI,Delivered
11265,2751,2023-10-25,UPI,Returned
11266,2751,2024-11-29,COD,Delivered
11267,2751,2024-11-30,Wallet,Delivered
11268,2751,2024-10-06,Wallet,Delivered
11269,2751,2023-09-06,Card,Delivered
11270,2751,2024-05-18,COD,Delivered
11271,2751,2024-01-28,UPI,Delivered
11272,2751,2023-07-09,COD,Delivered
11273,2751,2023-07-05,Card,Delivered
11274,2751,2024-10-27,Card,Delivered
11275,2752,2024-12-21,UPI,Returned
11276,2752,2024-08-05,COD,Delivered
11277,2752,2023-07-30,Card,Delivered
11278,2752,2024-12-12,Card,Delivered
11279,2752,2024-06-20,UPI,Cancelled
11280,2752,2023-12-19,UPI,Delivered
11281,2752,2024-11-17,UPI,Delivered
11282,2752,2024-08-24,UPI,Delivered
11283,2754,2024-05-22,UPI,Delivered
11284,2754,2024-04-03,COD,Delivered
11285,2754,2024-01-31,UPI,Delivered
11286,2755,2024-09-16,UPI,Delivered
11287,2755,2024-10-04,COD,Delivered
11288,2755,2024-10-13,Card,Delivered
11289,2755,2024-09-04,Card,Delivered
11290,2755,2024-11-09,UPI,Returned
11291,2755,2024-10-13,COD,Returned
11292,2756,2024-07-16,Card,Delivered
11293,2756,2024-11-27,Card,Cancelled
11294,2756,2024-11-01,Wallet,Delivered
11295,2757,2024-11-21,UPI,Delivered
11296,2757,2024-05-20,Card,Returned
11297,2758,2024-05-22,UPI,Delivered
11298,2758,2024-10-19,UPI,Delivered
11299,2758,2024-11-26,UPI,Returned
11300,2758,2024-05-23,COD,Delivered
11301,2758,2024-09-07,,Delivered
11302,2758,2024-08-30,NetBanking,Cancelled
11303,2759,2023-12-27,UPI,Returned
11304,2760,2023-12-19,Card,Delivered
11305,2760,2023-08-23,Card,Cancelled
11306,2760,2023-08-30,Card,Delivered
11307,2761,2024-06-18,UPI,Returned
11308,2761,2024-09-17,COD,Delivered
11309,2762,2024-10-27,,Delivered
11310,2762,2024-10-29,NetBanking,Delivered
11311,2763,2024-12-10,Card,Delivered
11312,2763,2024-11-05,COD,Delivered
11313,2763,2023-08-31,UPI,Delivered
11314,2763,2024-04-12,UPI,Delivered
11315,2763,2024-11-17,NetBanking,Delivered
11316,2763,2023-09-20,Card,Delivered
11317,2763,2023-08-29,Card,Delivered
11318,2763,2024-11-03,Wallet,Delivered
11319,2763,2024-10-01,UPI,Delivered
11320,2764,2024-05-01,COD,Delivered
11321,2764,2023-11-28,UPI,Delivered
11322,2764,2023-09-05,Card,Delivered
11323,2764,2024-12-24,UPI,Delivered
11324,2764,2024-02-23,COD,Delivered
11325,2765,2024-10-05,Card,Delivered
11326,2765,2024-10-01,UPI,Delivered
11327,2765,2023-04-29,UPI,Delivered
11328,2766,2023-11-26,COD,Cancelled
11329,2766,2024-01-01,UPI,Delivered
11330,2766,2024-04-13,Card,Cancelled
11331,2766,2024-06-11,Card,Delivered
11332,2766,2024-04-12,Card,Delivered
11333,2767,2023-10-03,COD,Returned
11334,2767,2024-01-28,NetBanking,Delivered
11335,2767,2024-09-23,UPI,Cancelled
11336,2768,2024-08-09,COD,Delivered
11337,2769,2024-09-11,UPI,Delivered
11338,2770,2024-06-28,UPI,Delivered
11339,2770,2024-11-04,UPI,Delivered
11340,2770,2024-11-22,NetBanking,Delivered
11341,2770,2024-08-04,COD,Delivered
11342,2770,2024-11-23,UPI,Delivered
11343,2771,2024-12-23,Card,Delivered
11344,2771,2024-11-12,UPI,Delivered
11345,2771,2024-02-13,COD,Delivered
11346,2771,2024-06-22,Wallet,Delivered
11347,2771,2024-09-03,NetBanking,Delivered
11348,2772,2024-06-18,Card,Delivered
11349,2772,2024-08-14,Card,Delivered
11350,2772,2023-09-30,UPI,Delivered
11351,2773,2024-11-21,UPI,Returned
11352,2773,2024-07-29,UPI,Delivered
11353,2773,2024-11-08,UPI,Delivered
11354,2773,2023-11-19,Card,Delivered
11355,2773,2024-10-28,UPI,Delivered
11356,2773,2024-02-08,COD,Delivered
11357,2773,2023-09-03,COD,Delivered
11358,2774,2024-07-11,Card,Delivered
11359,2775,2023-11-22,NetBanking,Delivered
11360,2775,2024-10-13,COD,Returned
11361,2775,2023-10-23,UPI,Delivered
11362,2775,2024-08-24,COD,Delivered
11363,2775,2024-11-02,COD,Delivered
11364,2775,2024-10-14,UPI,Delivered
11365,2775,2023-12-08,,Returned
11366,2775,2024-11-08,UPI,Returned
11367,2775,2023-11-15,UPI,Delivered
11368,2775,2023-11-11,Wallet,Delivered
11369,2775,2024-11-01,NetBanking,Delivered
11370,2775,2023-12-21,COD,Returned
11371,2777,2024-06-17,UPI,Delivered
11372,2777,2024-10-05,,Delivered
11373,2777,2023-10-26,Card,Delivered
11374,2777,2024-03-01,UPI,Delivered
11375,2777,2024-03-01,COD,Delivered
11376,2777,2024-07-24,UPI,Delivered
11377,2778,2024-10-11,Wallet,Delivered
11378,2778,2024-07-13,UPI,Delivered
11379,2778,2024-12-10,UPI,Returned
11380,2779,2024-06-10,UPI,Delivered
11381,2779,2024-09-12,UPI,Delivered
11382,2779,2024-02-26,UPI,Delivered
11383,2780,2024-08-29,Card,Delivered
11384,2780,2024-04-03,NetBanking,Cancelled
11385,2781,2023-09-25,COD,Delivered
11386,2781,2024-07-06,COD,Delivered
11387,2781,2024-02-14,Wallet,Delivered
11388,2781,2023-08-24,UPI,Delivered
11389,2782,2024-09-09,COD,Delivered
11390,2782,2024-09-04,UPI,Delivered
11391,2782,2024-12-19,Card,Delivered
11392,2782,2024-07-12,COD,Delivered
11393,2783,2024-11-03,COD,Delivered
11394,2784,2024-08-13,UPI,Delivered
11395,2784,2024-09-19,UPI,Cancelled
11396,2784,2024-11-12,NetBanking,Delivered
11397,2784,2024-07-26,NetBanking,Delivered
11398,2784,2024-09-03,COD,Delivered
11399,2785,2024-10-20,UPI,Delivered
11400,2786,2024-05-29,UPI,Delivered
11401,2786,2024-10-16,UPI,Cancelled
11402,2786,2023-06-06,Card,Delivered
11403,2787,2024-01-18,UPI,Delivered
11404,2787,2024-04-26,UPI,Delivered
11405,2787,2023-08-28,COD,Delivered
11406,2788,2023-11-01,UPI,Delivered
11407,2788,2023-07-27,UPI,Delivered
11408,2789,2023-11-12,Card,Cancelled
11409,2789,2023-08-20,COD,Delivered
11410,2790,2024-05-07,UPI,Delivered
11411,2790,2024-10-04,Card,Delivered
11412,2790,2024-11-19,UPI,Delivered
11413,2790,2024-11-14,UPI,Delivered
11414,2791,2024-12-03,COD,Delivered
11415,2791,2024-07-08,UPI,Delivered
11416,2791,2024-09-08,COD,Delivered
11417,2791,2024-06-01,UPI,Delivered
11418,2791,2024-05-25,Card,Returned
11419,2791,2024-11-11,UPI,Delivered
11420,2791,2024-07-18,UPI,Returned
11421,2791,2024-10-20,Card,Delivered
11422,2791,2024-11-10,Wallet,Delivered
11423,2792,2024-10-21,UPI,Delivered
11424,2792,2024-10-20,Card,Delivered
11425,2792,2024-05-29,UPI,Delivered
11426,2792,2023-06-15,COD,Delivered
11427,2792,2023-12-07,NetBanking,Delivered
11428,2792,2024-12-10,Card,Delivered
11429,2792,2023-06-13,NetBanking,Delivered
11430,2793,2024-01-29,NetBanking,Returned
11431,2794,2024-11-09,NetBanking,Delivered
11432,2794,2023-11-20,UPI,Returned
11433,2794,2023-12-11,,Delivered
11434,2795,2024-04-07,UPI,Cancelled
11435,2795,2024-02-25,UPI,Delivered
11436,2795,2024-04-13,Card,Cancelled
11437,2795,2024-10-04,Card,Delivered
11438,2795,2023-11-24,Card,Delivered
11439,2795,2023-12-07,UPI,Delivered
11440,2795,2023-03-31,UPI,Delivered
11441,2795,2023-09-23,UPI,Delivered
11442,2795,2023-04-17,COD,Delivered
11443,2796,2024-06-21,NetBanking,Delivered
11444,2796,2024-11-13,UPI,Delivered
11445,2797,2024-12-30,UPI,Delivered
11446,2797,2024-11-29,UPI,Delivered
11447,2797,2024-11-05,Card,Delivered
11448,2798,2024-04-13,UPI,Delivered
11449,2798,2024-05-26,COD,Delivered
11450,2798,2024-05-21,COD,Delivered
11451,2798,2024-09-19,Card,Delivered
11452,2798,2024-06-04,Card,Delivered
11453,2799,2024-06-27,Card,Delivered
11454,2799,2024-07-21,UPI,Delivered
11455,2799,2024-10-28,COD,Delivered
11456,2799,2024-03-31,COD,Delivered
11457,2799,2024-06-11,UPI,Delivered
11458,2799,2024-08-23,,Delivered
11459,2799,2024-10-05,Card,Cancelled
11460,2800,2023-10-24,NetBanking,Delivered
11461,2801,2024-11-15,UPI,Delivered
11462,2801,2024-06-05,UPI,Delivered
11463,2801,2024-10-02,UPI,Delivered
11464,2801,2024-12-27,UPI,Delivered
11465,2801,2024-11-22,Card,Delivered
11466,2801,2024-11-24,UPI,Delivered
11467,2802,2024-11-18,UPI,Delivered
11468,2802,2024-09-19,NetBanking,Returned
11469,2802,2023-09-29,UPI,Delivered
11470,2802,2024-08-09,UPI,Cancelled
11471,2803,2024-08-29,UPI,Returned
11472,2803,2024-07-15,COD,Delivered
11473,2803,2024-09-23,NetBanking,Returned
11474,2803,2024-06-19,COD,Delivered
11475,2803,2024-11-23,Card,Delivered
11476,2804,2024-09-05,Card,Delivered
11477,2804,2024-05-17,Card,Delivered
11478,2805,2023-06-25,Wallet,Delivered
11479,2806,2024-12-28,Wallet,Delivered
11480,2806,2024-10-19,COD,Delivered
11481,2806,2024-10-25,NetBanking,Delivered
11482,2806,2024-12-15,Card,Delivered
11483,2807,2023-10-07,Card,Delivered
11484,2807,2024-04-09,COD,Delivered
11485,2807,2024-05-28,UPI,Delivered
11486,2808,2024-10-24,COD,Delivered
11487,2808,2024-12-31,,Delivered
11488,2809,2024-05-09,NetBanking,Delivered
11489,2811,2024-06-15,,Delivered
11490,2811,2024-05-08,Card,Delivered
11491,2811,2024-07-19,UPI,Delivered
11492,2811,2024-07-02,Card,Delivered
11493,2811,2024-04-05,COD,Delivered
11494,2812,2024-03-19,COD,Delivered
11495,2812,2023-08-28,NetBanking,Returned
11496,2812,2024-08-26,Card,Delivered
11497,2812,2024-12-25,Card,Delivered
11498,2812,2024-06-12,UPI,Returned
11499,2813,2023-04-17,Wallet,Delivered
11500,2813,2024-05-31,,Delivered
11501,2813,2023-09-19,UPI,Delivered
11502,2813,2023-10-03,NetBanking,Delivered
11503,2813,2023-04-30,Card,Delivered
11504,2814,2024-11-04,COD,Delivered
11505,2814,2024-06-10,UPI,Delivered
11506,2814,2024-09-26,UPI,Delivered
11507,2814,2024-06-18,Card,Returned
11508,2815,2024-11-07,UPI,Delivered
11509,2815,2023-10-08,COD,Delivered
11510,2815,2023-07-20,Card,Delivered
11511,2815,2024-05-11,UPI,Delivered
11512,2815,2023-10-18,Card,Delivered
11513,2815,2023-12-19,COD,Delivered
11514,2816,2024-12-17,COD,Delivered
11515,2816,2023-05-31,UPI,Delivered
11516,2816,2024-10-19,Card,Delivered
11517,2816,2024-12-20,Card,Cancelled
11518,2816,2024-03-29,UPI,Delivered
11519,2817,2024-11-29,UPI,Delivered
11520,2818,2024-10-13,UPI,Delivered
11521,2818,2024-09-23,UPI,Returned
11522,2818,2024-07-27,UPI,Delivered
11523,2818,2024-06-19,Wallet,Delivered
11524,2819,2024-06-20,Card,Delivered
11525,2819,2024-08-21,UPI,Delivered
11526,2819,2023-10-22,UPI,Delivered
11527,2819,2024-02-13,UPI,Delivered
11528,2819,2024-11-02,UPI,Delivered
11529,2819,2024-12-18,NetBanking,Cancelled
11530,2819,2023-11-10,Card,Delivered
11531,2819,2024-01-24,NetBanking,Returned
11532,2819,2023-10-28,UPI,Delivered
11533,2819,2024-07-27,UPI,Delivered
11534,2820,2024-09-04,NetBanking,Returned
11535,2820,2024-09-12,Card,Delivered
11536,2821,2024-01-23,COD,Delivered
11537,2821,2024-04-04,UPI,Returned
11538,2822,2024-06-25,UPI,Delivered
11539,2822,2024-07-25,UPI,Delivered
11540,2823,2023-04-24,UPI,Delivered
11541,2823,2024-09-17,COD,Cancelled
11542,2823,2023-10-08,,Delivered
11543,2823,2023-10-23,NetBanking,Delivered
11544,2823,2023-12-06,UPI,Delivered
11545,2823,2023-04-10,UPI,Cancelled
11546,2824,2024-06-12,NetBanking,Delivered
11547,2824,2024-10-04,UPI,Delivered
11548,2824,2024-10-18,Card,Delivered
11549,2824,2024-11-11,UPI,Delivered
11550,2824,2024-11-18,UPI,Delivered
11551,2824,2024-10-23,UPI,Delivered
11552,2824,2024-08-24,UPI,Delivered
11553,2824,2024-10-28,COD,Delivered
11554,2824,2024-08-18,Card,Delivered
11555,2824,2024-11-28,UPI,Delivered
11556,2826,2024-08-10,UPI,Returned
11557,2826,2024-04-04,Card,Returned
11558,2826,2024-08-01,Card,Delivered
11559,2826,2024-08-09,COD,Delivered
11560,2826,2024-10-05,UPI,Delivered
11561,2826,2024-09-05,Card,Delivered
11562,2828,2024-11-14,Card,Delivered
11563,2828,2024-12-07,UPI,Delivered
11564,2828,2024-12-14,Wallet,Delivered
11565,2828,2024-06-08,NetBanking,Delivered
11566,2828,2024-12-08,UPI,Delivered
11567,2828,2024-07-09,Card,Delivered
11568,2828,2024-08-26,UPI,Delivered
11569,2829,2024-08-22,COD,Delivered
11570,2829,2024-09-05,UPI,Delivered
11571,2830,2024-12-25,UPI,Delivered
11572,2830,2024-04-11,COD,Delivered
11573,2831,2024-07-16,UPI,Delivered
11574,2831,2024-12-24,Wallet,Returned
11575,2831,2024-08-24,COD,Delivered
11576,2831,2024-08-13,COD,Delivered
11577,2832,2024-11-22,UPI,Delivered
11578,2832,2024-12-17,UPI,Delivered
11579,2833,2024-08-28,COD,Returned
11580,2833,2024-12-28,Card,Delivered
11581,2833,2023-08-16,COD,Delivered
11582,2833,2024-02-12,Card,Delivered
11583,2833,2024-08-10,NetBanking,Delivered
11584,2833,2023-07-02,COD,Delivered
11585,2833,2024-02-12,COD,Delivered
11586,2834,2023-10-27,Card,Delivered
11587,2834,2024-05-30,COD,Delivered
11588,2834,2023-12-23,Card,Cancelled
11589,2834,2024-08-28,Card,Delivered
11590,2835,2024-09-23,NetBanking,Delivered
11591,2835,2024-04-17,COD,Delivered
11592,2835,2023-12-29,NetBanking,Delivered
11593,2836,2024-08-02,COD,Delivered
11594,2836,2024-04-15,UPI,Delivered
11595,2836,2024-09-25,NetBanking,Delivered
11596,2836,2024-06-21,UPI,Delivered
11597,2836,2024-04-09,UPI,Delivered
11598,2836,2024-04-27,UPI,Delivered
11599,2836,2024-09-26,COD,Delivered
11600,2836,2023-11-10,Card,Delivered
11601,2838,2024-06-25,Card,Delivered
11602,2838,2024-11-11,COD,Delivered
11603,2838,2024-05-28,COD,Delivered
11604,2838,2024-11-15,UPI,Delivered
11605,2839,2024-09-03,COD,Delivered
11606,2839,2024-06-07,Card,Delivered
11607,2839,2024-12-12,NetBanking,Delivered
11608,2839,2024-08-10,UPI,Delivered
11609,2839,2023-10-15,UPI,Cancelled
11610,2840,2024-08-09,,Delivered
11611,2840,2024-08-27,UPI,Delivered
11612,2842,2024-11-19,COD,Delivered
11613,2842,2024-10-10,COD,Delivered
11614,2843,2024-07-18,Card,Returned
11615,2843,2024-04-28,COD,Delivered
11616,2843,2024-04-17,Card,Delivered
11617,2843,2024-04-15,Card,Delivered
11618,2843,2024-10-23,UPI,Delivered
11619,2843,2024-03-09,Wallet,Delivered
11620,2843,2024-11-20,Card,Delivered
11621,2843,2024-11-02,Wallet,Delivered
11622,2843,2024-07-23,Card,Delivered
11623,2843,2024-07-29,Card,Delivered
11624,2843,2024-10-15,COD,Delivered
11625,2844,2023-12-18,COD,Delivered
11626,2844,2024-03-05,UPI,Delivered
11627,2846,2023-10-11,Wallet,Delivered
11628,2846,2024-11-04,UPI,Delivered
11629,2847,2024-11-08,UPI,Delivered
11630,2847,2024-09-16,UPI,Delivered
11631,2847,2024-06-26,Card,Delivered
11632,2847,2024-12-01,Card,Delivered
11633,2847,2024-12-02,NetBanking,Delivered
11634,2847,2024-10-21,Card,Returned
11635,2847,2024-05-04,COD,Delivered
11636,2847,2024-06-23,Card,Delivered
11637,2848,2024-06-30,Card,Delivered
11638,2848,2023-10-05,Card,Delivered
11639,2848,2023-11-28,UPI,Delivered
11640,2849,2024-09-27,COD,Delivered
11641,2849,2023-07-21,Card,Delivered
11642,2850,2024-12-23,COD,Delivered
11643,2850,2023-09-03,UPI,Delivered
11644,2850,2024-11-28,UPI,Delivered
11645,2850,2023-09-11,Card,Delivered
11646,2850,2024-10-13,Card,Delivered
11647,2850,2024-10-02,UPI,Delivered
11648,2851,2024-12-22,Card,Delivered
11649,2851,2024-02-02,UPI,Returned
11650,2852,2024-08-16,Card,Delivered
11651,2852,2024-02-15,Card,Delivered
11652,2852,2024-09-12,UPI,Delivered
11653,2853,2023-12-26,COD,Delivered
11654,2854,2024-06-02,,Delivered
11655,2854,2024-12-12,COD,Delivered
11656,2854,2023-12-28,COD,Delivered
11657,2854,2024-09-05,COD,Delivered
11658,2854,2024-12-14,UPI,Delivered
11659,2856,2023-08-22,COD,Delivered
11660,2856,2024-04-15,COD,Delivered
11661,2856,2023-04-22,NetBanking,Delivered
11662,2856,2024-06-10,COD,Delivered
11663,2856,2023-12-10,UPI,Delivered
11664,2857,2024-11-26,Card,Delivered
11665,2858,2024-10-03,Card,Cancelled
11666,2858,2024-11-10,NetBanking,Delivered
11667,2858,2024-03-14,UPI,Delivered
11668,2858,2024-10-02,UPI,Delivered
11669,2858,2024-06-30,COD,Delivered
11670,2858,2024-09-02,Card,Cancelled
11671,2858,2024-07-10,Card,Delivered
11672,2858,2024-12-16,COD,Delivered
11673,2858,2024-09-28,UPI,Delivered
11674,2858,2024-11-23,UPI,Delivered
11675,2858,2024-05-30,Card,Returned
11676,2858,2024-07-10,UPI,Delivered
11677,2858,2024-11-10,Wallet,Delivered
11678,2858,2024-05-23,Wallet,Delivered
11679,2858,2024-12-31,Card,Delivered
11680,2858,2024-10-13,UPI,Returned
11681,2858,2024-12-04,Card,Delivered
11682,2858,2024-04-06,NetBanking,Delivered
11683,2858,2024-07-29,NetBanking,Delivered
11684,2858,2024-06-29,UPI,Delivered
11685,2858,2024-12-24,COD,Delivered
11686,2858,2024-04-21,UPI,Delivered
11687,2859,2024-05-11,COD,Delivered
11688,2859,2024-11-18,UPI,Delivered
11689,2860,2023-10-11,COD,Delivered
11690,2860,2024-12-11,COD,Delivered
11691,2860,2024-09-14,UPI,Delivered
11692,2860,2023-11-09,Card,Returned
11693,2860,2024-07-03,Card,Delivered
11694,2860,2024-10-09,NetBanking,Delivered
11695,2862,2024-07-02,Card,Delivered
11696,2862,2024-12-26,,Delivered
11697,2863,2024-10-12,COD,Delivered
11698,2864,2024-01-18,NetBanking,Delivered
11699,2865,2023-08-12,Card,Delivered
11700,2866,2024-11-02,NetBanking,Delivered
11701,2866,2024-08-04,UPI,Delivered
11702,2866,2024-06-12,UPI,Delivered
11703,2866,2023-06-24,NetBanking,Returned
11704,2866,2023-04-06,Card,Delivered
11705,2866,2024-10-22,Wallet,Delivered
11706,2866,2024-03-15,NetBanking,Delivered
11707,2866,2024-12-11,Card,Delivered
11708,2866,2024-01-26,COD,Delivered
11709,2866,2024-04-02,COD,Delivered
11710,2866,2024-12-30,UPI,Delivered
11711,2867,2024-08-30,Card,Delivered
11712,2867,2023-11-10,NetBanking,Delivered
11713,2867,2024-01-09,Card,Delivered
11714,2867,2024-10-09,UPI,Delivered
11715,2867,2023-07-29,UPI,Delivered
11716,2867,2023-07-24,Card,Delivered
11717,2867,2024-07-17,Card,Delivered
11718,2868,2023-11-27,Card,Delivered
11719,2868,2024-09-21,COD,Delivered
11720,2868,2024-03-20,Wallet,Delivered
11721,2868,2023-08-07,UPI,Delivered
11722,2868,2023-09-14,COD,Returned
11723,2868,2024-10-19,Card,Delivered
11724,2869,2024-07-01,COD,Delivered
11725,2869,2024-07-28,Card,Returned
11726,2869,2024-11-29,Card,Delivered
11727,2870,2024-04-19,UPI,Delivered
11728,2870,2024-08-15,COD,Delivered
11729,2870,2023-07-05,UPI,Delivered
11730,2870,2024-03-23,Card,Delivered
11731,2870,2023-04-24,Card,Delivered
11732,2870,2023-10-04,COD,Delivered
11733,2870,2024-02-17,Card,Delivered
11734,2870,2023-11-03,Card,Cancelled
11735,2870,2024-09-11,UPI,Delivered
11736,2870,2024-06-08,UPI,Delivered
11737,2870,2023-10-17,UPI,Delivered
11738,2870,2023-05-04,UPI,Cancelled
11739,2870,2023-10-11,UPI,Delivered
11740,2870,2024-03-14,Wallet,Delivered
11741,2870,2024-09-06,UPI,Delivered
11742,2870,2024-05-15,COD,Delivered
11743,2871,2023-06-17,COD,Delivered
11744,2871,2024-02-19,UPI,Delivered
11745,2871,2023-12-21,UPI,Delivered
11746,2872,2024-06-12,UPI,Delivered
11747,2872,2024-08-29,UPI,Returned
11748,2872,2024-09-27,NetBanking,Delivered
11749,2872,2024-10-29,Wallet,Delivered
11750,2872,2024-08-18,NetBanking,Delivered
11751,2872,2024-09-28,UPI,Delivered
11752,2872,2024-11-02,UPI,Delivered
11753,2873,2024-10-28,COD,Delivered
11754,2873,2024-11-30,UPI,Delivered
11755,2873,2024-03-24,UPI,Returned
11756,2873,2024-11-24,Card,Delivered
11757,2874,2024-09-10,UPI,Delivered
11758,2874,2023-09-04,UPI,Delivered
11759,2874,2024-11-23,Card,Delivered
11760,2874,2023-08-25,Card,Delivered
11761,2875,2024-03-10,Card,Delivered
11762,2876,2024-11-05,UPI,Delivered
11763,2877,2024-11-26,UPI,Delivered
11764,2877,2024-05-18,UPI,Delivered
11765,2877,2024-10-12,UPI,Delivered
11766,2877,2024-05-20,COD,Delivered
11767,2877,2024-12-15,UPI,Delivered
11768,2877,2024-08-11,UPI,Delivered
11769,2877,2024-05-15,COD,Cancelled
11770,2879,2024-10-28,,Delivered
11771,2879,2024-12-31,Card,Delivered
11772,2879,2024-12-01,UPI,Returned
11773,2879,2024-05-07,UPI,Delivered
11774,2879,2024-09-18,UPI,Delivered
11775,2879,2024-07-12,Wallet,Delivered
11776,2879,2024-12-03,Card,Delivered
11777,2879,2024-12-17,UPI,Delivered
11778,2879,2024-10-04,COD,Delivered
11779,2879,2024-05-03,NetBanking,Delivered
11780,2880,2024-11-15,UPI,Delivered
11781,2880,2024-11-30,Card,Cancelled
11782,2881,2024-02-18,Card,Delivered
11783,2881,2024-08-03,Card,Delivered
11784,2881,2023-08-27,UPI,Delivered
11785,2882,2024-02-29,UPI,Delivered
11786,2882,2024-06-07,Card,Delivered
11787,2883,2024-09-23,Card,Delivered
11788,2883,2024-09-11,COD,Delivered
11789,2885,2024-07-23,COD,Delivered
11790,2886,2023-07-13,COD,Delivered
11791,2887,2024-10-07,COD,Delivered
11792,2887,2024-10-06,NetBanking,Delivered
11793,2887,2024-05-31,Card,Returned
11794,2887,2024-09-22,COD,Delivered
11795,2887,2024-10-20,NetBanking,Returned
11796,2887,2024-08-07,Card,Delivered
11797,2887,2024-07-26,UPI,Delivered
11798,2887,2024-10-10,COD,Delivered
11799,2887,2024-12-13,UPI,Delivered
11800,2887,2024-06-20,UPI,Delivered
11801,2887,2024-08-14,COD,Delivered
11802,2888,2023-11-17,UPI,Delivered
11803,2889,2024-05-18,UPI,Delivered
11804,2889,2023-07-27,COD,Delivered
11805,2889,2023-09-11,UPI,Delivered
11806,2889,2024-11-21,Card,Cancelled
11807,2889,2023-12-04,UPI,Returned
11808,2889,2023-08-26,UPI,Delivered
11809,2889,2024-03-03,COD,Delivered
11810,2890,2024-05-04,NetBanking,Delivered
11811,2890,2024-10-16,Card,Delivered
11812,2890,2024-03-11,Card,Delivered
11813,2890,2023-12-16,COD,Delivered
11814,2890,2023-05-31,UPI,Delivered
11815,2890,2023-09-14,COD,Delivered
11816,2890,2023-11-11,NetBanking,Delivered
11817,2890,2023-12-14,UPI,Delivered
11818,2890,2024-09-14,UPI,Delivered
11819,2890,2023-08-15,UPI,Delivered
11820,2890,2023-06-06,UPI,Delivered
11821,2891,2024-12-31,Card,Delivered
11822,2891,2024-02-12,UPI,Delivered
11823,2891,2024-12-11,UPI,Delivered
11824,2893,2024-12-15,,Delivered
11825,2893,2023-09-24,COD,Delivered
11826,2893,2024-07-15,UPI,Delivered
11827,2893,2023-08-22,Card,Delivered
11828,2893,2024-08-10,COD,Delivered
11829,2893,2024-05-21,UPI,Returned
11830,2893,2024-09-04,UPI,Delivered
11831,2894,2024-09-30,Card,Delivered
11832,2894,2024-09-12,UPI,Delivered
11833,2894,2024-10-13,NetBanking,Cancelled
11834,2895,2024-11-21,UPI,Delivered
11835,2896,2024-10-30,UPI,Delivered
11836,2896,2024-08-24,UPI,Delivered
11837,2896,2023-12-02,UPI,Delivered
11838,2896,2023-12-01,UPI,Delivered
11839,2896,2024-04-24,Card,Delivered
11840,2896,2024-08-30,UPI,Delivered
11841,2896,2024-04-11,Card,Delivered
11842,2896,2024-04-05,UPI,Delivered
11843,2896,2024-11-23,UPI,Delivered
11844,2897,2024-07-29,Card,Delivered
11845,2897,2024-09-23,UPI,Delivered
11846,2897,2024-07-05,Card,Delivered
11847,2899,2024-10-31,COD,Delivered
11848,2899,2024-06-24,NetBanking,Delivered
11849,2900,2023-09-30,NetBanking,Delivered
11850,2900,2023-06-17,UPI,Cancelled
11851,2900,2024-09-04,UPI,Delivered
11852,2901,2023-11-03,Card,Delivered
11853,2901,2024-05-09,NetBanking,Delivered
11854,2901,2024-12-15,COD,Delivered
11855,2901,2023-12-12,Card,Delivered
11856,2901,2023-10-31,COD,Delivered
11857,2901,2024-01-17,UPI,Delivered
11858,2901,2024-06-21,UPI,Delivered
11859,2901,2024-11-13,NetBanking,Delivered
11860,2901,2024-03-04,NetBanking,Delivered
11861,2901,2024-02-27,COD,Delivered
11862,2901,2024-02-26,UPI,Delivered
11863,2901,2024-11-04,UPI,Delivered
11864,2901,2024-05-09,UPI,Delivered
11865,2901,2024-02-19,UPI,Delivered
11866,2902,2024-07-02,UPI,Returned
11867,2902,2024-08-09,UPI,Delivered
11868,2902,2024-11-08,UPI,Delivered
11869,2902,2024-07-18,NetBanking,Delivered
11870,2902,2024-07-07,UPI,Cancelled
11871,2902,2024-10-30,UPI,Delivered
11872,2902,2024-11-24,Card,Delivered
11873,2902,2024-04-11,COD,Delivered
11874,2903,2024-11-19,Card,Delivered
11875,2903,2024-07-24,COD,Delivered
11876,2905,2024-06-25,COD,Delivered
11877,2905,2024-11-06,UPI,Delivered
11878,2905,2023-12-24,COD,Delivered
11879,2905,2024-10-10,UPI,Delivered
11880,2905,2024-08-15,COD,Delivered
11881,2905,2024-03-28,NetBanking,Delivered
11882,2905,2024-09-20,UPI,Delivered
11883,2905,2024-12-27,UPI,Delivered
11884,2905,2024-05-21,Wallet,Delivered
11885,2905,2024-09-20,Wallet,Delivered
11886,2905,2024-06-30,Card,Delivered
11887,2905,2024-06-09,UPI,Delivered
11888,2905,2024-05-05,Card,Delivered
11889,2905,2024-03-31,Card,Delivered
11890,2905,2024-04-03,,Delivered
11891,2905,2024-10-29,COD,Delivered
11892,2905,2024-05-12,UPI,Delivered
11893,2906,2024-06-13,COD,Delivered
11894,2906,2024-04-29,Card,Returned
11895,2906,2024-07-07,UPI,Delivered
11896,2906,2024-08-27,Card,Delivered
11897,2906,2024-06-16,Card,Returned
11898,2907,2024-12-22,Card,Returned
11899,2907,2024-02-24,Card,Delivered
11900,2907,2024-08-01,COD,Delivered
11901,2907,2024-10-18,Card,Delivered
11902,2907,2024-07-09,UPI,Returned
11903,2908,2024-07-25,Card,Delivered
11904,2908,2024-12-04,UPI,Delivered
11905,2908,2024-09-20,UPI,Delivered
11906,2908,2024-11-23,Wallet,Delivered
11907,2908,2024-11-25,Card,Delivered
11908,2908,2024-11-10,UPI,Delivered
11909,2909,2023-09-29,UPI,Delivered
11910,2909,2024-10-19,Card,Delivered
11911,2909,2024-10-17,COD,Delivered
11912,2909,2024-11-19,COD,Delivered
11913,2909,2024-09-12,Card,Delivered
11914,2909,2023-08-01,COD,Delivered
11915,2909,2023-11-23,Card,Delivered
11916,2910,2024-02-08,COD,Delivered
11917,2910,2024-06-07,COD,Delivered
11918,2910,2024-10-31,Card,Delivered
11919,2910,2024-04-28,UPI,Delivered
11920,2910,2023-11-19,COD,Delivered
11921,2910,2024-08-11,COD,Delivered
11922,2911,2023-12-07,Card,Returned
11923,2912,2023-09-09,COD,Delivered
11924,2912,2024-01-30,Card,Delivered
11925,2912,2023-07-20,UPI,Delivered
11926,2912,2023-04-20,COD,Delivered
11927,2913,2023-12-22,Card,Delivered
11928,2913,2023-12-21,Wallet,Delivered
11929,2913,2023-12-28,UPI,Delivered
11930,2913,2023-12-17,NetBanking,Delivered
11931,2913,2024-06-09,UPI,Delivered
11932,2913,2024-01-06,UPI,Delivered
11933,2914,2023-11-16,Card,Delivered
11934,2914,2023-07-26,UPI,Delivered
11935,2914,2024-05-04,COD,Delivered
11936,2914,2024-06-02,Card,Delivered
11937,2915,2024-09-14,COD,Delivered
11938,2915,2024-01-19,NetBanking,Delivered
11939,2915,2024-02-10,UPI,Delivered
11940,2915,2024-06-16,COD,Delivered
11941,2916,2024-08-13,NetBanking,Delivered
11942,2916,2023-09-13,UPI,Delivered
11943,2916,2024-03-14,UPI,Delivered
11944,2916,2024-03-12,UPI,Delivered
11945,2916,2024-11-02,Wallet,Delivered
11946,2916,2024-11-07,Wallet,Delivered
11947,2917,2024-03-26,COD,Delivered
11948,2917,2024-10-29,UPI,Delivered
11949,2917,2024-01-30,Card,Delivered
11950,2917,2024-01-18,NetBanking,Delivered
11951,2917,2024-12-24,UPI,Delivered
11952,2919,2024-10-15,Card,Delivered
11953,2919,2024-04-27,UPI,Delivered
11954,2919,2024-12-06,NetBanking,Delivered
11955,2919,2024-06-23,Card,Delivered
11956,2921,2024-12-19,Card,Delivered
11957,2921,2024-08-19,UPI,Returned
11958,2921,2024-02-01,Card,Delivered
11959,2922,2024-06-27,COD,Delivered
11960,2922,2024-10-14,UPI,Delivered
11961,2922,2024-09-13,COD,Delivered
11962,2922,2024-03-14,Card,Delivered
11963,2922,2024-09-19,Card,Delivered
11964,2923,2024-10-03,Card,Delivered
11965,2923,2024-11-01,UPI,Delivered
11966,2923,2023-07-20,Card,Delivered
11967,2923,2023-11-21,Card,Delivered
11968,2923,2024-09-06,UPI,Delivered
11969,2923,2023-03-19,UPI,Delivered
11970,2923,2024-05-15,UPI,Delivered
11971,2923,2023-12-05,NetBanking,Delivered
11972,2924,2024-09-21,Card,Delivered
11973,2924,2023-12-19,Card,Delivered
11974,2924,2023-11-14,Wallet,Delivered
11975,2924,2024-07-04,Card,Delivered
11976,2925,2024-10-24,UPI,Delivered
11977,2925,2024-12-20,COD,Delivered
11978,2925,2023-10-02,Wallet,Delivered
11979,2925,2023-11-21,Wallet,Delivered
11980,2925,2024-09-11,UPI,Delivered
11981,2925,2023-09-06,Card,Delivered
11982,2926,2024-09-06,Card,Delivered
11983,2926,2024-10-28,Card,Delivered
11984,2926,2024-09-24,UPI,Delivered
11985,2927,2023-12-22,UPI,Delivered
11986,2927,2024-08-12,UPI,Delivered
11987,2927,2024-10-04,UPI,Delivered
11988,2927,2024-09-02,Card,Delivered
11989,2927,2024-10-12,UPI,Delivered
11990,2927,2024-05-29,Card,Cancelled
11991,2927,2024-11-02,UPI,Cancelled
11992,2928,2024-05-18,COD,Delivered
11993,2928,2024-09-26,NetBanking,Returned
11994,2928,2023-08-27,Card,Delivered
11995,2928,2023-11-05,UPI,Delivered
11996,2928,2024-03-26,UPI,Delivered
11997,2928,2024-01-30,COD,Delivered
11998,2928,2024-11-22,Card,Delivered
11999,2928,2024-09-12,COD,Delivered
12000,2928,2023-07-21,COD,Delivered
12001,2928,2024-03-09,UPI,Delivered
12002,2928,2024-09-19,UPI,Delivered
12003,2928,2024-07-24,COD,Delivered
12004,2928,2024-04-28,UPI,Delivered
12005,2929,2023-06-11,Card,Delivered
12006,2929,2024-09-18,UPI,Delivered
12007,2929,2024-05-18,Card,Delivered
12008,2929,2023-10-04,Card,Delivered
12009,2929,2024-03-20,Card,Cancelled
12010,2929,2024-12-03,UPI,Delivered
12011,2929,2024-02-17,UPI,Delivered
12012,2929,2023-12-06,Card,Delivered
12013,2929,2023-10-30,Card,Delivered
12014,2929,2023-08-22,Card,Delivered
12015,2929,2024-11-17,Card,Delivered
12016,2929,2023-08-15,Card,Delivered
12017,2931,2024-07-25,UPI,Delivered
12018,2931,2024-06-10,,Delivered
12019,2931,2023-04-28,COD,Delivered
12020,2931,2024-06-29,,Delivered
12021,2931,2024-07-18,UPI,Delivered
12022,2931,2024-06-17,UPI,Delivered
12023,2932,2024-01-05,Card,Delivered
12024,2932,2024-03-25,UPI,Delivered
12025,2932,2024-02-03,UPI,Delivered
12026,2932,2024-05-05,UPI,Delivered
12027,2933,2023-06-02,NetBanking,Delivered
12028,2934,2024-12-12,UPI,Delivered
12029,2934,2024-10-26,NetBanking,Delivered
12030,2934,2024-04-29,UPI,Delivered
12031,2934,2024-05-03,COD,Delivered
12032,2934,2024-11-21,Card,Delivered
12033,2934,2024-06-24,UPI,Delivered
12034,2934,2024-01-18,NetBanking,Delivered
12035,2934,2023-09-14,NetBanking,Delivered
12036,2934,2023-12-26,COD,Delivered
12037,2934,2023-11-22,COD,Returned
12038,2935,2024-05-02,Card,Delivered
12039,2935,2024-10-02,UPI,Delivered
12040,2936,2024-01-17,Card,Delivered
12041,2936,2024-10-03,COD,Delivered
12042,2936,2024-02-26,Card,Delivered
12043,2936,2024-07-23,Wallet,Delivered
12044,2936,2024-01-09,Card,Cancelled
12045,2936,2023-11-06,UPI,Delivered
12046,2936,2024-01-18,UPI,Delivered
12047,2936,2023-11-08,UPI,Delivered
12048,2936,2024-01-02,Card,Delivered
12049,2936,2024-07-13,,Delivered
12050,2936,2023-09-19,Wallet,Delivered
12051,2936,2024-07-12,COD,Delivered
12052,2936,2023-06-24,UPI,Delivered
12053,2936,2023-05-05,Wallet,Delivered
12054,2936,2023-10-07,NetBanking,Delivered
12055,2937,2024-12-14,,Delivered
12056,2937,2024-03-13,UPI,Returned
12057,2937,2024-10-12,UPI,Delivered
12058,2937,2024-10-16,Card,Delivered
12059,2937,2024-11-21,UPI,Delivered
12060,2937,2024-08-15,Card,Cancelled
12061,2937,2024-05-21,Card,Delivered
12062,2937,2024-03-08,Wallet,Delivered
12063,2937,2024-08-14,Card,Delivered
12064,2937,2024-08-09,UPI,Delivered
12065,2937,2024-07-03,UPI,Delivered
12066,2938,2024-12-01,UPI,Delivered
12067,2939,2024-07-20,UPI,Delivered
12068,2940,2024-12-07,COD,Cancelled
12069,2940,2024-04-20,COD,Delivered
12070,2940,2023-04-18,COD,Delivered
12071,2940,2024-01-03,UPI,Delivered
12072,2940,2024-11-13,COD,Delivered
12073,2940,2023-04-28,Card,Delivered
12074,2940,2024-05-18,UPI,Delivered
12075,2940,2023-11-26,Card,Delivered
12076,2940,2023-12-09,UPI,Delivered
12077,2940,2024-04-11,UPI,Delivered
12078,2940,2023-12-14,Card,Delivered
12079,2941,2024-06-08,Card,Delivered
12080,2942,2024-12-04,Card,Delivered
12081,2942,2024-11-02,COD,Delivered
12082,2943,2024-05-22,UPI,Delivered
12083,2943,2024-04-14,UPI,Delivered
12084,2943,2024-10-27,Card,Delivered
12085,2943,2024-11-21,UPI,Delivered
12086,2943,2024-12-12,COD,Delivered
12087,2943,2024-10-13,UPI,Delivered
12088,2943,2024-06-29,COD,Returned
12089,2944,2023-12-01,COD,Delivered
12090,2944,2024-12-10,COD,Delivered
12091,2944,2023-12-07,Card,Delivered
12092,2945,2024-07-08,UPI,Delivered
12093,2945,2024-06-13,UPI,Delivered
12094,2945,2024-09-05,NetBanking,Delivered
12095,2945,2024-08-15,Wallet,Delivered
12096,2945,2024-04-08,UPI,Delivered
12097,2946,2023-06-03,UPI,Cancelled
12098,2946,2023-07-28,UPI,Delivered
12099,2947,2023-11-24,UPI,Delivered
12100,2948,2024-03-07,COD,Delivered
12101,2948,2023-10-19,NetBanking,Delivered
12102,2948,2023-10-09,UPI,Delivered
12103,2948,2024-10-29,COD,Delivered
12104,2948,2024-11-07,NetBanking,Returned
12105,2948,2024-08-13,COD,Returned
12106,2948,2024-11-08,COD,Delivered
12107,2948,2024-12-05,UPI,Delivered
12108,2949,2024-08-10,COD,Delivered
12109,2949,2023-10-26,UPI,Delivered
12110,2949,2024-08-21,COD,Delivered
12111,2949,2024-05-27,Wallet,Delivered
12112,2949,2023-11-23,UPI,Delivered
12113,2949,2024-09-09,Card,Returned
12114,2949,2024-12-09,Card,Cancelled
12115,2950,2024-05-25,UPI,Delivered
12116,2951,2023-04-16,,Delivered
12117,2951,2024-02-09,COD,Delivered
12118,2951,2024-11-13,NetBanking,Returned
12119,2951,2024-01-24,UPI,Delivered
12120,2951,2023-12-08,COD,Delivered
12121,2952,2023-12-07,Card,Delivered
12122,2952,2023-11-19,UPI,Delivered
12123,2952,2024-09-22,UPI,Delivered
12124,2953,2024-10-09,NetBanking,Delivered
12125,2953,2024-08-26,UPI,Returned
12126,2953,2024-08-22,Wallet,Delivered
12127,2954,2023-09-26,COD,Returned
12128,2954,2023-12-27,COD,Delivered
12129,2954,2023-11-19,UPI,Delivered
12130,2954,2023-09-13,Card,Cancelled
12131,2954,2024-03-02,UPI,Delivered
12132,2954,2023-12-04,UPI,Delivered
12133,2954,2023-10-11,Wallet,Delivered
12134,2954,2024-09-15,Card,Delivered
12135,2955,2023-12-27,UPI,Delivered
12136,2955,2024-09-16,UPI,Returned
12137,2955,2024-04-14,UPI,Delivered
12138,2955,2023-12-04,UPI,Delivered
12139,2955,2023-06-27,UPI,Delivered
12140,2955,2023-06-04,UPI,Delivered
12141,2955,2024-01-23,Card,Delivered
12142,2956,2024-08-08,UPI,Delivered
12143,2957,2023-06-26,UPI,Delivered
12144,2957,2023-03-29,UPI,Delivered
12145,2957,2024-03-03,Card,Cancelled
12146,2957,2023-08-17,,Delivered
12147,2958,2023-10-17,UPI,Delivered
12148,2958,2023-12-19,COD,Cancelled
12149,2958,2024-05-20,UPI,Delivered
12150,2959,2023-11-01,UPI,Delivered
12151,2959,2024-10-22,UPI,Delivered
12152,2960,2024-09-15,UPI,Delivered
12153,2960,2024-11-23,COD,Delivered
12154,2960,2023-11-16,NetBanking,Delivered
12155,2960,2024-06-16,Card,Delivered
12156,2960,2024-08-06,UPI,Delivered
12157,2961,2024-11-10,COD,Delivered
12158,2961,2024-07-12,UPI,Delivered
12159,2961,2024-05-19,COD,Delivered
12160,2961,2024-07-24,COD,Delivered
12161,2962,2024-03-31,COD,Delivered
12162,2962,2024-03-29,UPI,Delivered
12163,2963,2024-12-30,UPI,Delivered
12164,2963,2024-07-02,UPI,Delivered
12165,2963,2024-11-07,Card,Returned
12166,2964,2024-11-30,Wallet,Delivered
12167,2964,2024-09-30,Card,Returned
12168,2964,2023-03-09,UPI,Delivered
12169,2964,2024-04-01,Card,Delivered
12170,2964,2023-06-08,UPI,Delivered
12171,2964,2024-12-02,UPI,Delivered
12172,2964,2024-06-14,Card,Delivered
12173,2964,2023-12-15,Card,Cancelled
12174,2964,2024-12-08,Card,Delivered
12175,2964,2023-10-19,COD,Delivered
12176,2964,2023-12-11,COD,Delivered
12177,2964,2023-11-18,Card,Delivered
12178,2964,2023-05-26,NetBanking,Delivered
12179,2964,2023-06-09,Card,Delivered
12180,2965,2024-03-31,UPI,Returned
12181,2965,2024-06-21,UPI,Delivered
12182,2966,2024-10-13,UPI,Delivered
12183,2966,2024-10-28,COD,Delivered
12184,2966,2024-04-04,COD,Delivered
12185,2966,2024-08-11,UPI,Delivered
12186,2966,2024-10-13,COD,Delivered
12187,2967,2024-05-04,COD,Delivered
12188,2967,2024-07-10,UPI,Delivered
12189,2967,2024-11-19,UPI,Delivered
12190,2967,2024-06-14,Wallet,Returned
12191,2967,2024-05-28,UPI,Delivered
12192,2967,2024-10-17,,Returned
12193,2967,2024-12-27,COD,Delivered
12194,2967,2024-11-14,COD,Delivered
12195,2967,2023-08-06,Card,Delivered
12196,2968,2024-07-24,UPI,Delivered
12197,2968,2023-11-02,,Delivered
12198,2970,2023-12-11,UPI,Delivered
12199,2970,2024-03-20,Card,Returned
12200,2970,2024-03-20,NetBanking,Delivered
12201,2971,2024-12-30,UPI,Delivered
12202,2971,2024-09-30,UPI,Delivered
12203,2973,2023-11-23,UPI,Delivered
12204,2973,2024-08-09,Card,Delivered
12205,2975,2024-06-13,COD,Cancelled
12206,2976,2024-07-24,COD,Delivered
12207,2977,2024-09-19,UPI,Returned
12208,2977,2024-05-23,COD,Cancelled
12209,2977,2024-10-20,Card,Cancelled
12210,2977,2024-06-17,Wallet,Delivered
12211,2978,2024-05-05,COD,Delivered
12212,2978,2024-12-02,UPI,Delivered
12213,2978,2024-12-20,UPI,Delivered
12214,2978,2024-09-15,COD,Delivered
12215,2978,2024-06-24,COD,Returned
12216,2978,2024-11-01,UPI,Delivered
12217,2978,2024-07-29,UPI,Delivered
12218,2979,2024-09-20,UPI,Delivered
12219,2979,2023-09-20,UPI,Delivered
12220,2979,2024-01-25,UPI,Delivered
12221,2979,2024-07-18,UPI,Delivered
12222,2979,2023-07-30,UPI,Delivered
12223,2979,2024-09-27,UPI,Delivered
12224,2979,2024-10-07,UPI,Delivered
12225,2983,2024-07-23,UPI,Returned
12226,2983,2024-11-07,Card,Delivered
12227,2983,2024-09-30,COD,Delivered
12228,2983,2024-05-25,NetBanking,Delivered
12229,2984,2024-05-25,Card,Delivered
12230,2984,2024-11-29,UPI,Delivered
12231,2984,2024-08-27,UPI,Delivered
12232,2984,2024-07-05,Card,Delivered
12233,2984,2024-03-22,COD,Delivered
12234,2985,2024-12-11,UPI,Delivered
12235,2985,2024-06-24,COD,Delivered
12236,2986,2024-08-07,COD,Delivered
12237,2986,2024-11-22,COD,Delivered
12238,2986,2024-04-10,COD,Delivered
12239,2987,2024-10-22,UPI,Delivered
12240,2987,2024-11-17,Card,Delivered
12241,2987,2024-04-04,UPI,Delivered
12242,2987,2024-10-31,NetBanking,Delivered
12243,2987,2024-06-15,UPI,Delivered
12244,2988,2024-07-01,COD,Delivered
12245,2988,2024-03-22,NetBanking,Delivered
12246,2988,2024-06-25,UPI,Delivered
12247,2988,2024-09-01,UPI,Delivered
12248,2988,2024-12-15,UPI,Delivered
12249,2988,2024-05-04,Card,Delivered
12250,2989,2024-12-14,UPI,Delivered
12251,2989,2024-09-25,Card,Delivered
12252,2989,2024-11-16,Card,Delivered
12253,2990,2023-10-27,UPI,Delivered
12254,2990,2024-10-23,COD,Delivered
12255,2991,2023-10-15,NetBanking,Delivered
12256,2991,2023-11-04,NetBanking,Delivered
12257,2991,2024-11-18,UPI,Delivered
12258,2991,2024-12-21,COD,Delivered
12259,2992,2024-05-05,COD,Delivered
12260,2992,2024-08-11,Wallet,Delivered
12261,2992,2024-07-05,UPI,Delivered
12262,2992,2024-03-01,Card,Delivered
12263,2992,2024-08-09,,Delivered
12264,2992,2024-01-10,COD,Delivered
12265,2992,2024-05-26,UPI,Delivered
12266,2992,2024-08-06,Card,Delivered
12267,2992,2024-02-11,Card,Delivered
12268,2992,2024-10-22,Wallet,Delivered
12269,2992,2024-03-05,COD,Delivered
12270,2993,2024-09-22,Wallet,Delivered
12271,2994,2024-08-02,COD,Delivered
12272,2995,2024-04-24,UPI,Delivered
12273,2995,2024-08-24,COD,Delivered
12274,2996,2024-05-25,COD,Delivered
12275,2996,2024-03-23,UPI,Delivered
12276,2997,2024-01-14,Card,Delivered
12277,2997,2023-11-10,UPI,Delivered
12278,2998,2024-01-22,UPI,Delivered
12279,2998,2023-07-08,UPI,Returned
12280,2998,2023-08-13,Card,Delivered
12281,2998,2023-09-26,Card,Delivered
12282,2998,2023-11-11,UPI,Delivered
12283,2998,2024-11-28,COD,Returned
12284,2998,2024-10-18,UPI,Delivered
12285,2999,2023-11-08,NetBanking,Cancelled
12286,2999,2024-11-18,UPI,Returned
12287,2999,2024-03-15,COD,Delivered
12288,2999,2024-03-12,Card,Delivered
12289,3000,2024-07-30,UPI,Delivered
12290,3000,2024-01-04,Card,Delivered
12291,3000,2024-11-04,UPI,Delivered
12292,3002,2024-10-03,UPI,Delivered
12293,3002,2024-10-28,COD,Delivered
12294,3002,2024-06-13,Card,Delivered
12295,3003,2024-11-23,NetBanking,Delivered
12296,3003,2024-07-30,Card,Delivered
12297,3003,2024-11-02,Wallet,Delivered
12298,3004,2024-08-16,UPI,Delivered
12299,3005,2024-12-01,NetBanking,Delivered
12300,3006,2024-12-17,UPI,Delivered
12301,3006,2024-12-30,UPI,Returned
12302,3006,2023-10-03,Card,Delivered
12303,3007,2024-10-26,COD,Delivered
12304,3008,2023-09-03,Card,Delivered
12305,3008,2024-11-10,UPI,Cancelled
12306,3008,2024-03-31,Card,Delivered
12307,3008,2024-07-22,Card,Delivered
12308,3008,2023-09-26,UPI,Delivered
12309,3008,2024-09-02,UPI,Delivered
12310,3008,2023-10-08,COD,Delivered
12311,3008,2024-10-10,Card,Delivered
12312,3008,2023-09-19,Card,Cancelled
12313,3008,2023-10-01,Card,Delivered
12314,3008,2024-01-18,Card,Delivered
12315,3009,2024-09-11,UPI,Delivered
12316,3009,2024-12-26,COD,Delivered
12317,3009,2024-05-03,NetBanking,Returned
12318,3009,2024-11-05,UPI,Delivered
12319,3010,2024-08-21,COD,Delivered
12320,3010,2024-11-11,Card,Delivered
12321,3010,2024-10-14,COD,Delivered
12322,3010,2024-10-08,Card,Delivered
12323,3010,2024-10-04,UPI,Delivered
12324,3010,2024-03-22,Card,Delivered
12325,3010,2024-03-15,UPI,Delivered
12326,3010,2024-05-13,UPI,Returned
12327,3011,2024-07-01,UPI,Delivered
12328,3011,2024-05-15,Wallet,Cancelled
12329,3011,2024-12-23,Wallet,Delivered
12330,3011,2024-10-12,UPI,Delivered
12331,3012,2024-06-30,UPI,Delivered
12332,3012,2024-03-25,Card,Delivered
12333,3012,2024-08-23,Card,Delivered
12334,3012,2024-07-22,UPI,Returned
12335,3012,2024-03-29,UPI,Delivered
12336,3013,2023-08-26,Card,Delivered
12337,3013,2023-05-13,UPI,Delivered
12338,3013,2024-08-27,Card,Delivered
12339,3013,2023-03-29,NetBanking,Delivered
12340,3013,2024-02-21,Wallet,Delivered
12341,3014,2024-02-13,Card,Delivered
12342,3014,2024-05-20,UPI,Delivered
12343,3014,2024-06-29,COD,Delivered
12344,3014,2024-09-14,NetBanking,Delivered
12345,3014,2024-10-11,Card,Delivered
12346,3015,2024-01-16,COD,Delivered
12347,3015,2024-11-27,Card,Delivered
12348,3015,2023-11-29,Card,Delivered
12349,3015,2023-10-16,Card,Delivered
12350,3015,2024-07-28,Card,Returned
12351,3015,2024-12-15,UPI,Delivered
12352,3015,2023-10-14,NetBanking,Delivered
12353,3017,2024-07-07,Wallet,Delivered
12354,3018,2024-09-05,Card,Delivered
12355,3018,2024-12-09,COD,Delivered
12356,3018,2024-11-17,UPI,Delivered
12357,3019,2024-11-29,COD,Delivered
12358,3019,2024-11-25,UPI,Delivered
12359,3019,2023-12-03,UPI,Delivered
12360,3019,2024-10-23,Card,Delivered
12361,3019,2024-04-18,UPI,Delivered
12362,3019,2024-02-21,UPI,Delivered
12363,3019,2024-05-18,UPI,Delivered
12364,3020,2024-02-15,Card,Delivered
12365,3020,2024-04-23,Card,Delivered
12366,3021,2023-08-09,COD,Delivered
12367,3021,2024-11-28,UPI,Delivered
12368,3021,2024-08-13,Card,Delivered
12369,3021,2024-05-19,UPI,Delivered
12370,3022,2024-05-26,COD,Returned
12371,3022,2023-11-06,NetBanking,Delivered
12372,3022,2023-06-13,Wallet,Delivered
12373,3023,2024-04-29,Card,Delivered
12374,3023,2024-05-07,COD,Delivered
12375,3024,2024-12-18,Card,Delivered
12376,3024,2024-09-18,UPI,Delivered
12377,3024,2024-05-09,COD,Delivered
12378,3024,2023-07-20,UPI,Delivered
12379,3024,2024-04-15,Card,Delivered
12380,3024,2023-06-20,NetBanking,Cancelled
12381,3024,2024-11-27,UPI,Delivered
12382,3024,2023-10-23,UPI,Delivered
12383,3025,2024-08-29,UPI,Returned
12384,3026,2024-05-30,Card,Delivered
12385,3026,2024-06-17,Card,Delivered
12386,3026,2023-12-05,Card,Delivered
12387,3026,2024-10-04,UPI,Delivered
12388,3026,2023-12-20,Card,Delivered
12389,3026,2024-03-05,COD,Delivered
12390,3026,2024-11-04,NetBanking,Delivered
12391,3027,2024-06-14,UPI,Delivered
12392,3027,2024-12-28,Card,Delivered
12393,3027,2024-01-10,COD,Delivered
12394,3027,2023-03-26,Card,Cancelled
12395,3027,2023-11-26,NetBanking,Delivered
12396,3027,2023-06-09,COD,Delivered
12397,3027,2024-12-09,UPI,Cancelled
12398,3027,2023-06-21,Card,Returned
12399,3028,2024-02-23,Card,Delivered
12400,3028,2024-08-10,UPI,Delivered
12401,3028,2024-07-30,UPI,Delivered
12402,3029,2024-12-02,COD,Delivered
12403,3029,2023-06-19,COD,Delivered
12404,3029,2023-09-11,UPI,Delivered
12405,3029,2023-12-14,COD,Delivered
12406,3029,2023-10-07,COD,Delivered
12407,3030,2024-12-28,UPI,Delivered
12408,3030,2024-10-11,COD,Delivered
12409,3030,2024-12-10,COD,Delivered
12410,3030,2024-11-23,,Delivered
12411,3031,2024-02-21,UPI,Delivered
12412,3031,2024-02-10,UPI,Delivered
12413,3032,2024-11-29,UPI,Delivered
12414,3032,2023-09-30,COD,Delivered
12415,3032,2023-12-11,Card,Delivered
12416,3032,2024-07-17,COD,Delivered
12417,3032,2024-12-26,COD,Delivered
12418,3032,2024-08-06,UPI,Delivered
12419,3032,2024-11-16,NetBanking,Delivered
12420,3032,2023-07-01,Card,Delivered
12421,3032,2023-11-17,Wallet,Delivered
12422,3032,2024-11-08,UPI,Delivered
12423,3032,2024-04-05,UPI,Delivered
12424,3032,2023-09-18,Card,Cancelled
12425,3032,2023-09-18,NetBanking,Delivered
12426,3032,2024-09-11,UPI,Delivered
12427,3032,2023-09-11,Card,Delivered
12428,3032,2024-03-18,UPI,Delivered
12429,3032,2023-09-25,UPI,Delivered
12430,3032,2023-10-08,Card,Delivered
12431,3032,2023-12-30,UPI,Delivered
12432,3034,2023-10-14,UPI,Delivered
12433,3034,2024-02-22,COD,Delivered
12434,3034,2023-05-21,COD,Delivered
12435,3036,2024-10-13,UPI,Delivered
12436,3036,2024-07-24,UPI,Delivered
12437,3037,2024-08-16,Card,Delivered
12438,3037,2024-08-04,NetBanking,Delivered
12439,3038,2024-09-21,UPI,Delivered
12440,3039,2024-10-25,UPI,Delivered
12441,3039,2024-02-20,UPI,Delivered
12442,3039,2024-01-28,UPI,Delivered
12443,3040,2023-09-27,Card,Delivered
12444,3040,2024-07-07,UPI,Delivered
12445,3040,2024-07-29,Card,Delivered
12446,3040,2023-10-27,UPI,Delivered
12447,3040,2023-10-23,UPI,Delivered
12448,3041,2024-07-27,Card,Cancelled
12449,3041,2023-12-11,COD,Returned
12450,3041,2024-06-07,NetBanking,Delivered
12451,3041,2024-09-05,Card,Delivered
12452,3041,2024-03-29,NetBanking,Delivered
12453,3041,2023-11-25,UPI,Delivered
12454,3041,2023-11-10,Card,Delivered
12455,3041,2024-08-27,Card,Delivered
12456,3041,2024-11-16,COD,Delivered
12457,3041,2024-12-22,UPI,Delivered
12458,3041,2024-10-14,UPI,Delivered
12459,3041,2024-06-24,Card,Delivered
12460,3042,2024-05-28,COD,Delivered
12461,3042,2023-09-26,COD,Delivered
12462,3042,2024-03-23,COD,Delivered
12463,3042,2023-12-08,Card,Delivered
12464,3042,2023-12-20,UPI,Delivered
12465,3042,2024-05-30,COD,Delivered
12466,3042,2024-11-09,Card,Delivered
12467,3042,2024-10-17,UPI,Delivered
12468,3042,2023-12-11,UPI,Delivered
12469,3042,2024-08-30,UPI,Delivered
12470,3042,2024-04-27,UPI,Delivered
12471,3042,2023-12-11,UPI,Returned
12472,3042,2024-11-19,NetBanking,Delivered
12473,3042,2023-09-21,Card,Delivered
12474,3042,2024-10-08,Card,Delivered
12475,3042,2023-10-15,,Delivered
12476,3042,2024-11-13,UPI,Delivered
12477,3042,2024-08-22,UPI,Delivered
12478,3044,2024-02-19,UPI,Delivered
12479,3044,2024-08-24,UPI,Delivered
12480,3045,2023-11-07,UPI,Delivered
12481,3046,2024-10-12,COD,Delivered
12482,3047,2024-07-01,Card,Delivered
12483,3047,2024-05-03,Card,Delivered
12484,3047,2024-09-19,UPI,Delivered
12485,3047,2024-03-26,Card,Delivered
12486,3047,2024-06-05,COD,Delivered
12487,3047,2024-04-10,,Delivered
12488,3048,2024-07-21,UPI,Returned
12489,3048,2024-10-03,UPI,Returned
12490,3050,2024-10-23,UPI,Delivered
12491,3050,2024-06-04,Card,Delivered
12492,3050,2024-01-21,UPI,Delivered
12493,3050,2024-11-21,UPI,Delivered
12494,3050,2024-11-14,Card,Delivered
12495,3050,2024-05-21,COD,Delivered
12496,3050,2024-11-02,UPI,Delivered
12497,3050,2024-02-01,UPI,Delivered
12498,3050,2024-08-27,COD,Delivered
12499,3050,2024-12-26,UPI,Delivered
12500,3050,2024-11-06,UPI,Delivered
12501,3050,2024-09-09,Card,Delivered
12502,3050,2024-06-19,COD,Returned
12503,3050,2024-10-24,COD,Delivered
12504,3050,2024-12-24,Card,Delivered
12505,3050,2024-04-11,NetBanking,Delivered
12506,3051,2024-06-01,UPI,Delivered
12507,3051,2024-12-05,Card,Delivered
12508,3051,2024-08-10,UPI,Delivered
12509,3051,2024-09-22,Card,Delivered
12510,3051,2024-04-13,Card,Delivered
12511,3051,2024-07-23,NetBanking,Returned
12512,3051,2024-09-25,COD,Cancelled
12513,3051,2024-10-26,UPI,Delivered
12514,3052,2023-05-26,UPI,Delivered
12515,3054,2023-12-29,Card,Delivered
12516,3054,2024-11-19,UPI,Returned
12517,3054,2024-11-12,UPI,Delivered
12518,3054,2024-11-04,Card,Delivered
12519,3054,2023-11-01,COD,Delivered
12520,3054,2023-12-24,COD,Delivered
12521,3054,2024-03-21,Card,Delivered
12522,3054,2024-02-25,COD,Delivered
12523,3055,2024-08-01,UPI,Delivered
12524,3055,2024-11-28,Card,Delivered
12525,3055,2024-10-06,UPI,Delivered
12526,3055,2024-09-27,UPI,Delivered
12527,3055,2024-05-22,UPI,Delivered
12528,3055,2024-09-28,COD,Delivered
12529,3055,2024-05-07,NetBanking,Returned
12530,3055,2024-07-04,Card,Returned
12531,3055,2024-09-25,UPI,Delivered
12532,3055,2024-03-18,Card,Delivered
12533,3055,2024-06-23,UPI,Delivered
12534,3056,2023-12-26,NetBanking,Delivered
12535,3057,2024-07-22,COD,Delivered
12536,3057,2024-10-13,UPI,Delivered
12537,3057,2024-08-06,Card,Delivered
12538,3057,2024-08-10,COD,Delivered
12539,3057,2024-11-12,NetBanking,Delivered
12540,3058,2024-09-11,UPI,Delivered
12541,3058,2024-12-14,COD,Delivered
12542,3058,2024-07-08,COD,Delivered
12543,3059,2024-01-01,UPI,Delivered
12544,3059,2024-03-20,UPI,Delivered
12545,3059,2023-12-20,UPI,Delivered
12546,3059,2024-12-28,UPI,Cancelled
12547,3060,2024-06-08,UPI,Delivered
12548,3060,2023-06-22,UPI,Delivered
12549,3060,2023-08-25,UPI,Delivered
12550,3061,2023-11-02,UPI,Returned
12551,3061,2024-11-27,Card,Delivered
12552,3061,2024-05-20,Card,Delivered
12553,3061,2024-11-24,UPI,Delivered
12554,3061,2024-11-11,UPI,Delivered
12555,3061,2023-10-18,Card,Delivered
12556,3061,2024-01-14,COD,Delivered
12557,3062,2024-09-23,Card,Delivered
12558,3064,2023-10-20,Card,Returned
12559,3064,2023-10-11,UPI,Delivered
12560,3064,2023-08-20,Card,Delivered
12561,3064,2023-08-01,COD,Delivered
12562,3065,2024-05-12,UPI,Delivered
12563,3065,2024-07-07,Wallet,Delivered
12564,3065,2024-10-17,UPI,Delivered
12565,3065,2024-08-02,UPI,Delivered
12566,3066,2023-11-30,Wallet,Delivered
12567,3067,2024-09-14,COD,Delivered
12568,3067,2024-04-21,UPI,Delivered
12569,3067,2024-05-17,UPI,Delivered
12570,3067,2024-03-30,COD,Delivered
12571,3068,2024-04-29,Card,Delivered
12572,3068,2024-12-26,NetBanking,Delivered
12573,3068,2024-11-21,COD,Delivered
12574,3069,2023-07-03,COD,Delivered
12575,3069,2024-08-08,Card,Delivered
12576,3069,2024-06-06,Wallet,Delivered
12577,3069,2023-11-14,Card,Delivered
12578,3070,2024-12-04,UPI,Delivered
12579,3071,2024-05-03,COD,Returned
12580,3071,2024-05-11,Card,Delivered
12581,3071,2024-03-10,COD,Delivered
12582,3072,2024-05-18,Card,Delivered
12583,3072,2024-12-15,UPI,Delivered
12584,3072,2024-09-08,COD,Delivered
12585,3072,2024-09-01,NetBanking,Delivered
12586,3072,2024-09-02,UPI,Delivered
12587,3072,2024-04-28,UPI,Delivered
12588,3072,2024-08-07,UPI,Delivered
12589,3073,2024-10-22,UPI,Delivered
12590,3073,2024-08-07,Card,Delivered
12591,3073,2024-11-24,UPI,Delivered
12592,3075,2024-03-14,Wallet,Delivered
12593,3075,2024-11-04,UPI,Delivered
12594,3075,2024-07-26,UPI,Delivered
12595,3075,2024-02-25,UPI,Delivered
12596,3075,2024-10-19,Card,Delivered
12597,3075,2023-12-02,COD,Delivered
12598,3075,2024-03-17,Card,Cancelled
12599,3075,2024-04-08,Wallet,Delivered
12600,3075,2024-01-12,UPI,Delivered
12601,3075,2024-11-10,UPI,Delivered
12602,3076,2024-10-28,NetBanking,Delivered
12603,3076,2024-09-03,Card,Delivered
12604,3078,2024-08-19,Card,Delivered
12605,3078,2024-10-10,Card,Delivered
12606,3079,2023-10-08,UPI,Returned
12607,3080,2023-11-26,UPI,Delivered
12608,3080,2024-12-26,UPI,Delivered
12609,3080,2023-10-11,UPI,Delivered
12610,3080,2024-08-03,UPI,Delivered
12611,3080,2023-11-24,Card,Delivered
12612,3081,2024-11-15,COD,Delivered
12613,3081,2024-10-19,Wallet,Delivered
12614,3081,2023-11-13,UPI,Delivered
12615,3081,2024-12-15,NetBanking,Delivered
12616,3081,2024-12-28,UPI,Delivered
12617,3081,2024-10-17,Card,Delivered
12618,3082,2024-12-25,UPI,Returned
12619,3082,2024-08-21,UPI,Delivered
12620,3082,2024-11-15,COD,Delivered
12621,3082,2024-07-29,Card,Delivered
12622,3082,2024-08-23,UPI,Delivered
12623,3082,2024-08-25,NetBanking,Delivered
12624,3082,2024-12-29,NetBanking,Delivered
12625,3082,2024-05-30,UPI,Delivered
12626,3082,2024-09-07,UPI,Delivered
12627,3082,2024-05-12,UPI,Delivered
12628,3083,2024-10-27,COD,Delivered
12629,3083,2024-05-08,UPI,Returned
12630,3083,2023-09-06,Card,Delivered
12631,3083,2024-10-11,NetBanking,Delivered
12632,3083,2024-07-10,NetBanking,Delivered
12633,3083,2024-07-28,Card,Delivered
12634,3083,2023-11-14,NetBanking,Delivered
12635,3083,2023-09-08,UPI,Delivered
12636,3083,2024-09-25,Card,Delivered
12637,3083,2023-07-04,UPI,Delivered
12638,3083,2024-01-04,UPI,Delivered
12639,3084,2024-12-28,COD,Delivered
12640,3084,2024-04-23,COD,Delivered
12641,3085,2024-12-09,Card,Delivered
12642,3085,2024-04-10,Card,Delivered
12643,3085,2024-06-05,UPI,Delivered
12644,3085,2024-04-20,NetBanking,Delivered
12645,3086,2024-03-17,COD,Delivered
12646,3087,2024-11-12,NetBanking,Returned
12647,3087,2024-03-03,COD,Delivered
12648,3087,2024-01-26,Card,Delivered
12649,3087,2024-04-17,COD,Delivered
12650,3088,2024-11-20,UPI,Delivered
12651,3088,2024-01-24,UPI,Delivered
12652,3088,2024-12-31,Card,Delivered
12653,3088,2023-08-09,UPI,Delivered
12654,3088,2023-11-05,COD,Delivered
12655,3088,2023-09-06,UPI,Delivered
12656,3088,2023-11-28,NetBanking,Delivered
12657,3089,2024-01-25,COD,Delivered
12658,3089,2024-01-14,,Delivered
12659,3089,2024-11-06,UPI,Delivered
12660,3089,2024-12-22,UPI,Delivered
12661,3089,2023-12-27,UPI,Delivered
12662,3089,2023-08-28,UPI,Delivered
12663,3089,2023-05-31,UPI,Delivered
12664,3089,2023-11-15,Card,Delivered
12665,3089,2023-11-23,Card,Delivered
12666,3089,2024-01-05,COD,Delivered
12667,3090,2024-08-05,NetBanking,Delivered
12668,3090,2024-12-05,,Delivered
12669,3090,2023-12-29,Wallet,Cancelled
12670,3091,2023-12-27,Card,Delivered
12671,3092,2023-11-27,COD,Delivered
12672,3092,2024-02-01,UPI,Delivered
12673,3092,2024-06-12,Card,Delivered
12674,3092,2024-04-04,UPI,Delivered
12675,3092,2023-08-29,Card,Delivered
12676,3092,2024-01-12,UPI,Delivered
12677,3092,2024-04-15,UPI,Delivered
12678,3092,2024-08-02,UPI,Delivered
12679,3092,2024-12-10,COD,Delivered
12680,3092,2024-12-12,,Delivered
12681,3092,2024-04-30,COD,Delivered
12682,3092,2024-06-01,Card,Cancelled
12683,3093,2024-11-25,Wallet,Delivered
12684,3093,2024-10-07,UPI,Delivered
12685,3094,2024-06-24,Wallet,Delivered
12686,3095,2024-12-26,UPI,Delivered
12687,3095,2024-08-30,UPI,Delivered
12688,3095,2024-08-15,UPI,Delivered
12689,3096,2024-07-22,NetBanking,Delivered
12690,3096,2024-03-29,COD,Delivered
12691,3097,2024-04-19,UPI,Delivered
12692,3098,2024-08-20,UPI,Delivered
12693,3098,2023-08-17,COD,Delivered
12694,3098,2024-04-07,NetBanking,Delivered
12695,3098,2024-06-17,UPI,Delivered
12696,3098,2024-07-22,UPI,Delivered
12697,3098,2024-11-26,Wallet,Delivered
12698,3098,2024-09-29,UPI,Delivered
12699,3098,2024-09-05,UPI,Delivered
12700,3098,2024-11-04,Wallet,Delivered
12701,3099,2023-08-05,COD,Delivered
12702,3099,2024-09-13,UPI,Delivered
12703,3099,2023-12-29,Card,Delivered
12704,3099,2024-08-18,Card,Delivered
12705,3099,2024-03-02,UPI,Delivered
12706,3100,2024-04-19,COD,Delivered
12707,3100,2024-09-30,UPI,Delivered
12708,3100,2023-07-06,Card,Delivered
12709,3100,2023-07-09,Card,Cancelled
12710,3100,2024-09-01,Card,Delivered
12711,3102,2024-05-11,UPI,Delivered
12712,3102,2024-09-04,COD,Returned
12713,3102,2023-12-06,Card,Delivered
12714,3102,2023-05-04,Wallet,Delivered
12715,3102,2024-11-07,UPI,Delivered
12716,3102,2023-11-06,NetBanking,Delivered
12717,3103,2024-09-23,UPI,Delivered
12718,3103,2024-09-02,Wallet,Delivered
12719,3103,2024-07-13,COD,Delivered
12720,3104,2024-11-22,Card,Delivered
12721,3104,2024-10-31,UPI,Delivered
12722,3106,2023-07-27,COD,Delivered
12723,3106,2024-12-15,Card,Delivered
12724,3106,2024-04-26,Card,Delivered
12725,3106,2024-09-23,Card,Delivered
12726,3107,2024-05-08,UPI,Delivered
12727,3107,2024-04-17,UPI,Delivered
12728,3107,2024-09-23,Wallet,Delivered
12729,3107,2024-04-26,UPI,Delivered
12730,3107,2024-10-08,Card,Delivered
12731,3107,2024-08-09,Card,Delivered
12732,3107,2024-04-11,,Delivered
12733,3107,2024-06-21,UPI,Delivered
12734,3107,2024-11-06,COD,Cancelled
12735,3108,2024-12-20,UPI,Delivered
12736,3108,2024-10-27,COD,Delivered
12737,3108,2024-08-03,NetBanking,Delivered
12738,3108,2024-07-16,NetBanking,Delivered
12739,3108,2024-06-01,UPI,Delivered
12740,3108,2023-09-13,Card,Delivered
12741,3109,2024-09-21,NetBanking,Delivered
12742,3109,2024-10-28,COD,Returned
12743,3109,2024-09-11,NetBanking,Delivered
12744,3109,2024-06-15,COD,Delivered
12745,3109,2024-09-04,NetBanking,Returned
12746,3109,2024-10-01,UPI,Delivered
12747,3109,2024-10-24,UPI,Returned
12748,3109,2024-11-30,COD,Delivered
12749,3109,2024-07-10,COD,Delivered
12750,3109,2024-10-07,UPI,Delivered
12751,3109,2024-09-02,,Delivered
12752,3110,2023-08-11,UPI,Delivered
12753,3110,2024-07-12,COD,Delivered
12754,3110,2024-03-19,Card,Delivered
12755,3110,2024-12-17,COD,Delivered
12756,3111,2024-10-29,Card,Delivered
12757,3112,2024-04-26,UPI,Delivered
12758,3112,2024-06-21,COD,Delivered
12759,3112,2024-10-29,NetBanking,Delivered
12760,3112,2024-08-17,Card,Delivered
12761,3112,2024-07-16,NetBanking,Delivered
12762,3112,2024-12-10,UPI,Delivered
12763,3112,2024-11-02,Card,Delivered
12764,3112,2024-10-05,UPI,Delivered
12765,3112,2024-06-26,COD,Delivered
12766,3112,2024-11-25,UPI,Delivered
12767,3112,2024-05-24,UPI,Delivered
12768,3113,2023-04-10,Card,Delivered
12769,3113,2023-10-20,Card,Delivered
12770,3113,2024-01-17,COD,Delivered
12771,3114,2024-06-30,COD,Delivered
12772,3114,2024-08-13,Wallet,Delivered
12773,3114,2024-06-27,COD,Delivered
12774,3114,2024-07-18,UPI,Delivered
12775,3115,2024-11-22,NetBanking,Delivered
12776,3116,2023-11-24,COD,Delivered
12777,3116,2024-10-16,NetBanking,Delivered
12778,3117,2024-06-18,Card,Delivered
12779,3117,2024-02-13,UPI,Delivered
12780,3117,2024-07-05,COD,Delivered
12781,3117,2024-10-29,UPI,Delivered
12782,3118,2024-03-07,NetBanking,Delivered
12783,3118,2024-01-03,Card,Delivered
12784,3118,2024-06-15,Card,Delivered
12785,3118,2024-10-12,UPI,Delivered
12786,3118,2024-07-26,UPI,Delivered
12787,3118,2024-06-12,UPI,Delivered
12788,3118,2024-03-15,UPI,Delivered
12789,3120,2024-09-02,UPI,Cancelled
12790,3120,2024-10-06,Card,Delivered
12791,3120,2024-12-19,UPI,Delivered
12792,3120,2024-07-16,Card,Delivered
12793,3120,2024-10-20,Card,Delivered
12794,3120,2024-04-13,UPI,Delivered
12795,3121,2024-09-06,Wallet,Delivered
12796,3121,2024-05-17,Card,Delivered
12797,3121,2024-07-21,COD,Delivered
12798,3121,2023-12-30,UPI,Delivered
12799,3121,2024-03-02,UPI,Delivered
12800,3121,2024-11-01,,Delivered
12801,3121,2024-05-07,UPI,Delivered
12802,3121,2023-12-03,UPI,Returned
12803,3122,2024-10-19,UPI,Delivered
12804,3122,2024-12-21,UPI,Delivered
12805,3122,2024-06-23,UPI,Delivered
12806,3122,2024-10-15,NetBanking,Delivered
12807,3122,2024-11-22,UPI,Delivered
12808,3123,2024-12-08,COD,Returned
12809,3123,2023-10-04,NetBanking,Delivered
12810,3123,2023-09-30,NetBanking,Delivered
12811,3124,2024-12-25,Card,Delivered
12812,3124,2024-11-23,UPI,Delivered
12813,3124,2024-11-27,NetBanking,Delivered
12814,3124,2024-05-10,Wallet,Cancelled
12815,3124,2024-12-14,,Delivered
12816,3125,2024-08-05,Card,Delivered
12817,3125,2023-10-30,UPI,Delivered
12818,3125,2024-08-07,Card,Delivered
12819,3125,2023-12-02,UPI,Returned
12820,3125,2023-12-12,UPI,Delivered
12821,3125,2024-08-17,Card,Delivered
12822,3126,2024-11-15,UPI,Delivered
12823,3127,2024-12-31,Card,Delivered
12824,3127,2024-10-03,UPI,Returned
12825,3127,2024-06-18,UPI,Delivered
12826,3127,2024-10-25,Card,Delivered
12827,3128,2024-11-29,UPI,Delivered
12828,3128,2024-06-08,Card,Delivered
12829,3128,2024-11-16,Card,Delivered
12830,3128,2024-07-10,Card,Delivered
12831,3128,2024-12-16,NetBanking,Returned
12832,3128,2024-10-26,COD,Delivered
12833,3128,2024-09-08,COD,Delivered
12834,3128,2024-05-17,Card,Returned
12835,3128,2024-10-17,NetBanking,Delivered
12836,3128,2024-08-25,Card,Delivered
12837,3129,2024-08-28,UPI,Delivered
12838,3129,2024-06-11,Card,Delivered
12839,3129,2024-05-21,Card,Delivered
12840,3129,2024-05-13,NetBanking,Delivered
12841,3130,2024-05-22,Card,Delivered
12842,3131,2023-10-23,UPI,Delivered
12843,3131,2023-09-05,Card,Delivered
12844,3131,2024-07-27,Card,Delivered
12845,3132,2024-05-10,Card,Cancelled
12846,3132,2024-03-18,UPI,Delivered
12847,3132,2024-08-27,UPI,Delivered
12848,3133,2024-12-22,Wallet,Cancelled
12849,3133,2024-12-13,Card,Delivered
12850,3133,2024-04-16,COD,Cancelled
12851,3133,2024-08-20,Wallet,Delivered
12852,3133,2024-11-28,COD,Delivered
12853,3133,2024-07-24,UPI,Delivered
12854,3133,2024-08-30,UPI,Delivered
12855,3135,2024-11-13,COD,Delivered
12856,3135,2024-02-20,Card,Delivered
12857,3135,2024-01-25,UPI,Delivered
12858,3136,2023-06-09,COD,Delivered
12859,3136,2023-07-29,Card,Delivered
12860,3136,2023-07-28,COD,Delivered
12861,3136,2023-03-16,Card,Delivered
12862,3136,2023-09-23,Card,Delivered
12863,3136,2024-02-21,UPI,Delivered
12864,3137,2024-02-01,UPI,Delivered
12865,3137,2024-09-05,COD,Delivered
12866,3137,2024-06-16,UPI,Delivered
12867,3137,2024-11-09,Card,Cancelled
12868,3137,2023-12-06,UPI,Delivered
12869,3137,2023-11-19,COD,Delivered
12870,3137,2024-04-24,COD,Returned
12871,3137,2024-06-13,UPI,Delivered
12872,3137,2024-09-02,COD,Delivered
12873,3137,2023-12-15,UPI,Delivered
12874,3138,2024-01-03,UPI,Delivered
12875,3138,2023-10-05,UPI,Delivered
12876,3138,2024-06-09,UPI,Delivered
12877,3138,2024-06-23,UPI,Delivered
12878,3138,2024-08-04,UPI,Delivered
12879,3138,2023-11-08,UPI,Delivered
12880,3138,2023-09-23,Card,Delivered
12881,3139,2024-12-31,COD,Delivered
12882,3140,2023-12-31,Card,Delivered
12883,3140,2024-07-13,UPI,Delivered
12884,3140,2024-11-25,Card,Delivered
12885,3140,2024-01-27,COD,Delivered
12886,3140,2024-11-06,Card,Delivered
12887,3140,2024-08-20,COD,Delivered
12888,3141,2024-05-25,UPI,Delivered
12889,3141,2024-07-15,UPI,Delivered
12890,3141,2024-11-14,COD,Delivered
12891,3141,2023-09-25,UPI,Delivered
12892,3142,2024-08-22,UPI,Delivered
12893,3142,2024-04-28,NetBanking,Delivered
12894,3143,2023-09-01,Card,Delivered
12895,3144,2024-10-19,COD,Delivered
12896,3144,2024-11-03,Wallet,Delivered
12897,3145,2024-11-15,UPI,Delivered
12898,3146,2023-12-14,NetBanking,Delivered
12899,3146,2024-07-12,COD,Delivered
12900,3146,2024-11-03,COD,Cancelled
12901,3147,2024-10-31,UPI,Delivered
12902,3147,2024-01-05,UPI,Delivered
12903,3147,2024-02-09,Card,Delivered
12904,3148,2024-08-13,UPI,Delivered
12905,3149,2024-07-21,COD,Delivered
12906,3149,2024-07-12,NetBanking,Delivered
12907,3149,2024-08-05,Wallet,Delivered
12908,3150,2023-11-15,UPI,Delivered
12909,3150,2023-06-08,Card,Cancelled
12910,3150,2023-07-19,UPI,Delivered
12911,3150,2023-04-07,UPI,Delivered
12912,3150,2023-12-11,UPI,Delivered
12913,3150,2024-08-08,Card,Delivered
12914,3150,2024-03-19,UPI,Delivered
12915,3150,2023-11-05,UPI,Delivered
12916,3150,2023-03-09,,Delivered
12917,3150,2024-02-07,UPI,Delivered
12918,3151,2024-03-04,UPI,Delivered
12919,3151,2024-10-07,,Delivered
12920,3151,2024-11-24,Card,Returned
12921,3151,2024-12-06,NetBanking,Delivered
12922,3151,2024-09-02,UPI,Delivered
12923,3151,2024-03-14,UPI,Delivered
12924,3153,2024-05-29,COD,Delivered
12925,3153,2024-12-09,Card,Delivered
12926,3153,2023-12-02,NetBanking,Delivered
12927,3153,2024-09-07,Card,Delivered
12928,3153,2024-03-27,NetBanking,Delivered
12929,3153,2024-01-04,UPI,Delivered
12930,3153,2024-04-20,Wallet,Delivered
12931,3153,2023-12-27,Card,Delivered
12932,3153,2023-11-06,NetBanking,Delivered
12933,3153,2024-09-04,UPI,Returned
12934,3153,2024-03-22,UPI,Delivered
12935,3153,2024-11-28,Card,Delivered
12936,3153,2023-04-23,UPI,Delivered
12937,3153,2024-09-09,Card,Delivered
12938,3153,2023-08-10,UPI,Delivered
12939,3153,2024-09-04,Card,Delivered
12940,3153,2024-10-31,COD,Delivered
12941,3154,2024-03-14,Card,Delivered
12942,3154,2024-03-04,COD,Delivered
12943,3155,2023-09-12,UPI,Delivered
12944,3155,2023-10-17,COD,Delivered
12945,3155,2023-12-18,Card,Delivered
12946,3155,2024-07-05,Card,Delivered
12947,3155,2023-12-15,Card,Delivered
12948,3155,2023-11-06,Card,Delivered
12949,3155,2023-08-27,Card,Delivered
12950,3155,2024-08-27,UPI,Delivered
12951,3155,2024-09-09,Card,Delivered
12952,3155,2023-11-02,UPI,Delivered
12953,3155,2023-08-04,UPI,Delivered
12954,3155,2023-08-06,UPI,Delivered
12955,3155,2024-06-03,NetBanking,Returned
12956,3155,2024-08-30,COD,Delivered
12957,3155,2024-09-07,Wallet,Delivered
12958,3155,2024-10-26,Card,Delivered
12959,3155,2024-08-16,UPI,Delivered
12960,3156,2024-04-06,Wallet,Delivered
12961,3156,2024-06-05,Card,Delivered
12962,3156,2024-11-24,NetBanking,Returned
12963,3157,2024-03-05,UPI,Cancelled
12964,3157,2024-10-29,COD,Delivered
12965,3157,2024-12-20,COD,Delivered
12966,3157,2024-10-19,COD,Returned
12967,3157,2024-03-06,UPI,Delivered
12968,3157,2024-04-15,COD,Delivered
12969,3157,2024-07-18,Card,Delivered
12970,3157,2024-12-29,COD,Returned
12971,3158,2024-10-12,Card,Delivered
12972,3158,2024-08-31,UPI,Delivered
12973,3158,2024-07-01,Card,Delivered
12974,3159,2024-03-23,UPI,Delivered
12975,3159,2024-10-12,NetBanking,Returned
12976,3159,2024-05-23,COD,Delivered
12977,3159,2024-04-14,UPI,Delivered
12978,3160,2024-07-22,Card,Delivered
12979,3162,2024-06-22,Card,Delivered
12980,3162,2024-06-14,COD,Delivered
12981,3162,2024-10-13,Card,Delivered
12982,3162,2024-06-09,Card,Delivered
12983,3163,2023-07-05,COD,Delivered
12984,3163,2023-08-19,NetBanking,Delivered
12985,3164,2023-10-07,UPI,Delivered
12986,3164,2023-07-30,UPI,Delivered
12987,3164,2023-07-31,Card,Returned
12988,3164,2024-12-03,COD,Delivered
12989,3164,2024-06-07,NetBanking,Delivered
12990,3166,2024-11-29,UPI,Delivered
12991,3166,2024-11-27,Card,Delivered
12992,3167,2024-08-02,COD,Cancelled
12993,3167,2024-09-24,UPI,Returned
12994,3167,2024-12-13,UPI,Delivered
12995,3167,2024-04-10,COD,Delivered
12996,3167,2024-07-17,UPI,Delivered
12997,3168,2024-05-04,Wallet,Delivered
12998,3168,2023-10-05,UPI,Delivered
12999,3168,2023-10-21,Card,Delivered
13000,3168,2024-01-23,NetBanking,Delivered
13001,3168,2024-02-08,UPI,Delivered
13002,3169,2024-10-09,Card,Delivered
13003,3170,2024-12-14,Card,Delivered
13004,3170,2023-12-17,Card,Delivered
13005,3170,2024-11-16,UPI,Returned
13006,3170,2024-02-14,Card,Delivered
13007,3170,2024-05-02,Card,Delivered
13008,3170,2024-01-03,UPI,Delivered
13009,3170,2024-07-06,Card,Delivered
13010,3170,2024-01-29,UPI,Delivered
13011,3171,2024-09-25,UPI,Delivered
13012,3171,2024-09-29,UPI,Delivered
13013,3171,2024-01-13,NetBanking,Returned
13014,3172,2024-09-05,Card,Delivered
13015,3172,2024-09-18,UPI,Delivered
13016,3173,2023-12-02,COD,Delivered
13017,3173,2023-11-23,UPI,Delivered
13018,3173,2024-11-25,Card,Delivered
13019,3173,2024-06-29,UPI,Delivered
13020,3174,2024-09-23,UPI,Delivered
13021,3174,2023-11-14,Wallet,Returned
13022,3174,2024-02-10,UPI,Delivered
13023,3174,2024-09-08,UPI,Delivered
13024,3174,2024-08-14,COD,Delivered
13025,3174,2024-12-03,Card,Cancelled
13026,3174,2024-10-08,Card,Delivered
13027,3175,2024-08-04,Card,Delivered
13028,3175,2024-11-26,COD,Delivered
13029,3175,2024-10-07,UPI,Delivered
13030,3175,2024-10-16,UPI,Delivered
13031,3175,2024-10-12,,Delivered
13032,3175,2024-11-10,Card,Delivered
13033,3175,2024-08-05,COD,Delivered
13034,3175,2024-10-12,UPI,Delivered
13035,3175,2024-08-25,Card,Delivered
13036,3175,2024-12-26,UPI,Delivered
13037,3176,2024-03-16,Card,Returned
13038,3176,2024-08-01,Card,Delivered
13039,3176,2023-12-21,UPI,Delivered
13040,3177,2024-01-09,UPI,Delivered
13041,3177,2024-12-28,COD,Delivered
13042,3177,2024-01-23,COD,Delivered
13043,3177,2024-04-29,UPI,Delivered
13044,3177,2024-12-13,Card,Delivered
13045,3178,2023-11-29,Card,Delivered
13046,3179,2023-09-26,Card,Delivered
13047,3179,2024-11-23,,Delivered
13048,3179,2023-09-02,Card,Cancelled
13049,3179,2023-11-26,NetBanking,Returned
13050,3179,2024-12-02,Card,Delivered
13051,3179,2024-12-04,UPI,Delivered
13052,3179,2023-05-13,UPI,Delivered
13053,3179,2024-10-30,Card,Delivered
13054,3179,2024-07-22,,Delivered
13055,3179,2024-11-01,Card,Delivered
13056,3179,2024-01-30,COD,Delivered
13057,3180,2024-08-18,Card,Delivered
13058,3180,2023-12-11,COD,Delivered
13059,3180,2024-10-02,UPI,Delivered
13060,3180,2023-05-30,NetBanking,Delivered
13061,3180,2023-09-28,UPI,Delivered
13062,3180,2023-10-15,COD,Delivered
13063,3180,2023-04-20,,Delivered
13064,3180,2024-06-21,UPI,Delivered
13065,3181,2023-10-30,Card,Delivered
13066,3181,2023-10-10,UPI,Delivered
13067,3181,2023-05-18,UPI,Delivered
13068,3181,2024-02-18,UPI,Delivered
13069,3181,2023-10-01,Card,Delivered
13070,3182,2023-05-07,UPI,Delivered
13071,3182,2024-02-13,Wallet,Delivered
13072,3182,2024-06-15,UPI,Delivered
13073,3182,2024-01-27,,Delivered
13074,3182,2024-12-20,Card,Delivered
13075,3183,2024-08-28,COD,Delivered
13076,3183,2024-07-24,NetBanking,Delivered
13077,3184,2023-11-24,Card,Returned
13078,3184,2024-03-25,Card,Delivered
13079,3184,2024-11-16,Card,Delivered
13080,3184,2024-03-16,Wallet,Delivered
13081,3184,2023-07-01,UPI,Delivered
13082,3185,2024-10-24,Card,Delivered
13083,3185,2024-11-17,Card,Delivered
13084,3185,2024-03-24,COD,Delivered
13085,3185,2024-10-22,UPI,Delivered
13086,3186,2024-10-30,Card,Delivered
13087,3187,2024-12-28,UPI,Delivered
13088,3187,2024-12-30,COD,Delivered
13089,3187,2024-08-12,UPI,Delivered
13090,3187,2024-12-10,COD,Delivered
13091,3187,2024-11-08,UPI,Delivered
13092,3188,2024-09-20,NetBanking,Delivered
13093,3189,2023-02-27,Card,Returned
13094,3189,2024-09-24,NetBanking,Delivered
13095,3189,2024-10-23,UPI,Cancelled
13096,3189,2023-10-21,NetBanking,Delivered
13097,3189,2024-01-31,Card,Delivered
13098,3189,2024-03-27,UPI,Delivered
13099,3189,2024-05-29,Wallet,Delivered
13100,3189,2024-05-23,UPI,Delivered
13101,3189,2023-07-15,UPI,Delivered
13102,3189,2024-06-22,UPI,Delivered
13103,3189,2024-08-14,Card,Delivered
13104,3190,2024-07-24,COD,Delivered
13105,3190,2024-05-17,UPI,Delivered
13106,3190,2024-12-06,COD,Delivered
13107,3190,2024-06-18,COD,Delivered
13108,3190,2024-11-15,Card,Delivered
13109,3190,2024-11-07,Wallet,Returned
13110,3190,2024-10-20,UPI,Delivered
13111,3191,2024-07-16,COD,Delivered
13112,3191,2024-06-14,COD,Delivered
13113,3192,2024-09-10,Card,Delivered
13114,3193,2024-10-13,UPI,Delivered
13115,3194,2024-03-23,Card,Delivered
13116,3194,2024-10-01,UPI,Delivered
13117,3194,2024-08-12,UPI,Delivered
13118,3195,2024-09-28,Card,Cancelled
13119,3195,2024-11-25,Card,Delivered
13120,3196,2024-03-26,COD,Delivered
13121,3196,2024-10-03,UPI,Delivered
13122,3196,2024-09-22,NetBanking,Delivered
13123,3196,2024-08-14,Card,Delivered
13124,3196,2023-12-07,Card,Delivered
13125,3197,2024-07-16,UPI,Delivered
13126,3198,2024-11-11,COD,Returned
13127,3198,2024-11-24,COD,Delivered
13128,3198,2024-05-24,UPI,Delivered
13129,3198,2024-03-29,Card,Delivered
13130,3198,2024-09-11,UPI,Delivered
13131,3198,2024-10-12,Wallet,Delivered
13132,3198,2024-05-12,Wallet,Delivered
13133,3198,2024-09-22,Card,Delivered
13134,3198,2024-09-12,UPI,Delivered
13135,3198,2024-11-28,Card,Delivered
13136,3198,2024-11-18,UPI,Delivered
13137,3198,2024-05-01,COD,Delivered
13138,3199,2024-10-27,Card,Delivered
13139,3199,2024-12-28,Card,Delivered
13140,3199,2024-11-07,UPI,Delivered
13141,3199,2024-08-17,UPI,Returned
13142,3199,2024-12-08,UPI,Delivered
13143,3201,2024-10-21,Card,Delivered
13144,3201,2024-10-22,Card,Delivered
13145,3201,2024-08-30,COD,Delivered
13146,3202,2024-06-11,COD,Delivered
13147,3202,2024-11-10,Card,Delivered
13148,3202,2024-10-06,UPI,Delivered
13149,3203,2024-05-04,Card,Delivered
13150,3203,2024-11-28,Wallet,Delivered
13151,3203,2024-11-30,Card,Delivered
13152,3203,2024-09-26,Card,Delivered
13153,3203,2024-10-09,UPI,Delivered
13154,3203,2024-10-03,UPI,Delivered
13155,3203,2024-09-09,Card,Delivered
13156,3203,2024-05-01,NetBanking,Returned
13157,3203,2024-10-11,COD,Delivered
13158,3204,2023-04-28,COD,Delivered
13159,3204,2024-05-15,COD,Delivered
13160,3204,2024-03-03,Card,Delivered
13161,3204,2024-08-10,Card,Delivered
13162,3204,2024-05-01,UPI,Delivered
13163,3205,2024-05-09,COD,Delivered
13164,3205,2024-06-11,Card,Delivered
13165,3205,2023-11-19,Card,Delivered
13166,3206,2024-01-09,Wallet,Delivered
13167,3206,2024-11-13,UPI,Delivered
13168,3206,2024-11-28,Card,Delivered
13169,3206,2024-03-24,UPI,Delivered
13170,3206,2024-09-14,UPI,Delivered
13171,3206,2024-07-12,NetBanking,Delivered
13172,3206,2024-03-02,UPI,Cancelled
13173,3206,2024-01-13,COD,Delivered
13174,3206,2024-10-03,Card,Delivered
13175,3207,2024-10-15,Card,Delivered
13176,3207,2024-09-17,Wallet,Delivered
13177,3207,2024-07-24,Card,Returned
13178,3207,2024-11-17,UPI,Returned
13179,3207,2024-09-05,Card,Returned
13180,3209,2024-05-11,Card,Delivered
13181,3209,2024-11-12,Card,Delivered
13182,3209,2024-09-17,NetBanking,Delivered
13183,3209,2024-10-05,COD,Delivered
13184,3209,2023-12-29,Card,Delivered
13185,3209,2024-02-23,UPI,Delivered
13186,3209,2024-12-25,UPI,Returned
13187,3209,2023-12-07,UPI,Delivered
13188,3209,2023-09-30,Wallet,Returned
13189,3209,2024-02-17,UPI,Delivered
13190,3211,2024-06-30,Wallet,Returned
13191,3211,2024-12-04,Card,Delivered
13192,3211,2024-12-17,Card,Delivered
13193,3211,2024-07-12,COD,Delivered
13194,3212,2023-12-21,UPI,Cancelled
13195,3212,2023-10-13,UPI,Delivered
13196,3212,2023-12-28,UPI,Delivered
13197,3212,2023-08-20,COD,Delivered
13198,3212,2024-06-04,Card,Delivered
13199,3212,2024-05-16,Card,Delivered
13200,3212,2024-05-23,COD,Delivered
13201,3213,2024-02-21,Card,Delivered
13202,3213,2024-11-17,Card,Cancelled
13203,3213,2024-06-14,NetBanking,Delivered
13204,3213,2024-04-14,Card,Delivered
13205,3213,2024-09-07,Card,Delivered
13206,3213,2023-12-05,Card,Returned
13207,3213,2023-07-26,UPI,Delivered
13208,3213,2024-08-17,Wallet,Delivered
13209,3213,2024-07-12,UPI,Delivered
13210,3213,2024-02-17,UPI,Delivered
13211,3213,2023-08-03,UPI,Delivered
13212,3213,2024-12-03,Wallet,Delivered
13213,3213,2024-09-03,Card,Delivered
13214,3213,2024-01-15,UPI,Delivered
13215,3213,2023-10-23,UPI,Delivered
13216,3214,2024-08-06,UPI,Delivered
13217,3214,2024-11-15,UPI,Delivered
13218,3214,2024-06-09,UPI,Delivered
13219,3214,2024-12-15,Card,Delivered
13220,3214,2024-11-08,UPI,Delivered
13221,3214,2024-07-23,Wallet,Delivered
13222,3214,2024-07-19,UPI,Delivered
13223,3214,2024-06-20,COD,Delivered
13224,3215,2024-01-08,NetBanking,Cancelled
13225,3215,2024-03-26,UPI,Delivered
13226,3215,2024-12-08,UPI,Delivered
13227,3215,2024-05-20,COD,Delivered
13228,3216,2024-12-23,Wallet,Delivered
13229,3216,2024-06-15,,Delivered
13230,3217,2024-12-25,UPI,Delivered
13231,3217,2024-12-17,UPI,Delivered
13232,3217,2024-03-07,COD,Delivered
13233,3217,2024-01-28,UPI,Returned
13234,3217,2024-06-04,UPI,Returned
13235,3217,2023-07-13,UPI,Returned
13236,3217,2023-11-03,COD,Returned
13237,3218,2024-06-20,Card,Delivered
13238,3219,2024-09-06,COD,Delivered
13239,3219,2024-06-27,UPI,Delivered
13240,3219,2024-07-18,COD,Delivered
13241,3219,2024-09-27,,Delivered
13242,3219,2024-09-07,NetBanking,Delivered
13243,3219,2024-10-14,,Delivered
13244,3219,2024-08-29,Card,Delivered
13245,3219,2024-09-07,Wallet,Delivered
13246,3219,2024-12-24,COD,Delivered
13247,3219,2024-12-08,NetBanking,Delivered
13248,3219,2024-06-19,NetBanking,Delivered
13249,3219,2024-10-27,UPI,Delivered
13250,3219,2024-07-23,UPI,Delivered
13251,3220,2023-09-13,COD,Delivered
13252,3220,2024-07-25,COD,Delivered
13253,3220,2023-12-13,UPI,Delivered
13254,3220,2023-09-15,NetBanking,Delivered
13255,3220,2023-09-24,UPI,Returned
13256,3221,2024-12-13,NetBanking,Delivered
13257,3222,2023-05-27,UPI,Delivered
13258,3222,2023-12-15,Card,Delivered
13259,3222,2023-12-28,Wallet,Delivered
13260,3223,2024-11-01,Card,Delivered
13261,3223,2024-11-04,UPI,Delivered
13262,3224,2024-09-05,UPI,Delivered
13263,3224,2024-11-18,Card,Delivered
13264,3224,2024-04-23,COD,Delivered
13265,3225,2024-05-14,COD,Delivered
13266,3225,2024-11-04,Card,Delivered
13267,3225,2024-06-22,UPI,Returned
13268,3225,2024-12-27,UPI,Delivered
13269,3226,2024-07-30,COD,Delivered
13270,3226,2024-08-20,Card,Delivered
13271,3226,2024-05-02,UPI,Delivered
13272,3226,2024-11-27,Wallet,Delivered
13273,3227,2024-05-23,Card,Cancelled
13274,3228,2023-12-28,COD,Delivered
13275,3228,2024-04-21,,Delivered
13276,3228,2024-10-03,UPI,Delivered
13277,3230,2024-09-08,NetBanking,Delivered
13278,3230,2024-12-21,Card,Delivered
13279,3230,2024-06-26,Card,Delivered
13280,3230,2024-04-13,Card,Delivered
13281,3231,2024-06-04,COD,Delivered
13282,3231,2024-09-20,NetBanking,Returned
13283,3231,2024-08-31,UPI,Delivered
13284,3232,2023-11-14,NetBanking,Delivered
13285,3232,2024-10-16,UPI,Delivered
13286,3232,2024-05-31,Card,Delivered
13287,3233,2024-01-28,NetBanking,Delivered
13288,3233,2024-01-17,Card,Delivered
13289,3233,2024-01-14,UPI,Delivered
13290,3234,2024-02-03,UPI,Delivered
13291,3234,2024-03-23,COD,Delivered
13292,3234,2023-10-15,UPI,Delivered
13293,3234,2023-03-18,UPI,Delivered
13294,3235,2023-11-22,COD,Delivered
13295,3236,2024-03-24,UPI,Delivered
13296,3236,2024-12-08,UPI,Delivered
13297,3236,2024-07-18,COD,Delivered
13298,3236,2024-09-05,COD,Delivered
13299,3236,2023-11-27,UPI,Delivered
13300,3236,2024-06-15,Card,Delivered
13301,3236,2024-08-02,UPI,Delivered
13302,3236,2024-03-08,NetBanking,Delivered
13303,3237,2024-08-05,COD,Delivered
13304,3238,2024-12-11,COD,Delivered
13305,3238,2024-09-03,COD,Delivered
13306,3238,2024-11-20,UPI,Delivered
13307,3238,2024-07-28,UPI,Delivered
13308,3238,2024-09-19,Card,Delivered
13309,3238,2024-12-21,COD,Delivered
13310,3238,2024-08-16,Wallet,Delivered
13311,3238,2024-11-12,UPI,Delivered
13312,3238,2024-12-17,NetBanking,Delivered
13313,3238,2024-11-24,UPI,Cancelled
13314,3238,2024-12-22,UPI,Delivered
13315,3239,2024-11-16,Card,Cancelled
13316,3239,2024-12-02,UPI,Delivered
13317,3239,2024-11-13,COD,Delivered
13318,3239,2024-12-13,Card,Delivered
13319,3239,2024-06-07,COD,Cancelled
13320,3239,2024-10-20,NetBanking,Delivered
13321,3239,2024-05-16,Card,Delivered
13322,3239,2024-09-19,UPI,Delivered
13323,3239,2024-11-30,UPI,Cancelled
13324,3239,2024-11-05,COD,Delivered
13325,3239,2024-10-09,Wallet,Delivered
13326,3239,2024-10-30,UPI,Delivered
13327,3240,2024-11-25,NetBanking,Delivered
13328,3240,2023-12-15,Wallet,Delivered
13329,3241,2023-05-04,COD,Delivered
13330,3242,2024-11-10,Card,Delivered
13331,3242,2023-05-23,COD,Delivered
13332,3243,2024-06-01,Wallet,Delivered
13333,3243,2024-05-30,Card,Delivered
13334,3245,2024-07-16,UPI,Delivered
13335,3246,2024-10-07,COD,Delivered
13336,3246,2024-06-20,UPI,Delivered
13337,3246,2024-09-10,Card,Delivered
13338,3247,2024-07-25,Card,Delivered
13339,3247,2024-10-24,UPI,Delivered
13340,3247,2024-10-18,UPI,Delivered
13341,3248,2024-06-16,Card,Delivered
13342,3248,2024-05-06,Card,Delivered
13343,3249,2024-11-01,Wallet,Delivered
13344,3250,2023-10-09,UPI,Delivered
13345,3250,2023-11-28,NetBanking,Delivered
13346,3251,2023-11-26,Card,Delivered
13347,3251,2024-10-30,UPI,Delivered
13348,3251,2024-05-14,UPI,Delivered
13349,3251,2023-12-26,UPI,Delivered
13350,3251,2024-06-09,Card,Delivered
13351,3252,2024-11-27,NetBanking,Delivered
13352,3252,2024-07-22,COD,Delivered
13353,3252,2024-06-08,UPI,Delivered
13354,3252,2024-12-27,UPI,Delivered
13355,3253,2024-05-15,UPI,Delivered
13356,3253,2024-10-19,UPI,Delivered
13357,3253,2024-09-27,UPI,Returned
13358,3255,2024-06-17,COD,Delivered
13359,3255,2023-08-07,Card,Delivered
13360,3255,2024-04-06,UPI,Delivered
13361,3255,2023-08-04,UPI,Delivered
13362,3255,2023-06-29,COD,Delivered
13363,3255,2024-12-04,UPI,Delivered
13364,3255,2024-05-14,UPI,Delivered
13365,3255,2023-05-12,UPI,Delivered
13366,3256,2023-08-03,NetBanking,Delivered
13367,3257,2024-10-25,COD,Cancelled
13368,3257,2024-02-29,UPI,Delivered
13369,3257,2024-10-13,Card,Delivered
13370,3257,2023-05-31,COD,Returned
13371,3257,2023-08-03,Card,Delivered
13372,3258,2024-04-18,Card,Cancelled
13373,3258,2024-10-31,NetBanking,Delivered
13374,3258,2024-12-28,COD,Cancelled
13375,3258,2023-07-10,Card,Delivered
13376,3258,2023-12-19,UPI,Delivered
13377,3259,2023-11-30,UPI,Delivered
13378,3259,2023-11-16,UPI,Delivered
13379,3259,2024-09-14,,Delivered
13380,3259,2024-06-07,Card,Delivered
13381,3259,2024-09-11,Card,Delivered
13382,3259,2024-03-09,UPI,Delivered
13383,3259,2023-12-27,Card,Cancelled
13384,3260,2024-12-06,Card,Delivered
13385,3260,2024-01-31,NetBanking,Delivered
13386,3260,2024-08-25,UPI,Delivered
13387,3260,2024-02-23,UPI,Delivered
13388,3260,2024-07-05,Wallet,Delivered
13389,3261,2023-10-18,UPI,Cancelled
13390,3263,2024-09-29,Card,Delivered
13391,3263,2024-11-02,NetBanking,Delivered
13392,3264,2024-10-12,Card,Delivered
13393,3265,2024-10-04,Card,Delivered
13394,3265,2024-10-15,UPI,Delivered
13395,3265,2024-09-25,COD,Delivered
13396,3265,2024-02-13,Wallet,Delivered
13397,3265,2023-12-04,Card,Delivered
13398,3265,2024-10-29,NetBanking,Delivered
13399,3265,2024-11-16,UPI,Delivered
13400,3265,2024-11-28,COD,Delivered
13401,3265,2024-11-11,Wallet,Delivered
13402,3266,2024-04-02,NetBanking,Delivered
13403,3266,2024-09-11,UPI,Returned
13404,3266,2024-12-31,Card,Delivered
13405,3266,2024-02-25,UPI,Delivered
13406,3266,2024-05-29,UPI,Delivered
13407,3266,2024-06-03,UPI,Returned
13408,3266,2024-03-18,UPI,Delivered
13409,3266,2024-11-01,Card,Delivered
13410,3266,2024-10-10,COD,Delivered
13411,3266,2024-03-19,UPI,Delivered
13412,3266,2024-11-19,UPI,Delivered
13413,3266,2024-06-19,Card,Delivered
13414,3266,2024-08-14,Card,Delivered
13415,3267,2024-07-22,Card,Delivered
13416,3267,2024-06-04,Card,Delivered
13417,3267,2024-08-18,Wallet,Delivered
13418,3267,2024-11-13,UPI,Delivered
13419,3267,2024-08-16,Card,Cancelled
13420,3267,2024-02-18,COD,Delivered
13421,3268,2024-02-03,Card,Delivered
13422,3268,2024-08-25,UPI,Delivered
13423,3268,2024-01-13,UPI,Returned
13424,3268,2024-11-13,COD,Delivered
13425,3268,2024-10-26,UPI,Delivered
13426,3269,2023-12-16,,Delivered
13427,3269,2023-12-04,UPI,Delivered
13428,3269,2023-11-08,COD,Returned
13429,3269,2023-09-13,Card,Delivered
13430,3269,2023-11-29,COD,Returned
13431,3269,2024-04-28,UPI,Delivered
13432,3269,2023-08-12,Wallet,Delivered
13433,3270,2024-08-10,Card,Delivered
13434,3270,2024-09-04,COD,Delivered
13435,3270,2024-08-24,COD,Returned
13436,3270,2024-12-07,UPI,Delivered
13437,3271,2024-11-01,UPI,Delivered
13438,3271,2023-09-26,UPI,Delivered
13439,3271,2024-05-11,UPI,Delivered
13440,3271,2023-05-29,UPI,Returned
13441,3272,2023-12-10,NetBanking,Cancelled
13442,3272,2024-08-22,UPI,Delivered
13443,3273,2024-04-05,UPI,Delivered
13444,3273,2024-11-13,COD,Delivered
13445,3273,2024-08-17,UPI,Delivered
13446,3273,2024-11-20,UPI,Delivered
13447,3273,2024-11-28,NetBanking,Delivered
13448,3273,2024-11-07,COD,Cancelled
13449,3274,2024-12-03,Card,Delivered
13450,3274,2024-08-28,Card,Delivered
13451,3274,2023-10-02,UPI,Delivered
13452,3275,2024-01-23,Card,Delivered
13453,3275,2023-09-24,Card,Delivered
13454,3275,2023-11-21,Card,Delivered
13455,3275,2023-10-06,Card,Delivered
13456,3275,2024-03-19,Card,Delivered
13457,3275,2023-05-12,Card,Delivered
13458,3275,2024-09-28,UPI,Delivered
13459,3275,2023-08-31,UPI,Delivered
13460,3275,2023-10-29,Card,Delivered
13461,3275,2023-09-09,NetBanking,Delivered
13462,3276,2024-07-02,NetBanking,Delivered
13463,3276,2024-11-28,Card,Delivered
13464,3276,2024-09-20,Card,Delivered
13465,3277,2024-11-08,Card,Delivered
13466,3277,2024-06-08,UPI,Delivered
13467,3278,2024-05-03,Card,Delivered
13468,3278,2024-11-25,Card,Delivered
13469,3279,2024-07-02,NetBanking,Delivered
13470,3279,2024-08-25,UPI,Delivered
13471,3279,2024-09-06,UPI,Cancelled
13472,3280,2024-01-30,UPI,Delivered
13473,3280,2024-10-03,UPI,Delivered
13474,3280,2024-02-04,Card,Delivered
13475,3280,2024-03-13,Wallet,Delivered
13476,3280,2024-02-17,UPI,Delivered
13477,3280,2024-09-23,UPI,Delivered
13478,3280,2024-04-26,UPI,Delivered
13479,3280,2024-11-12,Card,Delivered
13480,3281,2024-07-27,Wallet,Delivered
13481,3281,2024-03-03,COD,Delivered
13482,3281,2023-07-07,COD,Delivered
13483,3281,2023-03-09,Card,Delivered
13484,3281,2023-03-27,Wallet,Delivered
13485,3281,2023-04-25,Card,Delivered
13486,3281,2024-01-13,COD,Delivered
13487,3281,2024-07-13,Wallet,Delivered
13488,3281,2023-06-03,Card,Delivered
13489,3281,2023-06-24,UPI,Delivered
13490,3282,2024-11-20,NetBanking,Delivered
13491,3283,2024-11-14,Card,Delivered
13492,3283,2024-08-01,COD,Cancelled
13493,3283,2024-11-13,Card,Returned
13494,3283,2024-08-17,Wallet,Delivered
13495,3284,2023-05-10,COD,Delivered
13496,3285,2024-03-01,Card,Delivered
13497,3285,2023-11-11,COD,Delivered
13498,3285,2024-09-17,COD,Delivered
13499,3285,2024-09-25,NetBanking,Delivered
13500,3285,2023-12-16,Card,Delivered
13501,3285,2024-10-14,COD,Delivered
13502,3286,2023-10-25,Wallet,Delivered
13503,3286,2024-01-10,Card,Delivered
13504,3287,2024-04-01,UPI,Returned
13505,3287,2024-05-01,UPI,Delivered
13506,3288,2023-08-22,COD,Delivered
13507,3288,2023-12-24,UPI,Delivered
13508,3288,2024-07-16,,Delivered
13509,3288,2023-11-14,NetBanking,Delivered
13510,3288,2024-03-29,Card,Delivered
13511,3288,2024-12-17,UPI,Delivered
13512,3288,2024-11-02,NetBanking,Delivered
13513,3288,2024-12-30,Card,Delivered
13514,3289,2024-09-09,UPI,Delivered
13515,3289,2024-03-05,Card,Delivered
13516,3289,2023-10-23,COD,Delivered
13517,3289,2023-06-23,Card,Delivered
13518,3290,2023-12-28,Card,Delivered
13519,3290,2023-12-10,UPI,Delivered
13520,3290,2024-11-14,Card,Delivered
13521,3290,2024-12-01,COD,Returned
13522,3290,2024-03-20,UPI,Delivered
13523,3291,2024-03-30,Wallet,Delivered
13524,3291,2024-10-01,UPI,Delivered
13525,3291,2023-10-22,UPI,Cancelled
13526,3291,2024-10-01,UPI,Delivered
13527,3291,2024-01-07,UPI,Delivered
13528,3292,2024-02-17,UPI,Delivered
13529,3292,2024-10-30,Card,Delivered
13530,3292,2024-06-30,NetBanking,Cancelled
13531,3292,2024-07-22,UPI,Delivered
13532,3292,2024-12-05,UPI,Delivered
13533,3292,2023-12-22,UPI,Delivered
13534,3293,2023-07-03,UPI,Delivered
13535,3293,2023-05-24,UPI,Delivered
13536,3293,2023-12-06,UPI,Delivered
13537,3293,2024-06-03,UPI,Returned
13538,3294,2023-12-12,UPI,Delivered
13539,3294,2024-01-28,Wallet,Delivered
13540,3294,2024-11-30,UPI,Delivered
13541,3294,2024-03-22,COD,Delivered
13542,3294,2024-01-11,UPI,Delivered
13543,3294,2024-06-27,Card,Delivered
13544,3294,2023-11-14,UPI,Delivered
13545,3294,2023-06-12,UPI,Delivered
13546,3294,2024-08-27,UPI,Delivered
13547,3294,2023-12-03,COD,Delivered
13548,3294,2023-10-25,Wallet,Delivered
13549,3294,2024-04-18,Card,Delivered
13550,3295,2024-08-16,COD,Delivered
13551,3295,2024-10-28,Card,Cancelled
13552,3295,2023-10-20,NetBanking,Delivered
13553,3295,2024-10-15,Card,Delivered
13554,3295,2023-10-11,UPI,Returned
13555,3295,2024-10-03,COD,Delivered
13556,3296,2024-10-03,NetBanking,Returned
13557,3296,2024-07-22,COD,Delivered
13558,3296,2024-07-22,,Delivered
13559,3297,2024-12-17,UPI,Delivered
13560,3297,2023-05-15,Card,Delivered
13561,3297,2023-09-25,,Delivered
13562,3297,2024-11-24,Wallet,Delivered
13563,3297,2024-08-07,UPI,Delivered
13564,3297,2023-12-05,Card,Delivered
13565,3297,2023-06-28,COD,Delivered
13566,3297,2024-03-12,UPI,Delivered
13567,3297,2024-09-20,NetBanking,Delivered
13568,3297,2023-12-29,COD,Delivered
13569,3297,2024-10-20,UPI,Delivered
13570,3297,2023-10-28,COD,Delivered
13571,3297,2024-02-26,Card,Delivered
13572,3298,2024-10-17,UPI,Cancelled
13573,3300,2024-05-28,Wallet,Delivered
13574,3301,2024-07-08,Card,Delivered
13575,3301,2024-11-06,Card,Delivered
13576,3301,2024-07-24,COD,Delivered
13577,3302,2024-10-15,UPI,Delivered
13578,3303,2024-06-03,Card,Delivered
13579,3303,2024-02-08,UPI,Delivered
13580,3304,2023-06-07,NetBanking,Delivered
13581,3304,2024-06-12,NetBanking,Delivered
13582,3304,2023-11-21,COD,Delivered
13583,3304,2024-05-16,UPI,Delivered
13584,3304,2024-11-10,Card,Delivered
13585,3304,2024-11-01,Wallet,Returned
13586,3304,2024-03-22,UPI,Delivered
13587,3304,2024-02-28,UPI,Delivered
13588,3304,2024-04-13,UPI,Returned
13589,3304,2023-12-27,UPI,Delivered
13590,3304,2023-11-14,UPI,Delivered
13591,3304,2023-09-12,UPI,Delivered
13592,3304,2024-11-21,Card,Delivered
13593,3304,2023-07-11,Card,Delivered
13594,3306,2023-09-30,Card,Delivered
13595,3306,2024-10-25,Card,Delivered
13596,3306,2024-02-24,NetBanking,Delivered
13597,3306,2024-09-17,,Delivered
13598,3307,2024-10-09,UPI,Returned
13599,3307,2024-10-20,Card,Delivered
13600,3307,2024-08-02,NetBanking,Delivered
13601,3307,2024-09-12,UPI,Delivered
13602,3307,2023-10-14,UPI,Delivered
13603,3308,2023-12-10,Card,Delivered
13604,3308,2024-06-23,Card,Delivered
13605,3308,2024-12-05,Card,Delivered
13606,3308,2024-12-29,UPI,Delivered
13607,3308,2024-07-05,Card,Delivered
13608,3308,2023-12-06,Wallet,Delivered
13609,3308,2023-05-06,NetBanking,Delivered
13610,3308,2024-04-23,COD,Delivered
13611,3308,2024-01-21,NetBanking,Delivered
13612,3308,2024-06-21,COD,Delivered
13613,3308,2024-12-12,UPI,Delivered
13614,3308,2023-07-21,COD,Cancelled
13615,3311,2024-01-01,Wallet,Returned
13616,3311,2024-12-17,COD,Cancelled
13617,3311,2024-10-13,COD,Cancelled
13618,3312,2023-11-25,COD,Delivered
13619,3312,2023-08-21,UPI,Delivered
13620,3312,2024-06-16,UPI,Delivered
13621,3312,2024-05-31,COD,Delivered
13622,3313,2024-12-01,UPI,Delivered
13623,3314,2024-04-17,Card,Delivered
13624,3314,2023-07-21,UPI,Delivered
13625,3314,2024-10-05,UPI,Delivered
13626,3314,2023-08-30,UPI,Delivered
13627,3314,2023-12-29,Card,Delivered
13628,3315,2023-10-03,UPI,Delivered
13629,3316,2024-12-15,Wallet,Delivered
13630,3316,2024-05-26,NetBanking,Delivered
13631,3316,2024-04-21,UPI,Delivered
13632,3316,2024-06-29,UPI,Delivered
13633,3316,2024-04-03,UPI,Delivered
13634,3316,2024-05-14,Card,Delivered
13635,3316,2024-08-21,,Returned
13636,3316,2024-11-10,UPI,Returned
13637,3316,2024-06-11,Card,Delivered
13638,3316,2024-11-26,UPI,Delivered
13639,3317,2024-08-20,Card,Delivered
13640,3317,2024-11-06,COD,Delivered
13641,3317,2024-12-26,UPI,Delivered
13642,3317,2024-12-02,NetBanking,Delivered
13643,3317,2024-01-17,UPI,Delivered
13644,3317,2024-01-02,Card,Delivered
13645,3318,2024-02-24,NetBanking,Delivered
13646,3318,2023-12-06,Wallet,Delivered
13647,3318,2024-03-13,COD,Delivered
13648,3319,2023-10-16,Card,Delivered
13649,3319,2024-07-01,Card,Delivered
13650,3321,2024-03-06,UPI,Delivered
13651,3321,2024-10-19,Card,Delivered
13652,3321,2023-03-09,UPI,Delivered
13653,3321,2024-03-12,NetBanking,Cancelled
13654,3321,2023-11-12,UPI,Delivered
13655,3321,2023-08-08,Card,Delivered
13656,3321,2023-08-22,COD,Delivered
13657,3323,2024-08-16,UPI,Delivered
13658,3323,2024-08-10,Card,Delivered
13659,3323,2024-09-13,Card,Returned
13660,3323,2024-10-16,UPI,Delivered
13661,3324,2024-06-23,COD,Delivered
13662,3324,2024-10-07,Card,Delivered
13663,3324,2024-11-19,Card,Delivered
13664,3324,2024-09-17,UPI,Cancelled
13665,3324,2024-03-25,UPI,Delivered
13666,3325,2023-11-29,UPI,Delivered
13667,3325,2024-10-03,COD,Delivered
13668,3325,2023-09-26,COD,Cancelled
13669,3326,2024-12-27,UPI,Delivered
13670,3327,2024-08-23,UPI,Delivered
13671,3328,2023-04-29,Wallet,Returned
13672,3328,2023-05-17,Card,Delivered
13673,3328,2024-10-24,COD,Delivered
13674,3328,2024-05-24,UPI,Delivered
13675,3328,2023-05-25,UPI,Delivered
13676,3328,2023-07-10,UPI,Delivered
13677,3329,2023-12-10,COD,Delivered
13678,3329,2023-08-16,Card,Delivered
13679,3329,2024-10-14,COD,Delivered
13680,3329,2023-09-30,UPI,Delivered
13681,3329,2024-01-29,Card,Delivered
13682,3329,2024-04-19,Card,Delivered
13683,3329,2023-12-27,UPI,Delivered
13684,3329,2024-08-01,UPI,Delivered
13685,3329,2023-12-27,Card,Delivered
13686,3329,2024-05-02,UPI,Delivered
13687,3331,2024-01-27,NetBanking,Delivered
13688,3332,2024-11-07,UPI,Delivered
13689,3332,2024-10-16,NetBanking,Delivered
13690,3332,2024-11-28,Card,Delivered
13691,3332,2024-05-11,,Delivered
13692,3333,2024-12-17,Card,Delivered
13693,3333,2024-02-09,COD,Delivered
13694,3334,2024-11-06,UPI,Delivered
13695,3334,2024-10-06,UPI,Delivered
13696,3334,2024-08-28,Card,Delivered
13697,3334,2024-08-28,UPI,Cancelled
13698,3334,2024-08-30,Card,Delivered
13699,3334,2024-07-19,UPI,Delivered
13700,3334,2024-09-23,Card,Delivered
13701,3334,2024-04-15,COD,Delivered
13702,3334,2024-11-26,Card,Delivered
13703,3334,2024-12-07,UPI,Delivered
13704,3334,2024-08-11,Card,Delivered
13705,3335,2023-06-22,COD,Delivered
13706,3335,2023-06-05,UPI,Delivered
13707,3335,2023-12-11,UPI,Delivered
13708,3335,2023-09-27,Card,Delivered
13709,3335,2024-11-30,Card,Delivered
13710,3335,2024-10-12,Card,Delivered
13711,3335,2024-02-27,Card,Delivered
13712,3335,2024-10-17,Card,Delivered
13713,3335,2024-04-04,Wallet,Delivered
13714,3336,2024-09-14,UPI,Delivered
13715,3336,2023-06-29,UPI,Delivered
13716,3337,2024-10-30,Wallet,Delivered
13717,3337,2023-11-13,Wallet,Delivered
13718,3337,2024-03-02,Card,Delivered
13719,3337,2024-07-05,Card,Delivered
13720,3338,2023-05-02,Card,Returned
13721,3339,2024-08-04,Card,Delivered
13722,3339,2024-08-16,COD,Delivered
13723,3339,2024-11-28,Card,Delivered
13724,3339,2024-08-23,COD,Delivered
13725,3339,2024-04-09,COD,Delivered
13726,3339,2024-12-13,UPI,Delivered
13727,3339,2024-10-07,COD,Delivered
13728,3340,2024-12-17,Card,Delivered
13729,3341,2024-10-09,Wallet,Delivered
13730,3341,2024-08-21,Card,Delivered
13731,3341,2024-07-04,COD,Delivered
13732,3341,2024-11-07,UPI,Delivered
13733,3341,2024-08-05,Card,Delivered
13734,3342,2024-07-04,UPI,Delivered
13735,3343,2023-07-11,COD,Delivered
13736,3343,2023-09-06,UPI,Returned
13737,3343,2024-11-01,,Delivered
13738,3343,2024-12-19,Card,Delivered
13739,3343,2024-11-16,COD,Returned
13740,3344,2024-11-28,UPI,Delivered
13741,3344,2024-12-28,UPI,Delivered
13742,3344,2024-07-18,Card,Delivered
13743,3344,2024-05-06,UPI,Delivered
13744,3344,2024-05-19,UPI,Delivered
13745,3346,2024-10-24,Card,Delivered
13746,3346,2024-12-08,Card,Delivered
13747,3346,2024-03-27,COD,Delivered
13748,3346,2024-03-11,UPI,Delivered
13749,3346,2024-03-21,UPI,Delivered
13750,3346,2024-10-28,Card,Returned
13751,3347,2024-03-15,COD,Returned
13752,3347,2024-10-11,UPI,Delivered
13753,3347,2024-09-01,COD,Delivered
13754,3347,2024-11-03,NetBanking,Delivered
13755,3347,2024-07-30,UPI,Delivered
13756,3347,2024-11-19,Card,Delivered
13757,3347,2024-03-28,,Delivered
13758,3350,2024-04-24,COD,Delivered
13759,3350,2024-05-23,UPI,Delivered
13760,3351,2024-01-01,Card,Delivered
13761,3351,2023-11-21,NetBanking,Delivered
13762,3351,2024-10-06,UPI,Delivered
13763,3351,2024-06-05,Card,Delivered
13764,3351,2023-10-20,Card,Delivered
13765,3353,2024-09-29,COD,Delivered
13766,3353,2023-08-21,UPI,Delivered
13767,3353,2024-11-14,UPI,Delivered
13768,3354,2024-12-03,COD,Delivered
13769,3354,2024-06-09,UPI,Returned
13770,3355,2024-07-28,COD,Delivered
13771,3355,2024-12-28,COD,Delivered
13772,3355,2024-11-16,UPI,Delivered
13773,3355,2024-11-24,Card,Delivered
13774,3355,2024-10-09,UPI,Delivered
13775,3355,2024-11-08,UPI,Delivered
13776,3355,2024-08-25,NetBanking,Delivered
13777,3355,2024-10-11,Card,Delivered
13778,3355,2024-09-15,UPI,Cancelled
13779,3355,2024-09-25,Card,Returned
13780,3355,2024-06-11,Card,Delivered
13781,3355,2024-11-27,UPI,Delivered
13782,3355,2024-08-07,UPI,Delivered
13783,3355,2024-10-04,Card,Delivered
13784,3355,2024-11-03,UPI,Delivered
13785,3355,2024-06-19,UPI,Delivered
13786,3355,2024-09-06,Card,Delivered
13787,3355,2024-08-18,COD,Delivered
13788,3355,2024-07-16,COD,Delivered
13789,3356,2024-05-13,Card,Delivered
13790,3357,2023-03-22,COD,Delivered
13791,3357,2024-08-03,UPI,Returned
13792,3358,2024-06-19,UPI,Delivered
13793,3358,2024-07-21,COD,Cancelled
13794,3358,2024-12-23,UPI,Delivered
13795,3358,2024-07-13,,Delivered
13796,3358,2024-11-21,UPI,Delivered
13797,3358,2024-09-28,Card,Delivered
13798,3359,2024-10-04,Card,Delivered
13799,3359,2023-09-11,UPI,Delivered
13800,3359,2024-10-29,UPI,Delivered
13801,3359,2023-06-26,Wallet,Delivered
13802,3359,2023-06-17,UPI,Delivered
13803,3359,2023-08-23,Card,Delivered
13804,3360,2024-11-22,UPI,Delivered
13805,3360,2024-04-08,Card,Delivered
13806,3360,2024-06-30,COD,Delivered
13807,3360,2024-04-09,NetBanking,Delivered
13808,3360,2024-04-29,Card,Delivered
13809,3361,2024-10-26,Card,Delivered
13810,3361,2024-10-05,Card,Returned
13811,3361,2024-06-20,NetBanking,Delivered
13812,3361,2024-08-06,UPI,Delivered
13813,3361,2024-12-18,Wallet,Cancelled
13814,3361,2024-10-26,COD,Delivered
13815,3361,2024-06-27,Card,Returned
13816,3361,2024-12-25,Card,Delivered
13817,3362,2024-11-26,Wallet,Delivered
13818,3363,2023-10-10,UPI,Delivered
13819,3363,2024-05-04,NetBanking,Delivered
13820,3363,2024-06-02,UPI,Delivered
13821,3363,2023-07-03,Wallet,Delivered
13822,3363,2023-12-13,UPI,Delivered
13823,3363,2023-11-04,COD,Delivered
13824,3363,2023-11-25,UPI,Delivered
13825,3363,2023-05-24,Card,Delivered
13826,3363,2024-05-20,UPI,Delivered
13827,3363,2023-07-02,UPI,Delivered
13828,3365,2023-06-30,COD,Delivered
13829,3367,2024-11-24,NetBanking,Delivered
13830,3367,2024-10-20,COD,Delivered
13831,3368,2024-12-05,COD,Delivered
13832,3368,2024-10-20,UPI,Delivered
13833,3368,2024-07-06,Card,Delivered
13834,3369,2024-11-23,Card,Delivered
13835,3369,2024-11-05,NetBanking,Delivered
13836,3369,2024-05-28,Card,Delivered
13837,3370,2024-06-25,NetBanking,Returned
13838,3370,2024-04-29,NetBanking,Delivered
13839,3371,2024-12-20,UPI,Delivered
13840,3372,2024-07-25,COD,Cancelled
13841,3372,2023-05-13,NetBanking,Cancelled
13842,3372,2024-10-02,UPI,Delivered
13843,3372,2023-10-30,COD,Delivered
13844,3372,2023-06-04,,Delivered
13845,3372,2023-12-20,Card,Delivered
13846,3372,2024-11-11,Card,Returned
13847,3373,2024-12-06,UPI,Delivered
13848,3373,2023-08-17,NetBanking,Delivered
13849,3375,2024-04-06,COD,Delivered
13850,3375,2024-06-28,Card,Delivered
13851,3375,2024-11-29,NetBanking,Delivered
13852,3375,2024-01-11,COD,Delivered
13853,3375,2024-07-12,UPI,Delivered
13854,3375,2024-02-25,COD,Delivered
13855,3375,2024-04-13,Card,Delivered
13856,3375,2024-06-25,UPI,Delivered
13857,3375,2024-02-14,,Delivered
13858,3375,2024-11-14,Card,Delivered
13859,3376,2023-10-16,UPI,Delivered
13860,3376,2023-10-22,NetBanking,Delivered
13861,3376,2024-01-26,UPI,Delivered
13862,3378,2024-04-03,Card,Delivered
13863,3378,2024-08-20,Card,Delivered
13864,3378,2024-09-07,COD,Returned
13865,3378,2024-01-22,UPI,Delivered
13866,3378,2024-04-06,,Delivered
13867,3378,2024-02-09,COD,Delivered
13868,3378,2024-11-27,UPI,Delivered
13869,3379,2024-08-18,COD,Delivered
13870,3379,2024-10-28,UPI,Returned
13871,3379,2024-12-25,Wallet,Delivered
13872,3379,2024-09-05,,Returned
13873,3380,2023-10-15,,Delivered
13874,3380,2024-07-22,UPI,Delivered
13875,3380,2024-09-27,Card,Delivered
13876,3380,2024-04-30,COD,Delivered
13877,3380,2024-03-19,UPI,Delivered
13878,3381,2024-09-03,UPI,Delivered
13879,3381,2024-09-19,Card,Delivered
13880,3381,2024-08-10,COD,Delivered
13881,3383,2024-11-23,UPI,Delivered
13882,3383,2024-10-14,UPI,Delivered
13883,3383,2024-08-13,NetBanking,Delivered
13884,3383,2024-06-21,Wallet,Delivered
13885,3384,2024-07-04,Card,Delivered
13886,3384,2024-11-20,COD,Delivered
13887,3384,2024-06-13,UPI,Delivered
13888,3384,2024-11-30,NetBanking,Delivered
13889,3384,2024-11-19,NetBanking,Returned
13890,3384,2024-05-17,UPI,Delivered
13891,3384,2024-08-14,COD,Delivered
13892,3384,2024-09-29,UPI,Delivered
13893,3384,2024-05-29,Card,Delivered
13894,3385,2024-04-12,,Delivered
13895,3385,2024-10-05,NetBanking,Delivered
13896,3385,2024-05-27,Card,Delivered
13897,3385,2024-09-08,COD,Cancelled
13898,3385,2024-11-22,Card,Delivered
13899,3386,2023-06-27,Card,Delivered
13900,3386,2024-09-21,COD,Delivered
13901,3386,2024-05-20,UPI,Delivered
13902,3387,2024-10-10,Card,Delivered
13903,3388,2024-12-17,UPI,Delivered
13904,3388,2024-04-13,COD,Delivered
13905,3388,2024-05-19,NetBanking,Returned
13906,3389,2023-07-18,COD,Delivered
13907,3389,2023-08-20,NetBanking,Delivered
13908,3391,2024-12-24,UPI,Returned
13909,3391,2023-10-20,,Delivered
13910,3391,2023-10-03,COD,Delivered
13911,3391,2023-08-03,UPI,Delivered
13912,3391,2024-07-04,Card,Delivered
13913,3391,2024-11-15,COD,Delivered
13914,3391,2023-08-19,UPI,Delivered
13915,3391,2023-07-30,Card,Delivered
13916,3391,2024-11-16,COD,Returned
13917,3391,2024-07-05,UPI,Delivered
13918,3391,2024-12-16,COD,Returned
13919,3391,2024-08-09,Wallet,Delivered
13920,3391,2024-09-17,COD,Delivered
13921,3391,2024-02-12,COD,Delivered
13922,3392,2024-07-01,UPI,Delivered
13923,3392,2024-03-16,UPI,Delivered
13924,3392,2023-11-10,COD,Delivered
13925,3392,2024-04-15,Card,Delivered
13926,3392,2024-04-13,COD,Cancelled
13927,3392,2024-10-07,UPI,Delivered
13928,3392,2023-11-28,UPI,Delivered
13929,3393,2024-03-11,Card,Delivered
13930,3394,2024-11-09,UPI,Delivered
13931,3394,2024-12-02,Card,Delivered
13932,3394,2023-08-19,UPI,Delivered
13933,3395,2024-08-01,UPI,Delivered
13934,3395,2023-12-18,Card,Delivered
13935,3395,2024-07-11,Card,Cancelled
13936,3395,2024-03-18,COD,Delivered
13937,3395,2024-03-08,UPI,Delivered
13938,3395,2024-11-10,,Delivered
13939,3396,2024-11-20,Card,Delivered
13940,3396,2024-07-04,UPI,Returned
13941,3396,2024-10-14,UPI,Delivered
13942,3396,2024-11-30,Card,Delivered
13943,3396,2024-10-20,Card,Delivered
13944,3396,2024-10-24,NetBanking,Delivered
13945,3396,2024-11-22,Card,Delivered
13946,3397,2024-10-31,UPI,Delivered
13947,3397,2023-11-16,COD,Delivered
13948,3397,2024-09-25,UPI,Delivered
13949,3397,2024-12-01,,Delivered
13950,3398,2024-06-30,COD,Delivered
13951,3398,2024-09-03,UPI,Delivered
13952,3398,2024-11-23,UPI,Delivered
13953,3398,2024-10-10,UPI,Delivered
13954,3398,2024-07-19,UPI,Delivered
13955,3398,2024-08-08,UPI,Delivered
13956,3398,2024-09-03,UPI,Returned
13957,3399,2024-01-14,Card,Delivered
13958,3399,2024-04-15,NetBanking,Delivered
13959,3399,2023-10-03,UPI,Delivered
13960,3400,2024-08-01,UPI,Delivered
13961,3400,2024-09-18,UPI,Delivered
13962,3400,2024-12-09,COD,Delivered
13963,3400,2024-05-22,NetBanking,Delivered
13964,3400,2024-03-30,Card,Delivered
13965,3400,2024-03-18,NetBanking,Delivered
13966,3400,2024-02-21,NetBanking,Delivered
13967,3400,2024-11-08,UPI,Delivered
13968,3401,2024-10-03,UPI,Delivered
13969,3401,2024-04-13,Wallet,Delivered
13970,3401,2024-09-02,COD,Delivered
13971,3401,2024-04-21,COD,Cancelled
13972,3401,2024-09-08,Card,Delivered
13973,3401,2024-04-15,UPI,Delivered
13974,3401,2024-07-20,UPI,Delivered
13975,3401,2024-12-20,Card,Delivered
13976,3401,2024-03-17,Card,Delivered
13977,3401,2024-06-19,UPI,Delivered
13978,3401,2024-07-24,COD,Delivered
13979,3401,2024-10-01,COD,Delivered
13980,3401,2024-12-23,Wallet,Delivered
13981,3401,2024-10-12,COD,Delivered
13982,3401,2024-12-05,,Delivered
13983,3401,2024-05-11,UPI,Cancelled
13984,3401,2024-06-24,NetBanking,Delivered
13985,3402,2024-06-21,,Delivered
13986,3402,2024-09-25,Card,Delivered
13987,3402,2024-05-14,UPI,Delivered
13988,3402,2024-08-16,UPI,Delivered
13989,3402,2024-10-03,UPI,Delivered
13990,3402,2024-10-09,UPI,Delivered
13991,3405,2024-07-16,Card,Delivered
13992,3405,2024-10-30,COD,Delivered
13993,3405,2024-06-25,UPI,Delivered
13994,3405,2024-04-15,UPI,Delivered
13995,3405,2024-11-30,UPI,Delivered
13996,3406,2023-08-15,Wallet,Delivered
13997,3406,2023-10-10,UPI,Delivered
13998,3406,2023-10-18,Card,Delivered
13999,3406,2024-09-22,UPI,Delivered
14000,3406,2024-04-05,Card,Delivered
14001,3406,2024-09-23,UPI,Delivered
14002,3406,2024-09-14,NetBanking,Delivered
14003,3406,2023-11-12,Card,Delivered
14004,3407,2024-02-10,UPI,Returned
14005,3408,2024-08-18,UPI,Delivered
14006,3408,2024-09-07,Wallet,Delivered
14007,3408,2024-04-12,UPI,Delivered
14008,3408,2024-09-20,,Delivered
14009,3408,2024-07-20,NetBanking,Delivered
14010,3408,2024-07-20,Wallet,Delivered
14011,3408,2024-08-31,Wallet,Delivered
14012,3408,2024-09-07,UPI,Delivered
14013,3409,2024-06-02,Card,Delivered
14014,3409,2024-09-30,Card,Delivered
14015,3409,2024-06-26,COD,Delivered
14016,3409,2024-07-31,Card,Delivered
14017,3409,2024-06-07,Card,Delivered
14018,3409,2024-11-05,UPI,Returned
14019,3409,2024-09-08,,Delivered
14020,3409,2024-10-06,COD,Delivered
14021,3409,2024-11-11,Wallet,Delivered
14022,3409,2024-11-05,Card,Returned
14023,3410,2024-10-11,NetBanking,Delivered
14024,3410,2023-12-08,Wallet,Delivered
14025,3411,2024-09-07,UPI,Delivered
14026,3411,2024-06-20,UPI,Delivered
14027,3411,2023-11-23,Wallet,Delivered
14028,3411,2023-09-10,Card,Delivered
14029,3411,2023-11-01,UPI,Delivered
14030,3411,2024-03-25,,Delivered
14031,3411,2024-03-17,Card,Delivered
14032,3411,2024-11-20,UPI,Cancelled
14033,3412,2024-11-27,NetBanking,Delivered
14034,3412,2024-12-31,UPI,Cancelled
14035,3412,2024-06-26,Card,Cancelled
14036,3412,2024-10-26,NetBanking,Delivered
14037,3413,2023-07-12,NetBanking,Delivered
14038,3413,2023-08-26,UPI,Cancelled
14039,3414,2024-10-10,UPI,Delivered
14040,3414,2023-12-02,UPI,Delivered
14041,3414,2024-01-26,UPI,Delivered
14042,3415,2024-02-08,UPI,Delivered
14043,3415,2024-09-01,COD,Delivered
14044,3416,2024-06-02,UPI,Cancelled
14045,3416,2024-12-26,UPI,Delivered
14046,3416,2024-01-22,UPI,Delivered
14047,3416,2023-11-24,UPI,Delivered
14048,3417,2024-05-27,UPI,Delivered
14049,3417,2024-05-25,Card,Delivered
14050,3417,2024-04-21,Card,Delivered
14051,3418,2024-09-20,Card,Delivered
14052,3418,2024-08-18,UPI,Delivered
14053,3418,2024-09-27,Card,Returned
14054,3418,2024-06-25,NetBanking,Delivered
14055,3418,2024-09-17,COD,Returned
14056,3418,2024-08-20,Card,Delivered
14057,3418,2024-07-19,COD,Delivered
14058,3419,2023-08-24,UPI,Delivered
14059,3420,2023-07-26,Wallet,Delivered
14060,3420,2024-10-25,COD,Cancelled
14061,3420,2024-09-26,COD,Delivered
14062,3420,2023-09-16,COD,Delivered
14063,3420,2024-04-12,UPI,Delivered
14064,3420,2023-07-02,UPI,Delivered
14065,3420,2023-09-10,Card,Delivered
14066,3421,2023-10-07,Card,Returned
14067,3421,2024-02-03,NetBanking,Delivered
14068,3422,2024-03-06,Card,Delivered
14069,3422,2024-04-06,UPI,Delivered
14070,3422,2024-11-29,Card,Delivered
14071,3423,2023-12-23,UPI,Delivered
14072,3423,2023-11-27,COD,Delivered
14073,3423,2024-01-29,Card,Delivered
14074,3424,2023-09-29,UPI,Delivered
14075,3424,2024-05-14,UPI,Delivered
14076,3424,2024-11-05,COD,Delivered
14077,3425,2024-07-14,NetBanking,Delivered
14078,3425,2024-06-10,UPI,Delivered
14079,3425,2024-06-24,COD,Delivered
14080,3425,2024-06-08,Card,Delivered
14081,3425,2024-11-22,UPI,Delivered
14082,3425,2024-12-13,Card,Delivered
14083,3425,2024-09-19,Wallet,Delivered
14084,3425,2024-02-14,UPI,Delivered
14085,3425,2024-06-02,Card,Delivered
14086,3425,2024-05-04,UPI,Delivered
14087,3426,2024-06-27,Card,Delivered
14088,3426,2024-12-11,UPI,Delivered
14089,3426,2024-10-22,UPI,Delivered
14090,3427,2024-10-17,Card,Delivered
14091,3427,2024-10-31,COD,Delivered
14092,3427,2024-05-27,UPI,Delivered
14093,3427,2024-02-27,Card,Delivered
14094,3428,2024-08-11,COD,Delivered
14095,3428,2024-08-07,Card,Delivered
14096,3428,2024-12-22,COD,Delivered
14097,3428,2024-10-18,Card,Delivered
14098,3429,2024-10-04,UPI,Delivered
14099,3429,2024-11-29,UPI,Delivered
14100,3429,2024-10-03,UPI,Returned
14101,3429,2024-12-12,Card,Delivered
14102,3429,2024-11-23,UPI,Delivered
14103,3429,2024-03-10,Card,Delivered
14104,3430,2023-10-22,COD,Delivered
14105,3430,2023-10-17,UPI,Delivered
14106,3430,2023-10-21,UPI,Delivered
14107,3431,2023-12-20,COD,Delivered
14108,3431,2024-06-01,UPI,Delivered
14109,3431,2023-12-26,UPI,Returned
14110,3431,2024-09-28,Card,Delivered
14111,3431,2024-12-21,Wallet,Delivered
14112,3431,2024-03-22,Card,Delivered
14113,3431,2024-02-13,UPI,Delivered
14114,3431,2024-08-05,Card,Delivered
14115,3431,2024-09-06,UPI,Delivered
14116,3431,2023-06-25,UPI,Delivered
14117,3432,2024-05-18,Card,Delivered
14118,3432,2024-03-02,Card,Returned
14119,3432,2024-08-30,Wallet,Delivered
14120,3432,2024-07-25,COD,Delivered
14121,3432,2024-11-30,COD,Delivered
14122,3434,2023-07-23,NetBanking,Delivered
14123,3434,2024-06-23,UPI,Delivered
14124,3434,2024-10-28,Card,Delivered
14125,3434,2024-07-01,Wallet,Delivered
14126,3434,2024-09-27,Card,Delivered
14127,3434,2024-04-08,UPI,Delivered
14128,3435,2024-05-22,Wallet,Delivered
14129,3435,2024-08-03,UPI,Delivered
14130,3435,2023-07-11,UPI,Cancelled
14131,3435,2023-07-05,Card,Delivered
14132,3435,2024-04-30,UPI,Delivered
14133,3436,2024-12-07,Card,Returned
14134,3436,2023-12-03,UPI,Delivered
14135,3436,2024-03-23,UPI,Delivered
14136,3437,2023-07-05,UPI,Cancelled
14137,3438,2024-05-14,UPI,Delivered
14138,3439,2024-08-20,Card,Returned
14139,3439,2024-08-05,COD,Returned
14140,3439,2024-06-19,UPI,Delivered
14141,3440,2024-10-28,COD,Delivered
14142,3440,2024-08-10,NetBanking,Delivered
14143,3440,2024-09-29,Card,Delivered
14144,3441,2024-08-26,Wallet,Returned
14145,3441,2024-07-17,Card,Returned
14146,3442,2024-02-27,Wallet,Delivered
14147,3442,2024-04-15,UPI,Delivered
14148,3442,2024-07-30,COD,Returned
14149,3442,2024-04-29,UPI,Delivered
14150,3443,2024-12-16,NetBanking,Delivered
14151,3443,2024-01-05,UPI,Delivered
14152,3443,2024-09-29,UPI,Delivered
14153,3443,2024-10-09,Card,Delivered
14154,3443,2024-08-31,UPI,Delivered
14155,3443,2024-06-29,UPI,Cancelled
14156,3443,2024-06-19,UPI,Delivered
14157,3443,2023-12-24,UPI,Delivered
14158,3443,2023-10-31,UPI,Returned
14159,3443,2024-01-25,UPI,Delivered
14160,3443,2023-12-02,UPI,Delivered
14161,3444,2023-12-08,COD,Delivered
14162,3444,2023-08-30,UPI,Delivered
14163,3445,2024-09-05,Card,Delivered
14164,3445,2024-12-18,Card,Delivered
14165,3445,2024-10-10,Card,Delivered
14166,3446,2024-05-18,Card,Delivered
14167,3446,2024-12-03,Card,Delivered
14168,3446,2024-10-25,Card,Returned
14169,3447,2024-08-31,Card,Delivered
14170,3447,2023-08-25,,Delivered
14171,3447,2024-06-27,UPI,Delivered
14172,3448,2024-08-13,UPI,Returned
14173,3448,2024-07-16,UPI,Delivered
14174,3448,2024-07-06,Card,Delivered
14175,3448,2023-11-27,COD,Delivered
14176,3449,2023-11-26,Card,Delivered
14177,3449,2024-06-21,COD,Returned
14178,3449,2024-11-04,COD,Delivered
14179,3449,2024-04-10,UPI,Delivered
14180,3449,2024-12-06,Card,Delivered
14181,3450,2024-02-24,UPI,Delivered
14182,3450,2024-12-20,UPI,Delivered
14183,3450,2024-03-26,NetBanking,Delivered
14184,3450,2023-12-13,COD,Delivered
14185,3450,2024-11-09,UPI,Delivered
14186,3451,2023-11-03,COD,Delivered
14187,3451,2024-09-20,COD,Delivered
14188,3451,2024-04-12,UPI,Delivered
14189,3451,2024-02-12,UPI,Delivered
14190,3451,2024-04-27,UPI,Delivered
14191,3451,2024-07-01,Card,Delivered
14192,3451,2024-10-03,,Delivered
14193,3451,2024-11-25,UPI,Delivered
14194,3451,2024-08-28,UPI,Delivered
14195,3451,2024-12-29,NetBanking,Delivered
14196,3451,2023-11-13,UPI,Delivered
14197,3451,2023-11-12,UPI,Delivered
14198,3451,2024-10-15,,Delivered
14199,3451,2024-08-01,Card,Delivered
14200,3453,2023-10-29,UPI,Delivered
14201,3453,2024-04-13,Card,Delivered
14202,3453,2023-12-30,Card,Delivered
14203,3453,2024-04-19,UPI,Delivered
14204,3453,2023-10-10,COD,Delivered
14205,3453,2023-12-09,,Returned
14206,3453,2024-02-02,UPI,Delivered
14207,3455,2024-05-04,UPI,Delivered
14208,3455,2024-09-04,UPI,Delivered
14209,3456,2024-04-23,NetBanking,Delivered
14210,3456,2024-12-16,COD,Delivered
14211,3456,2024-12-01,COD,Delivered
14212,3456,2024-12-28,NetBanking,Delivered
14213,3456,2024-10-25,UPI,Delivered
14214,3456,2024-10-19,NetBanking,Delivered
14215,3456,2024-06-17,NetBanking,Delivered
14216,3456,2024-10-18,COD,Delivered
14217,3457,2024-09-15,Card,Delivered
14218,3457,2024-04-02,NetBanking,Delivered
14219,3457,2024-03-19,UPI,Delivered
14220,3457,2024-11-15,UPI,Delivered
14221,3457,2024-04-02,UPI,Delivered
14222,3457,2024-07-22,UPI,Delivered
14223,3458,2023-06-22,COD,Returned
14224,3458,2024-02-18,Card,Delivered
14225,3458,2023-03-28,Card,Delivered
14226,3458,2024-11-10,Card,Delivered
14227,3459,2024-11-02,UPI,Delivered
14228,3459,2024-06-19,UPI,Delivered
14229,3459,2024-07-01,UPI,Delivered
14230,3459,2024-09-20,COD,Delivered
14231,3459,2024-11-28,UPI,Delivered
14232,3460,2024-07-23,UPI,Delivered
14233,3460,2024-12-10,Card,Delivered
14234,3460,2024-11-20,Card,Returned
14235,3460,2024-08-04,Card,Delivered
14236,3460,2024-12-13,Card,Delivered
14237,3460,2024-02-13,Card,Delivered
14238,3460,2023-09-28,COD,Delivered
14239,3460,2024-03-22,UPI,Delivered
14240,3460,2024-08-01,Card,Delivered
14241,3460,2024-10-13,Card,Delivered
14242,3460,2024-12-04,UPI,Delivered
14243,3460,2024-05-03,,Delivered
14244,3460,2024-01-27,NetBanking,Delivered
14245,3460,2023-12-07,COD,Delivered
14246,3461,2024-03-24,COD,Returned
14247,3463,2024-04-27,NetBanking,Delivered
14248,3463,2024-08-20,UPI,Delivered
14249,3463,2024-07-23,Card,Delivered
14250,3464,2024-02-01,UPI,Delivered
14251,3465,2023-09-15,NetBanking,Delivered
14252,3465,2023-12-11,Card,Delivered
14253,3466,2024-10-05,Card,Delivered
14254,3466,2024-11-30,Card,Delivered
14255,3466,2024-08-11,Card,Delivered
14256,3466,2024-04-17,UPI,Delivered
14257,3466,2024-09-17,Card,Delivered
14258,3466,2024-10-31,UPI,Delivered
14259,3466,2024-11-26,UPI,Delivered
14260,3467,2023-12-17,UPI,Delivered
14261,3467,2024-03-29,UPI,Delivered
14262,3469,2024-11-27,Card,Delivered
14263,3469,2024-11-19,UPI,Delivered
14264,3469,2024-03-19,,Delivered
14265,3470,2024-12-13,Card,Delivered
14266,3470,2024-06-14,UPI,Delivered
14267,3470,2024-08-10,UPI,Delivered
14268,3470,2024-11-26,Card,Delivered
14269,3470,2024-09-10,NetBanking,Delivered
14270,3471,2024-02-06,UPI,Delivered
14271,3471,2024-11-30,UPI,Delivered
14272,3471,2024-08-16,COD,Delivered
14273,3471,2024-01-07,Wallet,Delivered
14274,3472,2024-09-24,Wallet,Delivered
14275,3472,2024-12-20,Card,Delivered
14276,3472,2024-12-01,UPI,Delivered
14277,3472,2024-08-22,COD,Delivered
14278,3472,2024-07-05,COD,Delivered
14279,3472,2024-07-12,Card,Delivered
14280,3472,2024-11-12,UPI,Delivered
14281,3472,2024-10-07,UPI,Delivered
14282,3473,2024-04-09,Card,Delivered
14283,3473,2024-05-12,UPI,Delivered
14284,3473,2024-10-09,Card,Returned
14285,3473,2024-03-03,COD,Delivered
14286,3473,2024-11-30,Card,Cancelled
14287,3473,2024-10-31,UPI,Delivered
14288,3474,2024-05-08,COD,Delivered
14289,3474,2024-07-20,UPI,Delivered
14290,3475,2024-12-11,UPI,Delivered
14291,3476,2024-11-21,UPI,Delivered
14292,3476,2024-01-31,NetBanking,Delivered
14293,3476,2023-10-08,Card,Delivered
14294,3476,2023-09-29,UPI,Delivered
14295,3476,2023-05-20,Card,Delivered
14296,3476,2024-08-25,UPI,Cancelled
14297,3476,2023-10-19,UPI,Delivered
14298,3476,2024-09-23,,Delivered
14299,3476,2024-04-09,Wallet,Delivered
14300,3476,2024-08-04,COD,Delivered
14301,3476,2023-09-16,UPI,Delivered
14302,3476,2023-08-16,UPI,Returned
14303,3476,2023-12-27,UPI,Delivered
14304,3476,2023-11-26,UPI,Returned
14305,3476,2024-03-07,Wallet,Delivered
14306,3476,2024-08-29,UPI,Delivered
14307,3476,2024-11-17,COD,Delivered
14308,3476,2024-05-11,UPI,Delivered
14309,3476,2023-09-30,COD,Delivered
14310,3477,2024-10-08,COD,Delivered
14311,3477,2023-12-08,UPI,Delivered
14312,3477,2024-09-05,UPI,Delivered
14313,3479,2024-01-13,Card,Delivered
14314,3479,2023-09-15,UPI,Delivered
14315,3479,2024-07-15,UPI,Returned
14316,3479,2024-10-01,COD,Delivered
14317,3479,2024-07-16,Card,Delivered
14318,3479,2024-10-18,Card,Delivered
14319,3479,2024-10-02,Card,Delivered
14320,3479,2024-12-19,UPI,Delivered
14321,3479,2024-03-27,COD,Delivered
14322,3479,2023-09-25,UPI,Delivered
14323,3480,2024-10-12,UPI,Delivered
14324,3480,2024-10-23,NetBanking,Delivered
14325,3480,2024-12-24,NetBanking,Returned
14326,3481,2024-07-30,UPI,Delivered
14327,3481,2024-11-11,Card,Delivered
14328,3481,2024-09-26,COD,Delivered
14329,3481,2024-10-30,UPI,Returned
14330,3481,2024-11-03,UPI,Delivered
14331,3481,2024-10-21,COD,Delivered
14332,3481,2024-11-05,COD,Returned
14333,3481,2024-05-24,COD,Delivered
14334,3481,2024-04-12,UPI,Delivered
14335,3481,2024-05-05,Card,Delivered
14336,3482,2023-11-27,,Delivered
14337,3482,2023-09-01,Card,Delivered
14338,3482,2023-07-26,Card,Delivered
14339,3482,2024-08-06,Card,Delivered
14340,3482,2023-11-20,UPI,Delivered
14341,3482,2023-12-29,Card,Delivered
14342,3482,2024-11-30,Card,Delivered
14343,3482,2023-09-25,UPI,Delivered
14344,3482,2023-12-11,UPI,Delivered
14345,3483,2024-10-13,,Delivered
14346,3483,2024-10-24,UPI,Delivered
14347,3483,2024-12-02,Card,Delivered
14348,3483,2024-04-25,UPI,Delivered
14349,3483,2024-06-08,UPI,Delivered
14350,3483,2024-07-30,UPI,Delivered
14351,3484,2024-01-16,UPI,Delivered
14352,3484,2023-12-31,COD,Delivered
14353,3484,2023-09-16,Card,Delivered
14354,3484,2024-04-21,UPI,Delivered
14355,3484,2024-09-01,UPI,Delivered
14356,3484,2024-03-02,UPI,Delivered
14357,3484,2024-10-15,COD,Delivered
14358,3484,2023-11-03,UPI,Delivered
14359,3484,2023-11-05,Wallet,Delivered
14360,3485,2023-08-13,Card,Delivered
14361,3486,2024-04-16,Wallet,Delivered
14362,3486,2023-06-10,UPI,Delivered
14363,3486,2023-02-07,NetBanking,Delivered
14364,3487,2024-05-04,NetBanking,Delivered
14365,3487,2023-08-01,UPI,Delivered
14366,3487,2023-07-26,Wallet,Delivered
14367,3487,2024-11-19,UPI,Delivered
14368,3487,2024-07-08,UPI,Delivered
14369,3487,2024-06-19,UPI,Delivered
14370,3487,2024-09-10,UPI,Delivered
14371,3487,2023-07-13,Card,Delivered
14372,3488,2024-10-21,Card,Delivered
14373,3488,2024-11-08,UPI,Delivered
14374,3489,2024-10-05,UPI,Returned
14375,3490,2024-03-30,UPI,Delivered
14376,3490,2024-07-07,COD,Delivered
14377,3490,2024-10-05,UPI,Delivered
14378,3491,2024-09-20,Card,Returned
14379,3491,2024-08-26,Card,Delivered
14380,3491,2023-09-14,COD,Delivered
14381,3492,2024-03-20,Card,Delivered
14382,3492,2024-11-12,Wallet,Delivered
14383,3494,2024-12-10,,Delivered
14384,3494,2024-12-06,UPI,Delivered
14385,3494,2024-11-12,NetBanking,Delivered
14386,3494,2024-11-27,Card,Delivered
14387,3494,2024-09-23,UPI,Delivered
14388,3494,2024-03-13,Card,Delivered
14389,3494,2024-03-07,UPI,Delivered
14390,3494,2024-11-08,UPI,Delivered
14391,3496,2024-08-10,UPI,Delivered
14392,3496,2023-11-24,UPI,Delivered
14393,3496,2024-08-09,UPI,Delivered
14394,3496,2024-03-08,Card,Delivered
14395,3496,2023-12-10,Card,Delivered
14396,3496,2024-08-07,Card,Delivered
14397,3496,2024-11-24,Card,Delivered
14398,3496,2024-10-07,UPI,Delivered
14399,3496,2023-12-07,COD,Delivered
14400,3496,2023-12-11,Card,Delivered
14401,3496,2024-05-19,UPI,Delivered
14402,3496,2023-10-22,Card,Delivered
14403,3497,2023-09-03,UPI,Cancelled
14404,3497,2023-04-13,COD,Delivered
14405,3498,2023-09-15,UPI,Delivered
14406,3499,2024-04-17,,Delivered
14407,3499,2023-12-13,UPI,Returned
14408,3500,2024-11-24,Card,Delivered
14409,3500,2023-09-04,COD,Delivered
14410,3500,2023-11-28,UPI,Delivered
14411,3501,2024-08-02,UPI,Delivered
14412,3501,2023-05-20,Card,Delivered
14413,3501,2023-11-19,NetBanking,Delivered
14414,3501,2024-01-09,COD,Delivered
14415,3501,2024-07-22,NetBanking,Cancelled
14416,3502,2024-11-11,COD,Delivered
14417,3502,2024-04-26,,Delivered
14418,3502,2024-01-25,Card,Delivered
14419,3502,2024-10-25,Card,Delivered
14420,3502,2024-03-21,Wallet,Delivered
14421,3502,2024-06-07,COD,Delivered
14422,3502,2024-06-13,Card,Delivered
14423,3502,2024-11-09,Card,Delivered
14424,3502,2024-04-09,Wallet,Delivered
14425,3502,2024-09-15,UPI,Delivered
14426,3502,2024-12-31,NetBanking,Delivered
14427,3502,2024-09-02,UPI,Delivered
14428,3503,2024-08-10,UPI,Delivered
14429,3503,2023-10-22,UPI,Delivered
14430,3503,2024-02-02,UPI,Delivered
14431,3503,2024-10-17,Card,Delivered
14432,3503,2024-09-12,UPI,Delivered
14433,3504,2023-12-05,,Delivered
14434,3504,2023-08-26,UPI,Delivered
14435,3504,2023-05-13,UPI,Delivered
14436,3505,2023-04-09,Card,Delivered
14437,3505,2024-11-12,,Returned
14438,3506,2024-10-03,NetBanking,Delivered
14439,3506,2024-05-16,UPI,Delivered
14440,3506,2024-05-26,Card,Delivered
14441,3506,2024-06-15,NetBanking,Delivered
14442,3506,2024-05-29,UPI,Delivered
14443,3506,2024-06-03,COD,Delivered
14444,3506,2024-07-13,Card,Delivered
14445,3506,2024-07-19,Card,Returned
14446,3506,2024-10-31,Wallet,Delivered
14447,3506,2024-09-17,UPI,Cancelled
14448,3508,2024-12-01,COD,Delivered
14449,3508,2024-12-15,COD,Returned
14450,3508,2024-12-31,Card,Delivered
14451,3508,2024-07-31,UPI,Delivered
14452,3508,2024-04-29,UPI,Delivered
14453,3508,2024-07-26,Card,Delivered
14454,3508,2024-09-30,COD,Delivered
14455,3508,2024-03-29,Card,Delivered
14456,3508,2024-06-18,UPI,Delivered
14457,3508,2024-12-17,UPI,Delivered
14458,3509,2024-06-27,UPI,Delivered
14459,3509,2024-01-27,UPI,Delivered
14460,3509,2024-01-11,UPI,Delivered
14461,3509,2024-01-06,COD,Delivered
14462,3509,2023-05-08,Card,Delivered
14463,3509,2024-09-10,Card,Delivered
14464,3509,2023-10-22,UPI,Delivered
14465,3510,2024-05-13,UPI,Delivered
14466,3510,2024-05-22,UPI,Delivered
14467,3510,2024-01-24,UPI,Delivered
14468,3510,2024-03-19,NetBanking,Delivered
14469,3511,2024-11-12,Wallet,Delivered
14470,3511,2024-06-21,UPI,Delivered
14471,3511,2024-11-07,,Delivered
14472,3511,2024-11-30,UPI,Delivered
14473,3511,2024-09-07,Card,Delivered
14474,3511,2024-09-03,UPI,Delivered
14475,3511,2024-08-19,Card,Delivered
14476,3512,2024-08-12,COD,Delivered
14477,3512,2023-12-25,NetBanking,Delivered
14478,3512,2024-06-08,NetBanking,Delivered
14479,3512,2024-06-30,UPI,Delivered
14480,3513,2024-02-08,COD,Returned
14481,3513,2024-10-07,UPI,Delivered
14482,3513,2023-06-02,UPI,Delivered
14483,3513,2023-07-09,UPI,Delivered
14484,3513,2023-11-29,UPI,Delivered
14485,3513,2024-03-30,Card,Delivered
14486,3513,2024-08-01,Card,Delivered
14487,3513,2024-03-27,UPI,Delivered
14488,3513,2023-08-24,COD,Delivered
14489,3513,2024-10-18,UPI,Delivered
14490,3514,2024-06-09,NetBanking,Delivered
14491,3514,2024-11-02,COD,Delivered
14492,3515,2023-07-26,UPI,Delivered
14493,3515,2024-06-11,Card,Delivered
14494,3515,2023-12-21,Card,Delivered
14495,3515,2024-09-25,UPI,Delivered
14496,3516,2024-08-06,Wallet,Delivered
14497,3516,2024-07-04,UPI,Returned
14498,3517,2023-10-24,COD,Delivered
14499,3517,2024-01-27,COD,Delivered
14500,3518,2024-07-24,COD,Delivered
14501,3518,2024-06-30,UPI,Delivered
14502,3518,2024-06-20,COD,Delivered
14503,3518,2024-11-09,Card,Delivered
14504,3518,2024-05-12,NetBanking,Delivered
14505,3518,2024-09-04,UPI,Delivered
14506,3518,2024-11-02,Card,Delivered
14507,3518,2024-06-11,UPI,Delivered
14508,3518,2024-07-08,COD,Delivered
14509,3519,2024-03-20,Wallet,Delivered
14510,3519,2024-06-21,UPI,Delivered
14511,3519,2024-08-03,UPI,Delivered
14512,3519,2024-11-13,COD,Delivered
14513,3519,2024-08-22,Card,Cancelled
14514,3519,2024-12-17,UPI,Delivered
14515,3519,2024-05-10,Wallet,Delivered
14516,3520,2024-05-15,UPI,Delivered
14517,3520,2024-09-26,NetBanking,Delivered
14518,3520,2024-07-06,UPI,Delivered
14519,3520,2024-10-18,Card,Delivered
14520,3520,2024-12-24,UPI,Delivered
14521,3520,2024-12-31,COD,Delivered
14522,3520,2024-08-28,COD,Delivered
14523,3520,2024-11-10,UPI,Delivered
14524,3520,2024-12-23,UPI,Delivered
14525,3520,2024-10-03,COD,Delivered
14526,3522,2024-10-23,UPI,Delivered
14527,3522,2023-10-24,UPI,Delivered
14528,3522,2024-08-07,UPI,Delivered
14529,3522,2024-02-28,Card,Delivered
14530,3522,2023-11-19,UPI,Delivered
14531,3522,2024-04-18,COD,Delivered
14532,3522,2024-09-28,COD,Delivered
14533,3522,2023-09-01,UPI,Delivered
14534,3522,2023-08-15,Card,Delivered
14535,3522,2024-11-22,Card,Delivered
14536,3523,2024-05-15,UPI,Delivered
14537,3524,2023-09-08,COD,Delivered
14538,3524,2024-04-23,UPI,Delivered
14539,3524,2023-05-29,Card,Cancelled
14540,3525,2024-11-08,NetBanking,Delivered
14541,3525,2024-11-24,COD,Delivered
14542,3525,2024-03-11,UPI,Delivered
14543,3526,2023-04-26,Card,Delivered
14544,3526,2023-09-17,NetBanking,Delivered
14545,3526,2024-08-29,Card,Delivered
14546,3526,2023-09-16,Card,Returned
14547,3527,2024-05-24,Card,Delivered
14548,3528,2023-05-18,COD,Delivered
14549,3528,2023-07-02,UPI,Delivered
14550,3528,2024-10-08,COD,Returned
14551,3528,2024-07-24,Card,Delivered
14552,3528,2024-08-26,UPI,Delivered
14553,3528,2024-11-14,COD,Delivered
14554,3528,2023-10-07,Card,Delivered
14555,3528,2024-08-10,,Returned
14556,3528,2023-11-06,Card,Delivered
14557,3528,2024-09-10,NetBanking,Delivered
14558,3529,2024-07-22,Card,Delivered
14559,3531,2023-10-26,COD,Delivered
14560,3531,2024-08-20,Card,Delivered
14561,3531,2024-08-24,COD,Delivered
14562,3532,2023-07-04,COD,Delivered
14563,3532,2023-08-25,Wallet,Delivered
14564,3532,2024-06-27,Card,Delivered
14565,3532,2023-06-20,UPI,Cancelled
14566,3533,2023-02-03,NetBanking,Delivered
14567,3533,2023-07-06,COD,Delivered
14568,3533,2023-03-03,Card,Delivered
14569,3533,2024-07-15,COD,Delivered
14570,3533,2024-03-01,Card,Delivered
14571,3533,2023-03-07,COD,Delivered
14572,3533,2024-04-29,Wallet,Delivered
14573,3533,2024-09-27,COD,Delivered
14574,3533,2023-03-01,COD,Delivered
14575,3533,2023-05-20,COD,Delivered
14576,3535,2024-11-08,Card,Delivered
14577,3537,2024-04-10,Card,Delivered
14578,3537,2024-11-05,Wallet,Delivered
14579,3537,2023-03-21,COD,Returned
14580,3538,2024-07-26,UPI,Delivered
14581,3538,2024-09-18,UPI,Delivered
14582,3538,2024-11-11,UPI,Delivered
14583,3538,2024-08-06,COD,Delivered
14584,3538,2024-08-08,UPI,Delivered
14585,3538,2024-11-12,NetBanking,Delivered
14586,3538,2023-08-10,UPI,Cancelled
14587,3539,2023-11-07,COD,Delivered
14588,3539,2024-08-09,NetBanking,Delivered
14589,3539,2024-04-11,,Delivered
14590,3539,2024-01-07,UPI,Delivered
14591,3540,2024-11-05,Card,Delivered
14592,3540,2024-05-20,COD,Delivered
14593,3540,2024-11-28,NetBanking,Delivered
14594,3540,2024-05-31,Card,Cancelled
14595,3540,2024-06-22,UPI,Delivered
14596,3540,2024-10-20,UPI,Delivered
14597,3540,2024-07-15,Card,Delivered
14598,3541,2024-02-02,COD,Delivered
14599,3541,2024-03-09,NetBanking,Delivered
14600,3541,2024-09-25,Card,Delivered
14601,3541,2024-05-25,Wallet,Delivered
14602,3541,2024-12-27,COD,Delivered
14603,3543,2023-03-31,Card,Delivered
14604,3544,2024-05-19,UPI,Delivered
14605,3544,2024-12-16,Card,Delivered
14606,3544,2024-12-06,UPI,Delivered
14607,3544,2024-09-18,UPI,Delivered
14608,3544,2024-06-17,NetBanking,Delivered
14609,3544,2024-09-10,UPI,Delivered
14610,3544,2024-11-28,NetBanking,Delivered
14611,3545,2024-08-16,UPI,Delivered
14612,3546,2024-10-29,UPI,Delivered
14613,3546,2024-10-11,COD,Delivered
14614,3546,2024-12-07,Wallet,Delivered
14615,3548,2024-11-08,UPI,Delivered
14616,3548,2024-10-06,UPI,Delivered
14617,3548,2024-10-03,,Delivered
14618,3549,2023-06-21,NetBanking,Delivered
14619,3549,2023-11-15,Card,Delivered
14620,3549,2024-06-06,Card,Delivered
14621,3549,2023-08-04,UPI,Delivered
14622,3549,2024-02-27,UPI,Delivered
14623,3549,2024-06-03,UPI,Delivered
14624,3549,2023-10-25,COD,Delivered
14625,3549,2023-10-21,NetBanking,Delivered
14626,3549,2024-07-21,UPI,Delivered
14627,3549,2024-12-19,Card,Delivered
14628,3549,2023-11-26,COD,Delivered
14629,3549,2023-10-17,UPI,Delivered
14630,3549,2024-12-24,UPI,Returned
14631,3550,2024-02-25,NetBanking,Delivered
14632,3550,2024-06-14,UPI,Delivered
14633,3550,2024-09-03,UPI,Cancelled
14634,3550,2024-01-24,UPI,Delivered
14635,3551,2024-08-14,Card,Delivered
14636,3552,2023-12-12,Card,Delivered
14637,3552,2024-08-17,Wallet,Delivered
14638,3552,2024-11-16,Card,Delivered
14639,3552,2024-09-25,UPI,Delivered
14640,3552,2024-11-17,UPI,Delivered
14641,3552,2024-08-10,NetBanking,Delivered
14642,3553,2024-10-01,COD,Delivered
14643,3553,2024-05-30,Card,Delivered
14644,3553,2024-12-18,Card,Delivered
14645,3553,2024-09-06,UPI,Delivered
14646,3554,2024-10-25,Card,Delivered
14647,3554,2024-09-21,UPI,Delivered
14648,3555,2024-08-30,COD,Delivered
14649,3555,2024-07-05,NetBanking,Delivered
14650,3555,2023-10-24,NetBanking,Delivered
14651,3555,2023-12-24,UPI,Delivered
14652,3555,2023-11-15,Card,Delivered
14653,3555,2023-10-13,Card,Delivered
14654,3555,2024-03-07,Card,Delivered
14655,3555,2023-11-10,COD,Delivered
14656,3555,2023-09-20,Card,Delivered
14657,3555,2023-11-13,UPI,Delivered
14658,3556,2024-08-04,UPI,Delivered
14659,3556,2024-08-05,Card,Delivered
14660,3556,2024-12-26,COD,Delivered
14661,3556,2024-07-10,UPI,Delivered
14662,3556,2024-06-01,UPI,Delivered
14663,3556,2024-11-09,UPI,Delivered
14664,3556,2024-07-18,NetBanking,Delivered
14665,3556,2024-04-11,UPI,Delivered
14666,3556,2024-09-23,Card,Delivered
14667,3556,2023-11-28,COD,Delivered
14668,3556,2024-08-17,UPI,Delivered
14669,3556,2024-10-04,UPI,Delivered
14670,3556,2024-07-29,NetBanking,Delivered
14671,3556,2023-11-15,Card,Delivered
14672,3556,2024-05-15,Card,Cancelled
14673,3557,2024-10-02,Card,Returned
14674,3557,2024-12-17,Card,Delivered
14675,3557,2024-09-08,UPI,Delivered
14676,3558,2023-07-19,NetBanking,Returned
14677,3558,2023-10-31,UPI,Returned
14678,3558,2024-10-29,Card,Delivered
14679,3558,2024-12-12,UPI,Delivered
14680,3558,2024-05-18,Card,Delivered
14681,3558,2024-10-21,Card,Delivered
14682,3559,2024-02-15,Card,Delivered
14683,3559,2024-04-26,COD,Delivered
14684,3560,2024-08-25,UPI,Delivered
14685,3560,2024-07-16,Card,Delivered
14686,3560,2024-05-11,UPI,Cancelled
14687,3561,2024-12-04,NetBanking,Delivered
14688,3561,2024-03-10,COD,Delivered
14689,3561,2024-07-12,UPI,Returned
14690,3561,2023-11-29,UPI,Delivered
14691,3561,2023-10-29,UPI,Delivered
14692,3561,2023-08-08,UPI,Delivered
14693,3562,2024-08-16,COD,Delivered
14694,3562,2023-04-13,UPI,Delivered
14695,3562,2023-04-03,UPI,Delivered
14696,3562,2023-08-06,Card,Delivered
14697,3562,2024-12-21,UPI,Delivered
14698,3562,2023-11-11,UPI,Delivered
14699,3562,2024-05-23,COD,Delivered
14700,3563,2024-01-27,NetBanking,Delivered
14701,3564,2024-11-12,Card,Delivered
14702,3564,2024-06-02,COD,Delivered
14703,3564,2024-11-18,COD,Delivered
14704,3564,2024-06-30,UPI,Delivered
14705,3565,2024-08-30,COD,Delivered
14706,3565,2024-03-01,COD,Delivered
14707,3565,2024-12-24,COD,Delivered
14708,3565,2024-03-11,Card,Delivered
14709,3565,2024-04-12,Card,Delivered
14710,3565,2024-03-13,UPI,Delivered
14711,3565,2024-10-05,COD,Delivered
14712,3565,2024-06-17,COD,Returned
14713,3565,2024-12-03,Card,Delivered
14714,3565,2024-09-26,COD,Delivered
14715,3565,2024-11-09,UPI,Returned
14716,3565,2024-04-21,Card,Returned
14717,3566,2024-11-06,UPI,Delivered
14718,3566,2024-12-12,Card,Delivered
14719,3566,2024-03-05,UPI,Delivered
14720,3566,2023-07-20,UPI,Delivered
14721,3566,2023-10-24,UPI,Delivered
14722,3566,2024-09-06,Card,Delivered
14723,3567,2024-01-12,NetBanking,Delivered
14724,3567,2023-11-02,UPI,Delivered
14725,3567,2023-11-06,NetBanking,Delivered
14726,3567,2023-10-29,COD,Delivered
14727,3567,2023-10-11,NetBanking,Delivered
14728,3568,2024-12-06,COD,Delivered
14729,3569,2024-11-12,Card,Delivered
14730,3569,2024-11-01,Card,Delivered
14731,3572,2024-10-14,UPI,Delivered
14732,3573,2024-04-04,Card,Returned
14733,3573,2024-11-21,Card,Delivered
14734,3573,2024-07-01,COD,Delivered
14735,3573,2024-08-02,Card,Delivered
14736,3573,2024-10-23,UPI,Delivered
14737,3574,2023-09-07,UPI,Delivered
14738,3574,2024-12-17,COD,Delivered
14739,3575,2024-10-03,Card,Delivered
14740,3575,2024-10-20,UPI,Delivered
14741,3575,2024-11-02,COD,Delivered
14742,3576,2024-12-03,UPI,Delivered
14743,3576,2024-11-26,UPI,Delivered
14744,3576,2024-08-12,UPI,Delivered
14745,3576,2024-12-25,UPI,Delivered
14746,3577,2024-10-16,UPI,Delivered
14747,3577,2024-04-12,COD,Delivered
14748,3578,2024-12-30,Card,Delivered
14749,3578,2024-08-14,Wallet,Delivered
14750,3578,2024-10-09,UPI,Delivered
14751,3579,2024-08-19,UPI,Delivered
14752,3579,2024-06-22,Card,Delivered
14753,3579,2024-05-07,Card,Delivered
14754,3579,2024-05-20,Card,Delivered
14755,3579,2024-08-05,UPI,Delivered
14756,3579,2024-10-08,UPI,Delivered
14757,3580,2023-11-22,COD,Delivered
14758,3580,2024-09-04,COD,Delivered
14759,3581,2024-12-29,UPI,Delivered
14760,3581,2024-05-15,COD,Delivered
14761,3581,2024-12-18,COD,Delivered
14762,3581,2024-11-27,UPI,Delivered
14763,3581,2024-07-16,Card,Delivered
14764,3581,2024-11-30,UPI,Delivered
14765,3581,2024-05-09,COD,Returned
14766,3581,2024-12-21,UPI,Delivered
14767,3581,2024-10-13,COD,Delivered
14768,3583,2024-05-23,COD,Delivered
14769,3584,2023-11-25,UPI,Delivered
14770,3584,2024-10-08,NetBanking,Cancelled
14771,3584,2023-08-16,COD,Delivered
14772,3584,2024-05-27,Card,Delivered
14773,3584,2023-11-20,Card,Delivered
14774,3584,2024-12-15,Card,Delivered
14775,3584,2023-10-22,COD,Cancelled
14776,3584,2023-08-04,UPI,Delivered
14777,3585,2024-10-09,Card,Delivered
14778,3585,2024-03-20,NetBanking,Delivered
14779,3585,2024-02-22,COD,Delivered
14780,3586,2024-04-24,UPI,Returned
14781,3586,2024-07-08,NetBanking,Returned
14782,3586,2023-09-22,UPI,Delivered
14783,3586,2024-06-06,COD,Delivered
14784,3587,2023-09-26,UPI,Delivered
14785,3587,2024-09-15,UPI,Returned
14786,3587,2024-02-26,Card,Delivered
14787,3588,2024-01-26,UPI,Delivered
14788,3589,2024-04-19,Wallet,Delivered
14789,3589,2024-10-17,Wallet,Delivered
14790,3589,2024-10-16,UPI,Delivered
14791,3590,2024-09-23,Wallet,Delivered
14792,3590,2024-11-05,Wallet,Delivered
14793,3590,2024-11-12,UPI,Delivered
14794,3591,2023-08-15,UPI,Delivered
14795,3591,2023-12-28,Card,Delivered
14796,3591,2023-10-27,UPI,Delivered
14797,3591,2023-04-01,Card,Delivered
14798,3591,2024-01-19,Card,Delivered
14799,3591,2024-06-05,COD,Delivered
14800,3592,2023-08-14,Card,Delivered
14801,3593,2024-11-11,Card,Delivered
14802,3593,2024-08-22,Card,Delivered
14803,3593,2024-07-07,NetBanking,Delivered
14804,3593,2024-10-24,UPI,Delivered
14805,3593,2024-07-21,UPI,Delivered
14806,3593,2024-11-13,UPI,Delivered
14807,3593,2024-09-30,COD,Delivered
14808,3593,2024-12-07,UPI,Delivered
14809,3593,2024-09-23,COD,Delivered
14810,3594,2024-04-26,UPI,Delivered
14811,3594,2024-11-30,UPI,Delivered
14812,3594,2024-08-26,COD,Delivered
14813,3595,2024-10-15,UPI,Delivered
14814,3595,2024-04-29,Card,Delivered
14815,3595,2024-03-24,Card,Delivered
14816,3595,2024-11-25,COD,Delivered
14817,3595,2024-10-13,NetBanking,Delivered
14818,3596,2023-10-01,,Returned
14819,3596,2024-10-16,UPI,Cancelled
14820,3597,2023-12-28,UPI,Delivered
14821,3597,2023-08-29,Wallet,Returned
14822,3598,2024-03-11,Card,Delivered
14823,3599,2024-08-11,NetBanking,Delivered
14824,3599,2023-08-24,Wallet,Delivered
14825,3599,2024-07-18,NetBanking,Delivered
14826,3600,2024-10-02,UPI,Delivered
14827,3600,2024-10-01,Card,Delivered
14828,3601,2024-11-23,UPI,Delivered
14829,3601,2024-12-14,Card,Returned
14830,3601,2023-09-13,Card,Delivered
14831,3601,2024-11-19,NetBanking,Delivered
14832,3601,2023-09-30,COD,Delivered
14833,3602,2024-07-29,COD,Delivered
14834,3602,2024-11-09,COD,Delivered
14835,3602,2024-03-10,Card,Delivered
14836,3603,2023-12-19,UPI,Delivered
14837,3603,2024-06-26,COD,Delivered
14838,3603,2024-06-08,UPI,Delivered
14839,3603,2024-06-10,Card,Delivered
14840,3604,2024-02-11,UPI,Delivered
14841,3604,2023-12-27,Card,Delivered
14842,3605,2024-05-16,Card,Delivered
14843,3605,2024-11-15,NetBanking,Delivered
14844,3605,2024-10-18,UPI,Delivered
14845,3605,2024-06-18,UPI,Delivered
14846,3605,2024-07-08,UPI,Delivered
14847,3606,2024-11-19,Card,Delivered
14848,3606,2023-10-01,COD,Delivered
14849,3607,2023-09-28,Card,Delivered
14850,3607,2024-03-31,UPI,Delivered
14851,3607,2024-11-07,UPI,Delivered
14852,3607,2023-10-02,UPI,Delivered
14853,3607,2023-07-21,Card,Delivered
14854,3607,2023-11-04,COD,Delivered
14855,3607,2023-11-13,Wallet,Delivered
14856,3607,2024-01-26,UPI,Delivered
14857,3609,2024-11-15,UPI,Cancelled
14858,3609,2024-06-25,Card,Cancelled
14859,3609,2024-05-26,COD,Delivered
14860,3609,2024-06-29,COD,Delivered
14861,3609,2024-03-23,COD,Delivered
14862,3609,2023-12-28,UPI,Cancelled
14863,3611,2024-05-25,COD,Delivered
14864,3611,2024-09-07,COD,Delivered
14865,3611,2024-04-08,UPI,Delivered
14866,3612,2024-06-07,Wallet,Delivered
14867,3613,2024-06-12,UPI,Delivered
14868,3613,2024-12-08,UPI,Delivered
14869,3614,2024-03-30,Card,Delivered
14870,3614,2023-10-27,Card,Delivered
14871,3614,2023-12-26,Card,Delivered
14872,3614,2023-03-16,COD,Delivered
14873,3614,2024-09-13,UPI,Delivered
14874,3614,2023-07-09,COD,Delivered
14875,3616,2024-09-21,Card,Delivered
14876,3617,2023-02-19,UPI,Delivered
14877,3617,2023-10-25,Wallet,Delivered
14878,3617,2024-04-12,NetBanking,Delivered
14879,3617,2024-02-10,UPI,Delivered
14880,3618,2024-12-23,Card,Delivered
14881,3618,2024-07-31,UPI,Delivered
14882,3619,2023-11-14,Card,Delivered
14883,3619,2024-06-25,UPI,Delivered
14884,3619,2024-09-02,UPI,Delivered
14885,3619,2024-08-14,UPI,Delivered
14886,3621,2024-11-29,Card,Delivered
14887,3621,2024-08-23,UPI,Delivered
14888,3621,2024-09-27,Card,Delivered
14889,3621,2024-06-26,UPI,Delivered
14890,3621,2024-10-07,UPI,Delivered
14891,3622,2023-10-28,UPI,Delivered
14892,3622,2024-01-14,COD,Delivered
14893,3622,2023-10-02,UPI,Delivered
14894,3622,2023-11-19,COD,Returned
14895,3622,2023-12-17,Wallet,Delivered
14896,3622,2024-09-03,NetBanking,Delivered
14897,3623,2024-02-18,UPI,Delivered
14898,3623,2024-10-27,NetBanking,Delivered
14899,3623,2024-01-31,NetBanking,Delivered
14900,3623,2023-08-04,UPI,Delivered
14901,3623,2024-09-06,Wallet,Delivered
14902,3624,2024-06-23,Wallet,Delivered
14903,3624,2024-12-11,COD,Delivered
14904,3625,2024-09-21,Card,Delivered
14905,3625,2024-05-25,Wallet,Delivered
14906,3625,2024-08-15,UPI,Returned
14907,3625,2024-10-28,COD,Delivered
14908,3625,2024-10-11,NetBanking,Delivered
14909,3627,2024-05-31,Card,Delivered
14910,3627,2024-05-25,UPI,Delivered
14911,3627,2024-08-30,,Delivered
14912,3627,2024-09-08,Wallet,Delivered
14913,3627,2024-11-18,COD,Delivered
14914,3627,2024-12-09,Card,Delivered
14915,3627,2024-06-16,UPI,Delivered
14916,3631,2023-12-10,COD,Delivered
14917,3631,2023-09-10,UPI,Delivered
14918,3631,2024-06-25,Wallet,Delivered
14919,3632,2024-10-20,Card,Delivered
14920,3632,2024-04-26,Card,Delivered
14921,3632,2024-11-26,Wallet,Delivered
14922,3632,2024-01-15,COD,Delivered
14923,3632,2024-12-12,Card,Delivered
14924,3633,2023-05-22,Card,Delivered
14925,3634,2024-05-12,NetBanking,Cancelled
14926,3634,2024-09-03,NetBanking,Delivered
14927,3634,2024-04-18,Card,Delivered
14928,3635,2024-09-04,UPI,Delivered
14929,3635,2024-12-16,COD,Delivered
14930,3635,2024-10-21,UPI,Delivered
14931,3635,2024-12-23,UPI,Delivered
14932,3635,2024-12-15,UPI,Delivered
14933,3635,2024-09-10,COD,Delivered
14934,3635,2024-09-24,UPI,Delivered
14935,3636,2024-11-28,Card,Delivered
14936,3637,2023-11-26,Wallet,Delivered
14937,3637,2024-01-26,UPI,Delivered
14938,3638,2024-08-28,COD,Delivered
14939,3638,2023-10-25,UPI,Delivered
14940,3638,2023-12-21,UPI,Delivered
14941,3639,2024-07-07,UPI,Delivered
14942,3640,2024-11-11,COD,Delivered
14943,3640,2024-12-11,Card,Delivered
14944,3640,2023-12-06,COD,Delivered
14945,3642,2024-07-27,UPI,Delivered
14946,3644,2024-04-29,UPI,Delivered
14947,3644,2024-09-30,Card,Returned
14948,3644,2024-10-28,UPI,Returned
14949,3644,2023-11-06,Card,Returned
14950,3644,2024-12-13,Wallet,Delivered
14951,3644,2024-10-26,Card,Delivered
14952,3645,2024-09-26,Card,Delivered
14953,3645,2024-08-10,UPI,Delivered
14954,3645,2024-06-13,Card,Delivered
14955,3645,2024-10-31,Card,Delivered
14956,3645,2024-10-08,,Delivered
14957,3645,2024-06-18,Card,Delivered
14958,3646,2024-04-08,Wallet,Delivered
14959,3646,2023-12-02,UPI,Delivered
14960,3646,2024-10-29,UPI,Delivered
14961,3646,2024-12-10,UPI,Delivered
14962,3646,2024-10-18,Card,Delivered
14963,3647,2024-12-01,UPI,Returned
14964,3647,2024-04-01,UPI,Delivered
14965,3647,2024-04-03,UPI,Delivered
14966,3647,2024-10-12,COD,Delivered
14967,3647,2024-09-10,NetBanking,Cancelled
14968,3647,2024-12-18,Card,Delivered
14969,3647,2024-12-26,COD,Returned
14970,3647,2024-06-15,Card,Delivered
14971,3647,2024-12-06,UPI,Delivered
14972,3648,2024-11-17,UPI,Delivered
14973,3648,2024-04-07,UPI,Delivered
14974,3649,2024-11-24,COD,Delivered
14975,3649,2024-09-02,Card,Delivered
14976,3649,2024-12-04,UPI,Delivered
14977,3650,2024-11-09,COD,Delivered
14978,3651,2023-12-08,UPI,Returned
14979,3651,2024-12-03,,Delivered
14980,3652,2024-10-17,UPI,Returned
14981,3652,2024-08-04,COD,Delivered
14982,3652,2024-08-24,UPI,Delivered
14983,3652,2024-11-15,NetBanking,Delivered
14984,3652,2023-06-01,UPI,Delivered
14985,3652,2024-01-19,NetBanking,Delivered
14986,3653,2023-10-07,UPI,Delivered
14987,3654,2024-09-27,NetBanking,Delivered
14988,3655,2024-10-29,UPI,Delivered
14989,3655,2024-12-29,UPI,Delivered
14990,3655,2024-06-29,UPI,Delivered
14991,3655,2024-11-04,UPI,Delivered
14992,3655,2024-03-06,COD,Delivered
14993,3656,2023-10-20,NetBanking,Delivered
14994,3656,2024-06-04,UPI,Delivered
14995,3656,2024-06-02,UPI,Returned
14996,3657,2024-11-22,UPI,Delivered
14997,3657,2024-05-23,NetBanking,Delivered
14998,3657,2024-05-09,UPI,Delivered
14999,3659,2024-12-07,Card,Delivered
15000,3659,2024-10-04,UPI,Delivered
15001,3659,2024-12-19,UPI,Returned
15002,3659,2023-10-05,UPI,Delivered
15003,3660,2024-06-03,COD,Cancelled
15004,3661,2024-03-24,UPI,Delivered
15005,3661,2024-08-05,NetBanking,Delivered
15006,3661,2024-10-28,COD,Delivered
15007,3661,2024-12-10,UPI,Delivered
15008,3661,2024-05-05,UPI,Delivered
15009,3661,2024-06-09,UPI,Delivered
15010,3662,2024-03-28,Card,Delivered
15011,3662,2024-09-30,COD,Delivered
15012,3662,2024-07-28,UPI,Delivered
15013,3662,2024-08-14,Card,Delivered
15014,3663,2024-11-08,NetBanking,Delivered
15015,3664,2024-11-08,Card,Delivered
15016,3666,2024-01-08,UPI,Delivered
15017,3667,2024-11-05,UPI,Delivered
15018,3667,2024-09-16,NetBanking,Delivered
15019,3667,2024-12-07,Card,Cancelled
15020,3667,2024-09-22,COD,Delivered
15021,3667,2023-12-02,Card,Delivered
15022,3667,2023-12-21,UPI,Delivered
15023,3667,2024-10-07,UPI,Delivered
15024,3667,2024-02-29,UPI,Delivered
15025,3668,2023-09-21,UPI,Delivered
15026,3668,2024-04-07,Card,Delivered
15027,3668,2024-09-21,COD,Delivered
15028,3668,2023-08-22,COD,Delivered
15029,3668,2023-09-14,NetBanking,Delivered
15030,3668,2024-11-22,NetBanking,Delivered
15031,3668,2024-11-04,NetBanking,Delivered
15032,3668,2024-11-19,COD,Cancelled
15033,3668,2023-08-16,Card,Delivered
15034,3668,2024-11-27,UPI,Delivered
15035,3668,2023-11-12,UPI,Delivered
15036,3669,2024-04-16,NetBanking,Delivered
15037,3669,2023-12-01,UPI,Delivered
15038,3669,2024-07-17,UPI,Returned
15039,3669,2024-11-09,UPI,Delivered
15040,3669,2024-12-09,UPI,Delivered
15041,3669,2024-03-23,NetBanking,Delivered
15042,3669,2024-03-19,NetBanking,Delivered
15043,3670,2023-09-13,UPI,Delivered
15044,3671,2024-01-17,COD,Delivered
15045,3671,2024-07-13,Card,Delivered
15046,3671,2023-05-07,UPI,Delivered
15047,3671,2024-03-11,UPI,Delivered
15048,3671,2024-12-13,UPI,Delivered
15049,3671,2023-05-10,UPI,Returned
15050,3672,2023-12-20,Card,Delivered
15051,3673,2024-03-05,UPI,Delivered
15052,3673,2023-12-14,NetBanking,Delivered
15053,3673,2024-08-14,COD,Delivered
15054,3673,2024-10-09,UPI,Delivered
15055,3674,2023-01-01,Card,Delivered
15056,3674,2023-06-15,Card,Delivered
15057,3674,2024-04-11,Wallet,Delivered
15058,3674,2023-01-17,Card,Delivered
15059,3674,2023-08-27,NetBanking,Delivered
15060,3674,2023-11-27,COD,Delivered
15061,3674,2023-11-28,,Delivered
15062,3674,2023-02-16,COD,Delivered
15063,3675,2024-02-04,COD,Delivered
15064,3675,2024-11-18,UPI,Delivered
15065,3675,2024-12-23,UPI,Delivered
15066,3676,2024-03-08,Card,Delivered
15067,3676,2024-09-09,COD,Delivered
15068,3676,2024-09-24,UPI,Cancelled
15069,3677,2023-09-28,Card,Delivered
15070,3677,2024-11-09,UPI,Delivered
15071,3677,2024-08-16,Card,Delivered
15072,3677,2023-10-07,UPI,Delivered
15073,3677,2024-07-27,COD,Delivered
15074,3678,2024-06-07,Card,Returned
15075,3679,2024-06-01,Card,Delivered
15076,3679,2024-07-05,UPI,Delivered
15077,3679,2024-03-16,UPI,Cancelled
15078,3679,2023-11-11,UPI,Delivered
15079,3679,2024-05-02,Wallet,Delivered
15080,3679,2024-02-07,UPI,Delivered
15081,3679,2024-05-11,Card,Delivered
15082,3680,2024-05-17,Card,Delivered
15083,3680,2024-03-01,COD,Delivered
15084,3680,2024-10-02,COD,Delivered
15085,3681,2024-03-18,UPI,Delivered
15086,3681,2024-11-12,Card,Delivered
15087,3681,2024-06-28,NetBanking,Delivered
15088,3681,2024-09-20,UPI,Delivered
15089,3681,2024-06-21,Card,Cancelled
15090,3681,2024-08-06,UPI,Delivered
15091,3681,2024-10-01,UPI,Delivered
15092,3681,2024-09-10,UPI,Delivered
15093,3682,2023-08-14,UPI,Cancelled
15094,3682,2023-02-28,Card,Delivered
15095,3683,2024-08-03,COD,Delivered
15096,3683,2023-10-01,NetBanking,Delivered
15097,3683,2024-06-04,,Delivered
15098,3684,2024-04-12,NetBanking,Delivered
15099,3684,2024-06-20,Card,Delivered
15100,3684,2023-11-23,Card,Delivered
15101,3685,2024-08-23,Card,Delivered
15102,3685,2024-07-25,Wallet,Delivered
15103,3685,2024-11-05,Card,Delivered
15104,3685,2024-07-25,COD,Delivered
15105,3685,2024-10-22,UPI,Delivered
15106,3686,2024-10-01,Wallet,Delivered
15107,3687,2024-10-29,Card,Delivered
15108,3687,2023-12-15,Card,Delivered
15109,3687,2023-08-03,COD,Delivered
15110,3688,2024-10-24,UPI,Delivered
15111,3688,2024-05-31,UPI,Delivered
15112,3688,2024-07-30,Wallet,Delivered
15113,3689,2024-12-11,UPI,Delivered
15114,3690,2023-12-31,UPI,Delivered
15115,3690,2023-09-14,NetBanking,Delivered
15116,3690,2024-07-08,UPI,Delivered
15117,3690,2023-07-13,NetBanking,Delivered
15118,3690,2024-01-23,NetBanking,Delivered
15119,3690,2024-12-14,UPI,Delivered
15120,3690,2024-01-18,UPI,Delivered
15121,3690,2023-05-21,UPI,Delivered
15122,3691,2024-09-30,UPI,Returned
15123,3691,2024-04-29,UPI,Delivered
15124,3691,2023-12-19,NetBanking,Returned
15125,3691,2024-05-13,NetBanking,Cancelled
15126,3692,2024-11-28,Card,Delivered
15127,3693,2023-04-30,UPI,Delivered
15128,3693,2024-07-27,Card,Delivered
15129,3693,2024-06-02,COD,Cancelled
15130,3694,2023-10-26,UPI,Delivered
15131,3694,2023-11-05,UPI,Delivered
15132,3694,2024-02-19,UPI,Delivered
15133,3694,2023-09-18,Card,Delivered
15134,3694,2024-05-03,COD,Delivered
15135,3694,2024-09-03,Wallet,Delivered
15136,3694,2023-07-01,UPI,Delivered
15137,3694,2024-11-12,UPI,Delivered
15138,3694,2024-10-29,UPI,Cancelled
15139,3694,2023-07-30,UPI,Delivered
15140,3694,2023-08-10,COD,Delivered
15141,3694,2024-05-22,Card,Delivered
15142,3694,2023-12-03,Card,Delivered
15143,3694,2024-03-27,Card,Delivered
15144,3694,2024-05-18,UPI,Delivered
15145,3695,2024-07-01,UPI,Delivered
15146,3695,2024-08-29,NetBanking,Delivered
15147,3695,2024-09-22,UPI,Delivered
15148,3696,2023-12-15,Card,Delivered
15149,3696,2024-06-08,Wallet,Delivered
15150,3696,2024-10-17,,Delivered
15151,3696,2024-03-01,Card,Delivered
15152,3697,2024-08-27,COD,Delivered
15153,3697,2024-10-25,UPI,Delivered
15154,3697,2024-09-01,UPI,Delivered
15155,3698,2024-06-10,UPI,Delivered
15156,3698,2024-05-12,UPI,Delivered
15157,3698,2024-11-05,UPI,Delivered
15158,3698,2024-01-21,COD,Delivered
15159,3700,2024-10-12,UPI,Delivered
15160,3700,2024-11-03,COD,Delivered
15161,3700,2024-12-18,Card,Delivered
15162,3700,2024-11-11,Card,Delivered
15163,3700,2024-03-18,UPI,Delivered
15164,3702,2024-08-19,COD,Delivered
15165,3703,2023-08-15,COD,Returned
15166,3704,2024-12-27,UPI,Delivered
15167,3704,2024-07-15,NetBanking,Delivered
15168,3704,2024-06-18,Card,Delivered
15169,3704,2024-09-23,Card,Delivered
15170,3704,2024-10-30,Card,Delivered
15171,3705,2024-12-06,UPI,Delivered
15172,3705,2024-09-01,Card,Delivered
15173,3706,2024-04-28,UPI,Delivered
15174,3706,2024-05-19,Card,Delivered
15175,3706,2023-11-13,NetBanking,Delivered
15176,3707,2023-06-26,Card,Delivered
15177,3707,2024-12-31,UPI,Delivered
15178,3708,2024-04-22,Card,Delivered
15179,3708,2024-11-26,UPI,Delivered
15180,3708,2024-03-16,,Delivered
15181,3710,2024-04-27,Card,Delivered
15182,3710,2024-08-25,COD,Delivered
15183,3710,2024-11-25,Card,Delivered
15184,3710,2024-10-07,UPI,Delivered
15185,3712,2024-08-05,COD,Cancelled
15186,3712,2024-11-22,UPI,Delivered
15187,3712,2024-06-23,COD,Delivered
15188,3712,2024-12-09,NetBanking,Delivered
15189,3712,2024-06-30,Card,Delivered
15190,3713,2024-12-18,UPI,Delivered
15191,3713,2024-10-01,UPI,Delivered
15192,3714,2024-11-23,COD,Delivered
15193,3714,2024-05-06,UPI,Delivered
15194,3715,2024-04-18,Card,Delivered
15195,3716,2023-09-27,NetBanking,Delivered
15196,3716,2024-09-21,COD,Delivered
15197,3716,2024-05-14,UPI,Delivered
15198,3717,2024-11-03,COD,Delivered
15199,3717,2023-10-04,UPI,Delivered
15200,3717,2024-05-21,UPI,Delivered
15201,3717,2023-09-10,UPI,Delivered
15202,3718,2023-10-12,Card,Delivered
15203,3718,2024-06-25,COD,Delivered
15204,3718,2023-10-13,Wallet,Delivered
15205,3719,2024-09-12,UPI,Delivered
15206,3719,2024-03-06,COD,Delivered
15207,3719,2024-01-05,UPI,Delivered
15208,3719,2024-03-06,UPI,Delivered
15209,3719,2024-05-03,COD,Delivered
15210,3720,2023-09-01,UPI,Delivered
15211,3720,2023-11-01,UPI,Delivered
15212,3720,2024-08-06,UPI,Delivered
15213,3720,2024-06-26,,Delivered
15214,3721,2024-04-29,Card,Delivered
15215,3722,2024-07-06,Card,Delivered
15216,3722,2024-05-27,COD,Delivered
15217,3723,2024-06-14,Card,Delivered
15218,3723,2024-07-09,COD,Delivered
15219,3723,2024-11-05,Card,Delivered
15220,3723,2024-12-24,Card,Delivered
15221,3724,2024-10-20,UPI,Delivered
15222,3724,2024-10-04,Wallet,Delivered
15223,3724,2024-09-10,COD,Delivered
15224,3724,2024-08-31,UPI,Delivered
15225,3725,2024-05-22,COD,Delivered
15226,3725,2023-07-30,Card,Returned
15227,3725,2024-03-28,Card,Delivered
15228,3725,2024-11-07,Card,Delivered
15229,3725,2024-12-16,UPI,Delivered
15230,3725,2024-02-06,Wallet,Delivered
15231,3728,2023-12-01,Card,Delivered
15232,3728,2024-11-17,Card,Delivered
15233,3728,2024-05-15,UPI,Delivered
15234,3728,2024-02-09,NetBanking,Delivered
15235,3728,2024-06-12,COD,Delivered
15236,3730,2024-12-03,UPI,Delivered
15237,3730,2024-09-22,Card,Delivered
15238,3730,2024-01-04,UPI,Delivered
15239,3731,2024-12-28,Card,Delivered
15240,3733,2024-11-06,Card,Delivered
15241,3733,2024-05-06,COD,Delivered
15242,3733,2024-12-14,Card,Delivered
15243,3733,2023-11-19,Card,Delivered
15244,3735,2023-12-26,UPI,Delivered
15245,3735,2024-11-16,NetBanking,Delivered
15246,3735,2024-09-29,UPI,Delivered
15247,3735,2024-07-13,UPI,Delivered
15248,3735,2024-08-22,,Delivered
15249,3736,2023-10-18,UPI,Delivered
15250,3736,2024-08-28,UPI,Delivered
15251,3736,2024-12-29,COD,Delivered
15252,3736,2023-09-15,UPI,Delivered
15253,3737,2024-01-30,Card,Delivered
15254,3739,2024-05-29,COD,Delivered
15255,3739,2024-06-04,Card,Delivered
15256,3739,2024-11-04,COD,Delivered
15257,3740,2024-11-03,Card,Delivered
15258,3740,2024-06-24,UPI,Delivered
15259,3741,2023-12-25,Card,Delivered
15260,3741,2023-10-03,Wallet,Delivered
15261,3742,2024-10-17,UPI,Delivered
15262,3742,2024-03-07,NetBanking,Delivered
15263,3742,2024-05-22,Card,Delivered
15264,3743,2024-08-17,Wallet,Delivered
15265,3743,2024-12-22,UPI,Delivered
15266,3744,2024-11-29,UPI,Returned
15267,3745,2024-06-21,UPI,Cancelled
15268,3746,2024-08-05,UPI,Delivered
15269,3746,2024-12-05,Card,Delivered
15270,3746,2024-07-08,UPI,Delivered
15271,3746,2024-11-26,Card,Delivered
15272,3748,2024-08-01,Card,Delivered
15273,3748,2024-11-07,NetBanking,Delivered
15274,3748,2024-10-31,NetBanking,Delivered
15275,3748,2024-10-14,UPI,Delivered
15276,3748,2024-11-07,NetBanking,Delivered
15277,3748,2024-12-22,UPI,Delivered
15278,3748,2024-07-19,COD,Delivered
15279,3748,2024-09-09,Card,Delivered
15280,3748,2024-08-29,UPI,Delivered
15281,3749,2024-05-19,COD,Delivered
15282,3749,2024-12-23,UPI,Cancelled
15283,3750,2024-07-28,Card,Delivered
15284,3751,2024-10-22,COD,Delivered
15285,3751,2024-06-23,UPI,Delivered
15286,3751,2024-06-22,UPI,Delivered
15287,3751,2024-06-10,COD,Delivered
15288,3751,2024-07-17,UPI,Delivered
15289,3751,2024-11-15,UPI,Cancelled
15290,3751,2023-12-02,UPI,Delivered
15291,3751,2024-05-04,COD,Cancelled
15292,3751,2024-10-14,UPI,Cancelled
15293,3751,2024-12-19,COD,Delivered
15294,3752,2024-10-22,Card,Delivered
15295,3752,2024-12-01,Card,Delivered
15296,3752,2024-11-30,NetBanking,Delivered
15297,3752,2024-04-05,Card,Delivered
15298,3752,2024-03-14,UPI,Delivered
15299,3752,2024-05-25,Wallet,Delivered
15300,3753,2024-08-22,UPI,Delivered
15301,3753,2024-12-20,Card,Delivered
15302,3754,2023-09-24,UPI,Delivered
15303,3755,2023-01-23,COD,Delivered
15304,3756,2024-09-20,Card,Delivered
15305,3756,2024-11-05,UPI,Delivered
15306,3756,2024-04-21,Card,Delivered
15307,3756,2024-08-25,Card,Delivered
15308,3756,2024-12-14,UPI,Delivered
15309,3758,2024-06-12,Card,Delivered
15310,3758,2023-12-10,UPI,Delivered
15311,3758,2024-12-27,Wallet,Delivered
15312,3759,2023-11-23,COD,Delivered
15313,3759,2024-10-29,UPI,Delivered
15314,3760,2024-11-13,UPI,Delivered
15315,3760,2024-02-11,UPI,Delivered
15316,3760,2023-12-14,COD,Delivered
15317,3760,2024-10-11,NetBanking,Delivered
15318,3760,2024-05-11,COD,Delivered
15319,3760,2024-01-22,COD,Delivered
15320,3760,2024-11-05,UPI,Delivered
15321,3760,2023-12-29,UPI,Delivered
15322,3761,2023-12-16,COD,Delivered
15323,3761,2024-07-22,UPI,Delivered
15324,3761,2024-04-12,NetBanking,Delivered
15325,3761,2023-11-09,UPI,Delivered
15326,3761,2024-05-23,Card,Delivered
15327,3761,2023-11-20,Card,Delivered
15328,3761,2024-12-04,COD,Delivered
15329,3761,2024-09-25,UPI,Delivered
15330,3761,2024-10-30,UPI,Delivered
15331,3761,2024-06-01,Card,Delivered
15332,3764,2024-07-21,,Delivered
15333,3764,2024-11-21,UPI,Returned
15334,3764,2024-06-01,NetBanking,Delivered
15335,3764,2024-11-26,COD,Delivered
15336,3764,2024-08-15,UPI,Delivered
15337,3764,2024-06-06,COD,Delivered
15338,3764,2024-12-29,NetBanking,Delivered
15339,3764,2024-02-18,UPI,Delivered
15340,3764,2024-05-14,NetBanking,Delivered
15341,3765,2023-12-31,Card,Delivered
15342,3765,2024-05-17,COD,Delivered
15343,3766,2024-03-23,Card,Delivered
15344,3766,2023-08-19,UPI,Delivered
15345,3766,2024-12-25,,Delivered
15346,3766,2023-10-18,COD,Delivered
15347,3766,2024-05-01,COD,Delivered
15348,3766,2024-01-09,COD,Delivered
15349,3766,2023-12-30,Card,Delivered
15350,3766,2024-03-05,Card,Delivered
15351,3768,2024-07-22,UPI,Delivered
15352,3768,2024-04-30,NetBanking,Delivered
15353,3768,2024-12-01,COD,Delivered
15354,3768,2024-04-08,COD,Delivered
15355,3769,2024-10-29,UPI,Delivered
15356,3769,2024-04-19,Card,Returned
15357,3769,2024-07-29,UPI,Delivered
15358,3769,2024-11-24,NetBanking,Returned
15359,3769,2024-08-05,UPI,Cancelled
15360,3770,2024-03-01,NetBanking,Delivered
15361,3770,2023-12-27,COD,Delivered
15362,3770,2023-10-25,NetBanking,Delivered
15363,3770,2023-11-19,UPI,Delivered
15364,3770,2024-02-25,Wallet,Returned
15365,3771,2023-12-06,UPI,Delivered
15366,3771,2023-09-11,UPI,Delivered
15367,3771,2024-02-14,Card,Delivered
15368,3771,2024-04-14,NetBanking,Delivered
15369,3771,2023-10-09,COD,Delivered
15370,3771,2023-10-01,COD,Delivered
15371,3771,2023-12-09,NetBanking,Delivered
15372,3771,2024-04-25,Wallet,Delivered
15373,3771,2024-12-24,COD,Delivered
15374,3771,2024-11-25,COD,Delivered
15375,3771,2024-02-26,UPI,Delivered
15376,3771,2024-06-02,Card,Delivered
15377,3772,2024-11-06,Card,Delivered
15378,3772,2023-12-10,Card,Delivered
15379,3772,2024-12-13,COD,Delivered
15380,3772,2023-10-21,Wallet,Delivered
15381,3772,2024-08-04,UPI,Delivered
15382,3773,2024-02-26,COD,Delivered
15383,3773,2023-12-20,Card,Delivered
15384,3773,2024-04-03,COD,Delivered
15385,3773,2023-11-16,Card,Delivered
15386,3773,2024-02-23,COD,Delivered
15387,3773,2024-07-11,Card,Delivered
15388,3773,2023-12-05,COD,Delivered
15389,3773,2023-11-15,Wallet,Delivered
15390,3774,2023-05-25,UPI,Delivered
15391,3774,2024-09-13,UPI,Delivered
15392,3775,2023-11-03,Card,Delivered
15393,3775,2024-07-22,UPI,Delivered
15394,3776,2024-10-08,Card,Delivered
15395,3776,2023-10-05,Card,Delivered
15396,3776,2024-05-30,COD,Delivered
15397,3776,2024-05-02,UPI,Delivered
15398,3776,2023-11-29,Card,Delivered
15399,3777,2024-02-18,COD,Delivered
15400,3777,2023-10-21,Card,Delivered
15401,3777,2023-11-14,UPI,Delivered
15402,3778,2024-11-23,NetBanking,Delivered
15403,3778,2024-12-01,UPI,Delivered
15404,3778,2024-07-14,NetBanking,Delivered
15405,3778,2024-11-06,NetBanking,Cancelled
15406,3779,2024-09-28,UPI,Delivered
15407,3779,2024-12-04,Card,Delivered
15408,3779,2024-07-22,UPI,Returned
15409,3779,2024-06-23,UPI,Delivered
15410,3779,2024-10-21,Card,Delivered
15411,3781,2024-05-06,Card,Delivered
15412,3781,2024-12-01,NetBanking,Cancelled
15413,3781,2024-11-03,COD,Delivered
15414,3781,2023-02-04,COD,Delivered
15415,3781,2024-11-11,COD,Delivered
15416,3782,2024-06-09,UPI,Delivered
15417,3782,2023-05-27,UPI,Delivered
15418,3782,2023-05-31,Card,Delivered
15419,3782,2023-10-23,COD,Delivered
15420,3782,2023-05-14,COD,Delivered
15421,3783,2024-05-02,,Delivered
15422,3784,2024-04-04,COD,Delivered
15423,3785,2024-07-04,UPI,Delivered
15424,3785,2024-12-09,UPI,Delivered
15425,3785,2024-10-14,Card,Delivered
15426,3785,2024-11-02,Card,Delivered
15427,3785,2024-10-29,UPI,Cancelled
15428,3786,2024-04-13,Card,Delivered
15429,3786,2023-12-14,Wallet,Delivered
15430,3786,2024-05-15,UPI,Delivered
15431,3786,2023-11-21,UPI,Delivered
15432,3789,2024-12-29,Card,Delivered
15433,3789,2024-06-27,NetBanking,Delivered
15434,3789,2024-09-01,UPI,Delivered
15435,3789,2024-06-28,COD,Delivered
15436,3790,2024-05-01,,Returned
15437,3791,2023-06-01,UPI,Delivered
15438,3791,2023-10-01,UPI,Delivered
15439,3791,2024-09-19,NetBanking,Delivered
15440,3791,2024-07-22,UPI,Delivered
15441,3791,2024-11-06,UPI,Delivered
15442,3791,2024-05-07,COD,Delivered
15443,3791,2024-11-19,NetBanking,Delivered
15444,3791,2024-03-09,UPI,Delivered
15445,3791,2024-11-19,Wallet,Delivered
15446,3791,2024-10-28,NetBanking,Delivered
15447,3791,2024-01-07,UPI,Delivered
15448,3791,2023-03-07,UPI,Delivered
15449,3791,2024-12-24,UPI,Delivered
15450,3791,2024-01-28,COD,Delivered
15451,3791,2024-08-11,UPI,Delivered
15452,3791,2023-12-24,Card,Delivered
15453,3791,2023-11-08,NetBanking,Returned
15454,3791,2023-11-07,Card,Delivered
15455,3791,2023-11-05,UPI,Delivered
15456,3791,2024-04-07,UPI,Delivered
15457,3791,2024-09-26,Card,Delivered
15458,3792,2023-08-17,Card,Delivered
15459,3794,2023-12-21,UPI,Delivered
15460,3794,2024-12-31,Card,Delivered
15461,3794,2024-08-26,UPI,Delivered
15462,3794,2024-09-02,UPI,Delivered
15463,3794,2024-03-12,Card,Delivered
15464,3794,2024-06-29,COD,Delivered
15465,3797,2024-07-29,UPI,Delivered
15466,3797,2024-01-17,COD,Delivered
15467,3797,2024-05-29,UPI,Delivered
15468,3797,2024-05-06,UPI,Delivered
15469,3797,2024-11-01,Card,Delivered
15470,3797,2024-04-15,Card,Delivered
15471,3798,2024-09-22,Card,Delivered
15472,3798,2024-06-19,UPI,Delivered
15473,3798,2024-05-27,UPI,Delivered
15474,3798,2024-11-22,Wallet,Delivered
15475,3799,2023-04-09,UPI,Delivered
15476,3799,2023-09-17,UPI,Delivered
15477,3799,2024-10-24,Card,Delivered
15478,3799,2023-11-10,UPI,Delivered
15479,3799,2024-10-25,COD,Delivered
15480,3799,2024-03-12,COD,Cancelled
15481,3800,2024-07-27,Card,Delivered
15482,3800,2024-11-16,UPI,Delivered
15483,3800,2023-09-30,COD,Delivered
15484,3800,2023-11-13,Card,Delivered
15485,3801,2024-10-28,UPI,Delivered
15486,3801,2024-07-10,UPI,Delivered
15487,3801,2024-12-19,UPI,Delivered
15488,3801,2024-08-22,Card,Delivered
15489,3801,2024-10-03,Card,Delivered
15490,3802,2023-12-08,COD,Delivered
15491,3802,2024-10-01,UPI,Returned
15492,3802,2023-12-03,Wallet,Delivered
15493,3803,2024-11-25,Card,Delivered
15494,3803,2024-09-11,UPI,Delivered
15495,3803,2024-09-10,UPI,Delivered
15496,3803,2024-06-07,NetBanking,Delivered
15497,3803,2024-04-07,UPI,Delivered
15498,3803,2024-07-08,UPI,Delivered
15499,3804,2023-07-23,COD,Delivered
15500,3804,2024-07-31,NetBanking,Delivered
15501,3805,2024-06-24,Card,Delivered
15502,3806,2024-08-24,UPI,Delivered
15503,3806,2024-07-07,COD,Delivered
15504,3808,2024-10-05,UPI,Delivered
15505,3808,2023-03-30,NetBanking,Returned
15506,3808,2024-07-29,NetBanking,Delivered
15507,3808,2024-10-03,NetBanking,Delivered
15508,3808,2023-09-09,UPI,Delivered
15509,3809,2023-12-17,NetBanking,Delivered
15510,3809,2024-08-20,COD,Delivered
15511,3809,2023-11-25,UPI,Delivered
15512,3809,2024-08-17,COD,Delivered
15513,3809,2024-12-14,NetBanking,Delivered
15514,3809,2024-05-08,UPI,Delivered
15515,3809,2023-12-20,COD,Returned
15516,3809,2024-12-29,UPI,Delivered
15517,3810,2023-12-20,COD,Delivered
15518,3811,2024-08-03,Card,Delivered
15519,3811,2023-05-10,UPI,Cancelled
15520,3811,2023-12-18,UPI,Delivered
15521,3811,2023-06-10,COD,Delivered
15522,3811,2024-02-01,,Delivered
15523,3811,2024-01-25,Card,Delivered
15524,3812,2024-06-03,NetBanking,Delivered
15525,3812,2023-11-28,COD,Delivered
15526,3812,2024-10-07,Card,Delivered
15527,3812,2024-04-16,UPI,Delivered
15528,3812,2024-07-28,UPI,Delivered
15529,3812,2023-09-14,UPI,Delivered
15530,3812,2023-10-18,NetBanking,Delivered
15531,3812,2024-06-28,Card,Delivered
15532,3812,2024-09-23,Card,Delivered
15533,3812,2024-01-11,NetBanking,Delivered
15534,3813,2024-01-06,Card,Delivered
15535,3813,2024-03-01,Card,Delivered
15536,3813,2024-03-14,UPI,Delivered
15537,3813,2024-10-21,UPI,Cancelled
15538,3813,2024-01-14,COD,Delivered
15539,3813,2024-11-12,UPI,Delivered
15540,3813,2024-10-10,UPI,Delivered
15541,3813,2024-05-22,Wallet,Delivered
15542,3814,2024-12-16,Card,Delivered
15543,3814,2024-12-21,NetBanking,Delivered
15544,3815,2024-07-18,UPI,Delivered
15545,3816,2024-08-25,Wallet,Delivered
15546,3816,2023-05-14,COD,Delivered
15547,3816,2023-06-05,UPI,Delivered
15548,3816,2023-06-09,NetBanking,Delivered
15549,3817,2024-10-31,UPI,Delivered
15550,3817,2023-11-19,NetBanking,Delivered
15551,3817,2023-10-08,COD,Delivered
15552,3817,2023-10-28,Card,Delivered
15553,3818,2024-11-03,NetBanking,Delivered
15554,3818,2024-04-02,UPI,Cancelled
15555,3819,2024-03-23,Card,Delivered
15556,3819,2023-12-10,Card,Delivered
15557,3819,2024-12-21,UPI,Delivered
15558,3819,2024-12-18,UPI,Delivered
15559,3819,2024-11-09,UPI,Delivered
15560,3819,2024-02-18,UPI,Delivered
15561,3819,2023-12-11,COD,Returned
15562,3821,2024-02-21,Wallet,Delivered
15563,3821,2024-11-25,Card,Delivered
15564,3821,2023-04-18,Card,Delivered
15565,3821,2024-11-29,,Delivered
15566,3821,2024-04-17,UPI,Delivered
15567,3821,2023-04-17,COD,Delivered
15568,3821,2023-04-21,NetBanking,Delivered
15569,3821,2024-04-04,UPI,Delivered
15570,3821,2024-07-04,UPI,Delivered
15571,3821,2024-02-23,COD,Delivered
15572,3821,2023-12-25,COD,Delivered
15573,3822,2023-12-04,UPI,Delivered
15574,3822,2024-08-16,UPI,Delivered
15575,3822,2024-10-09,UPI,Delivered
15576,3823,2024-12-17,UPI,Delivered
15577,3823,2024-12-14,UPI,Delivered
15578,3823,2023-12-25,Card,Delivered
15579,3823,2023-11-07,NetBanking,Cancelled
15580,3824,2024-09-19,Card,Delivered
15581,3824,2024-08-30,UPI,Delivered
15582,3824,2024-04-23,UPI,Delivered
15583,3824,2024-09-15,Wallet,Delivered
15584,3824,2024-02-20,UPI,Delivered
15585,3824,2024-10-17,NetBanking,Cancelled
15586,3825,2024-06-08,Card,Delivered
15587,3825,2024-02-28,UPI,Delivered
15588,3825,2024-11-27,UPI,Delivered
15589,3826,2024-12-06,Card,Delivered
15590,3826,2024-06-16,UPI,Delivered
15591,3826,2024-05-12,NetBanking,Delivered
15592,3826,2024-07-30,UPI,Delivered
15593,3826,2024-10-05,UPI,Delivered
15594,3826,2024-08-17,UPI,Delivered
15595,3827,2024-03-27,COD,Delivered
15596,3827,2023-09-10,Wallet,Delivered
15597,3827,2024-04-19,NetBanking,Delivered
15598,3827,2024-04-24,Card,Delivered
15599,3827,2024-05-24,Card,Delivered
15600,3827,2023-11-05,,Delivered
15601,3827,2023-10-30,COD,Delivered
15602,3827,2023-12-31,UPI,Delivered
15603,3828,2024-08-06,NetBanking,Delivered
15604,3828,2024-06-29,Card,Delivered
15605,3828,2024-03-20,Card,Delivered
15606,3829,2024-10-19,UPI,Cancelled
15607,3830,2024-08-07,NetBanking,Cancelled
15608,3830,2024-08-02,NetBanking,Delivered
15609,3830,2023-04-23,NetBanking,Delivered
15610,3830,2023-06-05,UPI,Delivered
15611,3830,2024-07-23,UPI,Delivered
15612,3831,2024-05-08,UPI,Delivered
15613,3831,2024-12-09,UPI,Delivered
15614,3832,2023-05-08,UPI,Delivered
15615,3832,2024-09-27,Card,Delivered
15616,3832,2023-05-23,Wallet,Delivered
15617,3832,2023-07-11,UPI,Delivered
15618,3832,2024-05-05,UPI,Delivered
15619,3833,2024-05-29,UPI,Delivered
15620,3833,2024-08-17,Card,Delivered
15621,3833,2024-11-10,COD,Returned
15622,3834,2024-01-20,Card,Delivered
15623,3834,2024-03-24,COD,Delivered
15624,3835,2023-07-05,UPI,Delivered
15625,3835,2024-07-09,Card,Delivered
15626,3835,2024-01-19,Card,Delivered
15627,3835,2024-06-17,NetBanking,Delivered
15628,3836,2024-06-25,UPI,Cancelled
15629,3837,2023-12-15,UPI,Delivered
15630,3837,2024-07-10,Card,Delivered
15631,3837,2024-08-23,Card,Delivered
15632,3837,2023-12-31,UPI,Delivered
15633,3837,2024-05-17,Card,Delivered
15634,3837,2024-08-16,UPI,Delivered
15635,3837,2024-10-16,UPI,Cancelled
15636,3838,2024-09-24,NetBanking,Delivered
15637,3838,2023-12-22,UPI,Delivered
15638,3838,2024-09-15,UPI,Delivered
15639,3838,2024-11-18,UPI,Delivered
15640,3838,2024-05-04,COD,Delivered
15641,3838,2024-02-19,Card,Delivered
15642,3838,2024-11-15,UPI,Delivered
15643,3838,2024-06-26,Card,Delivered
15644,3838,2024-11-09,UPI,Delivered
15645,3838,2023-12-14,COD,Delivered
15646,3838,2024-02-15,UPI,Delivered
15647,3838,2023-11-20,COD,Delivered
15648,3838,2024-06-09,UPI,Returned
15649,3840,2024-11-07,Card,Delivered
15650,3841,2024-08-22,COD,Delivered
15651,3842,2023-11-23,Card,Delivered
15652,3842,2024-10-11,UPI,Delivered
15653,3842,2024-02-25,UPI,Delivered
15654,3842,2024-11-08,Card,Delivered
15655,3842,2023-11-11,,Delivered
15656,3842,2024-10-24,UPI,Delivered
15657,3843,2023-12-29,Card,Delivered
15658,3843,2024-04-04,UPI,Returned
15659,3843,2024-06-29,Card,Delivered
15660,3845,2024-08-06,UPI,Delivered
15661,3845,2024-06-12,Card,Delivered
15662,3845,2024-07-19,UPI,Delivered
15663,3845,2024-05-20,Card,Delivered
15664,3846,2024-12-08,COD,Delivered
15665,3847,2024-11-30,UPI,Returned
15666,3848,2024-10-24,COD,Delivered
15667,3848,2024-04-02,UPI,Delivered
15668,3848,2024-01-21,COD,Delivered
15669,3848,2023-10-06,NetBanking,Delivered
15670,3848,2024-01-21,UPI,Delivered
15671,3849,2024-07-16,UPI,Delivered
15672,3849,2024-12-25,Wallet,Delivered
15673,3849,2024-07-03,UPI,Delivered
15674,3849,2024-10-01,UPI,Delivered
15675,3849,2024-03-31,UPI,Delivered
15676,3849,2024-07-24,UPI,Delivered
15677,3849,2024-05-12,Card,Delivered
15678,3849,2024-05-12,UPI,Delivered
15679,3849,2024-05-09,Wallet,Delivered
15680,3849,2024-08-10,Card,Cancelled
15681,3849,2024-05-31,Card,Delivered
15682,3849,2024-11-14,UPI,Delivered
15683,3849,2024-08-01,Card,Cancelled
15684,3849,2024-02-28,UPI,Delivered
15685,3849,2024-07-28,NetBanking,Delivered
15686,3849,2024-03-17,COD,Delivered
15687,3849,2024-04-05,UPI,Delivered
15688,3849,2024-04-01,Card,Delivered
15689,3849,2024-11-09,Card,Delivered
15690,3850,2024-08-10,Card,Delivered
15691,3851,2024-10-01,COD,Delivered
15692,3852,2023-04-09,NetBanking,Delivered
15693,3852,2024-11-27,Card,Delivered
15694,3853,2023-12-18,COD,Delivered
15695,3853,2023-03-27,UPI,Delivered
15696,3853,2023-05-03,UPI,Delivered
15697,3853,2023-07-15,UPI,Delivered
15698,3853,2024-11-05,UPI,Delivered
15699,3853,2023-08-14,COD,Delivered
15700,3853,2023-12-22,UPI,Returned
15701,3854,2023-11-01,COD,Returned
15702,3854,2024-07-12,UPI,Cancelled
15703,3854,2024-02-05,COD,Delivered
15704,3855,2024-07-05,Card,Delivered
15705,3855,2023-11-29,UPI,Delivered
15706,3855,2024-07-22,COD,Delivered
15707,3855,2024-12-09,COD,Delivered
15708,3858,2024-03-17,COD,Delivered
15709,3858,2023-11-17,COD,Delivered
15710,3858,2023-01-15,UPI,Delivered
15711,3858,2023-09-21,Card,Delivered
15712,3859,2023-08-01,Card,Cancelled
15713,3859,2024-03-13,COD,Delivered
15714,3859,2024-03-25,UPI,Delivered
15715,3859,2024-11-28,UPI,Delivered
15716,3859,2024-03-03,UPI,Delivered
15717,3859,2024-02-23,Card,Delivered
15718,3860,2024-10-14,UPI,Delivered
15719,3860,2023-11-01,Card,Delivered
15720,3860,2024-11-12,UPI,Returned
15721,3860,2024-12-19,UPI,Delivered
15722,3860,2024-12-13,UPI,Delivered
15723,3860,2024-12-24,Card,Delivered
15724,3860,2024-08-29,UPI,Delivered
15725,3860,2024-08-15,UPI,Delivered
15726,3860,2023-09-29,UPI,Delivered
15727,3860,2023-12-20,COD,Cancelled
15728,3860,2024-10-11,UPI,Delivered
15729,3860,2024-02-06,UPI,Delivered
15730,3860,2024-07-16,UPI,Delivered
15731,3860,2024-06-24,UPI,Delivered
15732,3860,2024-06-21,UPI,Delivered
15733,3860,2024-02-12,UPI,Delivered
15734,3860,2024-11-15,COD,Returned
15735,3860,2023-12-05,Card,Delivered
15736,3860,2024-10-04,UPI,Returned
15737,3860,2023-09-08,COD,Delivered
15738,3860,2024-10-30,UPI,Delivered
15739,3861,2024-01-22,Card,Delivered
15740,3861,2023-12-29,Card,Delivered
15741,3862,2024-10-27,Card,Delivered
15742,3862,2024-01-25,UPI,Delivered
15743,3862,2024-09-22,UPI,Delivered
15744,3862,2024-06-21,COD,Delivered
15745,3864,2024-11-05,UPI,Delivered
15746,3864,2024-08-10,Card,Delivered
15747,3864,2024-12-13,Card,Delivered
15748,3865,2024-10-20,COD,Delivered
15749,3865,2024-07-19,NetBanking,Delivered
15750,3865,2024-02-22,NetBanking,Delivered
15751,3865,2024-09-27,UPI,Delivered
15752,3865,2024-05-23,Card,Delivered
15753,3865,2024-01-31,UPI,Delivered
15754,3865,2024-08-27,UPI,Delivered
15755,3866,2024-09-07,COD,Delivered
15756,3866,2024-09-19,COD,Delivered
15757,3866,2024-12-12,Card,Delivered
15758,3867,2024-06-06,NetBanking,Delivered
15759,3867,2024-04-28,Card,Delivered
15760,3867,2024-12-03,NetBanking,Delivered
15761,3867,2024-12-09,COD,Delivered
15762,3868,2024-12-20,UPI,Delivered
15763,3868,2024-11-11,UPI,Delivered
15764,3868,2024-08-24,NetBanking,Returned
15765,3868,2024-11-26,Card,Delivered
15766,3870,2024-11-18,UPI,Delivered
15767,3870,2024-02-28,Card,Delivered
15768,3870,2024-11-21,Card,Delivered
15769,3870,2024-12-27,UPI,Delivered
15770,3870,2024-10-09,UPI,Delivered
15771,3871,2023-09-30,Card,Returned
15772,3871,2024-03-29,Card,Delivered
15773,3871,2023-02-09,NetBanking,Delivered
15774,3871,2024-01-23,COD,Delivered
15775,3871,2023-08-08,COD,Delivered
15776,3871,2023-08-11,COD,Returned
15777,3871,2024-11-06,UPI,Delivered
15778,3871,2023-09-13,Wallet,Cancelled
15779,3872,2024-11-06,Wallet,Delivered
15780,3872,2024-07-15,UPI,Delivered
15781,3872,2023-06-11,COD,Delivered
15782,3874,2024-11-16,UPI,Delivered
15783,3874,2023-11-21,COD,Delivered
15784,3874,2024-12-05,UPI,Delivered
15785,3874,2024-01-04,NetBanking,Delivered
15786,3875,2024-03-25,NetBanking,Delivered
15787,3876,2024-12-26,COD,Returned
15788,3876,2024-11-08,UPI,Delivered
15789,3876,2024-12-01,UPI,Delivered
15790,3877,2024-05-30,Card,Delivered
15791,3877,2024-07-20,NetBanking,Delivered
15792,3877,2024-03-31,UPI,Delivered
15793,3877,2024-04-06,UPI,Delivered
15794,3877,2024-10-11,Card,Delivered
15795,3877,2024-12-21,NetBanking,Delivered
15796,3877,2024-04-15,NetBanking,Delivered
15797,3878,2023-06-22,,Delivered
15798,3878,2024-10-31,Card,Delivered
15799,3878,2023-06-19,NetBanking,Delivered
15800,3878,2024-11-17,Wallet,Delivered
15801,3878,2023-07-18,NetBanking,Delivered
15802,3879,2024-12-22,Card,Delivered
15803,3879,2023-12-18,UPI,Delivered
15804,3879,2023-10-18,COD,Delivered
15805,3879,2024-09-14,UPI,Delivered
15806,3879,2024-04-29,UPI,Returned
15807,3879,2024-11-14,Card,Delivered
15808,3879,2023-06-24,NetBanking,Delivered
15809,3879,2023-05-17,Card,Returned
15810,3879,2024-12-01,UPI,Delivered
15811,3879,2024-01-04,Card,Delivered
15812,3879,2023-09-11,UPI,Delivered
15813,3879,2024-08-21,UPI,Delivered
15814,3879,2024-12-30,UPI,Delivered
15815,3879,2024-12-31,Card,Delivered
15816,3880,2023-10-24,UPI,Delivered
15817,3881,2024-06-01,Card,Delivered
15818,3881,2024-10-03,COD,Cancelled
15819,3881,2024-12-04,Card,Delivered
15820,3881,2024-11-08,UPI,Delivered
15821,3882,2024-05-25,UPI,Delivered
15822,3882,2023-10-30,Card,Delivered
15823,3882,2024-04-11,UPI,Delivered
15824,3882,2024-06-22,Card,Delivered
15825,3882,2024-01-24,Card,Delivered
15826,3883,2023-11-23,Card,Delivered
15827,3883,2024-04-12,Card,Delivered
15828,3884,2024-07-11,Wallet,Returned
15829,3884,2024-12-08,Card,Delivered
15830,3884,2024-12-01,UPI,Delivered
15831,3884,2024-03-09,UPI,Delivered
15832,3885,2024-11-04,Wallet,Delivered
15833,3885,2023-07-18,Wallet,Delivered
15834,3885,2024-12-20,Card,Returned
15835,3885,2024-08-18,NetBanking,Delivered
15836,3885,2023-07-01,Card,Returned
15837,3885,2023-06-12,UPI,Cancelled
15838,3885,2023-10-11,COD,Delivered
15839,3886,2024-12-27,UPI,Delivered
15840,3886,2023-12-04,Card,Delivered
15841,3886,2024-06-10,NetBanking,Delivered
15842,3886,2024-08-26,Card,Delivered
15843,3886,2023-12-20,,Delivered
15844,3886,2024-03-30,COD,Delivered
15845,3886,2024-10-03,COD,Delivered
15846,3886,2023-09-16,Card,Delivered
15847,3886,2024-01-26,UPI,Delivered
15848,3886,2024-10-10,NetBanking,Delivered
15849,3886,2024-01-05,Card,Delivered
15850,3886,2023-09-13,Card,Delivered
15851,3886,2023-11-06,COD,Returned
15852,3886,2024-08-14,UPI,Delivered
15853,3886,2024-12-17,UPI,Cancelled
15854,3886,2023-11-21,UPI,Delivered
15855,3887,2024-04-24,NetBanking,Delivered
15856,3887,2024-05-10,COD,Cancelled
15857,3887,2024-05-03,Card,Cancelled
15858,3889,2024-03-06,COD,Delivered
15859,3889,2023-08-05,NetBanking,Delivered
15860,3889,2024-08-05,COD,Returned
15861,3889,2024-02-27,Wallet,Delivered
15862,3889,2024-03-18,Wallet,Delivered
15863,3890,2024-11-29,Card,Delivered
15864,3892,2024-12-06,COD,Delivered
15865,3892,2024-09-13,Wallet,Delivered
15866,3893,2024-05-24,NetBanking,Delivered
15867,3893,2024-10-17,Card,Delivered
15868,3893,2024-01-22,UPI,Delivered
15869,3893,2024-11-14,UPI,Delivered
15870,3893,2023-10-15,UPI,Delivered
15871,3893,2024-05-21,UPI,Delivered
15872,3893,2024-08-18,COD,Delivered
15873,3894,2023-05-25,Card,Delivered
15874,3894,2024-04-27,Card,Delivered
15875,3894,2024-10-27,UPI,Delivered
15876,3894,2023-10-24,Card,Delivered
15877,3894,2023-05-11,UPI,Delivered
15878,3894,2023-10-22,COD,Delivered
15879,3894,2024-09-11,Wallet,Delivered
15880,3894,2024-01-13,NetBanking,Delivered
15881,3894,2024-09-08,UPI,Delivered
15882,3894,2023-09-19,Card,Delivered
15883,3894,2024-06-11,UPI,Delivered
15884,3895,2024-08-07,Card,Delivered
15885,3895,2024-04-10,Card,Delivered
15886,3895,2024-01-28,UPI,Delivered
15887,3895,2023-11-30,Card,Delivered
15888,3895,2023-12-02,COD,Delivered
15889,3895,2024-05-19,COD,Delivered
15890,3895,2024-08-29,UPI,Delivered
15891,3895,2024-02-23,UPI,Delivered
15892,3895,2024-12-01,COD,Delivered
15893,3895,2024-02-22,COD,Delivered
15894,3895,2024-03-23,Card,Delivered
15895,3895,2024-04-09,Card,Delivered
15896,3896,2024-09-18,NetBanking,Delivered
15897,3896,2024-09-10,UPI,Delivered
15898,3896,2024-12-28,Card,Delivered
15899,3896,2024-06-26,Card,Cancelled
15900,3896,2024-06-23,COD,Delivered
15901,3896,2024-10-22,Card,Delivered
15902,3897,2024-11-23,COD,Delivered
15903,3897,2024-06-01,UPI,Delivered
15904,3897,2024-11-25,UPI,Delivered
15905,3897,2024-12-02,UPI,Returned
15906,3898,2024-07-06,UPI,Delivered
15907,3898,2023-07-27,UPI,Delivered
15908,3898,2023-07-31,Wallet,Cancelled
15909,3899,2024-10-11,COD,Returned
15910,3899,2024-10-28,Card,Delivered
15911,3899,2024-04-01,UPI,Delivered
15912,3899,2024-04-28,COD,Delivered
15913,3899,2024-01-20,Wallet,Delivered
15914,3899,2023-07-17,UPI,Delivered
15915,3899,2024-07-06,UPI,Delivered
15916,3899,2024-07-26,NetBanking,Returned
15917,3899,2024-03-09,UPI,Delivered
15918,3900,2024-12-05,NetBanking,Delivered
15919,3900,2024-05-31,UPI,Delivered
15920,3900,2024-10-23,NetBanking,Delivered
15921,3900,2024-11-13,UPI,Delivered
15922,3900,2024-07-28,COD,Delivered
15923,3900,2024-08-31,UPI,Delivered
15924,3900,2024-08-07,COD,Delivered
15925,3900,2024-11-22,UPI,Delivered
15926,3901,2024-05-13,Card,Delivered
15927,3901,2024-01-04,Card,Delivered
15928,3901,2024-07-19,UPI,Returned
15929,3901,2024-06-29,Card,Delivered
15930,3901,2024-12-20,Wallet,Delivered
15931,3901,2023-10-25,COD,Delivered
15932,3901,2024-05-03,UPI,Delivered
15933,3901,2023-12-07,Wallet,Delivered
15934,3901,2023-10-14,COD,Delivered
15935,3901,2024-10-14,UPI,Delivered
15936,3902,2024-10-27,Wallet,Delivered
15937,3902,2024-06-09,Card,Delivered
15938,3902,2024-12-14,Card,Returned
15939,3903,2024-08-27,UPI,Delivered
15940,3903,2023-10-14,Wallet,Delivered
15941,3903,2023-11-18,UPI,Delivered
15942,3903,2023-10-15,Card,Delivered
15943,3904,2023-12-12,Card,Returned
15944,3904,2023-01-31,COD,Delivered
15945,3904,2023-10-01,UPI,Delivered
15946,3905,2024-07-10,Card,Delivered
15947,3905,2024-08-12,UPI,Delivered
15948,3905,2024-11-08,UPI,Delivered
15949,3905,2024-07-18,Card,Delivered
15950,3905,2024-06-20,Card,Delivered
15951,3905,2024-08-04,Card,Delivered
15952,3905,2024-07-24,UPI,Delivered
15953,3905,2024-11-21,UPI,Delivered
15954,3905,2024-12-29,UPI,Delivered
15955,3905,2024-07-22,Card,Delivered
15956,3906,2024-08-14,NetBanking,Delivered
15957,3906,2024-04-11,Card,Delivered
15958,3907,2024-09-26,UPI,Delivered
15959,3907,2024-04-27,UPI,Delivered
15960,3907,2024-08-03,UPI,Delivered
15961,3907,2024-02-10,Card,Delivered
15962,3907,2024-11-11,UPI,Delivered
15963,3907,2024-06-28,UPI,Delivered
15964,3907,2024-07-24,NetBanking,Delivered
15965,3907,2024-11-29,Card,Delivered
15966,3907,2024-07-04,UPI,Returned
15967,3907,2024-08-05,UPI,Delivered
15968,3907,2024-05-24,Wallet,Delivered
15969,3908,2024-11-24,COD,Cancelled
15970,3908,2024-10-02,UPI,Delivered
15971,3908,2024-09-03,UPI,Delivered
15972,3908,2024-10-12,COD,Delivered
15973,3908,2024-10-20,Card,Delivered
15974,3908,2024-08-28,COD,Cancelled
15975,3908,2024-11-18,UPI,Delivered
15976,3908,2024-09-24,COD,Delivered
15977,3908,2024-11-03,COD,Delivered
15978,3908,2024-08-23,COD,Delivered
15979,3909,2023-10-04,UPI,Delivered
15980,3909,2023-11-24,UPI,Delivered
15981,3910,2024-06-21,UPI,Delivered
15982,3910,2024-08-01,UPI,Delivered
15983,3910,2024-06-04,UPI,Delivered
15984,3911,2023-08-05,COD,Delivered
15985,3911,2024-11-06,Card,Delivered
15986,3914,2023-12-02,Card,Delivered
15987,3914,2023-12-07,Card,Delivered
15988,3914,2024-05-11,Wallet,Delivered
15989,3915,2024-07-28,UPI,Delivered
15990,3915,2024-08-19,COD,Delivered
15991,3915,2024-08-20,COD,Returned
15992,3915,2024-08-18,Card,Delivered
15993,3916,2024-02-23,,Delivered
15994,3918,2024-08-26,Card,Delivered
15995,3918,2024-07-18,COD,Delivered
15996,3918,2024-12-27,NetBanking,Delivered
15997,3918,2024-05-01,COD,Delivered
15998,3919,2024-06-11,Card,Delivered
15999,3919,2024-01-10,NetBanking,Delivered
16000,3920,2024-08-02,Card,Delivered
16001,3920,2024-10-15,UPI,Cancelled
16002,3920,2024-09-20,UPI,Delivered
16003,3920,2024-06-24,UPI,Delivered
16004,3920,2024-12-18,UPI,Cancelled
16005,3920,2024-04-30,UPI,Delivered
16006,3920,2024-10-28,Card,Delivered
16007,3922,2024-10-22,NetBanking,Returned
16008,3924,2024-05-31,Card,Delivered
16009,3924,2024-09-14,,Delivered
16010,3924,2023-11-01,NetBanking,Delivered
16011,3924,2023-12-21,Card,Returned
16012,3924,2023-08-19,UPI,Delivered
16013,3924,2024-12-15,UPI,Delivered
16014,3924,2024-11-18,UPI,Delivered
16015,3925,2023-12-14,UPI,Delivered
16016,3925,2024-12-24,Card,Delivered
16017,3925,2024-10-30,Wallet,Returned
16018,3925,2024-05-19,Wallet,Delivered
16019,3925,2024-11-27,COD,Delivered
16020,3925,2024-11-28,Card,Delivered
16021,3925,2024-12-02,NetBanking,Delivered
16022,3925,2024-07-23,Wallet,Delivered
16023,3925,2024-11-09,COD,Delivered
16024,3925,2023-12-23,COD,Delivered
16025,3925,2024-02-18,Card,Delivered
16026,3925,2024-09-14,UPI,Delivered
16027,3925,2024-01-20,Card,Delivered
16028,3926,2024-11-02,UPI,Delivered
16029,3926,2024-11-01,UPI,Delivered
16030,3926,2024-03-27,COD,Delivered
16031,3926,2024-10-04,Card,Delivered
16032,3927,2024-08-26,UPI,Delivered
16033,3927,2023-10-29,Card,Delivered
16034,3927,2024-01-08,UPI,Delivered
16035,3928,2023-05-18,UPI,Delivered
16036,3928,2024-08-23,UPI,Delivered
16037,3929,2024-10-28,Card,Delivered
16038,3929,2024-05-30,Card,Delivered
16039,3929,2024-01-05,UPI,Delivered
16040,3929,2024-06-29,UPI,Delivered
16041,3930,2024-09-11,UPI,Delivered
16042,3930,2024-03-15,COD,Delivered
16043,3930,2024-12-13,COD,Delivered
16044,3930,2024-03-03,Card,Delivered
16045,3931,2024-06-17,Wallet,Delivered
16046,3931,2024-08-01,Card,Delivered
16047,3931,2024-11-16,COD,Delivered
16048,3931,2024-06-01,Card,Delivered
16049,3931,2024-05-24,NetBanking,Delivered
16050,3931,2024-01-30,UPI,Delivered
16051,3931,2024-02-05,UPI,Delivered
16052,3931,2024-11-11,Card,Delivered
16053,3931,2024-03-30,COD,Returned
16054,3931,2024-12-22,COD,Delivered
16055,3931,2024-02-15,Card,Delivered
16056,3931,2024-11-10,UPI,Cancelled
16057,3932,2024-03-16,UPI,Delivered
16058,3933,2024-10-01,COD,Delivered
16059,3933,2024-12-17,UPI,Cancelled
16060,3933,2024-10-17,NetBanking,Delivered
16061,3934,2024-12-16,UPI,Returned
16062,3934,2024-11-11,Card,Delivered
16063,3934,2024-03-29,COD,Cancelled
16064,3936,2024-10-07,UPI,Cancelled
16065,3936,2024-06-14,COD,Delivered
16066,3936,2024-11-21,Wallet,Delivered
16067,3936,2024-09-22,UPI,Cancelled
16068,3936,2024-12-30,UPI,Delivered
16069,3936,2024-08-09,Card,Delivered
16070,3936,2024-08-19,Wallet,Delivered
16071,3937,2024-11-26,Card,Delivered
16072,3937,2024-04-07,Card,Delivered
16073,3937,2024-05-10,UPI,Delivered
16074,3938,2024-11-18,UPI,Delivered
16075,3938,2023-12-31,UPI,Delivered
16076,3938,2023-10-12,Card,Delivered
16077,3938,2023-12-04,COD,Delivered
16078,3939,2024-11-25,COD,Delivered
16079,3939,2024-05-06,Card,Delivered
16080,3939,2024-05-07,Card,Delivered
16081,3939,2024-11-20,COD,Delivered
16082,3939,2024-02-16,NetBanking,Delivered
16083,3939,2024-10-21,COD,Delivered
16084,3939,2024-09-25,Card,Delivered
16085,3939,2024-02-12,NetBanking,Delivered
16086,3939,2024-04-12,Wallet,Delivered
16087,3940,2024-04-20,COD,Delivered
16088,3940,2024-03-18,NetBanking,Delivered
16089,3940,2024-12-13,NetBanking,Delivered
16090,3940,2023-10-18,Card,Delivered
16091,3941,2024-04-30,UPI,Returned
16092,3941,2024-01-17,COD,Delivered
16093,3941,2024-08-11,UPI,Delivered
16094,3941,2024-06-29,UPI,Cancelled
16095,3941,2023-11-30,UPI,Returned
16096,3941,2024-10-02,COD,Delivered
16097,3942,2023-12-23,Card,Delivered
16098,3942,2024-08-13,Card,Delivered
16099,3942,2024-03-22,NetBanking,Delivered
16100,3942,2023-11-08,UPI,Delivered
16101,3942,2023-12-09,COD,Returned
16102,3942,2024-08-27,COD,Delivered
16103,3943,2024-12-13,Card,Delivered
16104,3943,2024-07-03,NetBanking,Delivered
16105,3943,2024-12-04,Card,Delivered
16106,3943,2024-10-11,UPI,Delivered
16107,3943,2024-08-06,COD,Delivered
16108,3943,2024-08-15,Card,Delivered
16109,3943,2024-08-02,Wallet,Delivered
16110,3943,2024-11-09,COD,Delivered
16111,3943,2024-11-11,UPI,Delivered
16112,3944,2024-11-03,UPI,Delivered
16113,3945,2024-10-05,UPI,Delivered
16114,3945,2023-04-04,NetBanking,Delivered
16115,3945,2023-06-23,UPI,Delivered
16116,3947,2024-12-03,Card,Delivered
16117,3948,2023-08-09,UPI,Delivered
16118,3948,2024-03-16,Card,Delivered
16119,3948,2023-12-06,COD,Delivered
16120,3948,2024-11-07,UPI,Delivered
16121,3950,2023-09-19,UPI,Returned
16122,3951,2024-01-12,COD,Delivered
16123,3951,2024-01-25,,Returned
16124,3951,2024-02-05,UPI,Delivered
16125,3952,2024-02-29,UPI,Delivered
16126,3952,2024-04-19,COD,Delivered
16127,3952,2023-11-28,NetBanking,Delivered
16128,3952,2024-06-05,UPI,Delivered
16129,3952,2024-09-23,Wallet,Delivered
16130,3952,2023-05-23,UPI,Delivered
16131,3953,2024-09-12,NetBanking,Delivered
16132,3953,2024-08-08,,Delivered
16133,3953,2024-06-24,UPI,Returned
16134,3953,2024-03-25,COD,Delivered
16135,3954,2023-11-19,UPI,Delivered
16136,3954,2023-11-07,UPI,Delivered
16137,3954,2024-03-08,Card,Delivered
16138,3955,2024-11-21,UPI,Delivered
16139,3955,2023-12-17,Card,Delivered
16140,3955,2024-10-31,NetBanking,Delivered
16141,3956,2024-06-19,,Delivered
16142,3956,2024-08-25,UPI,Delivered
16143,3956,2024-08-14,Card,Delivered
16144,3956,2024-10-28,Card,Delivered
16145,3956,2024-12-14,Card,Delivered
16146,3957,2024-12-26,UPI,Delivered
16147,3957,2024-03-27,Card,Delivered
16148,3957,2023-11-06,COD,Delivered
16149,3957,2024-09-29,Card,Delivered
16150,3958,2024-04-09,UPI,Delivered
16151,3958,2024-09-30,UPI,Delivered
16152,3958,2024-03-26,COD,Delivered
16153,3959,2024-11-29,UPI,Delivered
16154,3959,2023-02-28,UPI,Delivered
16155,3959,2023-08-16,Card,Delivered
16156,3960,2023-07-08,Card,Delivered
16157,3961,2024-10-27,UPI,Returned
16158,3961,2024-11-10,Card,Delivered
16159,3961,2024-12-24,Card,Delivered
16160,3961,2024-12-26,UPI,Delivered
16161,3961,2024-09-15,Card,Delivered
16162,3961,2024-07-05,COD,Delivered
16163,3962,2024-09-20,Wallet,Delivered
16164,3962,2024-07-20,Wallet,Delivered
16165,3962,2024-09-25,COD,Returned
16166,3962,2024-08-06,UPI,Delivered
16167,3962,2024-09-03,COD,Delivered
16168,3962,2024-12-11,UPI,Delivered
16169,3963,2024-10-28,UPI,Delivered
16170,3963,2024-03-05,UPI,Delivered
16171,3964,2024-07-16,UPI,Delivered
16172,3964,2024-12-19,UPI,Delivered
16173,3965,2023-11-28,,Delivered
16174,3965,2023-11-07,UPI,Delivered
16175,3966,2024-06-25,UPI,Delivered
16176,3966,2024-12-22,UPI,Delivered
16177,3966,2024-08-19,UPI,Delivered
16178,3966,2024-08-19,Card,Delivered
16179,3966,2024-09-04,UPI,Delivered
16180,3966,2024-10-18,UPI,Returned
16181,3967,2024-09-11,Card,Returned
16182,3967,2024-04-19,UPI,Delivered
16183,3967,2024-04-05,UPI,Delivered
16184,3968,2023-07-17,NetBanking,Delivered
16185,3968,2024-06-27,UPI,Delivered
16186,3968,2023-09-08,NetBanking,Delivered
16187,3968,2024-10-03,NetBanking,Delivered
16188,3968,2023-10-31,NetBanking,Delivered
16189,3969,2024-11-05,Card,Delivered
16190,3970,2023-12-12,COD,Delivered
16191,3970,2023-12-28,UPI,Delivered
16192,3970,2024-06-10,UPI,Delivered
16193,3970,2024-12-17,Card,Delivered
16194,3970,2024-10-12,UPI,Delivered
16195,3970,2024-10-09,COD,Delivered
16196,3970,2024-09-25,Card,Delivered
16197,3970,2024-10-25,UPI,Delivered
16198,3970,2024-07-29,COD,Delivered
16199,3971,2024-10-02,Card,Delivered
16200,3971,2024-02-19,Card,Delivered
16201,3971,2024-10-09,Card,Delivered
16202,3971,2024-11-04,COD,Returned
16203,3971,2023-09-25,UPI,Delivered
16204,3971,2024-03-09,UPI,Delivered
16205,3971,2024-11-24,UPI,Returned
16206,3971,2023-11-04,,Cancelled
16207,3971,2024-09-28,COD,Delivered
16208,3971,2024-01-28,Card,Delivered
16209,3971,2024-05-20,UPI,Delivered
16210,3971,2024-11-23,COD,Delivered
16211,3971,2024-08-01,UPI,Delivered
16212,3971,2024-04-07,UPI,Returned
16213,3971,2024-09-04,NetBanking,Delivered
16214,3971,2023-12-07,UPI,Returned
16215,3971,2023-09-21,UPI,Delivered
16216,3971,2024-07-24,UPI,Returned
16217,3971,2024-11-09,UPI,Delivered
16218,3971,2024-09-06,UPI,Delivered
16219,3971,2024-05-26,COD,Returned
16220,3971,2023-11-09,COD,Delivered
16221,3971,2023-10-19,UPI,Delivered
16222,3971,2023-12-31,COD,Delivered
16223,3972,2024-05-28,UPI,Delivered
16224,3972,2024-06-30,UPI,Delivered
16225,3972,2024-06-01,NetBanking,Delivered
16226,3972,2024-08-14,UPI,Delivered
16227,3972,2024-12-31,NetBanking,Delivered
16228,3973,2023-11-29,UPI,Delivered
16229,3973,2023-06-10,NetBanking,Delivered
16230,3973,2024-11-27,UPI,Delivered
16231,3974,2024-03-09,UPI,Delivered
16232,3974,2024-04-10,Card,Delivered
16233,3974,2024-12-19,UPI,Returned
16234,3974,2024-02-02,UPI,Returned
16235,3974,2023-11-21,UPI,Delivered
16236,3975,2024-11-10,Card,Delivered
16237,3975,2023-07-13,UPI,Returned
16238,3975,2023-08-19,COD,Delivered
16239,3975,2024-07-03,UPI,Returned
16240,3975,2023-07-30,UPI,Returned
16241,3976,2024-05-11,Card,Delivered
16242,3976,2024-01-28,NetBanking,Delivered
16243,3976,2024-07-15,Card,Delivered
16244,3977,2024-10-02,Card,Returned
16245,3977,2024-05-14,Card,Delivered
16246,3977,2024-05-02,UPI,Delivered
16247,3977,2024-10-15,UPI,Delivered
16248,3977,2024-06-17,Card,Delivered
16249,3977,2024-08-07,Wallet,Delivered
16250,3978,2024-07-20,UPI,Delivered
16251,3978,2024-06-29,UPI,Returned
16252,3978,2024-12-14,UPI,Delivered
16253,3978,2024-09-04,NetBanking,Delivered
16254,3978,2024-12-01,COD,Delivered
16255,3978,2024-10-02,Card,Delivered
16256,3978,2024-12-17,Card,Delivered
16257,3978,2024-10-08,Card,Delivered
16258,3978,2024-12-06,Wallet,Delivered
16259,3978,2024-11-07,Card,Delivered
16260,3978,2024-08-24,COD,Delivered
16261,3979,2024-04-24,NetBanking,Delivered
16262,3979,2024-11-17,UPI,Returned
16263,3979,2023-12-05,UPI,Delivered
16264,3979,2024-02-16,COD,Delivered
16265,3979,2024-09-28,UPI,Delivered
16266,3979,2024-02-19,UPI,Delivered
16267,3979,2023-10-20,UPI,Delivered
16268,3979,2024-01-01,Wallet,Delivered
16269,3979,2023-10-29,COD,Delivered
16270,3980,2023-06-24,Card,Delivered
16271,3980,2024-12-30,Card,Delivered
16272,3981,2023-09-08,COD,Delivered
16273,3981,2024-11-26,NetBanking,Delivered
16274,3981,2024-11-13,UPI,Delivered
16275,3981,2023-12-26,COD,Returned
16276,3981,2024-01-14,UPI,Delivered
16277,3981,2024-07-01,COD,Delivered
16278,3982,2023-05-04,COD,Delivered
16279,3982,2023-07-23,COD,Delivered
16280,3982,2023-10-03,UPI,Delivered
16281,3982,2023-04-04,Wallet,Delivered
16282,3982,2023-11-06,UPI,Delivered
16283,3982,2024-08-28,NetBanking,Delivered
16284,3982,2023-04-03,UPI,Delivered
16285,3983,2024-11-17,UPI,Delivered
16286,3983,2024-12-03,UPI,Delivered
16287,3983,2024-03-09,UPI,Delivered
16288,3983,2024-09-07,Card,Delivered
16289,3983,2024-02-22,COD,Delivered
16290,3983,2024-11-28,COD,Delivered
16291,3983,2024-04-08,Card,Delivered
16292,3983,2024-01-13,UPI,Delivered
16293,3983,2024-10-24,COD,Delivered
16294,3983,2024-10-03,UPI,Delivered
16295,3983,2024-06-26,Card,Delivered
16296,3983,2024-09-17,COD,Delivered
16297,3983,2024-10-31,UPI,Delivered
16298,3983,2024-03-17,UPI,Delivered
16299,3984,2024-10-03,Wallet,Delivered
16300,3984,2024-01-09,UPI,Delivered
16301,3985,2024-08-29,UPI,Delivered
16302,3985,2024-12-22,NetBanking,Delivered
16303,3985,2024-06-23,UPI,Delivered
16304,3985,2024-07-25,COD,Delivered
16305,3985,2024-10-01,COD,Delivered
16306,3986,2024-10-31,UPI,Cancelled
16307,3986,2024-09-09,UPI,Delivered
16308,3986,2024-02-11,COD,Delivered
16309,3986,2024-12-17,UPI,Delivered
16310,3986,2024-08-01,COD,Delivered
16311,3986,2024-11-29,NetBanking,Returned
16312,3988,2024-03-23,UPI,Delivered
16313,3988,2024-02-14,UPI,Delivered
16314,3988,2024-10-27,COD,Delivered
16315,3988,2024-05-28,Card,Delivered
16316,3988,2023-08-24,Card,Delivered
16317,3988,2024-05-09,Card,Delivered
16318,3989,2023-10-20,Wallet,Delivered
16319,3989,2024-06-20,COD,Delivered
16320,3990,2024-06-19,Card,Delivered
16321,3990,2023-10-16,UPI,Delivered
16322,3991,2024-07-10,UPI,Returned
16323,3991,2024-02-28,COD,Delivered
16324,3992,2024-11-03,UPI,Delivered
16325,3992,2024-04-04,UPI,Delivered
16326,3992,2024-10-31,UPI,Delivered
16327,3992,2024-07-24,NetBanking,Delivered
16328,3992,2024-10-16,Card,Delivered
16329,3992,2024-03-08,COD,Delivered
16330,3992,2024-03-29,UPI,Delivered
16331,3992,2024-03-26,Card,Delivered
16332,3992,2024-07-07,Card,Delivered
16333,3993,2024-06-17,NetBanking,Delivered
16334,3993,2024-12-28,,Delivered
16335,3993,2023-09-23,UPI,Delivered
16336,3993,2023-03-20,COD,Returned
16337,3993,2024-08-22,UPI,Delivered
16338,3993,2023-10-06,UPI,Delivered
16339,3993,2023-12-04,COD,Delivered
16340,3994,2023-12-08,Card,Delivered
16341,3994,2023-10-11,Card,Delivered
16342,3994,2024-06-10,COD,Delivered
16343,3994,2024-12-10,NetBanking,Delivered
16344,3994,2023-10-21,Card,Delivered
16345,3996,2024-11-27,COD,Delivered
16346,3996,2023-10-25,Card,Delivered
16347,3996,2024-06-06,NetBanking,Delivered
16348,3996,2024-09-27,COD,Delivered
16349,3996,2023-08-23,NetBanking,Delivered
16350,3997,2024-10-06,NetBanking,Delivered
16351,3997,2024-01-31,UPI,Delivered
16352,3997,2024-08-17,NetBanking,Delivered
16353,3998,2024-11-29,Card,Delivered
16354,3998,2024-09-25,COD,Delivered
16355,3999,2024-03-04,COD,Delivered
16356,3999,2024-08-18,NetBanking,Delivered
16357,3999,2024-11-02,COD,Delivered
16358,3999,2024-10-11,COD,Delivered
16359,3999,2024-09-08,Wallet,Delivered
16360,3999,2024-11-08,NetBanking,Delivered
16361,3999,2024-12-04,Card,Delivered
16362,3999,2024-03-31,COD,Delivered
16363,3999,2024-05-14,UPI,Delivered
16364,3999,2024-12-28,Card,Delivered
16365,3999,2024-05-09,Wallet,Returned
16366,3999,2024-11-16,UPI,Cancelled
16367,3999,2024-08-29,NetBanking,Delivered
16368,3999,2024-07-03,COD,Delivered
16369,3999,2024-10-24,UPI,Delivered
16370,4001,2024-07-17,NetBanking,Delivered
16371,4002,2024-09-23,Card,Delivered
16372,4002,2024-06-21,Card,Delivered
16373,4002,2024-11-02,Card,Delivered
16374,4002,2024-11-07,UPI,Delivered
16375,4002,2024-06-27,Card,Delivered
16376,4002,2024-11-08,Card,Delivered
16377,4003,2023-02-01,Wallet,Delivered
16378,4003,2023-12-16,COD,Delivered
16379,4003,2023-08-16,Card,Delivered
16380,4003,2023-09-30,NetBanking,Delivered
16381,4003,2023-09-05,NetBanking,Delivered
16382,4003,2024-05-05,Card,Delivered
16383,4003,2024-09-07,Wallet,Delivered
16384,4003,2024-10-24,Card,Delivered
16385,4006,2024-06-30,UPI,Delivered
16386,4006,2024-09-18,Card,Delivered
16387,4006,2024-07-13,Card,Cancelled
16388,4006,2024-10-01,Card,Delivered
16389,4006,2024-11-03,UPI,Cancelled
16390,4006,2024-11-30,UPI,Delivered
16391,4006,2024-06-20,UPI,Returned
16392,4006,2024-12-10,COD,Delivered
16393,4006,2024-07-21,UPI,Delivered
16394,4006,2024-12-20,UPI,Delivered
16395,4006,2024-10-02,UPI,Delivered
16396,4006,2024-06-13,UPI,Delivered
16397,4007,2024-07-28,UPI,Delivered
16398,4007,2024-12-08,Card,Delivered
16399,4007,2023-11-28,Card,Delivered
16400,4007,2023-08-13,COD,Delivered
16401,4007,2023-10-23,Card,Delivered
16402,4008,2024-07-23,COD,Delivered
16403,4008,2024-08-16,COD,Delivered
16404,4008,2024-11-17,Card,Delivered
16405,4008,2024-10-26,Card,Delivered
16406,4008,2024-07-06,UPI,Delivered
16407,4009,2024-11-14,UPI,Delivered
16408,4009,2024-09-03,Card,Delivered
16409,4009,2024-12-01,UPI,Delivered
16410,4009,2024-11-04,UPI,Delivered
16411,4009,2024-09-04,COD,Delivered
16412,4009,2023-10-10,COD,Delivered
16413,4009,2024-03-11,,Delivered
16414,4009,2023-12-21,UPI,Delivered
16415,4009,2023-12-07,,Delivered
16416,4009,2024-09-15,UPI,Delivered
16417,4010,2024-05-12,UPI,Returned
16418,4010,2023-07-19,Card,Delivered
16419,4010,2023-05-26,Wallet,Delivered
16420,4011,2024-10-19,Card,Delivered
16421,4011,2023-11-14,Card,Delivered
16422,4012,2024-09-10,NetBanking,Delivered
16423,4013,2024-08-18,UPI,Delivered
16424,4014,2024-10-19,Card,Delivered
16425,4014,2024-02-13,UPI,Delivered
16426,4015,2024-09-25,COD,Delivered
16427,4015,2024-08-10,Card,Delivered
16428,4016,2023-10-03,NetBanking,Delivered
16429,4017,2023-06-10,Card,Delivered
16430,4017,2023-10-09,Card,Delivered
16431,4017,2023-12-05,Card,Delivered
16432,4017,2023-09-21,UPI,Delivered
16433,4017,2024-03-20,Card,Delivered
16434,4018,2024-11-22,UPI,Delivered
16435,4019,2023-11-24,Card,Delivered
16436,4019,2023-05-02,UPI,Delivered
16437,4019,2023-11-30,UPI,Delivered
16438,4021,2023-09-29,,Delivered
16439,4021,2023-07-10,UPI,Delivered
16440,4021,2024-08-01,COD,Delivered
16441,4021,2023-09-22,COD,Delivered
16442,4021,2024-03-03,Card,Delivered
16443,4021,2024-07-08,UPI,Delivered
16444,4021,2023-12-23,COD,Delivered
16445,4022,2024-07-21,UPI,Cancelled
16446,4022,2023-02-17,UPI,Delivered
16447,4022,2024-10-29,COD,Delivered
16448,4022,2024-02-19,COD,Delivered
16449,4022,2024-01-06,COD,Delivered
16450,4022,2023-07-26,COD,Delivered
16451,4022,2023-05-21,UPI,Delivered
16452,4023,2024-01-14,COD,Delivered
16453,4023,2024-04-05,UPI,Delivered
16454,4023,2024-06-14,UPI,Delivered
16455,4023,2024-10-09,UPI,Delivered
16456,4024,2023-08-21,UPI,Delivered
16457,4025,2024-01-21,Card,Delivered
16458,4025,2023-09-27,Card,Delivered
16459,4026,2023-11-20,COD,Delivered
16460,4027,2023-11-30,UPI,Returned
16461,4027,2024-09-09,Card,Delivered
16462,4027,2023-08-30,Card,Delivered
16463,4027,2024-12-09,UPI,Delivered
16464,4027,2023-04-29,UPI,Delivered
16465,4027,2024-04-14,UPI,Delivered
16466,4027,2023-06-23,UPI,Delivered
16467,4027,2024-09-05,Card,Delivered
16468,4027,2024-05-25,UPI,Delivered
16469,4028,2023-11-12,NetBanking,Delivered
16470,4028,2024-11-02,COD,Delivered
16471,4031,2024-04-13,UPI,Delivered
16472,4031,2024-03-03,UPI,Delivered
16473,4031,2024-10-07,UPI,Returned
16474,4032,2024-12-17,NetBanking,Delivered
16475,4032,2023-11-18,UPI,Cancelled
16476,4033,2023-11-10,Wallet,Delivered
16477,4033,2023-12-30,Wallet,Delivered
16478,4033,2023-10-09,UPI,Delivered
16479,4033,2024-08-10,NetBanking,Delivered
16480,4033,2023-11-20,UPI,Delivered
16481,4034,2024-03-13,UPI,Delivered
16482,4034,2024-08-17,NetBanking,Delivered
16483,4035,2024-03-12,Card,Delivered
16484,4036,2024-02-25,COD,Delivered
16485,4037,2024-11-28,Card,Delivered
16486,4038,2024-08-25,Card,Returned
16487,4038,2024-02-02,COD,Delivered
16488,4038,2024-06-12,UPI,Delivered
16489,4040,2024-02-21,Wallet,Delivered
16490,4040,2024-08-22,COD,Delivered
16491,4040,2024-12-07,UPI,Delivered
16492,4040,2024-01-06,COD,Delivered
16493,4040,2024-06-02,,Delivered
16494,4041,2024-10-15,COD,Delivered
16495,4041,2024-12-06,COD,Delivered
16496,4041,2024-01-30,UPI,Delivered
16497,4041,2024-09-16,UPI,Delivered
16498,4041,2023-12-02,Card,Delivered
16499,4042,2024-09-15,COD,Delivered
16500,4042,2024-07-25,UPI,Delivered
16501,4042,2024-01-10,Card,Delivered
16502,4042,2024-08-16,Card,Delivered
16503,4045,2023-09-18,COD,Delivered
16504,4045,2024-10-21,UPI,Delivered
16505,4045,2024-07-02,UPI,Delivered
16506,4045,2024-12-28,UPI,Delivered
16507,4045,2023-11-27,,Delivered
16508,4045,2024-10-12,UPI,Delivered
16509,4046,2023-07-17,Card,Delivered
16510,4046,2024-10-07,UPI,Delivered
16511,4048,2023-06-11,UPI,Returned
16512,4048,2024-02-14,COD,Delivered
16513,4048,2023-11-17,UPI,Delivered
16514,4048,2024-11-25,Card,Delivered
16515,4048,2023-05-25,Card,Delivered
16516,4048,2023-11-17,Wallet,Delivered
16517,4048,2023-11-30,Card,Delivered
16518,4048,2024-08-10,UPI,Delivered
16519,4048,2023-05-16,Card,Returned
16520,4049,2023-08-04,UPI,Delivered
16521,4050,2024-10-29,Card,Delivered
16522,4050,2024-07-07,Card,Delivered
16523,4051,2024-04-17,Card,Returned
16524,4051,2023-10-12,COD,Delivered
16525,4051,2024-12-03,UPI,Returned
16526,4052,2024-10-21,COD,Cancelled
16527,4052,2024-10-10,COD,Delivered
16528,4052,2024-11-17,UPI,Delivered
16529,4053,2024-05-25,UPI,Delivered
16530,4053,2024-11-06,UPI,Delivered
16531,4053,2024-06-23,COD,Delivered
16532,4053,2024-06-03,COD,Delivered
16533,4053,2024-05-22,UPI,Delivered
16534,4053,2024-03-09,UPI,Delivered
16535,4053,2024-06-26,COD,Delivered
16536,4055,2024-10-29,UPI,Delivered
16537,4055,2024-11-21,COD,Delivered
16538,4055,2024-12-12,UPI,Returned
16539,4056,2024-06-20,Card,Delivered
16540,4056,2024-05-09,UPI,Delivered
16541,4056,2024-09-02,UPI,Delivered
16542,4056,2023-09-29,Card,Delivered
16543,4056,2023-12-04,NetBanking,Delivered
16544,4056,2024-08-05,Card,Delivered
16545,4056,2024-06-26,UPI,Delivered
16546,4056,2024-01-02,Card,Delivered
16547,4056,2023-10-12,UPI,Delivered
16548,4056,2024-11-03,Card,Delivered
16549,4057,2024-08-29,UPI,Delivered
16550,4059,2024-07-10,COD,Delivered
16551,4059,2023-05-17,NetBanking,Delivered
16552,4059,2023-12-28,Card,Delivered
16553,4059,2023-11-13,UPI,Delivered
16554,4059,2024-01-03,COD,Delivered
16555,4059,2024-07-01,UPI,Delivered
16556,4059,2024-04-18,UPI,Delivered
16557,4059,2024-06-07,,Delivered
16558,4059,2023-09-16,NetBanking,Delivered
16559,4059,2024-02-25,UPI,Returned
16560,4059,2023-10-01,NetBanking,Delivered
16561,4060,2024-08-31,COD,Delivered
16562,4060,2024-08-09,COD,Delivered
16563,4060,2024-10-06,Card,Delivered
16564,4061,2023-08-27,UPI,Delivered
16565,4061,2023-11-11,Card,Delivered
16566,4061,2024-06-06,COD,Cancelled
16567,4061,2024-10-21,Card,Delivered
16568,4061,2023-08-06,UPI,Delivered
16569,4061,2023-10-14,Card,Delivered
16570,4061,2023-07-05,UPI,Delivered
16571,4061,2024-12-30,COD,Delivered
16572,4061,2023-04-04,COD,Delivered
16573,4061,2023-07-19,UPI,Delivered
16574,4061,2023-11-25,UPI,Delivered
16575,4063,2024-11-30,COD,Delivered
16576,4063,2024-05-18,UPI,Delivered
16577,4063,2024-08-27,Card,Delivered
16578,4064,2024-06-18,Card,Delivered
16579,4064,2024-01-24,Card,Delivered
16580,4064,2024-11-04,UPI,Delivered
16581,4065,2024-02-24,Card,Delivered
16582,4065,2024-09-30,COD,Delivered
16583,4065,2024-04-19,COD,Returned
16584,4065,2024-12-15,Card,Delivered
16585,4065,2024-10-10,UPI,Delivered
16586,4065,2024-11-25,Card,Delivered
16587,4065,2024-12-30,Card,Delivered
16588,4065,2024-12-15,COD,Delivered
16589,4065,2024-03-27,COD,Delivered
16590,4065,2024-12-27,UPI,Delivered
16591,4066,2024-02-02,Card,Delivered
16592,4066,2024-08-27,Card,Delivered
16593,4066,2023-07-11,UPI,Delivered
16594,4066,2024-07-15,UPI,Delivered
16595,4066,2024-05-05,COD,Delivered
16596,4066,2024-11-27,COD,Delivered
16597,4067,2024-08-29,COD,Delivered
16598,4068,2024-02-27,UPI,Delivered
16599,4068,2023-12-09,Card,Delivered
16600,4068,2024-05-21,UPI,Delivered
16601,4068,2023-12-25,COD,Delivered
16602,4069,2024-11-27,UPI,Delivered
16603,4069,2024-11-20,UPI,Delivered
16604,4069,2024-11-30,UPI,Delivered
16605,4069,2024-07-13,UPI,Delivered
16606,4070,2023-03-09,Card,Delivered
16607,4070,2023-05-25,Card,Delivered
16608,4070,2023-06-14,UPI,Delivered
16609,4070,2023-09-13,UPI,Delivered
16610,4070,2024-11-07,Wallet,Delivered
16611,4070,2024-07-30,Card,Delivered
16612,4070,2024-05-17,Card,Delivered
16613,4071,2023-05-28,Card,Delivered
16614,4071,2024-04-06,UPI,Delivered
16615,4071,2024-12-18,UPI,Delivered
16616,4071,2023-03-14,COD,Delivered
16617,4071,2023-07-17,COD,Delivered
16618,4071,2024-02-24,COD,Delivered
16619,4071,2023-04-21,UPI,Delivered
16620,4071,2024-07-14,Card,Delivered
16621,4072,2024-08-17,Card,Delivered
16622,4072,2024-11-30,COD,Delivered
16623,4072,2024-12-03,COD,Delivered
16624,4072,2024-10-23,UPI,Delivered
16625,4072,2024-11-22,COD,Delivered
16626,4072,2024-09-08,Card,Delivered
16627,4073,2024-12-01,COD,Delivered
16628,4073,2024-09-03,COD,Delivered
16629,4074,2024-11-28,COD,Delivered
16630,4074,2024-08-18,Card,Delivered
16631,4074,2024-11-27,Card,Delivered
16632,4074,2024-06-24,UPI,Delivered
16633,4075,2024-09-07,Card,Delivered
16634,4075,2024-11-25,NetBanking,Delivered
16635,4076,2024-10-24,UPI,Delivered
16636,4076,2024-08-03,UPI,Returned
16637,4077,2024-09-01,Card,Cancelled
16638,4077,2024-12-06,UPI,Delivered
16639,4077,2024-10-04,UPI,Delivered
16640,4078,2024-03-15,NetBanking,Delivered
16641,4078,2024-06-04,UPI,Delivered
16642,4078,2024-04-28,UPI,Delivered
16643,4079,2024-05-31,Card,Delivered
16644,4079,2023-12-15,COD,Delivered
16645,4079,2023-09-17,UPI,Delivered
16646,4080,2024-11-16,UPI,Delivered
16647,4080,2024-06-05,COD,Delivered
16648,4081,2024-09-14,UPI,Delivered
16649,4081,2024-11-13,UPI,Delivered
16650,4082,2023-07-31,UPI,Delivered
16651,4082,2024-02-10,NetBanking,Delivered
16652,4082,2024-10-14,COD,Delivered
16653,4083,2024-08-22,Card,Delivered
16654,4083,2024-09-03,NetBanking,Delivered
16655,4083,2024-12-27,UPI,Delivered
16656,4084,2024-12-06,UPI,Delivered
16657,4084,2024-04-07,Card,Delivered
16658,4084,2024-12-16,COD,Delivered
16659,4084,2024-08-24,,Delivered
16660,4084,2024-03-11,UPI,Delivered
16661,4084,2024-12-09,UPI,Delivered
16662,4084,2024-12-14,COD,Returned
16663,4084,2024-12-17,UPI,Delivered
16664,4084,2024-11-21,Card,Delivered
16665,4084,2024-06-10,UPI,Delivered
16666,4085,2024-10-11,Card,Delivered
16667,4085,2024-08-04,UPI,Delivered
16668,4085,2024-03-15,NetBanking,Delivered
16669,4086,2024-05-28,Card,Delivered
16670,4086,2023-12-29,Card,Delivered
16671,4086,2024-12-09,UPI,Delivered
16672,4086,2024-06-12,UPI,Delivered
16673,4086,2024-02-03,,Delivered
16674,4087,2024-08-02,UPI,Delivered
16675,4087,2024-04-18,Card,Delivered
16676,4087,2023-11-09,UPI,Cancelled
16677,4087,2024-11-25,Card,Delivered
16678,4087,2024-03-04,COD,Delivered
16679,4087,2024-04-05,Card,Delivered
16680,4087,2023-07-24,UPI,Delivered
16681,4087,2024-01-09,Card,Returned
16682,4087,2023-09-11,NetBanking,Delivered
16683,4087,2024-04-26,NetBanking,Delivered
16684,4087,2024-05-12,UPI,Delivered
16685,4087,2023-10-23,Card,Delivered
16686,4087,2024-12-03,UPI,Delivered
16687,4088,2024-10-05,NetBanking,Delivered
16688,4088,2024-11-14,UPI,Delivered
16689,4088,2024-10-29,Card,Delivered
16690,4089,2024-11-03,Card,Delivered
16691,4089,2024-11-15,UPI,Delivered
16692,4089,2024-12-17,Card,Delivered
16693,4089,2024-09-08,Card,Delivered
16694,4089,2024-08-27,UPI,Delivered
16695,4089,2024-11-17,UPI,Delivered
16696,4089,2024-12-27,Card,Delivered
16697,4089,2024-08-28,Wallet,Delivered
16698,4089,2024-08-24,Wallet,Delivered
16699,4090,2024-09-17,UPI,Delivered
16700,4090,2024-09-30,COD,Delivered
16701,4090,2024-11-06,COD,Delivered
16702,4090,2024-09-24,NetBanking,Delivered
16703,4090,2024-09-25,COD,Delivered
16704,4090,2024-10-16,UPI,Delivered
16705,4090,2024-07-11,Wallet,Delivered
16706,4090,2024-12-29,UPI,Delivered
16707,4091,2024-11-11,UPI,Delivered
16708,4091,2024-08-14,Card,Delivered
16709,4091,2024-10-05,Wallet,Delivered
16710,4091,2024-09-20,,Delivered
16711,4091,2024-07-18,Card,Returned
16712,4091,2024-12-18,UPI,Returned
16713,4092,2023-10-24,COD,Delivered
16714,4092,2024-10-29,UPI,Delivered
16715,4092,2024-05-31,UPI,Delivered
16716,4093,2024-12-15,NetBanking,Delivered
16717,4093,2023-11-01,Card,Delivered
16718,4093,2024-04-26,NetBanking,Delivered
16719,4093,2023-09-20,UPI,Delivered
16720,4093,2024-11-16,COD,Delivered
16721,4095,2024-06-19,UPI,Cancelled
16722,4095,2024-10-31,UPI,Delivered
16723,4095,2024-10-28,UPI,Delivered
16724,4095,2024-12-30,UPI,Delivered
16725,4095,2024-10-31,Wallet,Delivered
16726,4095,2024-07-08,COD,Returned
16727,4095,2024-12-30,NetBanking,Delivered
16728,4095,2024-08-26,UPI,Delivered
16729,4095,2024-11-08,COD,Delivered
16730,4095,2024-10-23,UPI,Delivered
16731,4096,2024-12-21,UPI,Delivered
16732,4096,2023-11-22,NetBanking,Returned
16733,4096,2024-09-18,UPI,Delivered
16734,4096,2024-12-16,COD,Returned
16735,4096,2024-07-21,NetBanking,Delivered
16736,4096,2023-10-25,UPI,Delivered
16737,4097,2024-11-26,NetBanking,Delivered
16738,4097,2024-08-01,Card,Delivered
16739,4097,2024-05-24,Card,Delivered
16740,4098,2024-07-06,COD,Delivered
16741,4098,2024-12-30,COD,Delivered
16742,4098,2023-06-16,Wallet,Delivered
16743,4098,2024-10-02,NetBanking,Delivered
16744,4098,2024-02-09,UPI,Delivered
16745,4099,2024-09-30,COD,Delivered
16746,4099,2024-04-05,UPI,Delivered
16747,4100,2023-10-09,UPI,Delivered
16748,4100,2023-12-17,UPI,Delivered
16749,4100,2024-09-30,UPI,Delivered
16750,4101,2023-06-15,Card,Delivered
16751,4101,2024-06-24,UPI,Delivered
16752,4102,2024-11-18,UPI,Delivered
16753,4102,2024-10-17,Wallet,Delivered
16754,4102,2024-12-09,NetBanking,Delivered
16755,4102,2024-11-11,Card,Delivered
16756,4102,2024-10-29,Wallet,Delivered
16757,4103,2023-10-14,Card,Delivered
16758,4105,2024-09-23,Card,Delivered
16759,4106,2024-06-15,Card,Delivered
16760,4106,2024-09-29,UPI,Delivered
16761,4106,2024-04-16,UPI,Delivered
16762,4106,2024-03-11,Card,Delivered
16763,4107,2023-08-19,Card,Returned
16764,4107,2023-10-11,Card,Delivered
16765,4107,2024-02-03,UPI,Delivered
16766,4107,2024-12-30,COD,Delivered
16767,4107,2024-09-04,Wallet,Delivered
16768,4107,2024-11-04,COD,Delivered
16769,4107,2023-07-19,UPI,Delivered
16770,4108,2024-06-01,,Delivered
16771,4109,2024-02-20,NetBanking,Delivered
16772,4109,2024-08-12,UPI,Delivered
16773,4111,2023-12-01,UPI,Delivered
16774,4111,2024-10-22,UPI,Delivered
16775,4111,2024-11-30,Card,Delivered
16776,4111,2023-12-10,UPI,Delivered
16777,4111,2024-08-24,UPI,Delivered
16778,4111,2023-07-07,UPI,Returned
16779,4111,2024-08-01,Card,Delivered
16780,4112,2024-12-20,COD,Delivered
16781,4112,2024-01-14,Wallet,Returned
16782,4113,2024-04-16,UPI,Delivered
16783,4113,2023-06-11,COD,Delivered
16784,4113,2023-06-20,UPI,Delivered
16785,4114,2024-08-20,Card,Delivered
16786,4114,2024-08-27,UPI,Delivered
16787,4114,2024-10-01,Card,Delivered
16788,4114,2024-10-30,Card,Delivered
16789,4117,2023-11-26,Wallet,Delivered
16790,4118,2024-11-06,UPI,Delivered
16791,4118,2023-04-01,COD,Delivered
16792,4118,2024-08-02,COD,Delivered
16793,4118,2024-03-26,Card,Delivered
16794,4118,2023-07-21,COD,Delivered
16795,4118,2023-05-31,UPI,Delivered
16796,4120,2023-11-26,Card,Delivered
16797,4121,2024-10-27,UPI,Delivered
16798,4121,2024-04-23,COD,Delivered
16799,4122,2024-10-10,UPI,Delivered
16800,4122,2024-10-05,Wallet,Delivered
16801,4122,2024-07-17,Card,Delivered
16802,4122,2024-12-11,NetBanking,Delivered
16803,4122,2024-06-23,UPI,Delivered
16804,4122,2024-12-08,UPI,Delivered
16805,4122,2024-10-10,COD,Delivered
16806,4123,2024-07-28,NetBanking,Delivered
16807,4124,2024-11-08,Card,Returned
16808,4124,2024-10-06,UPI,Cancelled
16809,4124,2023-10-06,UPI,Returned
16810,4124,2023-07-12,COD,Delivered
16811,4124,2023-09-06,Card,Delivered
16812,4124,2023-11-17,COD,Delivered
16813,4124,2024-06-01,UPI,Delivered
16814,4124,2024-07-11,UPI,Delivered
16815,4124,2023-08-12,COD,Delivered
16816,4124,2024-02-11,UPI,Delivered
16817,4125,2024-05-26,Card,Delivered
16818,4125,2024-04-04,NetBanking,Delivered
16819,4125,2024-08-26,UPI,Delivered
16820,4125,2024-11-13,UPI,Delivered
16821,4125,2024-09-24,UPI,Delivered
16822,4125,2024-03-10,UPI,Delivered
16823,4125,2024-05-27,Card,Delivered
16824,4126,2024-03-11,UPI,Delivered
16825,4127,2024-07-09,UPI,Delivered
16826,4127,2024-04-29,COD,Delivered
16827,4127,2024-07-25,UPI,Returned
16828,4127,2024-07-09,Card,Returned
16829,4128,2024-11-19,UPI,Delivered
16830,4128,2023-05-16,UPI,Delivered
16831,4128,2023-06-15,Card,Delivered
16832,4128,2023-06-29,UPI,Returned
16833,4128,2024-03-09,,Returned
16834,4128,2024-12-27,NetBanking,Delivered
16835,4128,2023-08-01,UPI,Delivered
16836,4128,2023-10-22,COD,Delivered
16837,4128,2024-10-18,COD,Delivered
16838,4128,2024-02-23,UPI,Cancelled
16839,4128,2023-10-27,UPI,Delivered
16840,4129,2024-10-09,NetBanking,Delivered
16841,4129,2024-12-11,UPI,Delivered
16842,4129,2023-11-17,Card,Delivered
16843,4130,2024-10-23,UPI,Delivered
16844,4130,2023-10-03,Card,Delivered
16845,4130,2024-07-01,UPI,Delivered
16846,4130,2024-12-01,NetBanking,Delivered
16847,4130,2023-09-14,UPI,Delivered
16848,4131,2024-07-01,COD,Delivered
16849,4131,2023-12-17,UPI,Delivered
16850,4131,2023-12-05,Card,Returned
16851,4131,2023-07-13,COD,Delivered
16852,4131,2024-07-06,COD,Delivered
16853,4131,2023-04-18,NetBanking,Delivered
16854,4131,2023-10-27,UPI,Delivered
16855,4131,2024-07-14,Card,Returned
16856,4134,2024-02-27,COD,Delivered
16857,4134,2024-05-11,UPI,Delivered
16858,4134,2024-09-08,UPI,Delivered
16859,4134,2023-12-26,UPI,Delivered
16860,4134,2023-11-22,UPI,Delivered
16861,4134,2024-01-17,UPI,Delivered
16862,4134,2024-08-13,UPI,Delivered
16863,4134,2023-10-14,UPI,Delivered
16864,4134,2024-12-02,UPI,Delivered
16865,4134,2024-06-24,NetBanking,Delivered
16866,4134,2023-11-05,Card,Delivered
16867,4135,2024-10-06,UPI,Returned
16868,4135,2024-10-22,COD,Delivered
16869,4135,2024-09-13,Card,Delivered
16870,4136,2024-09-27,UPI,Returned
16871,4136,2024-11-15,,Delivered
16872,4136,2024-12-26,NetBanking,Delivered
16873,4136,2024-06-27,UPI,Delivered
16874,4137,2024-10-10,Wallet,Delivered
16875,4138,2023-09-16,Card,Returned
16876,4138,2023-06-11,Card,Delivered
16877,4138,2024-07-20,UPI,Delivered
16878,4139,2024-11-11,UPI,Returned
16879,4139,2024-05-24,UPI,Delivered
16880,4139,2024-11-02,Wallet,Returned
16881,4139,2024-06-14,,Delivered
16882,4139,2024-05-15,NetBanking,Delivered
16883,4140,2024-08-30,COD,Delivered
16884,4141,2024-05-23,COD,Delivered
16885,4141,2024-08-24,UPI,Delivered
16886,4141,2024-08-20,NetBanking,Delivered
16887,4141,2024-10-31,COD,Delivered
16888,4142,2024-09-01,Card,Delivered
16889,4142,2024-05-15,COD,Cancelled
16890,4143,2024-11-15,COD,Delivered
16891,4143,2023-08-23,UPI,Delivered
16892,4143,2023-11-19,UPI,Delivered
16893,4144,2024-07-02,NetBanking,Delivered
16894,4144,2023-09-25,UPI,Delivered
16895,4144,2023-11-26,UPI,Delivered
16896,4145,2024-01-13,COD,Delivered
16897,4145,2023-03-11,UPI,Delivered
16898,4146,2024-02-02,COD,Delivered
16899,4146,2023-09-21,Card,Delivered
16900,4147,2024-06-02,Wallet,Delivered
16901,4147,2024-08-19,COD,Delivered
16902,4147,2023-09-24,Card,Delivered
16903,4147,2024-07-10,Card,Delivered
16904,4147,2024-05-22,UPI,Delivered
16905,4147,2023-12-24,UPI,Delivered
16906,4148,2024-09-27,COD,Delivered
16907,4148,2024-12-31,COD,Delivered
16908,4148,2024-08-09,UPI,Cancelled
16909,4148,2024-08-28,Card,Delivered
16910,4148,2024-11-12,UPI,Delivered
16911,4148,2024-10-08,COD,Delivered
16912,4149,2024-05-14,COD,Delivered
16913,4150,2024-07-04,,Delivered
16914,4150,2023-11-20,COD,Delivered
16915,4150,2024-12-08,UPI,Delivered
16916,4150,2024-02-20,Card,Delivered
16917,4150,2024-08-26,COD,Delivered
16918,4150,2023-10-15,UPI,Delivered
16919,4150,2024-04-02,UPI,Delivered
16920,4150,2023-09-26,Card,Delivered
16921,4151,2024-07-19,COD,Delivered
16922,4151,2023-07-05,Card,Delivered
16923,4152,2023-12-23,UPI,Delivered
16924,4152,2023-12-30,Card,Delivered
16925,4152,2024-12-09,Card,Returned
16926,4152,2024-01-24,NetBanking,Delivered
16927,4152,2024-05-07,COD,Delivered
16928,4152,2024-09-08,Card,Cancelled
16929,4152,2024-08-21,UPI,Delivered
16930,4152,2024-10-14,UPI,Delivered
16931,4152,2024-03-31,UPI,Delivered
16932,4152,2024-03-05,COD,Delivered
16933,4152,2024-06-04,Card,Delivered
16934,4152,2024-08-16,UPI,Delivered
16935,4152,2024-12-29,Card,Delivered
16936,4152,2024-07-22,COD,Cancelled
16937,4152,2024-10-12,UPI,Delivered
16938,4152,2024-12-02,COD,Delivered
16939,4152,2023-10-15,Card,Delivered
16940,4152,2024-01-16,UPI,Delivered
16941,4153,2024-05-10,NetBanking,Delivered
16942,4153,2024-08-21,UPI,Returned
16943,4153,2024-09-19,UPI,Delivered
16944,4153,2024-09-02,Card,Delivered
16945,4155,2024-06-20,UPI,Delivered
16946,4155,2024-11-24,UPI,Delivered
16947,4156,2023-06-04,COD,Delivered
16948,4156,2024-01-16,UPI,Delivered
16949,4156,2024-03-20,Wallet,Delivered
16950,4157,2024-06-23,COD,Delivered
16951,4157,2024-08-15,NetBanking,Delivered
16952,4157,2024-10-12,COD,Delivered
16953,4157,2024-08-02,Card,Returned
16954,4157,2024-11-26,COD,Delivered
16955,4157,2024-08-26,Card,Returned
16956,4157,2024-01-25,COD,Cancelled
16957,4157,2024-11-09,UPI,Cancelled
16958,4157,2024-08-10,UPI,Delivered
16959,4158,2024-11-01,COD,Delivered
16960,4158,2024-12-14,UPI,Delivered
16961,4158,2024-12-22,Wallet,Delivered
16962,4158,2023-09-04,UPI,Delivered
16963,4158,2023-10-30,COD,Delivered
16964,4158,2023-11-20,COD,Delivered
16965,4158,2024-11-28,UPI,Delivered
16966,4159,2023-12-31,COD,Delivered
16967,4159,2024-11-21,Wallet,Delivered
16968,4159,2023-04-26,Wallet,Delivered
16969,4159,2024-06-04,UPI,Delivered
16970,4159,2024-11-02,UPI,Delivered
16971,4160,2023-10-20,UPI,Delivered
16972,4160,2024-07-06,UPI,Delivered
16973,4160,2023-04-17,UPI,Delivered
16974,4160,2023-05-25,UPI,Delivered
16975,4160,2024-11-08,UPI,Delivered
16976,4160,2024-02-19,UPI,Delivered
16977,4160,2023-05-15,Wallet,Delivered
16978,4160,2023-12-31,COD,Delivered
16979,4160,2023-12-16,UPI,Delivered
16980,4161,2024-10-03,UPI,Delivered
16981,4161,2024-10-04,Card,Delivered
16982,4161,2024-08-30,Card,Delivered
16983,4161,2024-03-06,UPI,Delivered
16984,4161,2023-09-03,Card,Delivered
16985,4161,2024-12-17,Card,Delivered
16986,4161,2023-11-23,Card,Delivered
16987,4161,2023-12-19,Card,Delivered
16988,4161,2023-10-20,Card,Delivered
16989,4161,2023-12-31,UPI,Delivered
16990,4161,2023-12-29,UPI,Delivered
16991,4161,2024-01-20,Card,Cancelled
16992,4161,2024-02-21,Card,Delivered
16993,4161,2024-08-06,COD,Delivered
16994,4161,2024-12-18,UPI,Delivered
16995,4161,2024-05-08,COD,Returned
16996,4161,2024-12-29,Card,Delivered
16997,4161,2023-09-06,UPI,Delivered
16998,4161,2024-01-31,UPI,Delivered
16999,4161,2023-08-23,Card,Delivered
17000,4162,2024-03-08,COD,Delivered
17001,4163,2024-08-17,NetBanking,Delivered
17002,4163,2024-08-12,UPI,Delivered
17003,4163,2024-07-21,COD,Delivered
17004,4163,2024-04-17,UPI,Delivered
17005,4163,2024-12-11,COD,Delivered
17006,4165,2024-12-19,UPI,Delivered
17007,4166,2024-12-09,Card,Delivered
17008,4168,2024-01-27,,Delivered
17009,4168,2023-08-23,UPI,Delivered
17010,4170,2024-08-29,Card,Delivered
17011,4170,2024-12-10,Card,Delivered
17012,4170,2024-08-17,UPI,Delivered
17013,4170,2024-07-09,Card,Returned
17014,4172,2023-11-01,Card,Delivered
17015,4172,2023-09-11,,Delivered
17016,4172,2023-12-17,NetBanking,Cancelled
17017,4172,2023-07-25,UPI,Delivered
17018,4173,2024-09-04,COD,Delivered
17019,4173,2024-03-12,UPI,Returned
17020,4173,2024-08-05,UPI,Delivered
17021,4173,2024-08-21,COD,Delivered
17022,4173,2024-08-28,Card,Delivered
17023,4173,2024-09-03,NetBanking,Cancelled
17024,4173,2024-04-09,UPI,Cancelled
17025,4173,2024-08-03,,Delivered
17026,4173,2024-11-25,Card,Delivered
17027,4173,2023-10-24,COD,Delivered
17028,4173,2024-10-15,Card,Delivered
17029,4174,2024-08-18,Card,Delivered
17030,4174,2024-02-01,Card,Delivered
17031,4175,2024-09-09,Card,Delivered
17032,4175,2023-08-22,Card,Delivered
17033,4175,2024-08-20,COD,Returned
17034,4176,2024-09-22,Wallet,Delivered
17035,4177,2024-12-05,UPI,Delivered
17036,4177,2023-06-30,Card,Delivered
17037,4177,2023-12-11,,Delivered
17038,4177,2024-01-04,UPI,Returned
17039,4177,2024-03-17,Wallet,Cancelled
17040,4177,2023-10-27,COD,Delivered
17041,4177,2023-09-03,UPI,Delivered
17042,4178,2024-06-04,Wallet,Delivered
17043,4178,2024-12-13,UPI,Delivered
17044,4178,2024-08-31,UPI,Delivered
17045,4179,2024-11-07,UPI,Delivered
17046,4179,2024-02-12,UPI,Delivered
17047,4179,2024-10-05,UPI,Delivered
17048,4179,2024-04-13,NetBanking,Delivered
17049,4180,2023-11-07,NetBanking,Delivered
17050,4180,2023-09-28,COD,Delivered
17051,4180,2024-12-03,UPI,Delivered
17052,4180,2024-09-17,COD,Delivered
17053,4180,2024-06-25,Card,Returned
17054,4182,2023-12-17,Wallet,Delivered
17055,4182,2023-09-05,UPI,Delivered
17056,4183,2024-02-02,UPI,Delivered
17057,4183,2024-06-02,UPI,Delivered
17058,4184,2024-04-28,COD,Delivered
17059,4184,2024-11-16,COD,Delivered
17060,4184,2024-07-13,UPI,Delivered
17061,4185,2023-02-14,UPI,Delivered
17062,4185,2023-11-22,Card,Returned
17063,4185,2024-11-06,Card,Delivered
17064,4185,2024-10-19,UPI,Returned
17065,4185,2023-04-30,COD,Delivered
17066,4185,2023-10-02,COD,Delivered
17067,4185,2023-04-05,Card,Delivered
17068,4185,2023-09-27,UPI,Delivered
17069,4185,2023-09-26,Card,Delivered
17070,4186,2024-01-02,Card,Delivered
17071,4186,2024-06-22,NetBanking,Delivered
17072,4186,2024-09-21,UPI,Delivered
17073,4186,2023-11-13,COD,Delivered
17074,4186,2024-07-16,Card,Delivered
17075,4186,2024-11-23,UPI,Delivered
17076,4187,2024-07-24,COD,Delivered
17077,4187,2024-12-23,Card,Delivered
17078,4189,2024-01-03,UPI,Delivered
17079,4189,2024-05-09,COD,Delivered
17080,4189,2023-12-04,Card,Returned
17081,4189,2024-05-07,Card,Delivered
17082,4190,2024-08-10,UPI,Cancelled
17083,4190,2024-09-09,NetBanking,Delivered
17084,4190,2024-12-25,NetBanking,Delivered
17085,4190,2024-08-07,NetBanking,Delivered
17086,4190,2024-11-24,Card,Delivered
17087,4190,2024-08-11,UPI,Delivered
17088,4190,2024-07-09,Card,Delivered
17089,4190,2024-09-07,COD,Delivered
17090,4190,2024-05-26,Wallet,Delivered
17091,4190,2024-11-24,Card,Delivered
17092,4190,2024-09-23,UPI,Delivered
17093,4190,2024-10-31,Card,Delivered
17094,4190,2024-11-20,Card,Delivered
17095,4190,2024-08-31,COD,Delivered
17096,4190,2024-09-11,NetBanking,Delivered
17097,4190,2024-07-16,UPI,Returned
17098,4190,2024-11-05,UPI,Delivered
17099,4190,2024-11-26,COD,Delivered
17100,4190,2024-10-10,Card,Returned
17101,4190,2024-05-11,UPI,Delivered
17102,4190,2024-11-04,UPI,Delivered
17103,4190,2024-10-27,UPI,Delivered
17104,4190,2024-08-12,UPI,Delivered
17105,4190,2024-08-31,UPI,Delivered
17106,4190,2024-09-22,Wallet,Delivered
17107,4191,2024-04-16,Card,Delivered
17108,4191,2024-10-08,COD,Delivered
17109,4191,2023-10-12,Card,Delivered
17110,4191,2024-11-07,Wallet,Delivered
17111,4192,2024-10-29,Card,Delivered
17112,4194,2023-09-09,UPI,Delivered
17113,4195,2024-04-24,COD,Delivered
17114,4195,2024-03-03,Card,Delivered
17115,4195,2024-10-12,UPI,Delivered
17116,4196,2024-10-30,UPI,Delivered
17117,4196,2023-12-18,UPI,Delivered
17118,4196,2024-10-06,UPI,Delivered
17119,4197,2024-12-15,UPI,Delivered
17120,4197,2024-02-19,Card,Delivered
17121,4197,2024-05-28,UPI,Delivered
17122,4198,2023-07-31,COD,Returned
17123,4198,2023-11-07,Card,Delivered
17124,4198,2024-09-16,UPI,Delivered
17125,4198,2024-12-09,Card,Delivered
17126,4198,2024-04-06,COD,Delivered
17127,4198,2023-11-10,Card,Delivered
17128,4198,2023-05-10,Card,Cancelled
17129,4199,2024-10-12,UPI,Delivered
17130,4199,2024-11-29,COD,Delivered
17131,4200,2023-07-03,COD,Delivered
17132,4200,2023-08-29,Card,Delivered
17133,4201,2024-07-25,Card,Delivered
17134,4202,2024-11-01,UPI,Delivered
17135,4202,2024-10-25,COD,Delivered
17136,4203,2023-10-26,NetBanking,Delivered
17137,4203,2024-08-17,UPI,Delivered
17138,4203,2023-12-11,NetBanking,Delivered
17139,4203,2024-01-31,UPI,Delivered
17140,4204,2024-07-18,UPI,Delivered
17141,4204,2024-08-26,COD,Delivered
17142,4205,2024-03-22,Card,Delivered
17143,4206,2024-06-11,Wallet,Delivered
17144,4206,2024-09-10,Card,Delivered
17145,4207,2024-11-29,COD,Delivered
17146,4207,2024-10-23,,Cancelled
17147,4207,2024-08-29,Card,Delivered
17148,4207,2024-07-08,COD,Delivered
17149,4207,2024-11-15,,Delivered
17150,4207,2024-11-15,Card,Delivered
17151,4207,2024-09-28,Wallet,Delivered
17152,4207,2024-11-10,UPI,Delivered
17153,4207,2024-07-02,Card,Delivered
17154,4207,2024-10-02,Card,Delivered
17155,4207,2024-08-09,COD,Delivered
17156,4207,2024-12-30,UPI,Delivered
17157,4208,2024-06-30,COD,Delivered
17158,4208,2024-09-07,Card,Delivered
17159,4208,2024-09-02,Card,Delivered
17160,4208,2024-09-25,Card,Delivered
17161,4208,2024-08-14,COD,Delivered
17162,4208,2024-10-23,COD,Delivered
17163,4208,2024-11-15,UPI,Delivered
17164,4209,2024-05-23,Card,Cancelled
17165,4209,2023-12-20,COD,Delivered
17166,4209,2023-05-05,UPI,Delivered
17167,4209,2024-09-24,UPI,Delivered
17168,4209,2024-02-13,UPI,Delivered
17169,4210,2024-09-03,UPI,Delivered
17170,4210,2024-08-31,COD,Delivered
17171,4210,2024-01-04,COD,Delivered
17172,4210,2024-10-17,COD,Returned
17173,4210,2024-05-11,UPI,Delivered
17174,4211,2023-08-26,COD,Delivered
17175,4211,2024-12-24,COD,Delivered
17176,4211,2024-08-06,UPI,Delivered
17177,4211,2023-04-21,Card,Delivered
17178,4211,2023-11-26,,Delivered
17179,4211,2024-11-17,Card,Delivered
17180,4211,2024-04-29,COD,Delivered
17181,4211,2024-01-29,UPI,Delivered
17182,4212,2024-10-18,UPI,Delivered
17183,4213,2024-06-13,COD,Delivered
17184,4213,2024-12-05,Card,Delivered
17185,4213,2023-12-03,COD,Delivered
17186,4213,2024-09-11,UPI,Delivered
17187,4213,2024-08-01,NetBanking,Delivered
17188,4213,2023-10-23,Card,Delivered
17189,4213,2024-12-25,Card,Delivered
17190,4213,2024-10-07,UPI,Delivered
17191,4213,2024-03-13,COD,Delivered
17192,4213,2024-06-01,COD,Delivered
17193,4213,2024-01-26,NetBanking,Delivered
17194,4214,2024-03-28,Card,Delivered
17195,4214,2024-12-15,COD,Delivered
17196,4214,2024-06-27,Card,Cancelled
17197,4214,2024-07-03,UPI,Delivered
17198,4215,2024-12-30,Wallet,Delivered
17199,4215,2024-04-14,UPI,Delivered
17200,4215,2024-12-15,UPI,Delivered
17201,4216,2024-08-03,Card,Delivered
17202,4216,2024-09-24,COD,Delivered
17203,4216,2024-11-25,UPI,Delivered
17204,4216,2024-09-22,COD,Cancelled
17205,4216,2024-06-28,Wallet,Delivered
17206,4216,2024-07-08,Card,Delivered
17207,4216,2024-10-05,Wallet,Delivered
17208,4216,2024-06-27,UPI,Delivered
17209,4216,2024-11-20,Card,Delivered
17210,4216,2024-08-21,NetBanking,Delivered
17211,4217,2023-10-23,Card,Delivered
17212,4217,2024-12-26,COD,Delivered
17213,4217,2024-12-25,COD,Delivered
17214,4217,2023-12-29,UPI,Delivered
17215,4217,2023-10-14,NetBanking,Delivered
17216,4217,2024-03-06,UPI,Delivered
17217,4217,2024-04-12,UPI,Delivered
17218,4218,2023-09-05,UPI,Delivered
17219,4218,2024-10-18,COD,Delivered
17220,4218,2023-11-22,COD,Delivered
17221,4218,2023-12-04,COD,Delivered
17222,4218,2024-02-01,UPI,Delivered
17223,4219,2024-11-04,COD,Delivered
17224,4219,2024-09-22,Card,Delivered
17225,4220,2024-07-13,UPI,Delivered
17226,4220,2023-12-21,Card,Delivered
17227,4220,2024-11-30,UPI,Delivered
17228,4220,2024-10-23,COD,Delivered
17229,4220,2023-03-30,Card,Delivered
17230,4221,2024-11-10,COD,Delivered
17231,4221,2023-12-14,NetBanking,Delivered
17232,4221,2023-05-24,Card,Delivered
17233,4222,2023-12-25,NetBanking,Returned
17234,4222,2024-05-04,UPI,Delivered
17235,4222,2024-07-10,UPI,Delivered
17236,4222,2024-05-22,UPI,Delivered
17237,4222,2024-11-30,COD,Delivered
17238,4222,2024-03-03,COD,Delivered
17239,4223,2024-08-14,UPI,Delivered
17240,4223,2024-10-21,NetBanking,Delivered
17241,4224,2023-10-24,UPI,Delivered
17242,4224,2024-07-31,COD,Delivered
17243,4224,2024-08-17,NetBanking,Delivered
17244,4224,2024-02-11,Card,Delivered
17245,4224,2024-08-08,NetBanking,Delivered
17246,4224,2023-11-16,COD,Delivered
17247,4224,2024-10-13,UPI,Delivered
17248,4225,2024-11-06,Card,Delivered
17249,4225,2024-04-09,Card,Delivered
17250,4225,2024-10-07,NetBanking,Delivered
17251,4225,2024-10-26,Wallet,Delivered
17252,4225,2024-10-20,UPI,Delivered
17253,4225,2024-06-03,,Cancelled
17254,4225,2024-12-01,NetBanking,Delivered
17255,4225,2024-09-18,UPI,Delivered
17256,4225,2024-12-09,Card,Delivered
17257,4226,2023-12-30,COD,Delivered
17258,4226,2023-05-31,Card,Delivered
17259,4229,2024-01-11,UPI,Delivered
17260,4229,2024-07-18,UPI,Delivered
17261,4229,2023-09-29,Card,Cancelled
17262,4229,2024-02-02,Wallet,Delivered
17263,4229,2024-08-23,UPI,Delivered
17264,4229,2024-11-14,Card,Delivered
17265,4229,2024-08-18,UPI,Delivered
17266,4229,2024-06-19,COD,Delivered
17267,4229,2023-11-03,COD,Delivered
17268,4230,2023-12-15,COD,Returned
17269,4230,2023-12-11,COD,Delivered
17270,4230,2024-11-29,,Delivered
17271,4230,2023-12-14,COD,Delivered
17272,4230,2023-01-11,Card,Delivered
17273,4231,2024-03-27,COD,Delivered
17274,4231,2024-04-26,UPI,Delivered
17275,4231,2024-06-18,UPI,Delivered
17276,4231,2023-09-14,COD,Delivered
17277,4231,2024-08-26,COD,Delivered
17278,4231,2024-09-11,UPI,Delivered
17279,4231,2023-06-01,UPI,Delivered
17280,4231,2024-08-30,Card,Delivered
17281,4231,2024-04-30,NetBanking,Delivered
17282,4231,2023-12-08,UPI,Delivered
17283,4231,2024-09-04,UPI,Delivered
17284,4231,2023-05-24,NetBanking,Delivered
17285,4231,2023-10-30,UPI,Delivered
17286,4231,2024-11-06,NetBanking,Delivered
17287,4231,2023-06-06,UPI,Delivered
17288,4231,2024-11-22,NetBanking,Delivered
17289,4231,2024-05-10,Wallet,Returned
17290,4232,2024-07-28,UPI,Delivered
17291,4233,2024-03-21,UPI,Delivered
17292,4233,2024-05-22,Card,Delivered
17293,4233,2023-12-18,UPI,Delivered
17294,4233,2024-11-10,COD,Delivered
17295,4233,2024-07-23,UPI,Delivered
17296,4233,2024-08-25,UPI,Delivered
17297,4233,2024-02-12,COD,Delivered
17298,4233,2024-06-14,COD,Delivered
17299,4233,2024-06-19,UPI,Delivered
17300,4234,2023-12-26,UPI,Delivered
17301,4234,2023-07-21,Card,Delivered
17302,4234,2023-11-09,UPI,Cancelled
17303,4234,2024-09-21,COD,Delivered
17304,4234,2023-09-24,Card,Delivered
17305,4234,2024-09-01,Card,Delivered
17306,4234,2024-09-16,COD,Delivered
17307,4234,2024-11-07,UPI,Delivered
17308,4234,2024-12-15,UPI,Delivered
17309,4234,2024-09-04,UPI,Delivered
17310,4234,2024-07-18,Wallet,Delivered
17311,4234,2024-09-25,UPI,Delivered
17312,4234,2023-09-26,UPI,Cancelled
17313,4235,2024-01-17,UPI,Delivered
17314,4235,2024-07-15,COD,Delivered
17315,4235,2024-11-18,UPI,Returned
17316,4235,2023-10-09,Card,Delivered
17317,4235,2024-04-04,UPI,Delivered
17318,4235,2023-05-31,COD,Delivered
17319,4236,2023-10-30,Wallet,Delivered
17320,4237,2024-08-29,UPI,Delivered
17321,4237,2024-09-20,UPI,Delivered
17322,4238,2024-09-12,UPI,Delivered
17323,4238,2023-12-08,UPI,Delivered
17324,4238,2024-07-27,NetBanking,Delivered
17325,4238,2023-09-15,Wallet,Delivered
17326,4238,2023-03-19,UPI,Delivered
17327,4238,2024-09-01,COD,Delivered
17328,4238,2024-12-24,COD,Delivered
17329,4238,2024-12-24,COD,Delivered
17330,4239,2024-12-09,UPI,Delivered
17331,4239,2024-04-25,COD,Delivered
17332,4239,2024-05-08,Card,Returned
17333,4239,2024-07-02,COD,Delivered
17334,4239,2024-07-05,UPI,Delivered
17335,4239,2024-11-17,NetBanking,Delivered
17336,4239,2024-08-01,UPI,Delivered
17337,4240,2023-10-09,UPI,Delivered
17338,4240,2024-05-20,UPI,Delivered
17339,4241,2024-10-19,UPI,Delivered
17340,4241,2024-06-29,Card,Delivered
17341,4241,2023-09-25,COD,Delivered
17342,4241,2024-10-25,UPI,Delivered
17343,4241,2023-08-19,UPI,Cancelled
17344,4241,2024-10-13,Card,Delivered
17345,4241,2024-05-19,COD,Delivered
17346,4242,2023-10-23,COD,Delivered
17347,4242,2024-11-01,COD,Delivered
17348,4242,2023-09-16,COD,Delivered
17349,4242,2024-10-07,UPI,Delivered
17350,4243,2024-06-23,UPI,Delivered
17351,4243,2024-07-11,NetBanking,Cancelled
17352,4243,2024-05-08,COD,Delivered
17353,4243,2024-04-05,Wallet,Delivered
17354,4244,2024-02-20,Wallet,Delivered
17355,4244,2023-12-14,UPI,Delivered
17356,4244,2024-03-07,Card,Delivered
17357,4244,2023-05-28,COD,Delivered
17358,4244,2024-04-25,Card,Delivered
17359,4245,2024-05-11,UPI,Delivered
17360,4245,2024-02-09,COD,Cancelled
17361,4246,2023-10-31,Card,Delivered
17362,4246,2024-09-15,Card,Delivered
17363,4247,2023-06-01,COD,Delivered
17364,4247,2024-03-27,UPI,Delivered
17365,4247,2023-10-10,UPI,Delivered
17366,4247,2023-10-09,UPI,Delivered
17367,4247,2024-02-22,Card,Delivered
17368,4247,2023-06-30,UPI,Delivered
17369,4247,2024-07-15,UPI,Delivered
17370,4247,2023-12-07,COD,Delivered
17371,4247,2023-07-18,UPI,Delivered
17372,4247,2024-10-26,UPI,Returned
17373,4247,2024-04-06,COD,Delivered
17374,4248,2024-03-31,COD,Delivered
17375,4248,2023-08-18,COD,Delivered
17376,4248,2024-10-26,Card,Delivered
17377,4249,2024-09-13,COD,Delivered
17378,4249,2024-08-23,COD,Delivered
17379,4250,2024-09-26,Card,Delivered
17380,4250,2024-02-17,UPI,Delivered
17381,4250,2023-12-24,UPI,Returned
17382,4250,2024-03-04,COD,Delivered
17383,4250,2024-11-08,Card,Delivered
17384,4250,2024-07-24,COD,Delivered
17385,4250,2023-07-30,Card,Returned
17386,4250,2023-11-14,Card,Delivered
17387,4250,2024-08-18,Wallet,Delivered
17388,4250,2024-11-10,UPI,Delivered
17389,4250,2024-05-11,UPI,Delivered
17390,4251,2024-05-20,UPI,Delivered
17391,4251,2024-06-05,NetBanking,Delivered
17392,4251,2023-11-08,UPI,Delivered
17393,4251,2023-09-24,COD,Delivered
17394,4251,2024-01-09,UPI,Delivered
17395,4251,2024-10-15,Wallet,Delivered
17396,4251,2023-12-09,UPI,Delivered
17397,4252,2024-03-03,UPI,Delivered
17398,4253,2024-11-04,NetBanking,Delivered
17399,4253,2024-09-28,NetBanking,Delivered
17400,4253,2024-11-19,Card,Delivered
17401,4253,2024-12-05,Card,Delivered
17402,4255,2023-12-14,UPI,Delivered
17403,4255,2023-09-07,Wallet,Delivered
17404,4257,2024-10-08,COD,Delivered
17405,4258,2023-05-11,NetBanking,Delivered
17406,4258,2024-09-23,,Delivered
17407,4258,2024-11-26,Card,Delivered
17408,4258,2024-06-23,UPI,Delivered
17409,4258,2023-02-26,Wallet,Delivered
17410,4258,2023-05-07,UPI,Delivered
17411,4258,2024-12-13,Wallet,Delivered
17412,4259,2024-01-07,UPI,Delivered
17413,4259,2024-03-02,Card,Delivered
17414,4259,2024-10-16,Card,Delivered
17415,4259,2023-11-23,UPI,Delivered
17416,4259,2024-09-29,UPI,Returned
17417,4259,2023-12-25,COD,Delivered
17418,4260,2023-07-19,UPI,Delivered
17419,4260,2024-10-15,COD,Delivered
17420,4260,2023-09-19,Card,Returned
17421,4261,2023-08-01,UPI,Delivered
17422,4261,2024-11-19,UPI,Delivered
17423,4261,2023-11-10,UPI,Delivered
17424,4261,2024-06-01,UPI,Delivered
17425,4261,2024-11-02,UPI,Delivered
17426,4261,2023-06-29,UPI,Delivered
17427,4261,2023-11-01,COD,Delivered
17428,4261,2023-07-01,UPI,Delivered
17429,4261,2024-11-23,NetBanking,Delivered
17430,4261,2024-12-01,UPI,Delivered
17431,4261,2024-11-16,COD,Delivered
17432,4261,2023-12-02,UPI,Delivered
17433,4261,2024-02-18,COD,Delivered
17434,4261,2024-11-20,COD,Delivered
17435,4262,2023-09-13,UPI,Delivered
17436,4262,2024-10-12,UPI,Returned
17437,4262,2023-11-17,NetBanking,Delivered
17438,4263,2024-12-30,UPI,Delivered
17439,4264,2024-09-11,UPI,Delivered
17440,4264,2024-10-08,COD,Delivered
17441,4264,2024-10-31,UPI,Delivered
17442,4264,2024-09-02,COD,Returned
17443,4264,2024-04-02,Card,Delivered
17444,4264,2024-05-20,UPI,Returned
17445,4264,2024-08-12,UPI,Delivered
17446,4264,2024-05-27,UPI,Delivered
17447,4264,2024-03-05,UPI,Delivered
17448,4265,2024-02-08,COD,Delivered
17449,4265,2024-10-29,Card,Delivered
17450,4265,2024-08-10,NetBanking,Cancelled
17451,4265,2024-11-09,UPI,Delivered
17452,4266,2024-09-07,Card,Delivered
17453,4266,2024-09-30,UPI,Delivered
17454,4267,2024-04-18,Card,Delivered
17455,4267,2023-11-24,UPI,Delivered
17456,4268,2024-10-05,UPI,Delivered
17457,4268,2024-09-21,COD,Delivered
17458,4268,2024-09-07,COD,Delivered
17459,4268,2024-09-16,Card,Delivered
17460,4268,2024-07-16,UPI,Delivered
17461,4269,2024-06-03,UPI,Delivered
17462,4269,2023-05-09,Card,Delivered
17463,4269,2023-08-01,Card,Delivered
17464,4269,2024-11-23,COD,Delivered
17465,4269,2023-05-21,Wallet,Delivered
17466,4269,2023-12-19,UPI,Delivered
17467,4269,2023-04-18,NetBanking,Delivered
17468,4269,2023-04-17,Card,Returned
17469,4270,2023-11-21,UPI,Delivered
17470,4271,2024-08-26,UPI,Delivered
17471,4271,2024-09-20,COD,Delivered
17472,4271,2024-07-14,COD,Delivered
17473,4271,2024-11-29,NetBanking,Delivered
17474,4271,2024-09-07,UPI,Delivered
17475,4272,2024-11-16,Card,Delivered
17476,4273,2024-11-14,Card,Delivered
17477,4273,2024-08-22,COD,Delivered
17478,4273,2024-11-16,NetBanking,Delivered
17479,4274,2024-10-09,COD,Delivered
17480,4274,2024-04-14,UPI,Delivered
17481,4274,2023-10-05,Card,Delivered
17482,4274,2024-08-05,Card,Delivered
17483,4275,2023-10-25,Wallet,Delivered
17484,4275,2024-09-17,Card,Delivered
17485,4275,2024-05-07,UPI,Delivered
17486,4275,2024-06-17,COD,Delivered
17487,4276,2024-11-08,UPI,Delivered
17488,4276,2024-12-12,Card,Delivered
17489,4276,2024-11-09,COD,Delivered
17490,4276,2024-11-12,Wallet,Delivered
17491,4276,2024-11-29,COD,Delivered
17492,4276,2024-08-07,UPI,Delivered
17493,4276,2024-04-16,UPI,Delivered
17494,4276,2024-10-03,Wallet,Delivered
17495,4277,2023-12-04,UPI,Cancelled
17496,4277,2023-09-06,UPI,Delivered
17497,4277,2024-01-09,NetBanking,Delivered
17498,4277,2024-07-23,Card,Delivered
17499,4278,2024-11-15,UPI,Delivered
17500,4278,2024-10-02,,Delivered
17501,4278,2024-06-23,UPI,Delivered
17502,4278,2024-06-27,Card,Returned
17503,4278,2024-10-16,Card,Delivered
17504,4278,2024-09-18,Wallet,Delivered
17505,4279,2024-08-12,UPI,Delivered
17506,4279,2024-11-05,UPI,Delivered
17507,4279,2024-07-22,COD,Delivered
17508,4280,2024-12-24,UPI,Delivered
17509,4280,2024-05-23,Wallet,Delivered
17510,4281,2024-01-30,UPI,Delivered
17511,4282,2024-07-21,Card,Delivered
17512,4282,2024-11-12,UPI,Delivered
17513,4285,2024-01-02,UPI,Delivered
17514,4285,2024-12-19,Card,Delivered
17515,4286,2024-11-11,Wallet,Delivered
17516,4286,2024-08-12,UPI,Cancelled
17517,4287,2024-10-02,NetBanking,Delivered
17518,4287,2024-07-05,UPI,Cancelled
17519,4288,2024-11-30,UPI,Delivered
17520,4288,2024-04-13,COD,Delivered
17521,4288,2024-10-02,COD,Delivered
17522,4288,2024-11-28,UPI,Delivered
17523,4288,2024-05-13,UPI,Delivered
17524,4288,2024-12-11,COD,Delivered
17525,4288,2024-10-27,UPI,Returned
17526,4288,2024-05-31,Card,Delivered
17527,4288,2024-12-27,NetBanking,Delivered
17528,4289,2024-11-25,Card,Delivered
17529,4289,2024-02-28,NetBanking,Returned
17530,4289,2024-11-06,UPI,Delivered
17531,4289,2024-08-19,Card,Delivered
17532,4289,2024-11-29,UPI,Delivered
17533,4289,2024-08-25,Card,Delivered
17534,4289,2024-07-28,COD,Delivered
17535,4289,2024-11-22,NetBanking,Delivered
17536,4289,2024-06-22,UPI,Delivered
17537,4289,2024-08-20,UPI,Delivered
17538,4289,2024-11-21,Card,Delivered
17539,4289,2024-02-22,UPI,Delivered
17540,4290,2024-02-18,UPI,Delivered
17541,4291,2023-05-01,COD,Delivered
17542,4291,2024-05-12,NetBanking,Delivered
17543,4291,2023-11-25,UPI,Delivered
17544,4291,2023-12-16,NetBanking,Delivered
17545,4291,2024-11-20,COD,Delivered
17546,4291,2024-07-21,UPI,Delivered
17547,4292,2024-10-24,Card,Delivered
17548,4292,2024-08-31,Card,Delivered
17549,4292,2024-05-30,UPI,Delivered
17550,4293,2023-11-27,UPI,Delivered
17551,4293,2023-11-24,Card,Delivered
17552,4293,2024-02-17,UPI,Delivered
17553,4293,2024-11-14,COD,Delivered
17554,4293,2023-12-21,COD,Delivered
17555,4293,2024-05-28,Card,Delivered
17556,4294,2023-11-19,Card,Delivered
17557,4294,2023-09-18,Card,Returned
17558,4295,2024-05-17,NetBanking,Delivered
17559,4296,2024-10-18,Card,Delivered
17560,4296,2024-07-16,UPI,Delivered
17561,4296,2024-11-18,COD,Delivered
17562,4297,2024-05-20,UPI,Delivered
17563,4297,2024-12-19,NetBanking,Delivered
17564,4297,2024-03-09,Card,Delivered
17565,4297,2023-12-21,UPI,Cancelled
17566,4298,2024-02-26,UPI,Delivered
17567,4298,2024-10-08,UPI,Cancelled
17568,4298,2024-11-05,Card,Delivered
17569,4299,2024-05-26,UPI,Delivered
17570,4299,2023-10-15,,Delivered
17571,4299,2024-05-09,Card,Delivered
17572,4300,2024-02-02,COD,Delivered
17573,4300,2023-03-29,UPI,Cancelled
17574,4301,2023-08-21,Card,Delivered
17575,4301,2024-11-19,UPI,Delivered
17576,4301,2024-12-18,COD,Delivered
17577,4301,2024-07-08,Card,Delivered
17578,4301,2024-10-21,UPI,Delivered
17579,4301,2024-10-15,COD,Delivered
17580,4301,2024-02-15,COD,Delivered
17581,4301,2023-08-22,Card,Delivered
17582,4301,2023-07-28,NetBanking,Delivered
17583,4303,2023-05-15,UPI,Delivered
17584,4303,2024-03-02,Card,Delivered
17585,4305,2024-12-26,COD,Delivered
17586,4305,2024-07-29,COD,Delivered
17587,4306,2024-05-13,Card,Delivered
17588,4306,2024-09-16,UPI,Delivered
17589,4306,2024-08-22,UPI,Delivered
17590,4306,2024-10-21,COD,Delivered
17591,4306,2024-11-23,Card,Delivered
17592,4306,2024-03-06,,Delivered
17593,4307,2024-05-08,UPI,Delivered
17594,4307,2024-08-21,UPI,Delivered
17595,4307,2024-08-02,Card,Returned
17596,4307,2024-09-13,UPI,Delivered
17597,4307,2024-11-10,UPI,Delivered
17598,4307,2024-11-11,NetBanking,Delivered
17599,4307,2024-05-23,Card,Delivered
17600,4308,2024-04-15,UPI,Delivered
17601,4308,2024-10-29,COD,Delivered
17602,4308,2024-06-30,COD,Delivered
17603,4309,2024-06-14,UPI,Cancelled
17604,4309,2024-11-15,NetBanking,Delivered
17605,4309,2024-08-13,Card,Delivered
17606,4309,2024-12-08,UPI,Delivered
17607,4309,2024-10-22,COD,Delivered
17608,4309,2024-03-29,Card,Delivered
17609,4310,2024-11-23,NetBanking,Delivered
17610,4311,2023-12-03,NetBanking,Delivered
17611,4311,2024-02-05,Card,Delivered
17612,4311,2024-12-16,Card,Delivered
17613,4311,2024-12-17,UPI,Delivered
17614,4311,2023-12-16,COD,Delivered
17615,4311,2023-12-25,COD,Delivered
17616,4311,2024-08-24,Wallet,Delivered
17617,4311,2024-06-28,UPI,Delivered
17618,4311,2024-07-05,Card,Delivered
17619,4311,2024-11-26,Wallet,Cancelled
17620,4311,2024-06-30,,Delivered
17621,4311,2024-07-14,UPI,Delivered
17622,4311,2024-08-26,UPI,Delivered
17623,4311,2024-06-04,Wallet,Delivered
17624,4312,2024-08-30,Card,Delivered
17625,4312,2024-08-06,COD,Delivered
17626,4312,2024-05-13,UPI,Delivered
17627,4312,2024-04-10,Card,Returned
17628,4312,2024-10-11,NetBanking,Delivered
17629,4312,2024-10-01,Card,Delivered
17630,4312,2024-12-16,UPI,Delivered
17631,4312,2024-07-15,UPI,Delivered
17632,4312,2024-04-20,UPI,Delivered
17633,4312,2024-09-04,UPI,Delivered
17634,4312,2024-04-21,UPI,Delivered
17635,4312,2024-06-30,Card,Delivered
17636,4312,2024-10-23,NetBanking,Delivered
17637,4312,2024-09-02,Wallet,Delivered
17638,4313,2023-12-31,UPI,Delivered
17639,4313,2023-10-14,UPI,Delivered
17640,4313,2024-07-14,UPI,Delivered
17641,4313,2023-11-23,UPI,Delivered
17642,4314,2024-12-17,COD,Delivered
17643,4314,2023-09-29,Card,Delivered
17644,4315,2024-12-05,COD,Delivered
17645,4315,2024-10-11,,Delivered
17646,4315,2024-11-30,Card,Delivered
17647,4315,2024-06-02,Wallet,Delivered
17648,4315,2024-03-04,UPI,Delivered
17649,4315,2024-07-29,Wallet,Delivered
17650,4315,2024-05-17,COD,Delivered
17651,4316,2024-02-05,UPI,Delivered
17652,4316,2024-05-13,Card,Delivered
17653,4316,2024-04-16,UPI,Delivered
17654,4316,2024-05-24,COD,Delivered
17655,4316,2023-08-26,Card,Delivered
17656,4317,2024-12-06,UPI,Delivered
17657,4317,2024-11-10,Card,Delivered
17658,4317,2024-11-02,Wallet,Delivered
17659,4317,2024-12-18,Wallet,Delivered
17660,4317,2024-06-30,COD,Delivered
17661,4317,2024-11-17,UPI,Delivered
17662,4319,2024-05-07,UPI,Delivered
17663,4319,2024-07-13,Card,Delivered
17664,4319,2024-09-15,UPI,Delivered
17665,4319,2024-09-17,NetBanking,Delivered
17666,4319,2024-10-03,COD,Delivered
17667,4320,2023-07-03,UPI,Delivered
17668,4321,2024-05-08,NetBanking,Delivered
17669,4321,2024-04-11,COD,Delivered
17670,4321,2024-11-30,COD,Delivered
17671,4321,2024-02-18,Card,Delivered
17672,4321,2024-01-29,Wallet,Delivered
17673,4321,2024-06-06,NetBanking,Delivered
17674,4322,2024-10-28,NetBanking,Delivered
17675,4323,2023-12-20,NetBanking,Delivered
17676,4323,2024-10-14,Card,Delivered
17677,4323,2023-10-21,NetBanking,Delivered
17678,4323,2024-12-03,UPI,Delivered
17679,4323,2024-06-17,UPI,Delivered
17680,4323,2024-10-04,Card,Delivered
17681,4323,2024-05-04,UPI,Delivered
17682,4323,2024-03-12,UPI,Cancelled
17683,4323,2024-09-06,Card,Delivered
17684,4323,2024-01-25,UPI,Delivered
17685,4323,2024-07-08,UPI,Delivered
17686,4323,2023-09-07,UPI,Delivered
17687,4323,2024-10-31,Card,Returned
17688,4323,2023-11-12,Card,Delivered
17689,4323,2024-07-17,UPI,Delivered
17690,4326,2024-03-26,COD,Delivered
17691,4326,2023-09-21,UPI,Delivered
17692,4326,2023-08-27,COD,Delivered
17693,4326,2023-08-02,UPI,Delivered
17694,4327,2024-11-06,UPI,Delivered
17695,4328,2024-12-14,UPI,Delivered
17696,4328,2024-11-29,NetBanking,Delivered
17697,4329,2023-11-17,COD,Delivered
17698,4329,2024-09-12,COD,Delivered
17699,4329,2023-05-20,UPI,Delivered
17700,4329,2023-06-07,UPI,Delivered
17701,4331,2023-08-10,COD,Returned
17702,4332,2023-09-20,COD,Delivered
17703,4332,2023-08-11,Card,Delivered
17704,4333,2024-10-20,NetBanking,Delivered
17705,4333,2024-11-26,Wallet,Delivered
17706,4333,2024-07-25,,Delivered
17707,4333,2024-11-10,UPI,Delivered
17708,4334,2024-11-12,Wallet,Delivered
17709,4334,2024-06-18,COD,Delivered
17710,4335,2024-11-21,UPI,Returned
17711,4336,2024-05-28,NetBanking,Delivered
17712,4336,2024-07-28,Card,Delivered
17713,4336,2024-11-30,Card,Delivered
17714,4336,2024-10-01,COD,Delivered
17715,4336,2023-10-15,UPI,Delivered
17716,4337,2024-11-11,Card,Delivered
17717,4337,2024-10-20,Card,Delivered
17718,4337,2024-10-15,UPI,Delivered
17719,4337,2024-07-10,UPI,Delivered
17720,4337,2024-05-25,Card,Delivered
17721,4337,2024-09-27,UPI,Delivered
17722,4338,2023-10-03,Card,Returned
17723,4338,2023-11-24,,Delivered
17724,4339,2024-11-27,COD,Cancelled
17725,4339,2024-06-08,Card,Delivered
17726,4339,2024-10-19,Card,Delivered
17727,4339,2024-10-30,Card,Delivered
17728,4340,2023-11-23,NetBanking,Delivered
17729,4340,2024-03-27,Wallet,Cancelled
17730,4340,2024-04-19,COD,Delivered
17731,4340,2024-02-21,Card,Returned
17732,4340,2023-10-05,UPI,Delivered
17733,4340,2024-03-09,UPI,Delivered
17734,4340,2024-11-22,UPI,Delivered
17735,4341,2023-05-17,UPI,Delivered
17736,4341,2023-03-29,UPI,Delivered
17737,4341,2024-10-14,COD,Delivered
17738,4341,2023-08-01,UPI,Delivered
17739,4343,2024-01-11,COD,Delivered
17740,4343,2024-12-07,UPI,Delivered
17741,4343,2024-06-20,NetBanking,Delivered
17742,4344,2024-06-09,UPI,Returned
17743,4344,2024-07-11,UPI,Delivered
17744,4345,2024-10-09,COD,Delivered
17745,4345,2024-05-04,Card,Delivered
17746,4346,2023-10-03,UPI,Cancelled
17747,4346,2024-03-14,NetBanking,Delivered
17748,4346,2023-12-03,COD,Delivered
17749,4347,2024-12-21,Card,Delivered
17750,4347,2023-12-22,COD,Delivered
17751,4347,2023-12-24,Card,Delivered
17752,4347,2023-04-06,UPI,Delivered
17753,4347,2024-10-29,,Delivered
17754,4347,2023-05-27,COD,Delivered
17755,4347,2024-05-05,Card,Delivered
17756,4347,2024-05-18,Card,Delivered
17757,4347,2023-10-20,COD,Delivered
17758,4348,2024-11-18,UPI,Delivered
17759,4348,2024-01-31,NetBanking,Delivered
17760,4348,2024-07-17,NetBanking,Delivered
17761,4348,2023-10-19,Card,Delivered
17762,4348,2023-07-13,Card,Delivered
17763,4348,2023-04-19,COD,Delivered
17764,4348,2023-11-08,COD,Delivered
17765,4348,2023-05-01,COD,Delivered
17766,4348,2024-12-26,COD,Returned
17767,4349,2024-03-09,COD,Delivered
17768,4349,2024-10-26,UPI,Delivered
17769,4349,2024-11-14,Card,Delivered
17770,4350,2023-12-22,NetBanking,Delivered
17771,4351,2024-08-24,COD,Delivered
17772,4351,2024-01-17,COD,Delivered
17773,4351,2024-05-06,Card,Delivered
17774,4351,2024-02-14,Card,Delivered
17775,4352,2023-12-16,UPI,Delivered
17776,4352,2023-12-10,COD,Cancelled
17777,4352,2024-07-01,Card,Delivered
17778,4352,2024-05-19,Wallet,Delivered
17779,4352,2024-08-17,Card,Delivered
17780,4352,2023-11-25,Card,Delivered
17781,4353,2023-12-21,Card,Delivered
17782,4353,2024-08-11,NetBanking,Delivered
17783,4354,2024-10-10,,Delivered
17784,4355,2024-01-17,Card,Delivered
17785,4355,2024-05-19,UPI,Delivered
17786,4355,2023-11-15,Wallet,Delivered
17787,4355,2023-11-20,COD,Delivered
17788,4355,2024-03-11,UPI,Delivered
17789,4356,2024-08-31,UPI,Delivered
17790,4356,2024-06-08,Card,Returned
17791,4356,2024-10-27,COD,Delivered
17792,4356,2024-09-20,UPI,Delivered
17793,4356,2024-06-09,UPI,Delivered
17794,4357,2024-10-18,Card,Delivered
17795,4357,2024-08-26,UPI,Delivered
17796,4359,2024-10-10,Card,Delivered
17797,4359,2024-10-13,NetBanking,Returned
17798,4359,2024-10-03,Card,Delivered
17799,4359,2024-12-25,UPI,Returned
17800,4359,2024-05-20,Card,Delivered
17801,4359,2024-03-12,UPI,Delivered
17802,4359,2024-01-23,COD,Delivered
17803,4359,2024-02-28,Card,Delivered
17804,4359,2024-04-26,,Delivered
17805,4360,2024-10-23,Card,Delivered
17806,4360,2024-09-17,UPI,Delivered
17807,4360,2024-09-08,UPI,Delivered
17808,4361,2024-01-08,UPI,Cancelled
17809,4361,2023-11-28,Card,Delivered
17810,4361,2024-05-28,Card,Cancelled
17811,4361,2023-11-25,UPI,Delivered
17812,4361,2023-09-05,NetBanking,Delivered
17813,4362,2024-12-20,UPI,Delivered
17814,4362,2024-07-30,NetBanking,Delivered
17815,4362,2024-05-17,UPI,Delivered
17816,4362,2024-04-17,Card,Delivered
17817,4362,2024-09-03,Card,Cancelled
17818,4363,2024-05-08,COD,Delivered
17819,4363,2024-04-11,UPI,Delivered
17820,4364,2024-11-14,COD,Delivered
17821,4364,2024-09-16,Card,Delivered
17822,4364,2024-12-23,COD,Returned
17823,4364,2024-07-29,Card,Delivered
17824,4364,2024-08-23,COD,Delivered
17825,4364,2024-08-02,NetBanking,Delivered
17826,4365,2024-12-19,Card,Delivered
17827,4365,2024-12-12,UPI,Delivered
17828,4365,2024-09-24,UPI,Delivered
17829,4365,2023-12-14,UPI,Delivered
17830,4365,2023-12-16,Card,Delivered
17831,4365,2023-11-18,COD,Delivered
17832,4365,2023-12-26,Card,Delivered
17833,4365,2024-07-19,UPI,Delivered
17834,4365,2024-05-28,Card,Delivered
17835,4365,2024-09-24,COD,Delivered
17836,4365,2024-11-24,COD,Delivered
17837,4365,2024-04-26,Card,Delivered
17838,4365,2024-11-18,UPI,Delivered
17839,4365,2024-11-26,Card,Delivered
17840,4366,2024-07-29,UPI,Delivered
17841,4366,2024-12-09,COD,Delivered
17842,4366,2024-11-11,UPI,Delivered
17843,4366,2024-07-03,UPI,Delivered
17844,4366,2024-10-20,UPI,Delivered
17845,4366,2024-03-28,UPI,Delivered
17846,4367,2024-10-28,COD,Delivered
17847,4367,2023-10-02,UPI,Delivered
17848,4367,2024-10-27,UPI,Returned
17849,4367,2023-10-13,Card,Delivered
17850,4367,2024-12-22,COD,Returned
17851,4368,2023-09-24,Wallet,Cancelled
17852,4368,2024-01-27,UPI,Delivered
17853,4368,2024-03-05,UPI,Delivered
17854,4368,2024-09-22,COD,Delivered
17855,4369,2024-10-13,Card,Delivered
17856,4369,2024-05-31,Card,Delivered
17857,4370,2023-10-19,COD,Delivered
17858,4370,2023-12-15,Wallet,Delivered
17859,4370,2024-01-22,UPI,Delivered
17860,4370,2024-05-12,Card,Delivered
17861,4370,2024-03-29,Card,Delivered
17862,4372,2023-10-05,Card,Delivered
17863,4372,2024-05-17,Card,Delivered
17864,4372,2024-05-28,Wallet,Delivered
17865,4373,2024-12-13,UPI,Delivered
17866,4374,2024-12-21,NetBanking,Delivered
17867,4374,2024-11-29,,Returned
17868,4375,2023-11-03,NetBanking,Delivered
17869,4376,2023-11-19,COD,Delivered
17870,4376,2023-11-13,COD,Delivered
17871,4377,2024-08-02,UPI,Delivered
17872,4377,2024-09-05,Card,Delivered
17873,4377,2023-11-07,UPI,Delivered
17874,4377,2024-08-18,UPI,Returned
17875,4378,2024-07-19,UPI,Delivered
17876,4379,2023-10-03,NetBanking,Delivered
17877,4379,2024-09-02,NetBanking,Delivered
17878,4380,2024-09-23,COD,Delivered
17879,4380,2024-11-22,UPI,Delivered
17880,4380,2024-11-09,UPI,Delivered
17881,4380,2024-06-05,UPI,Delivered
17882,4380,2024-12-02,NetBanking,Delivered
17883,4380,2024-09-09,UPI,Delivered
17884,4380,2024-12-01,Card,Delivered
17885,4380,2024-12-07,Card,Delivered
17886,4380,2024-12-14,UPI,Delivered
17887,4380,2024-11-20,Card,Delivered
17888,4381,2024-08-22,UPI,Delivered
17889,4381,2024-07-11,UPI,Delivered
17890,4381,2024-11-09,UPI,Delivered
17891,4382,2024-11-01,Card,Delivered
17892,4382,2023-03-25,NetBanking,Delivered
17893,4383,2023-07-11,UPI,Cancelled
17894,4383,2024-03-31,Card,Delivered
17895,4383,2024-07-27,UPI,Delivered
17896,4383,2023-12-09,UPI,Delivered
17897,4383,2024-04-11,Card,Delivered
17898,4383,2024-06-15,UPI,Delivered
17899,4383,2024-08-28,COD,Delivered
17900,4383,2023-11-08,NetBanking,Delivered
17901,4383,2023-11-21,Card,Delivered
17902,4384,2024-05-25,COD,Delivered
17903,4384,2024-01-04,UPI,Delivered
17904,4384,2024-06-26,Card,Delivered
17905,4386,2024-04-02,Card,Delivered
17906,4386,2024-06-28,COD,Delivered
17907,4386,2024-11-08,COD,Delivered
17908,4386,2024-12-13,UPI,Delivered
17909,4386,2024-06-04,COD,Delivered
17910,4386,2024-07-22,COD,Delivered
17911,4386,2024-11-10,Card,Delivered
17912,4387,2023-07-29,Card,Delivered
17913,4387,2024-11-09,COD,Delivered
17914,4387,2024-09-12,Card,Delivered
17915,4387,2024-11-09,Card,Delivered
17916,4387,2023-08-08,COD,Delivered
17917,4387,2023-11-19,UPI,Delivered
17918,4387,2024-06-11,UPI,Delivered
17919,4388,2024-02-23,UPI,Cancelled
17920,4388,2024-10-06,UPI,Delivered
17921,4388,2024-07-13,NetBanking,Delivered
17922,4388,2024-09-27,NetBanking,Delivered
17923,4388,2023-09-05,Card,Delivered
17924,4388,2024-07-03,UPI,Delivered
17925,4388,2023-04-09,UPI,Delivered
17926,4388,2024-06-24,UPI,Delivered
17927,4389,2024-09-26,Card,Delivered
17928,4390,2024-12-07,COD,Delivered
17929,4390,2024-10-25,NetBanking,Delivered
17930,4390,2024-11-23,UPI,Delivered
17931,4391,2024-02-25,UPI,Delivered
17932,4391,2023-06-01,UPI,Delivered
17933,4391,2024-11-14,Card,Delivered
17934,4391,2024-10-16,UPI,Delivered
17935,4391,2023-05-14,COD,Delivered
17936,4391,2024-11-12,Card,Delivered
17937,4391,2024-10-18,COD,Delivered
17938,4391,2024-09-12,Wallet,Delivered
17939,4391,2024-11-25,COD,Returned
17940,4392,2024-08-10,COD,Delivered
17941,4393,2024-06-27,COD,Delivered
17942,4393,2024-03-13,UPI,Delivered
17943,4394,2024-12-24,UPI,Cancelled
17944,4394,2023-06-16,Wallet,Delivered
17945,4394,2023-12-08,Card,Delivered
17946,4394,2024-04-21,,Delivered
17947,4394,2023-11-29,UPI,Delivered
17948,4395,2024-04-01,UPI,Delivered
17949,4395,2024-10-04,Card,Delivered
17950,4395,2024-11-04,Card,Delivered
17951,4396,2024-09-19,NetBanking,Delivered
17952,4396,2024-01-23,UPI,Delivered
17953,4396,2024-11-03,Card,Delivered
17954,4396,2024-02-23,NetBanking,Delivered
17955,4396,2024-09-14,COD,Delivered
17956,4396,2023-12-16,UPI,Delivered
17957,4397,2024-01-27,NetBanking,Delivered
17958,4397,2024-05-06,UPI,Delivered
17959,4399,2023-02-20,Card,Cancelled
17960,4399,2023-06-12,Wallet,Delivered
17961,4400,2024-12-24,UPI,Delivered
17962,4400,2024-09-02,Card,Delivered
17963,4400,2024-08-20,UPI,Delivered
17964,4400,2024-09-03,Card,Delivered
17965,4402,2023-11-10,UPI,Delivered
17966,4402,2024-06-07,NetBanking,Delivered
17967,4402,2024-02-27,UPI,Delivered
17968,4402,2024-09-12,UPI,Delivered
17969,4402,2023-06-05,UPI,Delivered
17970,4403,2024-07-05,UPI,Delivered
17971,4403,2024-04-14,Card,Delivered
17972,4403,2023-11-15,UPI,Delivered
17973,4403,2024-03-16,NetBanking,Delivered
17974,4404,2024-07-17,COD,Delivered
17975,4405,2024-11-29,Card,Delivered
17976,4405,2024-05-09,UPI,Delivered
17977,4405,2024-12-26,Wallet,Returned
17978,4405,2024-05-23,UPI,Delivered
17979,4405,2024-11-28,NetBanking,Delivered
17980,4405,2023-12-04,UPI,Delivered
17981,4406,2024-12-05,COD,Delivered
17982,4406,2024-09-04,COD,Delivered
17983,4406,2024-11-29,Card,Delivered
17984,4406,2024-09-25,UPI,Delivered
17985,4406,2024-10-27,UPI,Delivered
17986,4406,2024-07-13,Card,Delivered
17987,4406,2024-06-25,NetBanking,Delivered
17988,4406,2024-10-06,UPI,Delivered
17989,4408,2023-10-29,Card,Delivered
17990,4408,2024-09-24,UPI,Delivered
17991,4408,2023-09-20,UPI,Returned
17992,4408,2024-09-04,UPI,Delivered
17993,4409,2024-10-20,NetBanking,Delivered
17994,4410,2024-10-29,Card,Delivered
17995,4410,2024-10-13,COD,Delivered
17996,4410,2024-07-25,COD,Delivered
17997,4410,2024-11-05,UPI,Delivered
17998,4410,2023-10-26,Card,Delivered
17999,4410,2024-08-19,NetBanking,Delivered
18000,4410,2023-11-22,COD,Delivered
18001,4410,2024-12-03,COD,Delivered
18002,4410,2024-05-15,Card,Delivered
18003,4410,2024-10-28,UPI,Cancelled
18004,4410,2023-10-09,UPI,Delivered
18005,4410,2023-12-04,UPI,Delivered
18006,4410,2024-09-19,COD,Delivered
18007,4412,2024-02-15,UPI,Cancelled
18008,4412,2024-01-09,UPI,Delivered
18009,4414,2024-11-12,UPI,Delivered
18010,4415,2023-10-05,NetBanking,Delivered
18011,4415,2024-03-20,UPI,Delivered
18012,4415,2024-12-28,Card,Delivered
18013,4415,2024-11-03,UPI,Delivered
18014,4416,2023-10-10,UPI,Delivered
18015,4416,2024-09-18,COD,Delivered
18016,4417,2023-11-30,UPI,Delivered
18017,4417,2024-04-28,UPI,Delivered
18018,4417,2024-12-10,COD,Delivered
18019,4417,2024-07-04,Card,Delivered
18020,4417,2024-09-19,Card,Delivered
18021,4417,2024-08-13,COD,Delivered
18022,4417,2024-04-22,UPI,Delivered
18023,4417,2024-03-20,Card,Delivered
18024,4417,2023-11-26,UPI,Delivered
18025,4418,2023-06-16,UPI,Delivered
18026,4418,2023-04-22,COD,Delivered
18027,4419,2024-01-21,UPI,Delivered
18028,4420,2024-05-26,UPI,Delivered
18029,4420,2024-12-21,Wallet,Delivered
18030,4420,2024-01-26,Card,Returned
18031,4420,2023-09-13,UPI,Delivered
18032,4420,2024-06-01,UPI,Delivered
18033,4422,2024-09-26,COD,Delivered
18034,4422,2024-11-08,UPI,Delivered
18035,4422,2024-08-25,UPI,Delivered
18036,4422,2024-07-29,Wallet,Delivered
18037,4422,2024-07-20,Card,Delivered
18038,4422,2024-10-17,Card,Delivered
18039,4422,2024-09-12,COD,Delivered
18040,4422,2024-11-21,UPI,Delivered
18041,4422,2024-11-03,Card,Delivered
18042,4424,2024-04-26,UPI,Delivered
18043,4424,2023-09-22,UPI,Cancelled
18044,4424,2024-09-15,UPI,Delivered
18045,4425,2023-09-26,UPI,Delivered
18046,4425,2024-08-06,,Delivered
18047,4425,2023-09-14,UPI,Delivered
18048,4426,2024-08-25,UPI,Delivered
18049,4427,2023-10-20,Wallet,Delivered
18050,4427,2024-04-05,Card,Delivered
18051,4427,2024-10-19,,Delivered
18052,4427,2024-09-01,UPI,Delivered
18053,4427,2024-11-29,UPI,Cancelled
18054,4427,2023-10-26,Card,Delivered
18055,4427,2024-11-24,UPI,Delivered
18056,4427,2023-08-08,NetBanking,Delivered
18057,4429,2024-12-20,Card,Delivered
18058,4429,2024-07-11,Card,Delivered
18059,4429,2024-07-13,NetBanking,Delivered
18060,4429,2024-10-06,UPI,Delivered
18061,4429,2024-10-06,Card,Delivered
18062,4431,2024-11-01,Card,Delivered
18063,4431,2024-08-23,Card,Delivered
18064,4431,2024-09-04,UPI,Delivered
18065,4431,2024-10-11,UPI,Delivered
18066,4431,2024-07-13,UPI,Delivered
18067,4431,2024-11-20,UPI,Delivered
18068,4431,2024-09-28,Card,Delivered
18069,4431,2024-11-30,COD,Delivered
18070,4431,2024-11-19,COD,Delivered
18071,4431,2024-10-10,NetBanking,Delivered
18072,4431,2024-11-02,Wallet,Delivered
18073,4431,2024-11-30,UPI,Delivered
18074,4431,2024-08-18,COD,Delivered
18075,4432,2023-11-15,COD,Delivered
18076,4432,2024-10-06,UPI,Delivered
18077,4433,2024-12-24,Card,Delivered
18078,4433,2024-12-28,COD,Delivered
18079,4433,2024-06-17,Card,Delivered
18080,4433,2024-07-14,Card,Delivered
18081,4433,2024-10-24,Card,Delivered
18082,4433,2024-05-16,UPI,Delivered
18083,4433,2024-08-28,,Delivered
18084,4433,2024-12-29,UPI,Delivered
18085,4433,2024-09-30,Card,Delivered
18086,4433,2024-08-08,Card,Delivered
18087,4434,2023-05-02,NetBanking,Delivered
18088,4434,2024-12-26,NetBanking,Delivered
18089,4435,2023-12-26,UPI,Delivered
18090,4435,2024-04-12,Wallet,Delivered
18091,4435,2023-11-17,UPI,Delivered
18092,4435,2024-09-05,UPI,Delivered
18093,4435,2023-12-01,Card,Delivered
18094,4435,2023-12-29,UPI,Returned
18095,4436,2024-10-04,Card,Delivered
18096,4436,2024-06-13,UPI,Delivered
18097,4436,2024-08-10,COD,Delivered
18098,4436,2024-07-02,UPI,Delivered
18099,4436,2024-06-08,UPI,Delivered
18100,4436,2024-08-30,NetBanking,Delivered
18101,4436,2024-10-04,NetBanking,Delivered
18102,4436,2024-11-19,Card,Delivered
18103,4436,2024-10-20,UPI,Delivered
18104,4436,2024-11-26,COD,Delivered
18105,4436,2024-07-23,COD,Delivered
18106,4436,2024-11-21,UPI,Delivered
18107,4437,2024-04-16,UPI,Returned
18108,4437,2024-02-27,Card,Delivered
18109,4438,2024-09-20,Card,Delivered
18110,4438,2024-11-30,UPI,Delivered
18111,4438,2024-12-04,Card,Delivered
18112,4438,2024-08-16,Card,Delivered
18113,4438,2024-08-20,COD,Delivered
18114,4438,2024-11-07,Card,Cancelled
18115,4438,2024-06-13,UPI,Delivered
18116,4438,2024-12-01,UPI,Delivered
18117,4438,2024-05-27,Card,Delivered
18118,4438,2024-09-26,Card,Delivered
18119,4439,2024-06-15,Card,Delivered
18120,4439,2024-09-24,UPI,Delivered
18121,4439,2024-11-27,UPI,Delivered
18122,4439,2024-01-27,UPI,Delivered
18123,4440,2024-11-05,Card,Returned
18124,4440,2024-04-19,UPI,Delivered
18125,4441,2024-08-21,UPI,Delivered
18126,4441,2024-09-14,COD,Delivered
18127,4442,2023-11-04,COD,Delivered
18128,4442,2024-11-10,Card,Delivered
18129,4442,2024-04-07,Card,Delivered
18130,4442,2024-11-07,UPI,Delivered
18131,4442,2023-10-12,COD,Delivered
18132,4442,2024-11-14,UPI,Delivered
18133,4442,2024-02-04,UPI,Delivered
18134,4442,2023-11-30,UPI,Cancelled
18135,4442,2024-01-08,UPI,Delivered
18136,4442,2024-06-15,COD,Delivered
18137,4442,2023-12-04,UPI,Delivered
18138,4442,2024-07-13,Card,Delivered
18139,4442,2024-04-13,COD,Delivered
18140,4442,2024-07-21,UPI,Delivered
18141,4444,2024-03-27,Card,Delivered
18142,4444,2023-10-11,Card,Delivered
18143,4444,2024-04-08,COD,Delivered
18144,4444,2024-11-28,NetBanking,Delivered
18145,4445,2024-08-20,UPI,Delivered
18146,4446,2023-11-15,UPI,Delivered
18147,4446,2024-02-24,Card,Delivered
18148,4446,2024-10-23,Wallet,Delivered
18149,4446,2024-10-02,Wallet,Delivered
18150,4446,2023-09-02,Wallet,Delivered
18151,4446,2024-10-05,COD,Delivered
18152,4446,2023-08-30,UPI,Delivered
18153,4446,2023-09-23,COD,Delivered
18154,4447,2023-08-19,UPI,Delivered
18155,4447,2023-09-29,Card,Delivered
18156,4447,2024-02-10,Card,Delivered
18157,4447,2024-11-02,Card,Delivered
18158,4448,2024-02-12,UPI,Delivered
18159,4448,2023-11-24,COD,Cancelled
18160,4448,2023-11-06,UPI,Delivered
18161,4448,2024-02-23,Wallet,Delivered
18162,4449,2024-08-30,Card,Delivered
18163,4449,2023-12-18,UPI,Delivered
18164,4450,2024-10-13,UPI,Delivered
18165,4450,2024-09-03,NetBanking,Delivered
18166,4450,2024-08-03,COD,Delivered
18167,4450,2024-05-09,Card,Returned
18168,4450,2024-09-30,COD,Delivered
18169,4451,2024-08-28,NetBanking,Delivered
18170,4451,2024-06-28,Card,Delivered
18171,4451,2024-06-07,Wallet,Delivered
18172,4451,2024-11-21,UPI,Delivered
18173,4451,2024-12-24,COD,Returned
18174,4451,2024-11-09,Card,Delivered
18175,4451,2024-04-29,Wallet,Delivered
18176,4453,2024-04-30,NetBanking,Delivered
18177,4453,2024-05-29,Wallet,Delivered
18178,4454,2024-07-17,COD,Delivered
18179,4454,2024-09-15,Card,Delivered
18180,4454,2024-09-12,,Delivered
18181,4454,2024-08-16,Card,Delivered
18182,4454,2024-11-14,COD,Delivered
18183,4454,2024-04-17,UPI,Cancelled
18184,4454,2024-12-22,UPI,Delivered
18185,4454,2024-11-11,Card,Delivered
18186,4454,2024-05-20,COD,Delivered
18187,4454,2024-01-31,UPI,Delivered
18188,4455,2024-12-24,UPI,Delivered
18189,4456,2023-10-13,NetBanking,Delivered
18190,4456,2023-10-09,Card,Delivered
18191,4456,2024-01-05,Card,Delivered
18192,4456,2024-02-23,UPI,Delivered
18193,4457,2024-03-20,Card,Delivered
18194,4457,2023-11-26,COD,Delivered
18195,4457,2024-07-09,UPI,Delivered
18196,4457,2024-12-14,COD,Delivered
18197,4457,2024-09-16,Wallet,Cancelled
18198,4457,2024-05-25,Card,Delivered
18199,4457,2023-12-09,UPI,Delivered
18200,4458,2023-08-04,COD,Delivered
18201,4458,2024-11-07,UPI,Delivered
18202,4458,2023-09-27,UPI,Delivered
18203,4458,2023-06-19,COD,Delivered
18204,4458,2023-10-29,NetBanking,Delivered
18205,4458,2024-07-08,UPI,Delivered
18206,4458,2023-11-20,Card,Delivered
18207,4458,2024-08-21,Card,Delivered
18208,4458,2024-06-14,COD,Delivered
18209,4458,2023-10-23,UPI,Delivered
18210,4458,2024-10-27,UPI,Delivered
18211,4458,2023-03-28,COD,Delivered
18212,4458,2024-07-29,NetBanking,Delivered
18213,4458,2024-01-18,Wallet,Delivered
18214,4459,2023-10-13,COD,Delivered
18215,4459,2024-11-07,NetBanking,Delivered
18216,4459,2023-05-27,UPI,Delivered
18217,4459,2024-08-02,UPI,Delivered
18218,4459,2024-09-24,UPI,Delivered
18219,4459,2023-09-19,Card,Cancelled
18220,4459,2023-12-16,Card,Delivered
18221,4459,2024-02-19,Wallet,Cancelled
18222,4459,2024-09-02,UPI,Delivered
18223,4460,2024-03-17,UPI,Delivered
18224,4460,2024-01-09,UPI,Delivered
18225,4460,2024-11-28,UPI,Delivered
18226,4460,2024-05-08,Card,Delivered
18227,4460,2023-12-23,UPI,Delivered
18228,4460,2024-02-23,UPI,Cancelled
18229,4460,2024-12-14,Card,Delivered
18230,4460,2024-01-12,UPI,Delivered
18231,4460,2024-10-08,UPI,Cancelled
18232,4461,2024-08-10,UPI,Delivered
18233,4461,2024-11-24,NetBanking,Delivered
18234,4461,2024-08-30,NetBanking,Delivered
18235,4461,2024-01-09,UPI,Delivered
18236,4461,2023-08-16,UPI,Delivered
18237,4461,2024-01-02,COD,Delivered
18238,4461,2023-12-15,NetBanking,Delivered
18239,4462,2024-09-25,Card,Delivered
18240,4462,2024-05-09,Card,Delivered
18241,4462,2024-02-12,Card,Delivered
18242,4462,2023-09-28,COD,Delivered
18243,4463,2023-11-24,NetBanking,Delivered
18244,4463,2024-12-01,Card,Delivered
18245,4463,2024-09-03,UPI,Delivered
18246,4463,2024-11-28,NetBanking,Delivered
18247,4463,2024-08-01,Card,Delivered
18248,4463,2024-08-31,UPI,Delivered
18249,4464,2024-09-09,Card,Delivered
18250,4464,2024-11-11,NetBanking,Delivered
18251,4464,2024-02-05,Card,Delivered
18252,4464,2024-04-29,UPI,Delivered
18253,4464,2024-02-01,,Delivered
18254,4466,2024-12-13,COD,Cancelled
18255,4466,2023-03-31,Card,Delivered
18256,4466,2023-12-16,UPI,Delivered
18257,4466,2023-02-21,Wallet,Delivered
18258,4467,2024-05-24,UPI,Delivered
18259,4467,2024-12-02,UPI,Delivered
18260,4467,2024-08-25,Card,Delivered
18261,4467,2024-04-12,UPI,Delivered
18262,4467,2024-11-20,NetBanking,Delivered
18263,4468,2024-12-07,COD,Delivered
18264,4468,2024-11-23,Card,Delivered
18265,4468,2024-11-24,Card,Delivered
18266,4468,2024-10-26,COD,Delivered
18267,4468,2024-06-15,COD,Delivered
18268,4468,2024-09-12,Card,Delivered
18269,4468,2024-11-29,COD,Delivered
18270,4469,2024-11-15,,Delivered
18271,4469,2024-05-16,UPI,Delivered
18272,4469,2024-07-07,UPI,Delivered
18273,4469,2024-08-10,UPI,Delivered
18274,4469,2024-07-26,UPI,Delivered
18275,4470,2024-07-02,UPI,Cancelled
18276,4470,2024-03-02,COD,Delivered
18277,4471,2023-10-05,Card,Returned
18278,4471,2024-09-09,UPI,Delivered
18279,4471,2024-03-07,NetBanking,Returned
18280,4471,2024-12-22,Card,Delivered
18281,4471,2024-11-09,UPI,Delivered
18282,4472,2024-10-02,COD,Delivered
18283,4472,2024-05-31,Card,Delivered
18284,4473,2024-10-09,Card,Delivered
18285,4473,2024-07-21,COD,Delivered
18286,4473,2024-08-21,NetBanking,Delivered
18287,4474,2024-06-15,COD,Delivered
18288,4474,2023-10-28,NetBanking,Delivered
18289,4474,2024-11-02,Wallet,Delivered
18290,4474,2024-12-20,COD,Delivered
18291,4474,2024-11-16,COD,Delivered
18292,4475,2024-08-02,Card,Delivered
18293,4475,2024-09-27,UPI,Delivered
18294,4475,2024-11-18,COD,Delivered
18295,4475,2024-08-24,Card,Delivered
18296,4475,2024-04-15,Card,Delivered
18297,4475,2024-11-14,COD,Delivered
18298,4475,2024-11-02,,Delivered
18299,4476,2024-01-13,UPI,Delivered
18300,4476,2024-12-24,Card,Delivered
18301,4480,2024-03-26,Wallet,Delivered
18302,4480,2024-09-22,NetBanking,Delivered
18303,4481,2023-10-21,UPI,Delivered
18304,4481,2023-09-28,COD,Delivered
18305,4481,2023-10-22,NetBanking,Delivered
18306,4482,2024-02-11,UPI,Delivered
18307,4482,2024-04-03,Wallet,Delivered
18308,4482,2023-08-21,Card,Returned
18309,4482,2024-11-28,COD,Delivered
18310,4484,2023-03-31,UPI,Delivered
18311,4484,2023-12-20,UPI,Delivered
18312,4484,2023-12-06,Card,Delivered
18313,4484,2023-03-15,UPI,Delivered
18314,4485,2023-10-02,Card,Delivered
18315,4485,2024-10-11,UPI,Delivered
18316,4485,2024-04-20,UPI,Delivered
18317,4485,2024-10-22,COD,Delivered
18318,4485,2024-05-18,Card,Delivered
18319,4486,2023-10-03,UPI,Delivered
18320,4486,2024-04-13,UPI,Delivered
18321,4487,2023-11-18,UPI,Delivered
18322,4487,2024-06-29,UPI,Delivered
18323,4487,2024-09-27,NetBanking,Delivered
18324,4487,2024-03-04,COD,Delivered
18325,4487,2024-12-01,UPI,Returned
18326,4487,2023-11-13,NetBanking,Cancelled
18327,4487,2024-02-02,NetBanking,Delivered
18328,4487,2024-09-08,NetBanking,Delivered
18329,4487,2024-11-02,COD,Delivered
18330,4488,2024-07-13,COD,Delivered
18331,4488,2024-04-28,Card,Cancelled
18332,4488,2024-03-25,UPI,Delivered
18333,4488,2024-09-24,Card,Delivered
18334,4488,2024-10-25,,Returned
18335,4489,2024-08-15,UPI,Delivered
18336,4489,2024-02-13,UPI,Delivered
18337,4489,2024-01-01,UPI,Delivered
18338,4489,2024-05-24,COD,Delivered
18339,4489,2024-07-31,COD,Delivered
18340,4489,2024-08-22,Card,Delivered
18341,4489,2024-08-08,UPI,Delivered
18342,4490,2024-11-27,Card,Delivered
18343,4490,2024-07-12,UPI,Returned
18344,4490,2024-06-19,UPI,Delivered
18345,4490,2024-06-07,UPI,Delivered
18346,4490,2024-08-13,UPI,Delivered
18347,4490,2024-08-14,UPI,Delivered
18348,4490,2023-08-23,UPI,Delivered
18349,4491,2023-12-26,NetBanking,Returned
18350,4492,2024-01-13,UPI,Returned
18351,4492,2024-05-12,COD,Delivered
18352,4493,2024-10-17,Card,Delivered
18353,4493,2024-04-25,UPI,Delivered
18354,4493,2024-10-11,Card,Delivered
18355,4493,2024-12-07,Card,Delivered
18356,4494,2023-11-23,UPI,Delivered
18357,4495,2024-10-14,UPI,Delivered
18358,4495,2024-11-17,UPI,Returned
18359,4495,2024-11-28,COD,Delivered
18360,4497,2024-01-25,UPI,Delivered
18361,4497,2024-08-02,Card,Delivered
18362,4497,2024-11-21,UPI,Delivered
18363,4497,2024-08-28,Card,Delivered
18364,4497,2024-10-04,UPI,Delivered
18365,4497,2023-11-25,Card,Delivered
18366,4497,2024-02-21,COD,Delivered
18367,4497,2024-09-11,COD,Delivered
18368,4497,2024-11-06,Card,Delivered
18369,4497,2024-04-12,UPI,Delivered
18370,4498,2024-12-14,COD,Delivered
18371,4498,2023-10-05,Card,Delivered
18372,4499,2023-06-25,UPI,Delivered
18373,4499,2023-11-09,NetBanking,Delivered
18374,4499,2023-11-28,Card,Returned
18375,4499,2023-07-24,NetBanking,Delivered
18376,4499,2023-08-28,Card,Delivered
18377,4499,2023-05-28,Card,Cancelled
18378,4499,2024-01-22,UPI,Delivered
18379,4500,2024-09-23,UPI,Delivered
18380,4500,2024-11-12,UPI,Delivered
18381,4502,2024-10-07,COD,Delivered
18382,4502,2023-12-01,UPI,Delivered
18383,4502,2023-11-12,UPI,Delivered
18384,4502,2024-03-27,NetBanking,Delivered
18385,4502,2024-10-23,Wallet,Delivered
18386,4503,2024-07-13,Card,Delivered
18387,4503,2024-09-24,UPI,Delivered
18388,4503,2024-10-22,UPI,Delivered
18389,4503,2024-11-14,Card,Delivered
18390,4503,2024-09-15,COD,Delivered
18391,4503,2024-07-23,COD,Delivered
18392,4505,2024-11-17,NetBanking,Delivered
18393,4507,2023-07-04,Card,Delivered
18394,4507,2023-10-23,NetBanking,Returned
18395,4507,2023-06-12,COD,Delivered
18396,4507,2023-09-07,,Delivered
18397,4507,2023-07-13,Card,Delivered
18398,4508,2023-12-21,UPI,Delivered
18399,4508,2024-10-25,NetBanking,Delivered
18400,4508,2024-04-07,UPI,Delivered
18401,4508,2024-01-18,UPI,Delivered
18402,4508,2024-10-12,NetBanking,Delivered
18403,4508,2023-12-12,UPI,Delivered
18404,4508,2024-12-15,Wallet,Delivered
18405,4508,2024-09-25,NetBanking,Delivered
18406,4510,2024-12-14,COD,Delivered
18407,4510,2024-10-06,NetBanking,Delivered
18408,4510,2024-08-25,COD,Delivered
18409,4511,2023-08-20,COD,Delivered
18410,4511,2024-04-02,Card,Delivered
18411,4511,2023-11-06,COD,Delivered
18412,4511,2023-12-04,UPI,Delivered
18413,4511,2024-04-17,COD,Delivered
18414,4512,2024-07-06,UPI,Delivered
18415,4513,2024-05-13,NetBanking,Delivered
18416,4513,2024-11-03,COD,Delivered
18417,4513,2024-11-06,UPI,Delivered
18418,4513,2023-09-09,Wallet,Delivered
18419,4513,2023-07-04,Wallet,Delivered
18420,4513,2023-12-23,Card,Returned
18421,4514,2024-07-07,UPI,Delivered
18422,4514,2024-11-09,NetBanking,Delivered
18423,4514,2024-07-04,NetBanking,Delivered
18424,4515,2024-12-30,UPI,Delivered
18425,4515,2024-10-09,Card,Delivered
18426,4515,2024-07-09,NetBanking,Delivered
18427,4515,2024-10-22,COD,Delivered
18428,4515,2024-10-28,Wallet,Delivered
18429,4516,2024-09-29,COD,Delivered
18430,4517,2024-11-09,UPI,Delivered
18431,4517,2024-01-17,COD,Delivered
18432,4517,2024-09-21,Card,Delivered
18433,4517,2024-06-21,COD,Delivered
18434,4517,2023-11-03,Card,Delivered
18435,4518,2024-10-09,NetBanking,Cancelled
18436,4518,2024-01-06,Card,Delivered
18437,4519,2024-02-06,UPI,Delivered
18438,4520,2024-08-03,UPI,Cancelled
18439,4520,2023-10-24,COD,Delivered
18440,4521,2024-07-01,NetBanking,Delivered
18441,4521,2024-09-10,NetBanking,Delivered
18442,4521,2024-07-14,NetBanking,Delivered
18443,4521,2024-11-12,UPI,Returned
18444,4521,2024-10-28,Card,Delivered
18445,4521,2024-11-08,COD,Delivered
18446,4522,2024-11-18,UPI,Delivered
18447,4522,2024-09-06,UPI,Delivered
18448,4523,2023-11-23,COD,Delivered
18449,4523,2024-03-05,NetBanking,Cancelled
18450,4523,2023-10-18,UPI,Delivered
18451,4523,2023-12-28,COD,Delivered
18452,4523,2024-08-20,Card,Cancelled
18453,4524,2024-11-02,UPI,Delivered
18454,4526,2024-04-02,UPI,Delivered
18455,4527,2024-06-02,,Delivered
18456,4527,2024-05-15,UPI,Delivered
18457,4527,2024-01-21,COD,Returned
18458,4527,2023-09-24,UPI,Delivered
18459,4527,2023-03-25,UPI,Delivered
18460,4527,2024-07-22,COD,Cancelled
18461,4527,2023-08-10,Card,Delivered
18462,4527,2023-09-06,UPI,Returned
18463,4528,2024-02-10,COD,Delivered
18464,4528,2023-11-19,Card,Delivered
18465,4529,2024-02-14,UPI,Delivered
18466,4529,2023-11-18,Card,Delivered
18467,4530,2024-09-14,COD,Delivered
18468,4530,2024-06-13,NetBanking,Delivered
18469,4530,2024-03-01,UPI,Delivered
18470,4530,2024-11-23,COD,Delivered
18471,4530,2024-08-27,UPI,Cancelled
18472,4530,2024-11-30,UPI,Delivered
18473,4530,2023-11-20,COD,Delivered
18474,4530,2024-10-22,Wallet,Delivered
18475,4531,2024-12-15,UPI,Delivered
18476,4531,2024-09-13,Card,Delivered
18477,4532,2023-04-16,Card,Delivered
18478,4532,2024-10-06,Card,Delivered
18479,4533,2024-10-30,COD,Delivered
18480,4533,2024-09-24,UPI,Delivered
18481,4534,2024-07-30,Card,Delivered
18482,4534,2024-09-07,UPI,Delivered
18483,4535,2024-11-28,COD,Delivered
18484,4535,2024-12-05,COD,Delivered
18485,4536,2024-12-22,Card,Delivered
18486,4538,2024-11-09,UPI,Delivered
18487,4538,2024-04-30,UPI,Delivered
18488,4538,2024-10-14,UPI,Delivered
18489,4538,2024-12-20,UPI,Cancelled
18490,4538,2024-09-14,Card,Returned
18491,4538,2024-11-29,Card,Delivered
18492,4538,2024-11-12,UPI,Cancelled
18493,4538,2024-10-17,Card,Delivered
18494,4538,2024-02-29,,Delivered
18495,4538,2024-02-06,UPI,Delivered
18496,4539,2024-05-07,UPI,Delivered
18497,4540,2024-11-03,COD,Delivered
18498,4540,2024-06-25,Wallet,Delivered
18499,4540,2024-10-06,UPI,Delivered
18500,4540,2024-10-08,Card,Delivered
18501,4540,2024-11-21,UPI,Delivered
18502,4541,2023-12-14,UPI,Delivered
18503,4541,2024-10-29,UPI,Delivered
18504,4541,2024-12-27,UPI,Delivered
18505,4542,2024-05-03,Card,Delivered
18506,4542,2024-10-18,Card,Returned
18507,4542,2024-11-27,Card,Cancelled
18508,4542,2024-11-13,UPI,Delivered
18509,4542,2024-12-21,UPI,Delivered
18510,4542,2024-11-02,UPI,Delivered
18511,4542,2024-12-22,UPI,Delivered
18512,4543,2024-12-17,UPI,Delivered
18513,4543,2024-11-24,Card,Delivered
18514,4543,2024-11-16,Card,Delivered
18515,4543,2024-09-15,UPI,Delivered
18516,4543,2024-05-17,UPI,Delivered
18517,4543,2024-12-25,COD,Delivered
18518,4543,2024-09-01,NetBanking,Delivered
18519,4544,2024-06-27,UPI,Delivered
18520,4544,2024-06-21,Card,Delivered
18521,4544,2024-11-24,UPI,Returned
18522,4544,2024-12-30,UPI,Delivered
18523,4544,2024-03-20,UPI,Delivered
18524,4544,2024-02-20,Card,Delivered
18525,4544,2024-06-26,UPI,Delivered
18526,4544,2024-06-13,Card,Delivered
18527,4545,2023-10-01,NetBanking,Delivered
18528,4545,2024-05-14,UPI,Delivered
18529,4546,2024-08-24,Card,Delivered
18530,4546,2024-10-24,UPI,Delivered
18531,4546,2024-12-04,Card,Returned
18532,4547,2024-03-29,COD,Delivered
18533,4547,2023-12-20,UPI,Delivered
18534,4547,2024-12-25,UPI,Delivered
18535,4548,2024-08-08,Card,Delivered
18536,4548,2024-12-12,NetBanking,Delivered
18537,4548,2024-11-22,UPI,Delivered
18538,4548,2024-08-18,UPI,Delivered
18539,4548,2024-11-12,UPI,Delivered
18540,4548,2024-05-08,COD,Delivered
18541,4549,2024-11-21,Card,Delivered
18542,4549,2024-11-16,Card,Delivered
18543,4550,2024-12-21,UPI,Delivered
18544,4552,2024-08-13,UPI,Delivered
18545,4552,2023-11-02,NetBanking,Delivered
18546,4552,2024-04-12,Card,Delivered
18547,4552,2023-08-07,NetBanking,Delivered
18548,4552,2023-09-16,Card,Delivered
18549,4552,2024-04-23,Card,Delivered
18550,4552,2023-10-29,NetBanking,Cancelled
18551,4552,2023-09-21,Card,Delivered
18552,4552,2023-02-23,COD,Delivered
18553,4552,2023-05-30,UPI,Delivered
18554,4552,2024-04-17,UPI,Delivered
18555,4552,2023-11-16,Card,Delivered
18556,4552,2023-02-16,UPI,Delivered
18557,4552,2023-10-20,UPI,Delivered
18558,4553,2023-10-19,UPI,Delivered
18559,4553,2024-11-10,COD,Delivered
18560,4553,2024-12-13,Card,Delivered
18561,4553,2024-03-25,UPI,Delivered
18562,4555,2024-11-07,Wallet,Delivered
18563,4555,2024-05-29,COD,Delivered
18564,4555,2024-03-08,UPI,Delivered
18565,4555,2024-09-28,UPI,Delivered
18566,4555,2024-05-10,NetBanking,Delivered
18567,4555,2024-12-08,UPI,Delivered
18568,4555,2024-05-21,UPI,Delivered
18569,4556,2024-06-30,UPI,Delivered
18570,4556,2023-07-25,UPI,Delivered
18571,4558,2024-07-05,COD,Delivered
18572,4558,2024-11-21,Card,Delivered
18573,4558,2024-09-04,UPI,Delivered
18574,4558,2024-04-12,UPI,Delivered
18575,4558,2024-11-15,Wallet,Delivered
18576,4558,2024-08-23,Card,Delivered
18577,4558,2024-12-30,COD,Returned
18578,4559,2024-12-14,UPI,Delivered
18579,4559,2024-10-21,Wallet,Delivered
18580,4559,2024-08-14,COD,Delivered
18581,4559,2024-07-20,UPI,Delivered
18582,4560,2024-08-06,NetBanking,Delivered
18583,4560,2024-11-14,UPI,Delivered
18584,4560,2024-08-07,UPI,Delivered
18585,4560,2024-04-30,,Returned
18586,4560,2024-09-04,COD,Delivered
18587,4560,2024-12-24,Card,Delivered
18588,4560,2024-08-24,Card,Delivered
18589,4561,2024-12-27,Card,Delivered
18590,4561,2024-09-07,Wallet,Delivered
18591,4562,2024-09-07,UPI,Delivered
18592,4562,2024-02-28,UPI,Delivered
18593,4562,2024-10-13,COD,Delivered
18594,4562,2023-10-12,UPI,Delivered
18595,4562,2023-10-07,UPI,Delivered
18596,4562,2023-12-31,NetBanking,Delivered
18597,4563,2023-11-06,UPI,Delivered
18598,4564,2024-05-22,UPI,Delivered
18599,4564,2023-08-02,UPI,Delivered
18600,4566,2024-03-24,COD,Delivered
18601,4566,2023-07-08,UPI,Delivered
18602,4566,2023-09-22,COD,Delivered
18603,4566,2024-06-01,UPI,Returned
18604,4566,2024-12-22,UPI,Delivered
18605,4566,2024-05-26,COD,Delivered
18606,4566,2024-11-29,UPI,Delivered
18607,4566,2024-12-28,Card,Delivered
18608,4566,2024-08-06,NetBanking,Delivered
18609,4567,2024-05-14,UPI,Cancelled
18610,4567,2024-04-10,Card,Returned
18611,4567,2024-10-29,COD,Delivered
18612,4568,2024-11-17,Card,Delivered
18613,4568,2024-12-17,UPI,Delivered
18614,4568,2024-04-14,UPI,Delivered
18615,4568,2024-01-31,Card,Delivered
18616,4568,2024-11-14,UPI,Delivered
18617,4568,2024-09-11,UPI,Delivered
18618,4568,2024-05-01,UPI,Delivered
18619,4568,2024-08-25,Card,Delivered
18620,4568,2024-12-27,NetBanking,Delivered
18621,4568,2024-12-15,COD,Delivered
18622,4568,2024-05-25,Card,Delivered
18623,4568,2024-10-12,UPI,Delivered
18624,4569,2023-07-03,UPI,Delivered
18625,4570,2024-01-11,UPI,Delivered
18626,4570,2023-10-18,Card,Delivered
18627,4571,2024-08-15,COD,Delivered
18628,4571,2024-07-31,UPI,Delivered
18629,4571,2024-10-30,Card,Delivered
18630,4571,2024-07-27,COD,Cancelled
18631,4571,2024-03-13,Card,Delivered
18632,4571,2024-08-04,Wallet,Delivered
18633,4571,2024-09-27,UPI,Delivered
18634,4571,2024-09-02,COD,Delivered
18635,4571,2024-09-21,UPI,Delivered
18636,4571,2024-06-21,UPI,Delivered
18637,4571,2024-03-28,UPI,Delivered
18638,4571,2024-10-19,UPI,Delivered
18639,4571,2024-01-26,UPI,Delivered
18640,4572,2023-09-05,NetBanking,Delivered
18641,4572,2023-10-25,Card,Delivered
18642,4573,2024-12-03,,Delivered
18643,4573,2024-10-23,,Cancelled
18644,4574,2024-10-25,NetBanking,Delivered
18645,4574,2024-08-17,UPI,Delivered
18646,4574,2024-08-25,UPI,Delivered
18647,4574,2024-06-27,COD,Delivered
18648,4574,2024-11-17,COD,Delivered
18649,4574,2024-10-14,UPI,Delivered
18650,4575,2024-11-09,Card,Delivered
18651,4575,2024-11-15,UPI,Delivered
18652,4575,2024-02-13,NetBanking,Delivered
18653,4575,2024-06-06,COD,Delivered
18654,4575,2024-11-05,Wallet,Delivered
18655,4575,2024-10-07,UPI,Delivered
18656,4575,2024-06-28,UPI,Delivered
18657,4576,2024-12-27,COD,Delivered
18658,4576,2024-07-08,COD,Delivered
18659,4576,2024-11-27,Card,Cancelled
18660,4577,2024-09-08,UPI,Returned
18661,4577,2023-10-06,UPI,Delivered
18662,4577,2023-10-24,Card,Delivered
18663,4577,2024-02-08,UPI,Delivered
18664,4579,2023-12-18,UPI,Delivered
18665,4580,2023-10-11,Card,Delivered
18666,4580,2024-12-05,Card,Delivered
18667,4581,2024-08-16,Card,Delivered
18668,4581,2024-05-31,COD,Delivered
18669,4581,2023-11-21,UPI,Delivered
18670,4581,2023-10-03,Card,Delivered
18671,4581,2023-12-22,Wallet,Delivered
18672,4581,2024-11-01,UPI,Returned
18673,4582,2024-08-02,UPI,Delivered
18674,4582,2024-09-06,UPI,Delivered
18675,4582,2024-07-09,Card,Delivered
18676,4582,2024-11-08,COD,Returned
18677,4582,2024-09-09,Card,Delivered
18678,4582,2024-07-31,COD,Delivered
18679,4582,2024-08-10,Card,Delivered
18680,4582,2024-12-20,Card,Delivered
18681,4582,2024-11-20,COD,Delivered
18682,4582,2024-08-31,UPI,Delivered
18683,4582,2024-11-22,COD,Delivered
18684,4583,2024-09-18,Card,Delivered
18685,4584,2024-05-29,NetBanking,Delivered
18686,4585,2024-10-02,UPI,Delivered
18687,4585,2024-01-17,UPI,Delivered
18688,4586,2024-02-28,,Delivered
18689,4587,2024-11-20,UPI,Delivered
18690,4587,2024-08-06,NetBanking,Delivered
18691,4587,2024-05-14,Card,Delivered
18692,4587,2023-08-30,Card,Delivered
18693,4587,2023-11-01,COD,Delivered
18694,4588,2023-11-28,UPI,Delivered
18695,4588,2024-10-13,UPI,Delivered
18696,4588,2024-10-21,UPI,Delivered
18697,4588,2024-05-25,NetBanking,Delivered
18698,4588,2024-01-02,UPI,Delivered
18699,4588,2024-05-09,UPI,Delivered
18700,4588,2024-08-13,NetBanking,Delivered
18701,4588,2024-10-02,COD,Delivered
18702,4589,2024-02-12,COD,Delivered
18703,4589,2024-04-30,UPI,Delivered
18704,4589,2024-10-20,UPI,Delivered
18705,4589,2024-05-29,UPI,Delivered
18706,4589,2024-09-01,COD,Delivered
18707,4589,2024-12-04,NetBanking,Delivered
18708,4589,2024-10-06,COD,Returned
18709,4589,2024-11-10,NetBanking,Delivered
18710,4589,2024-01-09,Card,Delivered
18711,4590,2024-10-19,UPI,Delivered
18712,4590,2024-03-19,COD,Delivered
18713,4590,2023-08-08,NetBanking,Delivered
18714,4590,2023-07-08,NetBanking,Delivered
18715,4590,2024-05-11,UPI,Delivered
18716,4590,2024-05-24,Wallet,Delivered
18717,4591,2024-12-23,Card,Delivered
18718,4592,2023-04-17,Card,Delivered
18719,4592,2023-11-25,Card,Delivered
18720,4592,2024-08-13,UPI,Delivered
18721,4593,2023-04-30,Card,Delivered
18722,4593,2023-07-13,Card,Returned
18723,4593,2023-02-20,NetBanking,Delivered
18724,4594,2024-10-24,Wallet,Delivered
18725,4594,2024-03-27,UPI,Delivered
18726,4594,2024-12-19,UPI,Delivered
18727,4596,2024-10-15,UPI,Delivered
18728,4596,2023-08-09,UPI,Delivered
18729,4596,2023-09-25,Card,Delivered
18730,4596,2023-10-16,Card,Delivered
18731,4596,2024-07-21,UPI,Delivered
18732,4597,2024-11-27,UPI,Delivered
18733,4597,2024-10-06,COD,Delivered
18734,4597,2024-10-16,COD,Delivered
18735,4597,2024-11-22,COD,Cancelled
18736,4597,2024-12-27,UPI,Delivered
18737,4598,2024-11-07,Card,Delivered
18738,4599,2024-07-29,NetBanking,Delivered
18739,4599,2024-07-06,Wallet,Delivered
18740,4599,2024-06-19,Wallet,Returned
18741,4599,2024-08-31,,Delivered
18742,4599,2024-06-10,Card,Delivered
18743,4600,2024-11-08,NetBanking,Returned
18744,4600,2024-04-27,NetBanking,Delivered
18745,4600,2024-05-14,Card,Delivered
18746,4600,2024-08-13,UPI,Returned
18747,4600,2024-11-11,UPI,Delivered
18748,4600,2024-07-26,COD,Delivered
18749,4600,2024-05-02,Card,Delivered
18750,4601,2024-11-14,Card,Delivered
18751,4601,2024-11-17,UPI,Returned
18752,4601,2024-09-01,UPI,Delivered
18753,4601,2024-11-08,,Delivered
18754,4602,2024-10-01,UPI,Delivered
18755,4602,2024-09-05,COD,Delivered
18756,4602,2024-12-16,Card,Delivered
18757,4602,2024-08-08,UPI,Delivered
18758,4602,2024-12-30,Card,Delivered
18759,4602,2024-07-25,COD,Delivered
18760,4603,2023-11-10,Card,Delivered
18761,4604,2024-10-19,NetBanking,Delivered
18762,4604,2024-04-03,Wallet,Delivered
18763,4604,2024-08-09,COD,Delivered
18764,4604,2024-03-11,COD,Delivered
18765,4604,2024-12-10,UPI,Delivered
18766,4604,2024-03-26,COD,Delivered
18767,4604,2024-12-08,Card,Delivered
18768,4604,2024-06-30,UPI,Delivered
18769,4605,2024-03-01,COD,Delivered
18770,4605,2023-11-11,Card,Delivered
18771,4605,2023-07-07,COD,Delivered
18772,4605,2024-01-02,COD,Returned
18773,4605,2023-12-11,COD,Delivered
18774,4605,2023-09-28,UPI,Cancelled
18775,4605,2023-11-13,UPI,Delivered
18776,4605,2023-05-25,COD,Delivered
18777,4605,2024-12-12,UPI,Delivered
18778,4605,2024-08-08,Wallet,Returned
18779,4606,2024-05-22,Wallet,Delivered
18780,4606,2024-04-20,NetBanking,Returned
18781,4606,2023-10-02,Card,Returned
18782,4606,2024-11-24,NetBanking,Delivered
18783,4606,2024-12-28,UPI,Delivered
18784,4607,2024-12-28,Card,Delivered
18785,4607,2024-03-09,Wallet,Delivered
18786,4607,2024-01-02,UPI,Delivered
18787,4607,2023-09-21,COD,Delivered
18788,4607,2023-06-29,Card,Delivered
18789,4607,2024-08-30,UPI,Delivered
18790,4608,2024-08-20,UPI,Delivered
18791,4608,2024-11-26,UPI,Delivered
18792,4608,2024-10-20,COD,Delivered
18793,4608,2024-12-25,COD,Delivered
18794,4609,2024-10-23,Wallet,Delivered
18795,4609,2024-11-15,COD,Delivered
18796,4610,2024-12-21,COD,Delivered
18797,4610,2024-11-29,Card,Delivered
18798,4610,2024-11-19,UPI,Delivered
18799,4610,2024-02-06,Card,Delivered
18800,4611,2023-08-13,UPI,Delivered
18801,4611,2024-12-14,COD,Delivered
18802,4611,2024-07-02,Card,Delivered
18803,4611,2024-04-26,COD,Delivered
18804,4611,2023-06-08,Wallet,Delivered
18805,4611,2024-09-13,UPI,Delivered
18806,4612,2024-04-25,UPI,Delivered
18807,4613,2024-12-09,UPI,Cancelled
18808,4615,2024-06-02,COD,Delivered
18809,4615,2024-11-08,UPI,Delivered
18810,4615,2024-03-14,UPI,Delivered
18811,4615,2024-02-03,Card,Delivered
18812,4616,2024-09-18,Card,Delivered
18813,4616,2024-11-17,UPI,Delivered
18814,4617,2023-06-17,Card,Delivered
18815,4618,2024-12-13,Card,Delivered
18816,4618,2024-07-31,COD,Delivered
18817,4619,2024-11-22,Card,Delivered
18818,4619,2024-07-28,COD,Delivered
18819,4619,2024-06-30,UPI,Returned
18820,4619,2024-04-14,Card,Delivered
18821,4619,2024-10-04,COD,Delivered
18822,4619,2024-02-10,UPI,Delivered
18823,4620,2024-07-08,UPI,Delivered
18824,4620,2024-06-28,Card,Delivered
18825,4620,2024-09-25,Card,Delivered
18826,4621,2024-01-18,Wallet,Delivered
18827,4621,2024-01-23,COD,Returned
18828,4621,2024-04-29,UPI,Delivered
18829,4621,2024-01-26,UPI,Returned
18830,4621,2024-12-04,UPI,Delivered
18831,4621,2023-12-01,Card,Delivered
18832,4621,2024-03-11,UPI,Cancelled
18833,4621,2024-12-08,UPI,Delivered
18834,4621,2024-11-04,COD,Delivered
18835,4622,2024-07-21,Card,Delivered
18836,4622,2024-11-22,UPI,Delivered
18837,4622,2024-06-27,UPI,Delivered
18838,4623,2024-07-21,UPI,Delivered
18839,4623,2024-12-06,UPI,Delivered
18840,4623,2024-04-19,UPI,Cancelled
18841,4623,2024-12-01,UPI,Delivered
18842,4623,2024-11-23,Card,Delivered
18843,4624,2024-12-09,Card,Delivered
18844,4624,2023-09-17,COD,Delivered
18845,4624,2024-04-20,Card,Delivered
18846,4625,2023-12-03,Card,Delivered
18847,4625,2024-12-04,Card,Delivered
18848,4625,2024-04-13,UPI,Delivered
18849,4625,2023-12-25,UPI,Delivered
18850,4625,2024-11-19,COD,Returned
18851,4625,2024-08-11,UPI,Delivered
18852,4625,2024-11-13,UPI,Delivered
18853,4625,2023-12-13,UPI,Delivered
18854,4625,2024-12-21,,Delivered
18855,4625,2024-11-09,Wallet,Delivered
18856,4626,2024-02-22,Card,Delivered
18857,4626,2024-10-07,UPI,Delivered
18858,4626,2024-09-02,COD,Delivered
18859,4626,2024-12-11,UPI,Returned
18860,4626,2024-12-17,NetBanking,Delivered
18861,4626,2024-05-25,Wallet,Delivered
18862,4626,2023-08-19,Card,Delivered
18863,4627,2024-04-03,UPI,Delivered
18864,4627,2024-02-13,NetBanking,Delivered
18865,4627,2024-07-18,UPI,Delivered
18866,4627,2023-06-26,UPI,Delivered
18867,4627,2023-12-25,COD,Delivered
18868,4627,2024-12-02,COD,Delivered
18869,4627,2024-11-05,UPI,Delivered
18870,4627,2024-11-23,COD,Delivered
18871,4628,2023-08-17,NetBanking,Delivered
18872,4628,2024-07-05,COD,Returned
18873,4628,2024-11-22,UPI,Delivered
18874,4628,2023-04-19,UPI,Delivered
18875,4629,2024-10-14,Wallet,Delivered
18876,4629,2024-07-10,Card,Delivered
18877,4629,2024-08-20,NetBanking,Delivered
18878,4629,2024-09-24,UPI,Delivered
18879,4629,2024-02-17,UPI,Delivered
18880,4630,2024-08-16,UPI,Delivered
18881,4630,2024-02-12,UPI,Delivered
18882,4631,2023-04-06,NetBanking,Delivered
18883,4631,2024-02-13,UPI,Delivered
18884,4632,2024-03-10,COD,Returned
18885,4633,2024-12-23,,Delivered
18886,4633,2024-08-13,Card,Delivered
18887,4633,2024-01-09,Card,Delivered
18888,4633,2024-07-25,Card,Delivered
18889,4633,2024-12-05,UPI,Cancelled
18890,4633,2024-10-26,COD,Delivered
18891,4633,2023-10-03,UPI,Delivered
18892,4635,2024-01-27,,Delivered
18893,4635,2024-05-17,Card,Delivered
18894,4635,2023-09-24,UPI,Delivered
18895,4636,2024-03-20,UPI,Delivered
18896,4636,2024-08-18,Card,Returned
18897,4636,2024-12-17,COD,Delivered
18898,4636,2024-03-19,COD,Delivered
18899,4637,2024-12-02,Card,Delivered
18900,4637,2024-12-01,COD,Delivered
18901,4637,2024-12-22,Card,Delivered
18902,4637,2024-10-07,Card,Delivered
18903,4637,2024-09-03,Card,Delivered
18904,4637,2024-11-21,COD,Delivered
18905,4637,2024-04-18,Wallet,Delivered
18906,4637,2024-11-30,COD,Delivered
18907,4637,2024-06-02,Card,Delivered
18908,4637,2024-08-29,,Delivered
18909,4637,2024-10-23,UPI,Delivered
18910,4638,2023-11-20,UPI,Delivered
18911,4638,2024-10-03,Card,Delivered
18912,4639,2024-06-13,UPI,Delivered
18913,4639,2024-09-19,UPI,Delivered
18914,4640,2024-09-03,UPI,Delivered
18915,4640,2024-12-29,Wallet,Delivered
18916,4640,2024-07-27,UPI,Delivered
18917,4640,2024-06-11,Card,Delivered
18918,4640,2024-08-06,Wallet,Delivered
18919,4640,2024-11-28,UPI,Delivered
18920,4640,2024-12-31,UPI,Delivered
18921,4640,2024-10-21,Card,Delivered
18922,4641,2024-05-14,COD,Delivered
18923,4641,2024-10-10,NetBanking,Delivered
18924,4641,2024-09-21,COD,Delivered
18925,4641,2024-11-08,UPI,Delivered
18926,4641,2024-11-23,UPI,Delivered
18927,4641,2024-06-13,Card,Delivered
18928,4641,2024-05-07,UPI,Delivered
18929,4641,2024-12-13,UPI,Delivered
18930,4641,2024-11-05,COD,Cancelled
18931,4641,2024-07-31,COD,Delivered
18932,4641,2024-09-21,UPI,Delivered
18933,4641,2024-11-21,Card,Delivered
18934,4642,2024-12-09,Wallet,Delivered
18935,4643,2024-06-04,Card,Delivered
18936,4645,2024-09-28,COD,Delivered
18937,4645,2024-10-30,COD,Delivered
18938,4646,2024-11-02,Card,Delivered
18939,4646,2024-05-06,COD,Delivered
18940,4646,2023-09-05,UPI,Delivered
18941,4646,2023-10-01,Card,Delivered
18942,4646,2023-12-11,Card,Returned
18943,4646,2023-10-30,NetBanking,Delivered
18944,4647,2024-06-30,Card,Delivered
18945,4648,2024-03-04,UPI,Delivered
18946,4648,2023-12-24,COD,Returned
18947,4648,2024-10-28,UPI,Delivered
18948,4648,2024-09-28,COD,Delivered
18949,4648,2024-02-18,UPI,Delivered
18950,4648,2024-12-03,UPI,Delivered
18951,4648,2023-11-02,Card,Delivered
18952,4648,2024-05-28,UPI,Delivered
18953,4649,2024-07-20,Card,Delivered
18954,4649,2023-11-24,NetBanking,Delivered
18955,4649,2024-10-31,UPI,Delivered
18956,4651,2023-10-12,Card,Delivered
18957,4651,2024-05-26,COD,Delivered
18958,4652,2024-07-23,UPI,Delivered
18959,4652,2024-09-30,UPI,Delivered
18960,4652,2024-11-20,Card,Delivered
18961,4652,2024-12-27,NetBanking,Delivered
18962,4652,2024-09-27,COD,Delivered
18963,4652,2024-11-25,NetBanking,Returned
18964,4652,2024-08-25,NetBanking,Delivered
18965,4652,2024-09-14,Card,Delivered
18966,4652,2024-08-31,UPI,Delivered
18967,4653,2024-02-10,UPI,Delivered
18968,4653,2024-12-14,COD,Delivered
18969,4653,2024-05-09,COD,Delivered
18970,4653,2024-05-23,UPI,Delivered
18971,4653,2023-09-10,COD,Delivered
18972,4653,2024-04-14,UPI,Delivered
18973,4653,2024-01-06,Card,Delivered
18974,4653,2023-11-20,UPI,Delivered
18975,4654,2024-05-03,COD,Delivered
18976,4654,2023-10-27,COD,Delivered
18977,4654,2023-10-29,COD,Delivered
18978,4654,2023-12-27,UPI,Cancelled
18979,4654,2023-05-09,Card,Returned
18980,4655,2023-11-19,UPI,Delivered
18981,4656,2023-12-24,,Delivered
18982,4656,2024-11-09,UPI,Delivered
18983,4656,2023-07-07,NetBanking,Delivered
18984,4656,2023-06-19,UPI,Delivered
18985,4656,2024-05-10,UPI,Delivered
18986,4656,2023-09-24,Card,Delivered
18987,4657,2024-06-11,UPI,Delivered
18988,4658,2024-10-24,COD,Delivered
18989,4658,2024-03-03,NetBanking,Delivered
18990,4658,2024-08-03,Card,Delivered
18991,4658,2024-12-08,COD,Delivered
18992,4658,2024-07-19,UPI,Delivered
18993,4658,2023-11-17,Card,Delivered
18994,4658,2024-12-20,NetBanking,Delivered
18995,4659,2024-03-09,UPI,Delivered
18996,4660,2024-05-12,Card,Delivered
18997,4660,2023-10-17,COD,Delivered
18998,4660,2024-10-12,Card,Delivered
18999,4660,2024-10-26,UPI,Delivered
19000,4660,2024-11-08,UPI,Delivered
19001,4660,2023-11-22,NetBanking,Delivered
19002,4660,2024-02-16,Card,Delivered
19003,4660,2024-10-17,Card,Delivered
19004,4660,2024-10-06,UPI,Delivered
19005,4660,2024-11-18,Card,Delivered
19006,4660,2024-06-17,Card,Cancelled
19007,4660,2024-01-30,COD,Delivered
19008,4660,2024-04-01,UPI,Delivered
19009,4661,2024-06-16,Card,Delivered
19010,4661,2024-05-07,Wallet,Delivered
19011,4661,2024-08-12,UPI,Delivered
19012,4661,2024-12-18,COD,Delivered
19013,4661,2024-11-21,UPI,Returned
19014,4662,2024-11-11,Card,Delivered
19015,4662,2024-10-05,UPI,Delivered
19016,4662,2024-12-10,COD,Delivered
19017,4664,2024-06-13,Wallet,Delivered
19018,4664,2024-11-14,COD,Delivered
19019,4665,2024-07-31,UPI,Returned
19020,4665,2023-11-26,COD,Delivered
19021,4665,2023-11-23,UPI,Delivered
19022,4665,2023-09-08,COD,Delivered
19023,4665,2024-12-08,UPI,Delivered
19024,4666,2024-09-30,COD,Delivered
19025,4666,2024-10-27,NetBanking,Delivered
19026,4666,2024-11-05,COD,Delivered
19027,4666,2024-04-03,UPI,Returned
19028,4666,2024-11-30,UPI,Returned
19029,4666,2024-10-30,UPI,Delivered
19030,4666,2024-11-12,UPI,Delivered
19031,4667,2023-09-30,Card,Delivered
19032,4669,2024-08-23,UPI,Delivered
19033,4671,2024-07-28,COD,Delivered
19034,4671,2024-09-05,Card,Delivered
19035,4671,2023-04-23,Card,Delivered
19036,4671,2024-11-14,Card,Delivered
19037,4671,2023-12-26,UPI,Delivered
19038,4671,2024-09-01,Card,Delivered
19039,4673,2024-04-24,Card,Delivered
19040,4674,2024-07-28,Card,Delivered
19041,4674,2024-12-04,Card,Delivered
19042,4676,2024-10-15,UPI,Delivered
19043,4676,2024-12-07,UPI,Delivered
19044,4676,2024-09-29,Card,Delivered
19045,4678,2024-08-01,UPI,Delivered
19046,4678,2024-10-30,UPI,Delivered
19047,4679,2024-08-21,,Returned
19048,4679,2024-06-05,Card,Delivered
19049,4679,2024-09-13,UPI,Delivered
19050,4679,2024-09-29,Card,Delivered
19051,4679,2024-06-18,NetBanking,Delivered
19052,4679,2023-12-23,NetBanking,Delivered
19053,4679,2024-12-04,Card,Delivered
19054,4679,2024-12-20,NetBanking,Delivered
19055,4679,2024-04-21,COD,Delivered
19056,4681,2024-11-03,UPI,Delivered
19057,4681,2024-08-01,UPI,Delivered
19058,4681,2024-10-10,UPI,Delivered
19059,4683,2024-03-11,UPI,Delivered
19060,4683,2024-01-22,Card,Delivered
19061,4684,2024-01-02,Card,Delivered
19062,4684,2023-08-06,UPI,Delivered
19063,4684,2023-11-19,Card,Delivered
19064,4684,2023-07-22,UPI,Delivered
19065,4684,2023-04-23,UPI,Delivered
19066,4684,2024-11-10,UPI,Delivered
19067,4684,2024-04-01,UPI,Delivered
19068,4685,2024-10-01,COD,Delivered
19069,4685,2024-11-25,UPI,Cancelled
19070,4687,2024-07-23,Wallet,Delivered
19071,4687,2024-12-03,NetBanking,Delivered
19072,4687,2024-08-05,UPI,Delivered
19073,4687,2024-10-12,COD,Delivered
19074,4688,2023-10-24,COD,Cancelled
19075,4688,2023-07-02,Card,Delivered
19076,4688,2024-10-07,UPI,Delivered
19077,4688,2024-02-20,Card,Delivered
19078,4688,2024-12-25,NetBanking,Delivered
19079,4688,2023-12-13,UPI,Delivered
19080,4688,2023-12-19,NetBanking,Delivered
19081,4688,2024-05-09,COD,Delivered
19082,4689,2023-03-27,UPI,Delivered
19083,4689,2023-01-13,Card,Delivered
19084,4690,2024-11-15,UPI,Delivered
19085,4690,2024-11-18,COD,Delivered
19086,4691,2023-11-23,UPI,Delivered
19087,4691,2024-10-08,UPI,Delivered
19088,4692,2024-07-29,UPI,Delivered
19089,4692,2023-08-27,Wallet,Delivered
19090,4692,2023-03-07,,Delivered
19091,4692,2023-07-21,Card,Delivered
19092,4692,2023-05-05,UPI,Delivered
19093,4692,2023-06-25,Card,Delivered
19094,4692,2024-02-15,UPI,Delivered
19095,4692,2024-02-18,COD,Delivered
19096,4692,2023-12-13,UPI,Delivered
19097,4692,2024-08-10,Wallet,Delivered
19098,4692,2023-02-19,Card,Delivered
19099,4693,2024-08-12,NetBanking,Delivered
19100,4693,2024-08-22,UPI,Delivered
19101,4693,2024-12-01,UPI,Delivered
19102,4693,2024-11-01,,Cancelled
19103,4693,2024-11-13,Card,Delivered
19104,4693,2024-09-14,COD,Delivered
19105,4693,2024-12-17,UPI,Delivered
19106,4694,2024-12-26,COD,Delivered
19107,4694,2024-12-19,Card,Delivered
19108,4694,2024-12-16,Wallet,Delivered
19109,4694,2024-10-10,COD,Delivered
19110,4694,2024-12-28,UPI,Delivered
19111,4694,2024-08-07,UPI,Delivered
19112,4694,2024-06-12,Card,Delivered
19113,4695,2024-06-29,Card,Delivered
19114,4695,2024-08-05,NetBanking,Delivered
19115,4695,2024-04-08,UPI,Delivered
19116,4695,2024-10-24,Card,Delivered
19117,4696,2024-10-03,Wallet,Delivered
19118,4696,2024-06-21,UPI,Delivered
19119,4696,2024-12-09,UPI,Delivered
19120,4698,2024-10-23,UPI,Delivered
19121,4698,2023-04-23,UPI,Cancelled
19122,4699,2023-06-12,UPI,Delivered
19123,4700,2024-02-11,COD,Delivered
19124,4700,2024-07-03,Card,Delivered
19125,4700,2024-10-21,UPI,Delivered
19126,4700,2024-05-17,UPI,Delivered
19127,4700,2024-05-26,Card,Cancelled
19128,4700,2024-12-09,Card,Delivered
19129,4700,2023-11-17,UPI,Delivered
19130,4700,2024-02-08,UPI,Delivered
19131,4700,2024-06-05,UPI,Delivered
19132,4700,2023-08-28,UPI,Delivered
19133,4700,2023-11-05,COD,Delivered
19134,4701,2024-12-25,UPI,Delivered
19135,4701,2024-12-30,UPI,Delivered
19136,4701,2024-10-26,UPI,Returned
19137,4704,2024-06-12,COD,Delivered
19138,4704,2024-10-23,COD,Delivered
19139,4704,2024-09-28,COD,Delivered
19140,4704,2024-10-10,Card,Delivered
19141,4705,2024-09-13,Card,Delivered
19142,4705,2024-12-28,Wallet,Delivered
19143,4705,2024-03-08,UPI,Delivered
19144,4706,2024-12-21,Card,Delivered
19145,4707,2024-09-24,COD,Delivered
19146,4707,2024-10-17,Card,Delivered
19147,4707,2023-09-26,Wallet,Delivered
19148,4707,2024-05-12,COD,Delivered
19149,4707,2024-11-22,Card,Delivered
19150,4707,2023-10-24,UPI,Delivered
19151,4707,2024-02-17,NetBanking,Delivered
19152,4707,2023-10-29,UPI,Delivered
19153,4707,2024-05-12,COD,Delivered
19154,4707,2024-05-31,UPI,Delivered
19155,4708,2024-10-24,Card,Delivered
19156,4710,2024-07-18,Card,Delivered
19157,4710,2024-11-19,Card,Delivered
19158,4710,2024-12-28,Card,Delivered
19159,4710,2024-10-15,COD,Returned
19160,4710,2023-09-25,Card,Delivered
19161,4710,2024-06-09,Card,Delivered
19162,4710,2024-08-21,Card,Delivered
19163,4710,2023-12-26,Card,Delivered
19164,4710,2024-08-16,COD,Delivered
19165,4710,2024-11-24,Card,Delivered
19166,4711,2023-07-09,Card,Delivered
19167,4711,2024-06-14,UPI,Delivered
19168,4711,2024-12-20,UPI,Delivered
19169,4711,2023-12-12,COD,Delivered
19170,4711,2024-06-16,COD,Delivered
19171,4711,2024-08-23,UPI,Delivered
19172,4712,2024-12-26,UPI,Cancelled
19173,4712,2024-08-10,COD,Delivered
19174,4712,2024-05-18,NetBanking,Delivered
19175,4712,2024-12-21,COD,Delivered
19176,4712,2024-11-21,UPI,Delivered
19177,4712,2024-07-01,Card,Delivered
19178,4712,2024-09-18,NetBanking,Delivered
19179,4712,2024-09-26,UPI,Returned
19180,4712,2024-11-30,UPI,Returned
19181,4712,2024-09-15,NetBanking,Delivered
19182,4712,2024-08-04,Card,Delivered
19183,4713,2024-10-31,Card,Delivered
19184,4714,2024-04-19,UPI,Delivered
19185,4714,2023-11-23,COD,Delivered
19186,4714,2024-06-14,Card,Delivered
19187,4715,2024-12-04,UPI,Delivered
19188,4715,2024-09-16,COD,Delivered
19189,4715,2023-07-16,NetBanking,Cancelled
19190,4716,2024-07-29,NetBanking,Delivered
19191,4716,2024-01-19,UPI,Delivered
19192,4716,2024-04-11,UPI,Delivered
19193,4716,2024-01-09,Card,Delivered
19194,4716,2024-04-21,Card,Delivered
19195,4716,2024-12-25,NetBanking,Delivered
19196,4716,2024-05-01,Card,Delivered
19197,4716,2024-10-23,COD,Delivered
19198,4717,2024-11-21,COD,Delivered
19199,4717,2024-11-17,Card,Delivered
19200,4717,2024-07-04,UPI,Delivered
19201,4719,2024-07-26,Card,Delivered
19202,4719,2023-11-09,Card,Delivered
19203,4719,2024-06-08,UPI,Delivered
19204,4720,2023-08-03,UPI,Delivered
19205,4721,2023-11-08,UPI,Delivered
19206,4721,2024-08-04,UPI,Delivered
19207,4721,2024-05-20,UPI,Delivered
19208,4721,2024-05-06,COD,Delivered
19209,4721,2024-12-04,Card,Delivered
19210,4721,2024-02-20,NetBanking,Delivered
19211,4721,2024-08-05,UPI,Delivered
19212,4721,2024-11-05,Wallet,Delivered
19213,4721,2024-05-29,Card,Delivered
19214,4721,2024-10-13,COD,Cancelled
19215,4722,2024-10-15,UPI,Delivered
19216,4722,2024-10-04,UPI,Delivered
19217,4723,2024-11-09,UPI,Delivered
19218,4723,2024-12-30,UPI,Delivered
19219,4723,2024-08-14,UPI,Delivered
19220,4724,2023-10-27,UPI,Delivered
19221,4724,2023-06-05,NetBanking,Delivered
19222,4724,2024-11-14,COD,Returned
19223,4724,2023-08-19,UPI,Delivered
19224,4724,2024-08-24,UPI,Delivered
19225,4724,2024-04-24,UPI,Delivered
19226,4724,2024-08-24,NetBanking,Delivered
19227,4724,2024-06-06,Card,Delivered
19228,4724,2023-09-18,NetBanking,Delivered
19229,4724,2024-01-13,Card,Delivered
19230,4724,2023-06-21,Card,Returned
19231,4725,2024-08-07,UPI,Delivered
19232,4725,2024-07-16,UPI,Returned
19233,4725,2024-05-24,Card,Delivered
19234,4725,2024-11-04,Card,Delivered
19235,4725,2023-07-14,NetBanking,Delivered
19236,4726,2024-11-11,COD,Delivered
19237,4726,2024-12-29,UPI,Returned
19238,4726,2024-04-02,Card,Delivered
19239,4726,2024-12-28,UPI,Delivered
19240,4726,2024-05-06,COD,Delivered
19241,4726,2023-09-24,UPI,Delivered
19242,4727,2024-07-28,Card,Delivered
19243,4728,2024-10-04,UPI,Delivered
19244,4728,2024-12-05,COD,Delivered
19245,4728,2024-07-07,COD,Delivered
19246,4729,2023-08-08,UPI,Delivered
19247,4730,2024-09-20,UPI,Delivered
19248,4730,2024-12-05,UPI,Delivered
19249,4731,2024-10-22,Wallet,Delivered
19250,4731,2024-09-25,NetBanking,Delivered
19251,4731,2024-10-22,Card,Delivered
19252,4731,2024-07-20,COD,Returned
19253,4731,2024-11-26,UPI,Delivered
19254,4731,2024-09-14,,Delivered
19255,4733,2024-08-26,COD,Delivered
19256,4733,2024-06-05,NetBanking,Delivered
19257,4734,2024-01-24,UPI,Delivered
19258,4734,2023-07-06,COD,Delivered
19259,4734,2024-09-03,UPI,Delivered
19260,4737,2023-08-31,UPI,Delivered
19261,4737,2023-06-13,COD,Delivered
19262,4737,2024-09-11,Card,Delivered
19263,4738,2024-05-31,COD,Delivered
19264,4738,2024-05-27,UPI,Delivered
19265,4738,2023-10-25,COD,Delivered
19266,4739,2023-09-23,COD,Delivered
19267,4739,2024-03-02,UPI,Delivered
19268,4739,2023-12-06,UPI,Delivered
19269,4739,2024-10-12,UPI,Returned
19270,4739,2023-10-23,UPI,Delivered
19271,4739,2023-09-27,UPI,Delivered
19272,4739,2023-08-19,Card,Delivered
19273,4740,2024-11-13,UPI,Delivered
19274,4740,2023-11-25,Wallet,Returned
19275,4740,2024-09-05,NetBanking,Delivered
19276,4740,2024-02-24,Card,Delivered
19277,4740,2024-07-19,NetBanking,Delivered
19278,4740,2024-10-20,Wallet,Delivered
19279,4741,2023-12-23,Card,Delivered
19280,4741,2024-09-22,UPI,Delivered
19281,4741,2023-12-10,NetBanking,Delivered
19282,4741,2023-10-23,UPI,Delivered
19283,4742,2024-08-30,UPI,Delivered
19284,4742,2023-10-26,Card,Delivered
19285,4742,2023-11-05,UPI,Delivered
19286,4742,2023-10-11,UPI,Delivered
19287,4742,2024-07-23,Card,Delivered
19288,4742,2024-08-08,UPI,Delivered
19289,4743,2024-12-12,NetBanking,Returned
19290,4743,2024-06-23,NetBanking,Delivered
19291,4743,2024-02-14,Card,Delivered
19292,4743,2023-11-15,UPI,Delivered
19293,4743,2024-03-04,UPI,Delivered
19294,4743,2023-11-03,Card,Delivered
19295,4744,2024-04-20,UPI,Delivered
19296,4744,2024-06-19,UPI,Delivered
19297,4744,2024-12-23,UPI,Delivered
19298,4746,2024-03-14,Card,Returned
19299,4746,2024-10-25,NetBanking,Delivered
19300,4746,2023-09-16,NetBanking,Delivered
19301,4746,2024-07-03,UPI,Delivered
19302,4746,2023-12-07,UPI,Delivered
19303,4746,2023-07-23,COD,Delivered
19304,4746,2023-11-04,UPI,Delivered
19305,4747,2024-07-21,Card,Delivered
19306,4748,2023-11-28,COD,Delivered
19307,4748,2023-11-06,UPI,Delivered
19308,4748,2023-10-11,Card,Delivered
19309,4748,2024-07-06,Card,Delivered
19310,4748,2023-06-04,UPI,Delivered
19311,4748,2024-11-17,Card,Returned
19312,4749,2024-10-22,COD,Delivered
19313,4749,2024-07-12,COD,Delivered
19314,4749,2024-09-28,Card,Delivered
19315,4750,2024-11-27,UPI,Delivered
19316,4750,2023-09-25,Card,Delivered
19317,4750,2024-01-04,COD,Delivered
19318,4751,2024-06-16,Card,Delivered
19319,4751,2023-12-01,UPI,Delivered
19320,4751,2024-12-20,,Delivered
19321,4751,2024-03-02,UPI,Delivered
19322,4751,2023-05-22,Wallet,Delivered
19323,4751,2024-12-13,UPI,Delivered
19324,4751,2024-12-23,UPI,Delivered
19325,4751,2024-12-27,Card,Delivered
19326,4751,2023-09-27,COD,Delivered
19327,4752,2023-08-11,COD,Delivered
19328,4752,2024-11-07,UPI,Delivered
19329,4753,2024-05-28,Card,Delivered
19330,4753,2024-08-03,COD,Delivered
19331,4753,2024-05-24,COD,Delivered
19332,4754,2024-08-07,Card,Returned
19333,4754,2024-06-12,UPI,Delivered
19334,4754,2024-04-27,Card,Delivered
19335,4754,2024-05-04,Card,Delivered
19336,4754,2024-08-23,UPI,Delivered
19337,4754,2024-04-15,NetBanking,Delivered
19338,4755,2023-06-30,UPI,Delivered
19339,4755,2023-05-24,UPI,Delivered
19340,4755,2023-12-20,UPI,Delivered
19341,4755,2024-11-01,UPI,Delivered
19342,4755,2024-07-30,COD,Delivered
19343,4755,2023-11-04,COD,Delivered
19344,4755,2024-11-28,UPI,Delivered
19345,4755,2024-06-24,NetBanking,Delivered
19346,4755,2024-10-18,Card,Delivered
19347,4755,2024-10-11,Card,Delivered
19348,4755,2024-05-29,UPI,Delivered
19349,4756,2024-12-12,NetBanking,Delivered
19350,4757,2024-07-07,Card,Delivered
19351,4758,2023-09-01,UPI,Delivered
19352,4758,2023-11-25,Card,Delivered
19353,4758,2023-04-14,UPI,Delivered
19354,4758,2024-01-21,UPI,Delivered
19355,4758,2024-11-05,UPI,Delivered
19356,4759,2024-10-03,Card,Delivered
19357,4759,2024-12-07,COD,Cancelled
19358,4759,2024-11-03,COD,Delivered
19359,4760,2024-02-25,COD,Delivered
19360,4762,2024-08-10,UPI,Cancelled
19361,4762,2024-06-10,UPI,Delivered
19362,4762,2024-07-14,Card,Delivered
19363,4762,2024-06-15,NetBanking,Returned
19364,4763,2023-05-24,Card,Delivered
19365,4763,2023-11-23,UPI,Delivered
19366,4764,2023-05-30,UPI,Delivered
19367,4764,2024-12-27,UPI,Cancelled
19368,4764,2024-12-19,UPI,Delivered
19369,4765,2023-10-23,Card,Delivered
19370,4765,2023-09-14,,Delivered
19371,4766,2024-01-01,UPI,Delivered
19372,4766,2023-04-30,Card,Delivered
19373,4766,2024-05-28,UPI,Delivered
19374,4766,2023-07-20,UPI,Delivered
19375,4767,2024-08-04,Wallet,Delivered
19376,4767,2024-05-09,COD,Delivered
19377,4767,2024-11-06,COD,Delivered
19378,4767,2024-06-30,UPI,Delivered
19379,4767,2024-02-17,Wallet,Delivered
19380,4768,2024-10-25,Card,Delivered
19381,4770,2023-06-04,UPI,Returned
19382,4770,2024-05-13,UPI,Cancelled
19383,4770,2024-09-12,UPI,Delivered
19384,4770,2023-12-03,UPI,Delivered
19385,4771,2023-09-13,UPI,Delivered
19386,4771,2024-02-08,UPI,Delivered
19387,4771,2023-11-14,UPI,Delivered
19388,4771,2023-07-10,UPI,Delivered
19389,4772,2024-08-10,UPI,Delivered
19390,4772,2024-12-02,NetBanking,Delivered
19391,4773,2024-10-01,UPI,Delivered
19392,4773,2023-09-04,COD,Delivered
19393,4773,2024-06-05,,Delivered
19394,4773,2024-10-01,Card,Delivered
19395,4773,2023-12-28,Card,Delivered
19396,4773,2024-11-20,Card,Delivered
19397,4773,2023-09-11,NetBanking,Returned
19398,4774,2024-09-02,Wallet,Delivered
19399,4774,2024-12-09,COD,Returned
19400,4774,2024-09-13,NetBanking,Delivered
19401,4776,2023-02-18,COD,Delivered
19402,4776,2024-03-14,COD,Cancelled
19403,4776,2023-06-16,UPI,Delivered
19404,4776,2024-07-13,Card,Delivered
19405,4777,2024-12-27,UPI,Delivered
19406,4777,2024-01-18,COD,Delivered
19407,4777,2024-07-06,UPI,Delivered
19408,4777,2024-08-05,COD,Delivered
19409,4777,2024-05-13,UPI,Delivered
19410,4777,2024-11-24,UPI,Delivered
19411,4777,2023-12-10,NetBanking,Delivered
19412,4777,2024-09-05,Card,Delivered
19413,4778,2024-11-08,UPI,Delivered
19414,4778,2024-04-03,Card,Delivered
19415,4779,2023-09-30,UPI,Delivered
19416,4780,2024-11-14,UPI,Delivered
19417,4780,2023-10-25,UPI,Cancelled
19418,4780,2023-11-14,Wallet,Delivered
19419,4780,2023-06-28,COD,Delivered
19420,4780,2023-05-25,COD,Delivered
19421,4780,2023-03-27,Card,Delivered
19422,4781,2024-05-15,Card,Delivered
19423,4782,2024-05-23,UPI,Delivered
19424,4783,2024-01-22,Card,Delivered
19425,4783,2024-12-22,Card,Delivered
19426,4783,2024-06-14,COD,Delivered
19427,4784,2024-09-11,NetBanking,Delivered
19428,4784,2024-03-01,COD,Delivered
19429,4784,2024-11-17,Wallet,Delivered
19430,4784,2024-10-18,NetBanking,Delivered
19431,4785,2024-09-19,UPI,Returned
19432,4786,2024-10-24,,Delivered
19433,4786,2023-12-09,UPI,Delivered
19434,4786,2024-08-15,UPI,Delivered
19435,4786,2024-08-25,COD,Delivered
19436,4786,2024-01-14,Card,Delivered
19437,4786,2023-11-07,UPI,Delivered
19438,4786,2024-09-18,Card,Delivered
19439,4786,2023-12-08,Card,Delivered
19440,4786,2023-12-16,UPI,Delivered
19441,4786,2024-07-14,UPI,Delivered
19442,4787,2024-09-21,Card,Delivered
19443,4787,2024-09-13,UPI,Delivered
19444,4787,2024-09-28,UPI,Delivered
19445,4787,2024-11-08,COD,Cancelled
19446,4787,2024-06-29,NetBanking,Delivered
19447,4787,2024-11-27,UPI,Delivered
19448,4787,2024-08-14,Wallet,Delivered
19449,4788,2023-06-22,Card,Delivered
19450,4788,2023-06-18,COD,Delivered
19451,4788,2023-03-06,COD,Delivered
19452,4788,2024-09-11,COD,Delivered
19453,4788,2023-10-09,UPI,Returned
19454,4788,2023-11-21,UPI,Delivered
19455,4788,2024-10-21,UPI,Delivered
19456,4788,2024-11-15,UPI,Delivered
19457,4788,2024-02-16,Card,Returned
19458,4788,2023-04-05,Card,Delivered
19459,4788,2023-12-07,COD,Delivered
19460,4788,2024-11-14,Wallet,Delivered
19461,4788,2024-11-08,UPI,Delivered
19462,4788,2023-10-02,UPI,Returned
19463,4788,2024-12-14,UPI,Delivered
19464,4788,2023-10-02,COD,Delivered
19465,4788,2024-09-23,UPI,Delivered
19466,4788,2024-11-25,UPI,Delivered
19467,4789,2024-12-23,Card,Delivered
19468,4789,2024-08-30,UPI,Delivered
19469,4789,2023-06-24,NetBanking,Delivered
19470,4789,2023-10-02,Wallet,Delivered
19471,4789,2023-08-22,COD,Delivered
19472,4790,2024-08-28,Card,Delivered
19473,4791,2023-06-16,Card,Delivered
19474,4792,2024-10-01,UPI,Delivered
19475,4792,2024-12-26,COD,Delivered
19476,4792,2024-06-30,UPI,Delivered
19477,4792,2024-12-18,Card,Delivered
19478,4793,2024-12-23,UPI,Delivered
19479,4793,2024-12-29,COD,Delivered
19480,4794,2024-04-12,Card,Delivered
19481,4795,2024-03-04,UPI,Delivered
19482,4795,2024-02-03,UPI,Delivered
19483,4795,2023-10-12,UPI,Delivered
19484,4796,2024-11-04,Wallet,Delivered
19485,4796,2023-06-25,UPI,Delivered
19486,4796,2023-04-17,Card,Delivered
19487,4797,2023-11-01,UPI,Delivered
19488,4797,2023-12-25,COD,Delivered
19489,4797,2024-12-17,COD,Delivered
19490,4797,2024-12-06,NetBanking,Delivered
19491,4798,2024-01-29,Card,Delivered
19492,4798,2024-08-29,Card,Delivered
19493,4798,2023-04-10,UPI,Delivered
19494,4798,2023-12-15,COD,Delivered
19495,4801,2024-06-25,Wallet,Delivered
19496,4801,2023-12-26,UPI,Delivered
19497,4802,2024-05-20,COD,Delivered
19498,4802,2023-12-17,COD,Delivered
19499,4805,2024-12-24,COD,Delivered
19500,4806,2024-10-02,Card,Delivered
19501,4806,2024-08-01,Card,Delivered
19502,4806,2024-06-18,Card,Delivered
19503,4806,2024-12-08,UPI,Delivered
19504,4807,2023-11-22,Wallet,Delivered
19505,4807,2024-10-01,UPI,Delivered
19506,4807,2024-12-18,UPI,Delivered
19507,4807,2024-12-07,Card,Delivered
19508,4808,2024-05-15,Card,Delivered
19509,4809,2023-12-16,UPI,Delivered
19510,4810,2024-08-13,Card,Delivered
19511,4810,2024-03-15,COD,Returned
19512,4811,2023-11-28,Card,Delivered
19513,4812,2024-04-09,Card,Delivered
19514,4812,2024-08-31,UPI,Delivered
19515,4812,2024-03-27,NetBanking,Delivered
19516,4812,2024-11-01,Wallet,Delivered
19517,4812,2024-09-12,Card,Delivered
19518,4812,2024-10-13,Card,Delivered
19519,4812,2023-06-27,COD,Delivered
19520,4812,2024-05-03,NetBanking,Delivered
19521,4813,2024-07-09,UPI,Delivered
19522,4813,2024-05-31,Card,Returned
19523,4814,2023-11-30,Card,Delivered
19524,4814,2024-05-26,UPI,Delivered
19525,4814,2023-12-29,Card,Delivered
19526,4815,2024-06-09,NetBanking,Delivered
19527,4815,2024-02-29,UPI,Delivered
19528,4815,2024-02-15,UPI,Delivered
19529,4816,2024-10-24,Card,Delivered
19530,4816,2024-08-29,UPI,Delivered
19531,4816,2024-03-21,UPI,Cancelled
19532,4816,2024-01-18,NetBanking,Delivered
19533,4816,2024-08-07,Card,Delivered
19534,4816,2023-07-29,UPI,Delivered
19535,4816,2024-07-25,Card,Delivered
19536,4816,2024-01-26,UPI,Returned
19537,4817,2024-06-08,UPI,Delivered
19538,4817,2024-11-01,Card,Delivered
19539,4817,2024-04-19,UPI,Delivered
19540,4817,2024-12-01,NetBanking,Delivered
19541,4817,2024-12-30,UPI,Returned
19542,4817,2024-07-27,UPI,Delivered
19543,4817,2024-05-27,COD,Delivered
19544,4818,2024-01-22,NetBanking,Delivered
19545,4818,2024-12-26,UPI,Returned
19546,4818,2023-08-27,Card,Delivered
19547,4818,2024-09-23,COD,Delivered
19548,4818,2023-09-21,NetBanking,Delivered
19549,4818,2024-05-13,UPI,Cancelled
19550,4818,2024-03-12,Wallet,Delivered
19551,4820,2024-10-28,UPI,Delivered
19552,4820,2024-10-20,COD,Delivered
19553,4820,2024-11-06,UPI,Delivered
19554,4821,2024-11-29,Card,Delivered
19555,4821,2024-11-19,UPI,Delivered
19556,4821,2023-11-27,UPI,Returned
19557,4821,2024-07-30,UPI,Delivered
19558,4821,2024-11-28,COD,Delivered
19559,4821,2024-09-03,UPI,Delivered
19560,4821,2024-06-20,,Delivered
19561,4821,2024-11-29,UPI,Delivered
19562,4821,2024-10-15,UPI,Delivered
19563,4822,2024-11-19,UPI,Delivered
19564,4822,2024-11-23,Wallet,Delivered
19565,4822,2024-03-08,Card,Delivered
19566,4822,2024-10-22,Card,Delivered
19567,4822,2024-04-20,Wallet,Delivered
19568,4823,2024-07-04,Card,Delivered
19569,4823,2024-10-07,UPI,Delivered
19570,4823,2024-12-30,UPI,Delivered
19571,4823,2024-12-17,UPI,Delivered
19572,4824,2024-12-23,Card,Delivered
19573,4824,2024-10-23,UPI,Delivered
19574,4825,2023-10-23,NetBanking,Returned
19575,4825,2024-09-13,Card,Delivered
19576,4825,2023-09-29,NetBanking,Delivered
19577,4825,2024-08-22,COD,Delivered
19578,4826,2024-07-01,Card,Delivered
19579,4826,2024-01-07,COD,Returned
19580,4826,2023-11-25,COD,Delivered
19581,4826,2024-02-20,Card,Delivered
19582,4826,2024-05-17,COD,Delivered
19583,4826,2024-11-28,NetBanking,Delivered
19584,4826,2024-12-12,COD,Delivered
19585,4828,2023-12-31,COD,Delivered
19586,4829,2024-10-10,COD,Delivered
19587,4829,2024-07-03,UPI,Delivered
19588,4829,2024-12-01,UPI,Cancelled
19589,4829,2024-10-19,Card,Delivered
19590,4829,2024-10-31,UPI,Cancelled
19591,4829,2024-11-06,COD,Delivered
19592,4829,2024-06-13,COD,Delivered
19593,4829,2024-09-19,UPI,Delivered
19594,4829,2024-11-19,COD,Delivered
19595,4829,2024-09-02,UPI,Delivered
19596,4829,2024-11-09,UPI,Delivered
19597,4829,2024-08-27,UPI,Delivered
19598,4829,2024-11-22,UPI,Delivered
19599,4829,2024-11-29,NetBanking,Delivered
19600,4829,2024-11-27,Card,Delivered
19601,4829,2024-10-27,UPI,Delivered
19602,4830,2024-11-21,Wallet,Returned
19603,4830,2023-12-23,Card,Delivered
19604,4830,2023-10-22,Card,Delivered
19605,4830,2023-10-21,COD,Delivered
19606,4831,2024-06-07,COD,Delivered
19607,4831,2024-02-12,Card,Delivered
19608,4831,2023-10-01,Card,Delivered
19609,4831,2024-04-04,UPI,Delivered
19610,4831,2024-07-18,UPI,Delivered
19611,4831,2024-01-25,UPI,Delivered
19612,4831,2024-06-24,Card,Delivered
19613,4831,2024-08-18,NetBanking,Delivered
19614,4832,2023-12-19,UPI,Delivered
19615,4832,2024-04-26,NetBanking,Returned
19616,4832,2023-10-16,UPI,Delivered
19617,4833,2024-11-05,COD,Delivered
19618,4833,2024-10-29,UPI,Delivered
19619,4833,2024-02-06,Card,Delivered
19620,4834,2023-09-28,COD,Delivered
19621,4835,2024-07-28,NetBanking,Delivered
19622,4835,2024-07-22,UPI,Delivered
19623,4835,2024-09-10,COD,Cancelled
19624,4835,2024-06-18,Wallet,Returned
19625,4836,2024-10-21,UPI,Delivered
19626,4836,2024-05-20,UPI,Delivered
19627,4836,2024-04-09,Card,Delivered
19628,4837,2024-06-11,UPI,Delivered
19629,4838,2023-06-09,UPI,Delivered
19630,4838,2023-12-21,Card,Delivered
19631,4838,2024-12-13,UPI,Delivered
19632,4839,2024-08-30,UPI,Delivered
19633,4839,2024-06-30,NetBanking,Cancelled
19634,4840,2024-12-14,UPI,Delivered
19635,4840,2024-09-18,Card,Delivered
19636,4841,2024-12-18,COD,Delivered
19637,4841,2024-02-17,Card,Delivered
19638,4842,2023-05-29,Card,Delivered
19639,4842,2023-04-02,COD,Delivered
19640,4842,2023-08-24,UPI,Delivered
19641,4842,2024-12-21,Card,Delivered
19642,4842,2023-07-23,UPI,Delivered
19643,4842,2024-11-20,UPI,Delivered
19644,4842,2023-10-11,UPI,Delivered
19645,4843,2023-09-08,UPI,Delivered
19646,4843,2024-01-07,Card,Delivered
19647,4843,2023-10-30,NetBanking,Delivered
19648,4843,2023-05-04,UPI,Delivered
19649,4843,2023-09-18,Card,Delivered
19650,4843,2024-10-06,Card,Delivered
19651,4844,2023-06-12,UPI,Delivered
19652,4844,2023-11-05,Card,Delivered
19653,4846,2024-09-15,NetBanking,Delivered
19654,4846,2024-06-06,UPI,Returned
19655,4846,2024-12-11,Card,Delivered
19656,4847,2024-06-07,Card,Delivered
19657,4847,2024-06-16,COD,Delivered
19658,4847,2024-11-23,Card,Delivered
19659,4847,2024-12-21,UPI,Delivered
19660,4847,2024-08-09,UPI,Delivered
19661,4847,2024-12-16,UPI,Returned
19662,4847,2024-04-04,UPI,Delivered
19663,4847,2024-08-09,UPI,Delivered
19664,4847,2024-05-07,UPI,Delivered
19665,4848,2024-02-03,UPI,Returned
19666,4848,2024-02-07,UPI,Delivered
19667,4849,2024-04-25,UPI,Delivered
19668,4849,2023-05-21,UPI,Delivered
19669,4849,2023-08-03,Card,Delivered
19670,4850,2024-10-28,UPI,Delivered
19671,4851,2024-08-10,COD,Delivered
19672,4852,2024-07-01,UPI,Delivered
19673,4852,2024-09-18,COD,Delivered
19674,4852,2024-08-17,UPI,Delivered
19675,4852,2024-12-13,Wallet,Delivered
19676,4853,2023-11-10,COD,Delivered
19677,4853,2024-11-30,NetBanking,Delivered
19678,4853,2023-10-08,UPI,Delivered
19679,4853,2023-06-07,Card,Delivered
19680,4853,2023-12-29,UPI,Delivered
19681,4853,2023-10-28,UPI,Delivered
19682,4853,2024-12-26,Wallet,Delivered
19683,4854,2024-02-17,UPI,Delivered
19684,4854,2024-10-23,Card,Cancelled
19685,4854,2023-04-04,Card,Delivered
19686,4854,2024-11-09,UPI,Delivered
19687,4854,2024-07-12,UPI,Delivered
19688,4854,2023-10-15,NetBanking,Delivered
19689,4854,2023-11-20,COD,Delivered
19690,4857,2024-05-02,Wallet,Delivered
19691,4857,2024-06-07,Card,Delivered
19692,4857,2024-04-15,UPI,Delivered
19693,4857,2024-04-30,Card,Delivered
19694,4857,2024-12-05,UPI,Delivered
19695,4857,2024-11-15,NetBanking,Delivered
19696,4858,2024-07-25,UPI,Delivered
19697,4858,2024-10-18,Card,Delivered
19698,4858,2024-12-31,NetBanking,Delivered
19699,4858,2023-12-17,UPI,Delivered
19700,4858,2024-07-28,COD,Delivered
19701,4858,2024-09-28,Card,Delivered
19702,4858,2024-06-05,Card,Delivered
19703,4858,2024-08-20,,Delivered
19704,4858,2023-12-25,COD,Delivered
19705,4859,2024-12-14,UPI,Delivered
19706,4859,2024-08-08,COD,Delivered
19707,4859,2024-12-09,Card,Delivered
19708,4859,2024-03-18,UPI,Returned
19709,4859,2024-06-13,Card,Delivered
19710,4860,2024-03-07,COD,Delivered
19711,4860,2024-04-07,UPI,Delivered
19712,4860,2024-06-21,COD,Delivered
19713,4860,2024-04-07,Wallet,Delivered
19714,4860,2024-04-11,COD,Delivered
19715,4862,2024-11-12,UPI,Delivered
19716,4862,2024-10-18,UPI,Returned
19717,4862,2024-08-16,NetBanking,Delivered
19718,4862,2024-10-06,UPI,Delivered
19719,4862,2024-12-20,UPI,Delivered
19720,4862,2024-09-26,UPI,Delivered
19721,4863,2024-10-31,COD,Cancelled
19722,4863,2024-12-24,UPI,Delivered
19723,4863,2024-11-24,Card,Delivered
19724,4863,2024-08-20,Card,Delivered
19725,4863,2024-11-21,Wallet,Delivered
19726,4863,2024-09-17,Card,Delivered
19727,4865,2024-12-19,Wallet,Delivered
19728,4865,2024-09-10,UPI,Delivered
19729,4865,2024-06-04,NetBanking,Delivered
19730,4865,2024-11-10,UPI,Delivered
19731,4866,2024-07-07,UPI,Delivered
19732,4866,2024-05-19,Wallet,Delivered
19733,4866,2024-08-23,Card,Delivered
19734,4866,2024-07-10,UPI,Delivered
19735,4867,2024-06-17,COD,Delivered
19736,4867,2024-12-06,COD,Delivered
19737,4868,2024-12-03,Card,Returned
19738,4868,2024-09-25,COD,Delivered
19739,4868,2024-10-08,Card,Delivered
19740,4870,2024-04-10,NetBanking,Delivered
19741,4870,2024-11-16,NetBanking,Returned
19742,4870,2024-03-01,Card,Delivered
19743,4870,2024-04-06,COD,Delivered
19744,4870,2024-11-01,UPI,Delivered
19745,4870,2024-08-25,COD,Delivered
19746,4871,2024-12-31,Wallet,Delivered
19747,4871,2024-12-30,Card,Returned
19748,4871,2023-11-13,Card,Delivered
19749,4871,2023-09-16,COD,Delivered
19750,4872,2024-09-04,UPI,Delivered
19751,4873,2024-08-16,UPI,Delivered
19752,4873,2024-04-18,NetBanking,Delivered
19753,4873,2024-08-16,UPI,Delivered
19754,4874,2024-10-12,COD,Delivered
19755,4874,2024-08-31,UPI,Delivered
19756,4874,2024-01-29,UPI,Returned
19757,4874,2023-12-17,UPI,Delivered
19758,4874,2024-10-10,COD,Delivered
19759,4874,2024-09-03,UPI,Delivered
19760,4874,2024-07-29,UPI,Delivered
19761,4874,2023-11-19,COD,Delivered
19762,4874,2024-08-26,Wallet,Delivered
19763,4874,2024-10-23,COD,Delivered
19764,4874,2024-06-12,Card,Delivered
19765,4874,2023-11-28,UPI,Delivered
19766,4874,2024-03-19,COD,Delivered
19767,4874,2024-01-15,UPI,Delivered
19768,4874,2024-08-26,UPI,Delivered
19769,4874,2023-12-22,COD,Delivered
19770,4875,2023-12-07,NetBanking,Delivered
19771,4875,2023-08-25,NetBanking,Cancelled
19772,4875,2024-10-02,,Delivered
19773,4877,2023-11-17,NetBanking,Delivered
19774,4877,2024-04-07,UPI,Delivered
19775,4877,2024-10-21,UPI,Delivered
19776,4877,2023-11-06,Card,Delivered
19777,4878,2024-10-02,COD,Cancelled
19778,4878,2024-08-18,UPI,Delivered
19779,4878,2023-10-17,Card,Delivered
19780,4879,2024-12-04,UPI,Delivered
19781,4879,2024-12-18,NetBanking,Delivered
19782,4879,2024-09-19,Card,Delivered
19783,4879,2024-09-20,NetBanking,Delivered
19784,4879,2024-06-02,Card,Delivered
19785,4879,2024-12-12,COD,Returned
19786,4879,2024-11-10,Wallet,Delivered
19787,4880,2024-12-09,Card,Delivered
19788,4881,2024-12-17,UPI,Delivered
19789,4881,2024-11-15,UPI,Delivered
19790,4881,2024-06-25,UPI,Delivered
19791,4882,2024-12-28,UPI,Delivered
19792,4882,2024-12-15,NetBanking,Delivered
19793,4882,2024-11-14,Card,Delivered
19794,4882,2024-12-08,Card,Delivered
19795,4882,2024-11-13,UPI,Delivered
19796,4882,2024-11-03,NetBanking,Delivered
19797,4883,2023-11-30,UPI,Cancelled
19798,4883,2024-08-21,Card,Delivered
19799,4884,2023-08-28,NetBanking,Delivered
19800,4884,2023-04-25,UPI,Delivered
19801,4884,2024-05-07,COD,Delivered
19802,4885,2024-01-29,COD,Delivered
19803,4885,2023-11-25,Card,Delivered
19804,4885,2024-10-25,UPI,Delivered
19805,4885,2023-02-13,COD,Cancelled
19806,4885,2023-08-19,NetBanking,Delivered
19807,4885,2024-06-18,UPI,Returned
19808,4885,2024-06-12,UPI,Delivered
19809,4885,2023-03-16,UPI,Delivered
19810,4886,2023-05-11,Wallet,Delivered
19811,4886,2023-07-11,Card,Delivered
19812,4886,2024-03-03,Card,Delivered
19813,4886,2024-12-21,UPI,Delivered
19814,4886,2023-05-14,UPI,Delivered
19815,4886,2024-05-04,Card,Delivered
19816,4887,2024-02-25,UPI,Delivered
19817,4887,2024-10-22,Card,Delivered
19818,4887,2024-10-02,UPI,Delivered
19819,4890,2024-01-18,COD,Delivered
19820,4890,2024-11-13,UPI,Returned
19821,4890,2023-12-21,Wallet,Delivered
19822,4890,2024-10-28,Wallet,Returned
19823,4890,2023-10-02,UPI,Delivered
19824,4890,2024-05-10,Card,Delivered
19825,4890,2024-09-26,UPI,Delivered
19826,4891,2024-10-04,Card,Delivered
19827,4891,2024-06-21,Card,Delivered
19828,4891,2024-11-01,COD,Delivered
19829,4891,2024-09-14,Card,Delivered
19830,4891,2024-08-28,UPI,Delivered
19831,4891,2024-11-30,Card,Delivered
19832,4892,2024-10-11,NetBanking,Delivered
19833,4892,2024-09-14,UPI,Delivered
19834,4892,2024-10-29,UPI,Delivered
19835,4892,2024-10-21,UPI,Delivered
19836,4892,2024-07-02,COD,Delivered
19837,4893,2023-06-19,Wallet,Cancelled
19838,4893,2023-07-09,UPI,Delivered
19839,4893,2023-07-23,UPI,Delivered
19840,4894,2024-06-23,NetBanking,Delivered
19841,4894,2023-03-18,COD,Delivered
19842,4894,2023-10-05,UPI,Delivered
19843,4896,2023-09-18,COD,Delivered
19844,4897,2024-09-05,UPI,Delivered
19845,4898,2024-05-06,COD,Delivered
19846,4898,2024-03-28,UPI,Delivered
19847,4898,2024-03-24,Card,Delivered
19848,4898,2024-10-20,Card,Delivered
19849,4901,2024-12-15,Card,Delivered
19850,4901,2024-03-28,Card,Delivered
19851,4901,2023-10-03,Wallet,Delivered
19852,4902,2024-06-07,Card,Returned
19853,4902,2024-10-28,UPI,Delivered
19854,4903,2024-06-18,,Delivered
19855,4903,2024-05-24,UPI,Delivered
19856,4903,2024-11-19,COD,Delivered
19857,4903,2024-09-22,UPI,Delivered
19858,4903,2024-10-16,UPI,Delivered
19859,4903,2024-12-03,Wallet,Delivered
19860,4904,2024-08-13,COD,Delivered
19861,4904,2024-08-28,UPI,Delivered
19862,4904,2024-12-09,Card,Delivered
19863,4904,2024-06-21,Card,Delivered
19864,4904,2024-10-07,Card,Delivered
19865,4904,2024-03-15,Wallet,Delivered
19866,4905,2024-01-26,COD,Delivered
19867,4905,2024-03-14,Card,Delivered
19868,4906,2024-01-26,UPI,Delivered
19869,4907,2024-03-14,UPI,Delivered
19870,4907,2023-11-01,Card,Delivered
19871,4907,2024-01-23,UPI,Delivered
19872,4907,2024-11-20,Wallet,Delivered
19873,4907,2023-11-18,Card,Delivered
19874,4907,2023-12-29,UPI,Delivered
19875,4907,2024-03-28,UPI,Delivered
19876,4907,2023-11-12,UPI,Delivered
19877,4907,2024-12-16,Card,Delivered
19878,4907,2023-08-15,Card,Delivered
19879,4907,2023-08-27,Card,Delivered
19880,4908,2024-04-20,Card,Delivered
19881,4909,2024-09-15,COD,Delivered
19882,4909,2024-03-23,UPI,Delivered
19883,4909,2024-10-13,UPI,Delivered
19884,4910,2024-08-02,UPI,Delivered
19885,4910,2024-04-23,COD,Returned
19886,4911,2024-10-29,Card,Delivered
19887,4911,2024-11-10,UPI,Delivered
19888,4912,2024-12-22,Card,Returned
19889,4912,2024-09-28,UPI,Cancelled
19890,4912,2024-01-10,UPI,Delivered
19891,4912,2024-02-25,COD,Delivered
19892,4912,2024-05-23,Card,Delivered
19893,4912,2023-10-25,Card,Delivered
19894,4912,2024-11-23,Card,Delivered
19895,4912,2023-11-12,COD,Delivered
19896,4912,2023-12-13,COD,Delivered
19897,4913,2024-06-27,Card,Delivered
19898,4913,2023-08-29,Card,Returned
19899,4914,2024-05-14,Card,Delivered
19900,4914,2024-12-10,UPI,Delivered
19901,4914,2024-02-12,COD,Delivered
19902,4914,2024-07-30,UPI,Delivered
19903,4914,2024-01-09,UPI,Delivered
19904,4914,2024-01-09,Wallet,Delivered
19905,4914,2023-12-12,Card,Delivered
19906,4914,2024-04-10,Card,Delivered
19907,4914,2024-11-01,COD,Delivered
19908,4915,2024-04-27,UPI,Delivered
19909,4915,2024-11-13,UPI,Delivered
19910,4915,2024-08-19,COD,Delivered
19911,4915,2024-10-25,Card,Delivered
19912,4915,2024-08-11,Card,Delivered
19913,4915,2024-11-07,UPI,Delivered
19914,4915,2024-12-01,COD,Delivered
19915,4915,2024-08-16,UPI,Delivered
19916,4915,2024-07-11,Card,Returned
19917,4915,2024-10-26,Card,Delivered
19918,4916,2024-12-21,Card,Delivered
19919,4917,2023-12-14,Card,Delivered
19920,4919,2024-10-15,Wallet,Returned
19921,4919,2024-10-09,Wallet,Delivered
19922,4920,2024-07-31,UPI,Delivered
19923,4920,2024-10-11,NetBanking,Delivered
19924,4920,2024-07-14,Card,Delivered
19925,4920,2024-12-21,Card,Delivered
19926,4920,2023-10-21,COD,Delivered
19927,4921,2024-06-28,Card,Delivered
19928,4921,2024-12-30,COD,Delivered
19929,4921,2024-11-12,Card,Cancelled
19930,4921,2024-07-10,COD,Delivered
19931,4922,2024-06-02,Card,Delivered
19932,4922,2024-12-17,UPI,Delivered
19933,4923,2023-11-01,Card,Delivered
19934,4923,2023-11-16,COD,Delivered
19935,4924,2024-07-13,,Delivered
19936,4924,2024-04-08,COD,Cancelled
19937,4925,2023-09-21,Wallet,Delivered
19938,4925,2023-11-26,Card,Returned
19939,4925,2023-11-10,UPI,Delivered
19940,4925,2023-09-11,UPI,Delivered
19941,4925,2024-08-19,UPI,Delivered
19942,4925,2024-07-02,UPI,Delivered
19943,4925,2024-11-07,UPI,Delivered
19944,4925,2024-08-13,UPI,Delivered
19945,4925,2024-10-13,Card,Delivered
19946,4925,2023-09-23,NetBanking,Delivered
19947,4925,2023-08-10,Card,Cancelled
19948,4925,2023-12-31,Card,Delivered
19949,4926,2024-12-01,Card,Returned
19950,4926,2024-07-29,Wallet,Delivered
19951,4927,2024-12-22,UPI,Delivered
19952,4928,2023-12-06,Wallet,Delivered
19953,4928,2023-11-23,COD,Returned
19954,4928,2023-11-28,Card,Delivered
19955,4928,2024-01-13,COD,Delivered
19956,4929,2023-10-04,Wallet,Delivered
19957,4931,2024-01-24,NetBanking,Delivered
19958,4931,2024-06-20,Card,Delivered
19959,4931,2024-12-01,NetBanking,Delivered
19960,4931,2024-12-16,COD,Cancelled
19961,4931,2023-05-30,UPI,Delivered
19962,4931,2024-10-27,UPI,Delivered
19963,4932,2024-09-29,UPI,Delivered
19964,4932,2024-12-21,Card,Delivered
19965,4932,2024-02-24,NetBanking,Delivered
19966,4932,2024-02-07,UPI,Delivered
19967,4933,2024-05-31,UPI,Delivered
19968,4933,2024-10-09,COD,Delivered
19969,4933,2024-11-05,UPI,Delivered
19970,4934,2024-06-08,Card,Delivered
19971,4934,2024-05-24,UPI,Delivered
19972,4934,2024-04-12,UPI,Cancelled
19973,4934,2024-08-08,UPI,Delivered
19974,4934,2024-10-19,Card,Delivered
19975,4934,2024-09-14,UPI,Delivered
19976,4934,2024-04-21,UPI,Delivered
19977,4934,2024-12-30,UPI,Delivered
19978,4934,2024-07-28,NetBanking,Delivered
19979,4934,2024-03-23,Card,Delivered
19980,4935,2024-02-25,UPI,Delivered
19981,4935,2024-04-19,Card,Delivered
19982,4935,2023-10-14,COD,Delivered
19983,4935,2024-08-09,NetBanking,Cancelled
19984,4936,2024-11-30,Wallet,Delivered
19985,4937,2024-10-25,,Delivered
19986,4937,2024-12-07,Card,Delivered
19987,4937,2024-08-27,COD,Delivered
19988,4937,2024-11-30,UPI,Delivered
19989,4938,2024-03-19,COD,Delivered
19990,4939,2024-09-09,UPI,Delivered
19991,4939,2024-08-11,COD,Delivered
19992,4939,2023-11-14,Card,Returned
19993,4940,2023-10-05,UPI,Delivered
19994,4940,2024-10-21,COD,Delivered
19995,4940,2024-02-28,NetBanking,Delivered
19996,4940,2024-11-06,Card,Delivered
19997,4941,2024-03-27,COD,Delivered
19998,4942,2023-09-02,COD,Delivered
19999,4942,2023-11-19,UPI,Delivered
20000,4942,2023-09-19,Card,Delivered
20001,4942,2024-08-28,Wallet,Delivered
20002,4942,2023-10-02,UPI,Cancelled
20003,4944,2024-12-17,Card,Delivered
20004,4944,2024-10-12,UPI,Delivered
20005,4944,2024-12-12,UPI,Cancelled
20006,4944,2024-04-19,UPI,Delivered
20007,4944,2024-10-03,UPI,Delivered
20008,4944,2024-10-29,NetBanking,Delivered
20009,4944,2024-07-30,UPI,Returned
20010,4944,2024-05-20,UPI,Returned
20011,4945,2023-10-19,Wallet,Returned
20012,4945,2024-06-15,UPI,Delivered
20013,4945,2024-02-28,,Delivered
20014,4945,2024-11-23,Wallet,Delivered
20015,4945,2023-09-07,NetBanking,Delivered
20016,4945,2024-07-18,NetBanking,Delivered
20017,4945,2024-07-09,Wallet,Delivered
20018,4945,2024-08-14,UPI,Delivered
20019,4945,2024-05-14,,Delivered
20020,4945,2024-11-03,Card,Returned
20021,4946,2024-09-02,UPI,Delivered
20022,4947,2024-11-08,NetBanking,Delivered
20023,4947,2024-10-12,UPI,Delivered
20024,4947,2024-12-28,UPI,Delivered
20025,4947,2023-10-04,UPI,Delivered
20026,4947,2024-10-28,UPI,Delivered
20027,4948,2024-01-29,Card,Delivered
20028,4949,2024-04-27,UPI,Delivered
20029,4949,2023-12-26,COD,Delivered
20030,4949,2023-07-06,NetBanking,Delivered
20031,4949,2023-07-26,UPI,Delivered
20032,4949,2024-01-21,Card,Returned
20033,4949,2024-12-04,NetBanking,Delivered
20034,4950,2023-08-05,UPI,Delivered
20035,4950,2024-03-28,UPI,Delivered
20036,4950,2024-06-09,UPI,Delivered
20037,4950,2023-09-04,UPI,Delivered
20038,4950,2024-10-06,UPI,Delivered
20039,4951,2024-04-27,NetBanking,Delivered
20040,4951,2023-11-29,UPI,Delivered
20041,4951,2023-10-31,UPI,Delivered
20042,4952,2024-07-26,UPI,Delivered
20043,4952,2023-12-29,UPI,Delivered
20044,4952,2023-02-06,UPI,Delivered
20045,4952,2024-01-05,UPI,Delivered
20046,4952,2024-10-13,Card,Delivered
20047,4952,2024-12-07,Card,Delivered
20048,4952,2023-12-21,UPI,Delivered
20049,4952,2023-12-11,Wallet,Delivered
20050,4952,2023-10-19,Wallet,Delivered
20051,4952,2023-11-06,Card,Delivered
20052,4952,2023-12-26,UPI,Delivered
20053,4952,2023-04-08,,Delivered
20054,4952,2024-05-20,UPI,Delivered
20055,4952,2023-10-26,Card,Delivered
20056,4952,2024-05-30,COD,Delivered
20057,4952,2024-05-09,COD,Delivered
20058,4952,2024-11-02,Card,Delivered
20059,4953,2024-03-01,Card,Delivered
20060,4953,2024-09-16,Wallet,Delivered
20061,4953,2024-12-09,Card,Delivered
20062,4954,2024-01-30,COD,Delivered
20063,4955,2023-10-13,UPI,Delivered
20064,4955,2024-10-06,Card,Delivered
20065,4955,2023-09-11,UPI,Delivered
20066,4955,2024-08-14,UPI,Delivered
20067,4955,2024-11-11,Card,Returned
20068,4955,2024-03-05,COD,Delivered
20069,4955,2024-10-01,UPI,Delivered
20070,4955,2024-11-05,UPI,Delivered
20071,4955,2023-12-01,UPI,Delivered
20072,4955,2023-11-19,UPI,Delivered
20073,4955,2024-05-06,UPI,Delivered
20074,4956,2024-10-04,COD,Delivered
20075,4956,2024-07-15,COD,Delivered
20076,4956,2024-09-19,UPI,Delivered
20077,4956,2023-08-12,Card,Delivered
20078,4957,2024-06-27,Card,Delivered
20079,4957,2023-09-05,UPI,Delivered
20080,4957,2024-10-03,Card,Delivered
20081,4957,2024-02-29,COD,Delivered
20082,4957,2023-07-23,COD,Delivered
20083,4957,2024-08-23,UPI,Delivered
20084,4959,2024-07-11,UPI,Delivered
20085,4959,2024-09-24,NetBanking,Delivered
20086,4959,2024-10-19,NetBanking,Returned
20087,4960,2024-07-31,UPI,Delivered
20088,4961,2023-11-07,UPI,Delivered
20089,4961,2023-08-08,COD,Delivered
20090,4961,2023-11-10,UPI,Returned
20091,4963,2024-08-25,COD,Delivered
20092,4963,2024-06-19,UPI,Delivered
20093,4963,2024-11-24,Card,Delivered
20094,4964,2023-09-03,UPI,Delivered
20095,4964,2023-09-19,Card,Delivered
20096,4964,2024-07-05,COD,Delivered
20097,4964,2023-07-06,NetBanking,Delivered
20098,4964,2023-09-20,UPI,Delivered
20099,4964,2023-05-12,UPI,Delivered
20100,4964,2024-04-07,Wallet,Delivered
20101,4964,2024-05-30,Card,Delivered
20102,4965,2024-12-08,NetBanking,Delivered
20103,4966,2023-05-03,COD,Delivered
20104,4966,2023-10-20,Card,Delivered
20105,4966,2024-10-21,UPI,Delivered
20106,4966,2024-12-03,UPI,Delivered
20107,4966,2024-03-25,COD,Delivered
20108,4967,2024-01-16,COD,Delivered
20109,4967,2024-10-14,UPI,Delivered
20110,4967,2024-02-07,Card,Delivered
20111,4967,2023-10-05,UPI,Delivered
20112,4967,2024-09-30,UPI,Delivered
20113,4967,2023-06-05,UPI,Delivered
20114,4967,2023-11-30,UPI,Returned
20115,4967,2024-07-19,UPI,Delivered
20116,4967,2023-08-23,COD,Delivered
20117,4967,2024-10-18,NetBanking,Delivered
20118,4967,2023-12-18,,Delivered
20119,4967,2023-12-10,UPI,Delivered
20120,4967,2024-12-05,NetBanking,Delivered
20121,4968,2023-12-07,UPI,Delivered
20122,4969,2023-12-25,Card,Delivered
20123,4969,2024-04-30,Card,Delivered
20124,4969,2023-10-04,Card,Delivered
20125,4969,2023-04-03,UPI,Delivered
20126,4970,2024-11-10,UPI,Delivered
20127,4970,2024-06-02,UPI,Delivered
20128,4970,2024-11-16,COD,Delivered
20129,4970,2024-12-29,Wallet,Delivered
20130,4970,2024-05-02,UPI,Cancelled
20131,4970,2024-04-14,COD,Delivered
20132,4971,2024-07-28,NetBanking,Delivered
20133,4971,2024-10-11,UPI,Returned
20134,4971,2024-10-26,Card,Delivered
20135,4971,2024-05-19,UPI,Delivered
20136,4971,2024-05-27,UPI,Delivered
20137,4972,2023-08-16,Card,Delivered
20138,4972,2023-12-07,UPI,Delivered
20139,4972,2024-11-23,NetBanking,Delivered
20140,4972,2024-08-21,Wallet,Delivered
20141,4972,2023-10-16,UPI,Delivered
20142,4972,2023-12-30,UPI,Delivered
20143,4972,2024-06-20,UPI,Delivered
20144,4972,2023-10-19,Card,Delivered
20145,4972,2024-06-19,UPI,Delivered
20146,4972,2023-09-08,Card,Delivered
20147,4972,2024-09-06,Card,Delivered
20148,4974,2024-10-08,UPI,Delivered
20149,4974,2024-03-02,COD,Delivered
20150,4974,2024-10-11,UPI,Delivered
20151,4974,2024-03-22,COD,Delivered
20152,4975,2024-10-10,COD,Delivered
20153,4975,2024-08-24,UPI,Delivered
20154,4975,2024-05-04,Card,Delivered
20155,4975,2024-10-09,NetBanking,Delivered
20156,4975,2024-10-06,UPI,Delivered
20157,4975,2024-03-14,Card,Delivered
20158,4975,2024-07-23,UPI,Delivered
20159,4975,2024-10-31,Card,Returned
20160,4975,2024-05-12,COD,Delivered
20161,4975,2024-11-25,COD,Returned
20162,4976,2024-11-16,NetBanking,Delivered
20163,4976,2024-10-21,COD,Delivered
20164,4976,2024-03-16,NetBanking,Delivered
20165,4976,2024-10-18,UPI,Delivered
20166,4976,2024-10-13,COD,Delivered
20167,4976,2024-03-12,COD,Delivered
20168,4976,2024-06-24,UPI,Delivered
20169,4976,2024-08-23,UPI,Delivered
20170,4976,2024-10-09,UPI,Delivered
20171,4977,2023-12-30,Card,Delivered
20172,4977,2024-08-26,Card,Cancelled
20173,4977,2024-06-30,NetBanking,Delivered
20174,4977,2024-12-12,UPI,Cancelled
20175,4978,2023-11-22,Card,Delivered
20176,4978,2023-04-02,UPI,Delivered
20177,4978,2023-06-22,NetBanking,Delivered
20178,4978,2023-05-02,UPI,Delivered
20179,4978,2023-09-11,UPI,Cancelled
20180,4978,2024-07-05,UPI,Returned
20181,4978,2023-06-25,UPI,Delivered
20182,4978,2023-11-23,UPI,Delivered
20183,4978,2024-04-02,UPI,Delivered
20184,4979,2024-05-13,UPI,Returned
20185,4979,2024-06-24,Card,Delivered
20186,4979,2024-06-15,UPI,Delivered
20187,4979,2024-06-10,Card,Delivered
20188,4979,2024-09-05,UPI,Delivered
20189,4979,2024-11-08,UPI,Delivered
20190,4979,2024-09-19,COD,Delivered
20191,4979,2024-10-09,Wallet,Delivered
20192,4979,2024-08-18,UPI,Delivered
20193,4979,2024-10-28,Card,Delivered
20194,4980,2024-11-24,,Returned
20195,4980,2024-11-23,UPI,Delivered
20196,4980,2024-01-22,UPI,Delivered
20197,4980,2023-12-30,Card,Delivered
20198,4980,2024-11-25,UPI,Delivered
20199,4980,2024-03-25,Card,Delivered
20200,4980,2024-11-11,UPI,Delivered
20201,4981,2024-09-30,COD,Delivered
20202,4981,2024-11-06,COD,Delivered
20203,4982,2024-12-21,UPI,Delivered
20204,4983,2023-10-09,Card,Delivered
20205,4983,2024-08-17,UPI,Delivered
20206,4983,2024-12-24,UPI,Delivered
20207,4984,2024-08-21,UPI,Delivered
20208,4984,2024-02-18,UPI,Returned
20209,4984,2024-01-24,NetBanking,Delivered
20210,4984,2023-11-04,COD,Delivered
20211,4984,2024-10-28,Card,Delivered
20212,4985,2024-08-12,UPI,Delivered
20213,4985,2024-06-13,NetBanking,Delivered
20214,4985,2024-01-31,UPI,Returned
20215,4985,2023-09-07,UPI,Delivered
20216,4985,2024-09-12,NetBanking,Delivered
20217,4986,2024-05-18,Card,Delivered
20218,4986,2024-11-24,COD,Delivered
20219,4986,2023-11-29,Wallet,Returned
20220,4986,2023-05-15,UPI,Delivered
20221,4987,2024-07-21,UPI,Delivered
20222,4987,2024-08-24,UPI,Delivered
20223,4987,2024-11-13,UPI,Delivered
20224,4987,2024-12-01,COD,Delivered
20225,4987,2024-11-02,UPI,Delivered
20226,4988,2024-10-28,UPI,Delivered
20227,4989,2024-10-29,COD,Delivered
20228,4989,2024-09-12,Wallet,Delivered
20229,4989,2024-05-25,COD,Delivered
20230,4990,2024-10-18,UPI,Delivered
20231,4990,2024-06-21,UPI,Delivered
20232,4990,2024-07-28,COD,Delivered
20233,4993,2024-07-22,COD,Delivered
20234,4993,2024-08-14,UPI,Delivered
20235,4993,2024-09-13,NetBanking,Delivered
20236,4994,2023-11-02,Card,Delivered
20237,4994,2024-07-14,Card,Delivered
20238,4994,2024-01-13,UPI,Returned
20239,4995,2024-03-05,UPI,Delivered
20240,4995,2024-03-26,Card,Delivered
20241,4995,2024-10-19,Card,Delivered
20242,4995,2024-09-03,UPI,Delivered
20243,4995,2024-01-23,UPI,Delivered
20244,4995,2024-11-23,NetBanking,Delivered
20245,4995,2024-12-28,NetBanking,Delivered
20246,4995,2024-07-22,UPI,Delivered
20247,4995,2023-12-20,UPI,Delivered
20248,4995,2024-07-29,COD,Delivered
20249,4997,2024-12-05,Card,Delivered
20250,4997,2024-09-26,UPI,Delivered
20251,4997,2024-09-13,UPI,Delivered
20252,4997,2024-06-16,Wallet,Delivered
20253,4997,2024-12-21,UPI,Delivered
20254,4997,2024-10-19,COD,Delivered
20255,4997,2024-03-22,UPI,Cancelled
20256,4997,2024-02-28,UPI,Delivered
20257,4997,2024-09-29,COD,Delivered
20258,4997,2024-05-24,Wallet,Delivered
20259,4997,2024-03-24,COD,Delivered
20260,4998,2024-05-05,Card,Delivered
20261,4999,2024-05-30,,Delivered
20262,4999,2024-07-19,UPI,Delivered
20263,4999,2024-09-28,UPI,Delivered
20264,4999,2024-05-14,NetBanking,Delivered
20265,5000,2024-12-27,Card,Delivered
20266,5000,2024-10-12,Card,Delivered
1853,460,2024-02-02,COD,Delivered
5475,1321,2024-11-01,COD,Delivered
14914,3627,2024-12-09,Card,Delivered
3340,832,2024-10-30,Card,Delivered
12677,3092,2024-04-15,UPI,Delivered
1175,291,2024-08-04,NetBanking,Delivered
5445,1315,2024-06-14,Card,Delivered
18837,4622,2024-06-27,UPI,Delivered
388,106,2024-12-19,UPI,Delivered
9141,2223,2023-11-26,Wallet,Delivered
19508,4808,2024-05-15,Card,Delivered
14133,3436,2024-12-07,Card,Returned
3313,828,2024-09-07,Wallet,Delivered
18767,4604,2024-12-08,Card,Delivered
16883,4140,2024-08-30,COD,Delivered
4183,1033,2024-12-20,UPI,Delivered
8067,1959,2024-03-04,NetBanking,Delivered
10209,2485,2024-08-22,UPI,Delivered
17900,4383,2023-11-08,NetBanking,Delivered
4414,1083,2024-08-19,UPI,Delivered
10183,2482,2024-12-22,COD,Delivered
15176,3707,2023-06-26,Card,Delivered
11301,2758,2024-09-07,,Delivered
3362,834,2024-12-17,UPI,Delivered
2138,530,2024-11-03,Card,Delivered
3149,786,2024-08-11,UPI,Delivered
7297,1763,2024-10-18,UPI,Delivered
14091,3427,2024-10-31,COD,Delivered
12151,2959,2024-10-22,UPI,Delivered
1893,473,2023-11-24,Card,Delivered
4519,1112,2024-03-30,NetBanking,Delivered
10356,2520,2024-11-27,NetBanking,Delivered
456,122,2024-05-25,Card,Delivered
6531,1561,2024-11-13,UPI,Delivered
13228,3216,2024-12-23,Wallet,Delivered
13130,3198,2024-09-11,UPI,Delivered
742,187,2023-07-18,UPI,Delivered
8724,2129,2024-09-26,COD,Delivered
12172,2964,2024-06-14,Card,Delivered
2815,694,2024-11-18,UPI,Delivered
3273,818,2023-03-10,UPI,Delivered
5086,1230,2024-06-09,UPI,Delivered
18446,4522,2024-11-18,UPI,Delivered
944,246,2023-07-21,Card,Delivered
6883,1646,2023-12-11,COD,Returned
4138,1025,2024-10-12,Card,Returned
6075,1456,2024-09-04,UPI,Delivered
9486,2308,2023-05-23,UPI,Delivered
17413,4259,2024-03-02,Card,Delivered
14005,3408,2024-08-18,UPI,Delivered
16774,4111,2024-10-22,UPI,Delivered
15377,3772,2024-11-06,Card,Delivered
11737,2870,2023-10-17,UPI,Delivered
4210,1038,2024-05-22,UPI,Delivered
1481,375,2024-08-31,UPI,Delivered
12771,3114,2024-06-30,COD,Delivered
17526,4288,2024-05-31,Card,Delivered
2460,601,2024-06-17,UPI,Delivered
13404,3266,2024-12-31,Card,Delivered
11941,2916,2024-08-13,NetBanking,Delivered
6874,1645,2023-11-27,UPI,Delivered
3088,762,2023-12-28,UPI,Returned
19527,4815,2024-02-29,UPI,Delivered
8025,1952,2024-11-22,Card,Delivered
10483,2552,2024-03-28,NetBanking,Returned
6741,1610,2024-06-15,UPI,Returned
20143,4972,2024-06-20,UPI,Delivered
14277,3472,2024-08-22,COD,Delivered
18057,4429,2024-12-20,Card,Delivered
517,132,2024-11-03,UPI,Delivered
5440,1314,2024-12-06,UPI,Delivered
860,219,2024-05-05,UPI,Delivered
4601,1134,2024-06-02,UPI,Delivered
14973,3648,2024-04-07,UPI,Delivered
9941,2426,2024-12-23,COD,Delivered
3939,965,2024-10-19,Wallet,Delivered
16906,4148,2024-09-27,COD,Delivered
7368,1780,2024-02-22,UPI,Delivered
11006,2686,2024-06-11,Card,Delivered
8036,1954,2024-04-24,COD,Delivered
19098,4692,2023-02-19,Card,Delivered
14966,3647,2024-10-12,COD,Delivered
5697,1369,2024-06-29,COD,Delivered
17575,4301,2024-11-19,UPI,Delivered
2466,602,2024-08-19,COD,Cancelled
4837,1181,2024-01-21,Card,Delivered
5920,1418,2024-03-12,Card,Delivered
19096,4692,2023-12-13,UPI,Delivered
17482,4274,2024-08-05,Card,Delivered
5314,1279,2024-10-18,UPI,Returned
14945,3642,2024-07-27,UPI,Delivered
6668,1596,2023-07-09,Card,Delivered
18857,4626,2024-10-07,UPI,Delivered
5013,1210,2024-09-29,UPI,Delivered
18270,4469,2024-11-15,,Delivered
10452,2545,2024-11-27,Card,Delivered
5619,1348,2024-05-26,UPI,Delivered
20184,4979,2024-05-13,UPI,Returned
5596,1341,2023-12-02,UPI,Cancelled
5932,1422,2024-10-31,UPI,Delivered
18526,4544,2024-06-13,Card,Delivered
14672,3556,2024-05-15,Card,Cancelled
11491,2811,2024-07-19,UPI,Delivered
2001,504,2024-08-12,COD,Delivered
8998,2198,2024-09-28,COD,Delivered
15716,3859,2024-03-03,UPI,Delivered
2435,595,2024-09-17,UPI,Delivered
7206,1732,2024-09-09,Card,Delivered
3673,902,2024-12-01,COD,Delivered
17331,4239,2024-04-25,COD,Delivered
2183,540,2023-05-02,UPI,Delivered
1391,350,2024-12-21,COD,Delivered
12122,2952,2023-11-19,UPI,Delivered
5618,1348,2024-11-18,Card,Returned
301,85,2024-02-24,UPI,Delivered
3502,862,2024-11-21,UPI,Delivered
247,70,2024-10-02,Card,Delivered
344,97,2024-07-24,Card,Delivered
2012,505,2023-12-13,Card,Delivered
10331,2510,2023-12-04,UPI,Delivered
154,49,2024-08-10,Wallet,Delivered
3811,941,2024-04-11,UPI,Delivered
18613,4568,2024-12-17,UPI,Delivered
10365,2522,2023-11-03,UPI,Delivered
14918,3631,2024-06-25,Wallet,Delivered
17426,4261,2023-06-29,UPI,Delivered
18116,4438,2024-12-01,UPI,Delivered
14674,3557,2024-12-17,Card,Delivered
2579,632,2024-10-08,NetBanking,Returned
6191,1479,2024-11-07,Card,Delivered
12967,3157,2024-03-06,UPI,Delivered
19729,4865,2024-06-04,NetBanking,Delivered
19603,4830,2023-12-23,Card,Delivered
1926,483,2024-10-16,UPI,Delivered
8422,2049,2024-10-12,UPI,Delivered
12368,3021,2024-08-13,Card,Delivered
10301,2504,2023-10-05,COD,Delivered
3260,812,2024-10-08,COD,Delivered
14107,3431,2023-12-20,COD,Delivered
16752,4102,2024-11-18,UPI,Delivered
13208,3213,2024-08-17,Wallet,Delivered
15185,3712,2024-08-05,COD,Cancelled
2089,521,2024-08-08,Card,Delivered
11734,2870,2023-11-03,Card,Cancelled
8245,2004,2024-06-23,UPI,Returned
10696,2608,2023-07-19,UPI,Delivered
2787,685,2024-10-23,Card,Delivered
10810,2636,2024-09-23,Card,Delivered
7313,1766,2024-12-15,UPI,Delivered
73,25,2024-04-30,Card,Delivered
2276,560,2024-10-19,UPI,Delivered
12091,2944,2023-12-07,Card,Delivered
11170,2728,2023-04-02,UPI,Cancelled
13503,3286,2024-01-10,Card,Delivered
1406,353,2024-01-13,UPI,Returned
5497,1324,2024-06-11,UPI,Delivered
16310,3986,2024-08-01,COD,Delivered
821,207,2024-10-02,NetBanking,Delivered
14012,3408,2024-09-07,UPI,Delivered
3900,957,2023-09-23,UPI,Delivered
12055,2937,2024-12-14,,Delivered
14897,3623,2024-02-18,UPI,Delivered
11832,2894,2024-09-12,UPI,Delivered
8658,2113,2024-08-01,COD,Delivered
12863,3136,2024-02-21,UPI,Delivered
16877,4138,2024-07-20,UPI,Delivered
10950,2675,2024-10-12,UPI,Returned
5540,1330,2023-11-12,Card,Delivered
3137,779,2023-10-25,COD,Delivered
17860,4370,2024-05-12,Card,Delivered
17090,4190,2024-05-26,Wallet,Delivered
12338,3013,2024-08-27,Card,Delivered
6656,1593,2024-10-12,UPI,Delivered
8542,2072,2024-09-01,COD,Delivered
9628,2342,2024-12-23,Card,Returned
14212,3456,2024-12-28,NetBanking,Delivered
9214,2242,2024-02-14,Card,Delivered
3929,964,2023-11-13,UPI,Delivered
9006,2199,2024-08-27,Card,Delivered
14026,3411,2024-06-20,UPI,Delivered
3086,762,2024-10-12,UPI,Delivered
18939,4646,2024-05-06,COD,Delivered
9599,2334,2024-05-06,COD,Delivered
19027,4666,2024-04-03,UPI,Returned
3129,778,2024-05-08,COD,Delivered
10086,2459,2023-11-16,UPI,Delivered
4311,1061,2024-12-11,UPI,Delivered
14644,3553,2024-12-18,Card,Delivered
8286,2023,2024-06-11,UPI,Delivered
19231,4725,2024-08-07,UPI,Delivered
11228,2742,2024-06-25,COD,Delivered
12340,3013,2024-02-21,Wallet,Delivered
11167,2726,2024-03-21,COD,Delivered
1363,343,2024-11-01,COD,Delivered
3497,861,2024-07-18,NetBanking,Delivered
6738,1610,2023-12-31,UPI,Delivered
13242,3219,2024-09-07,NetBanking,Delivered
18553,4552,2023-05-30,UPI,Delivered
15970,3908,2024-10-02,UPI,Delivered
12801,3121,2024-05-07,UPI,Delivered
5292,1272,2023-08-09,COD,Delivered
3192,795,2023-12-25,UPI,Returned
14072,3423,2023-11-27,COD,Delivered
