order_id,product_id,quantity,discount_pct
1,6,1,10
1,5,1,20
1,1,3,0
1,1,1,0
2,17,2,0
3,52,3,0
4,25,3,20
5,29,1,0
5,1,2,5
6,9,2,0
6,42,1,0
6,18,1,20
6,13,1,5
7,9,2,0
8,2,1,5
8,2,-1,0
8,12,1,20
9,10,1,5
9,11,1,0
9,45,2,0
9,57,2,0
10,6,2,20
10,11,1,0
11,6,1,0
11,14,1,0
12,14,1,5
12,56,1,5
13,3,2,0
13,7,2,10
13,4,1,20
14,52,3,5
14,37,3,0
14,22,1,10
14,1,2,0
15,52,1,10
16,24,3,5
16,58,1,5
16,31,1,0
16,52,1,10
17,5,1,0
17,55,2,10
18,12,2,0
19,5,2,10
19,13,1,0
19,33,2,10
20,18,1,5
20,1,1,5
20,3,1,0
20,24,1,10
21,14,3,0
21,6,1,20
22,1,1,0
22,2,1,10
23,21,1,0
23,19,1,20
24,14,1,0
25,8,1,5
25,2,1,0
25,34,1,10
26,23,1,0
26,1,2,0
26,53,1,0
27,1,2,5
27,52,1,10
27,36,1,0
28,29,1,0
28,32,1,0
28,23,1,20
28,58,3,10
29,2,3,20
29,29,1,5
30,8,1,0
30,54,1,0
30,10,3,10
30,2,2,0
31,32,2,20
31,55,1,0
32,19,1,5
32,3,1,0
32,5,2,10
32,59,1,0
33,19,1,0
34,3,1,10
35,60,1,0
35,18,1,5
36,18,-1,0
36,12,3,10
37,18,2,10
37,51,1,0
38,47,1,5
38,13,1,5
38,18,1,20
38,12,1,0
39,20,1,0
39,22,1,0
39,3,2,0
40,60,1,0
40,44,2,0
40,11,1,10
41,8,1,0
41,6,2,0
41,6,2,0
41,8,3,0
42,39,1,10
42,9,1,5
43,2,2,10
43,32,2,5
43,46,3,5
44,7,1,0
45,38,1,10
45,9,1,0
46,15,3,20
47,12,2,10
48,7,1,0
48,1,1,10
48,40,1,5
48,37,1,20
49,5,1,0
49,30,1,20
49,3,1,20
50,1,1,20
50,15,1,0
51,28,1,20
51,7,1,5
51,39,1,10
51,13,1,0
52,33,1,10
52,46,3,0
52,7,2,0
53,8,1,0
53,35,1,20
53,13,2,0
54,40,3,0
54,12,1,0
55,1,1,5
56,6,3,20
57,1,1,0
57,12,1,0
57,53,1,5
57,15,1,5
58,20,2,10
59,59,1,0
59,2,1,5
59,12,1,0
59,1,1,10
60,2,1,10
60,11,1,5
61,34,1,20
62,2,1,0
63,1,1,0
63,23,1,10
64,21,1,0
64,32,1,10
64,1,1,0
64,20,1,0
65,23,1,10
66,47,3,0
67,6,1,5
67,25,3,20
68,25,1,0
68,1,1,5
68,44,2,0
68,39,2,20
69,41,1,10
69,1,3,10
69,1,1,10
69,1,1,20
70,37,3,10
70,15,1,0
71,10,1,5
72,25,1,10
72,1,2,5
72,34,1,5
73,49,1,10
73,11,3,0
73,27,1,10
74,2,1,20
74,26,1,0
75,22,2,10
75,32,1,5
75,22,1,0
76,38,1,20
77,2,1,0
77,58,1,20
77,8,2,20
77,28,1,0
78,6,3,5
78,24,1,0
79,26,1,0
80,31,1,0
80,25,1,0
80,18,1,0
81,14,1,0
82,31,1,0
82,29,2,10
82,11,1,10
83,33,3,0
84,24,1,0
84,35,1,0
84,29,1,0
85,16,1,0
86,33,3,10
87,37,1,0
87,59,1,10
88,25,1,20
89,27,1,10
89,5,3,10
89,22,1,0
89,33,2,0
90,14,1,0
91,28,1,10
91,3,2,20
91,8,1,0
91,33,1,5
92,53,1,0
92,19,1,0
92,2,3,0
92,12,1,0
93,60,3,5
93,6,1,10
93,41,1,0
94,23,1,10
94,53,1,0
94,21,1,0
95,41,2,10
95,26,1,20
95,3,1,10
96,19,1,10
96,18,1,0
97,45,1,10
97,54,1,5
97,33,1,10
98,14,1,0
99,6,2,0
99,8,2,0
99,5,2,10
99,3,3,20
100,2,1,5
100,23,1,10
100,60,1,0
101,29,2,20
101,55,2,10
102,18,2,20
103,28,1,20
104,4,2,0
104,1,1,0
105,2,3,0
105,11,2,10
105,58,2,0
105,13,1,10
106,1,2,20
106,5,1,10
107,19,1,10
108,26,1,0
108,51,3,10
108,41,1,5
108,13,2,10
109,32,1,10
109,14,3,20
109,24,1,20
109,34,1,10
110,3,1,20
110,9,2,5
110,10,1,5
111,9,1,10
111,45,1,0
111,59,2,0
111,8,1,10
112,1,1,20
112,37,3,10
112,14,1,0
113,19,1,20
113,15,1,0
113,2,1,0
113,37,1,20
114,50,1,0
114,19,3,0
114,18,1,0
114,4,2,0
115,48,1,0
115,32,1,10
115,34,1,10
116,14,2,5
116,55,3,20
116,45,2,0
117,5,1,5
118,31,1,20
118,29,1,0
119,39,1,0
120,3,1,0
120,20,1,5
120,17,3,5
121,3,1,10
121,38,1,20
122,1,2,10
123,2,1,10
123,33,1,0
123,52,2,10
124,2,2,10
124,21,1,0
125,25,1,0
125,15,1,0
126,17,1,0
127,15,1,0
127,44,1,0
127,51,2,0
128,2,1,5
129,2,3,10
129,16,2,0
130,28,3,10
130,28,1,0
130,43,1,5
131,50,2,10
132,17,1,10
132,43,1,0
132,17,1,0
133,58,3,10
134,13,1,5
134,8,1,10
134,37,1,0
135,3,2,5
135,48,2,5
135,41,1,5
136,38,1,0
136,11,1,10
137,23,1,10
137,58,2,0
138,3,1,5
139,8,1,10
139,48,1,20
140,30,2,0
140,2,1,10
140,25,1,10
140,7,1,0
141,49,1,10
141,32,1,20
142,19,1,5
142,15,2,0
142,27,1,0
142,54,1,0
143,5,1,10
143,16,1,0
143,15,1,10
144,57,1,0
144,6,1,20
144,8,1,0
144,58,1,0
145,23,2,0
145,46,2,5
145,53,3,10
145,3,3,0
146,50,3,10
146,42,2,10
146,1,1,10
146,24,2,20
147,21,1,0
148,5,1,0
149,16,1,0
149,6,1,10
149,45,1,20
149,1,1,20
150,38,1,20
150,6,1,10
150,38,1,10
150,48,3,5
151,50,1,0
151,13,1,10
152,2,1,10
153,42,1,0
154,8,2,10
155,51,2,0
155,4,1,10
156,8,1,20
157,24,1,0
157,20,1,20
157,26,1,10
157,34,1,0
158,17,1,20
158,52,1,5
158,29,1,0
158,1,1,0
159,55,1,0
159,2,1,10
159,54,3,0
159,1,1,10
160,16,2,0
161,18,1,0
161,10,3,10
162,5,3,0
163,10,1,0
163,11,1,10
163,6,1,5
164,14,2,20
164,27,1,5
165,8,1,10
166,51,1,5
166,45,1,5
166,52,1,20
166,5,1,5
167,51,1,5
167,10,2,20
168,10,3,20
168,13,1,0
168,23,1,0
169,2,1,0
169,55,1,5
169,1,1,0
169,2,1,0
170,22,1,0
171,7,1,5
171,14,3,20
172,18,1,20
172,13,1,0
173,1,1,20
174,1,1,0
174,13,1,0
175,27,1,10
175,33,1,5
176,17,1,20
176,14,3,0
176,19,1,0
177,57,1,20
177,16,2,0
177,46,3,5
177,57,1,0
178,8,1,10
178,11,1,5
178,35,1,10
178,33,1,10
179,6,1,5
179,26,2,5
179,17,1,0
180,51,1,0
180,59,2,5
181,3,1,0
181,4,3,0
182,11,1,0
183,45,1,0
183,60,1,20
183,29,2,20
184,47,1,10
184,12,1,0
184,7,3,10
185,3,1,5
185,3,1,0
185,12,2,0
186,2,1,20
186,4,3,10
187,51,1,0
188,35,1,0
188,5,1,10
188,2,2,10
189,11,1,0
189,2,1,5
189,1,3,20
189,42,1,20
190,55,1,10
190,18,2,10
190,45,1,20
190,13,1,0
191,56,1,0
191,39,1,0
192,44,1,20
192,5,1,10
192,30,1,5
192,60,3,0
193,51,1,0
193,55,1,10
193,59,2,10
193,13,1,0
194,4,3,0
194,6,1,20
194,21,1,5
195,37,1,10
196,11,1,20
196,5,1,10
196,1,1,10
196,9,1,5
197,5,1,0
197,54,1,0
198,51,1,0
198,8,1,20
199,11,1,0
199,7,1,20
199,10,1,10
200,12,1,10
200,5,1,0
200,1,1,0
201,39,1,0
201,5,1,0
202,45,3,10
202,54,1,0
203,22,2,20
203,21,2,0
203,5,2,10
204,14,1,20
204,15,1,10
205,41,1,10
205,10,2,0
206,9,1,5
206,59,2,5
206,21,2,0
207,35,1,10
207,28,1,5
208,26,1,10
209,20,1,0
209,5,2,20
209,7,1,0
210,49,1,0
211,27,2,10
211,35,1,0
211,54,1,20
212,6,1,5
212,60,1,20
213,8,1,10
213,6,1,0
214,3,2,0
214,34,1,20
214,23,1,0
214,55,1,10
215,5,1,0
215,10,2,5
215,4,1,0
215,10,2,10
216,12,1,10
216,1,1,0
216,8,3,0
217,45,1,0
217,2,2,0
218,36,1,10
218,3,1,0
218,31,1,10
218,4,3,10
219,33,1,0
219,5,1,20
219,1,2,5
219,13,2,0
220,3,1,10
220,2,2,10
221,29,3,5
221,23,1,10
221,35,1,0
221,2,2,0
222,6,2,20
222,25,1,0
223,43,1,10
223,13,1,0
223,17,1,10
223,10,1,20
224,35,2,20
224,2,2,0
224,48,1,0
225,52,1,5
225,8,2,0
225,36,3,0
225,17,1,10
226,12,2,0
226,4,1,0
226,59,1,0
226,36,1,0
227,45,1,0
227,21,1,10
228,20,1,10
229,45,1,0
229,14,1,5
229,58,1,0
230,31,1,5
230,21,1,0
231,48,2,0
231,5,3,10
231,1,1,0
232,13,1,10
233,4,1,10
233,3,1,0
234,1,2,10
234,47,1,20
235,15,1,0
235,8,1,5
235,51,3,10
235,7,1,0
236,1,1,5
237,32,1,10
237,4,3,20
237,48,1,10
237,38,1,0
238,2,1,5
238,49,1,20
238,5,2,5
238,1,1,5
239,4,1,0
239,6,1,5
240,12,2,10
240,6,1,0
240,27,1,20
240,12,2,20
241,15,2,10
242,31,1,0
242,21,1,0
242,6,1,0
243,48,1,5
243,1,1,0
244,22,3,10
244,12,1,5
244,40,1,10
245,60,3,10
245,24,1,5
245,14,3,0
245,18,1,20
246,17,1,10
247,35,3,5
247,1,1,5
248,43,2,5
249,17,1,0
249,19,3,0
249,44,1,0
249,1,2,20
250,52,3,10
251,1,1,0
252,13,1,0
253,52,2,10
253,50,1,20
253,9,1,10
254,1,2,0
254,25,1,5
254,35,1,0
255,51,3,0
256,1,1,10
257,8,1,10
258,41,2,20
258,41,1,0
258,23,3,10
258,1,3,10
259,24,1,0
260,43,1,5
260,1,1,0
261,5,1,20
261,45,2,10
262,6,1,5
263,1,1,0
263,34,2,0
263,38,3,0
263,13,3,10
264,34,1,20
264,23,1,0
264,6,3,0
264,13,1,0
265,25,1,0
265,45,2,0
265,6,1,0
266,3,1,10
266,47,1,0
266,55,1,5
266,1,2,0
267,56,1,5
267,36,1,5
267,52,1,10
268,1,1,20
269,54,1,10
269,4,1,5
269,2,1,20
270,46,1,10
270,40,1,10
270,15,3,10
270,45,1,5
271,48,1,20
271,1,1,0
271,1,1,10
271,24,1,0
272,1,2,10
273,27,1,0
274,10,1,0
275,18,2,0
275,52,1,10
276,36,1,0
276,11,1,0
277,50,3,5
278,17,2,0
278,12,1,20
278,54,1,5
279,1,1,20
279,21,1,10
279,54,1,10
280,54,1,10
280,3,2,0
281,42,1,10
282,11,1,0
283,38,1,5
283,1,1,5
284,1,3,0
285,5,1,20
285,23,2,0
285,54,3,10
285,42,3,0
286,4,2,5
287,4,1,10
287,49,1,20
288,35,1,20
289,23,1,0
289,1,1,0
289,3,1,5
289,23,1,10
290,45,1,20
290,28,2,0
290,18,1,5
290,52,1,10
291,1,1,5
291,3,1,5
291,6,1,5
291,1,1,20
292,15,1,0
292,12,1,0
293,3,1,5
293,1,2,0
293,2,1,5
294,15,1,10
294,34,1,0
294,3,1,0
295,35,1,0
296,4,1,0
296,23,1,5
296,9,1,0
297,2,2,10
298,36,1,0
298,18,1,10
299,17,1,0
300,16,1,10
300,6,2,5
300,11,3,5
300,24,2,0
301,1,2,0
301,60,2,20
301,2,1,10
302,54,1,0
302,58,1,10
302,57,2,5
303,51,1,0
303,27,1,5
303,8,2,0
304,11,3,20
304,45,1,0
304,5,1,10
304,2,1,20
305,3,2,0
305,52,1,5
306,16,1,0
306,53,1,10
306,24,1,5
307,14,1,10
307,7,1,0
308,10,2,10
309,9,1,0
310,7,1,0
311,3,1,20
312,3,1,0
312,21,1,0
313,32,1,10
313,1,1,20
313,11,1,20
314,8,1,5
314,24,1,5
314,31,1,5
314,34,1,0
315,22,1,0
316,9,1,10
316,54,1,0
316,8,3,10
316,14,1,0
317,29,1,5
318,27,1,10
318,20,2,10
319,6,1,0
319,55,1,20
319,10,1,10
320,32,1,5
321,13,1,20
322,4,2,10
322,5,1,20
323,7,1,20
324,2,1,10
324,28,1,10
324,49,2,5
325,26,1,5
325,38,2,5
326,14,1,0
326,7,1,10
327,5,2,10
327,27,1,5
327,1,3,0
327,3,3,0
328,39,2,10
329,41,2,10
329,32,1,20
329,6,3,10
329,15,1,0
330,3,1,0
330,25,1,0
330,20,1,5
330,47,3,0
331,38,1,0
331,7,2,10
332,2,1,5
332,17,1,10
332,32,1,5
333,12,1,0
333,60,1,20
334,24,1,20
334,54,2,0
334,49,2,5
334,20,1,0
335,50,2,5
336,18,1,10
337,40,1,0
337,20,1,10
337,43,1,20
338,32,1,0
338,10,1,20
338,8,2,10
339,38,1,20
339,57,1,0
339,12,1,20
339,46,1,5
340,23,2,10
340,50,1,0
341,54,1,20
341,41,1,5
341,3,1,10
342,19,1,5
342,53,1,0
342,23,1,5
342,2,2,0
343,26,1,5
343,53,1,0
344,16,1,0
344,46,3,5
344,1,3,0
344,27,1,10
345,58,1,10
346,3,1,0
347,20,2,0
347,2,1,20
348,13,1,5
348,35,2,5
348,46,2,0
349,47,3,5
349,39,1,0
350,46,1,20
350,16,3,20
351,40,2,10
352,40,1,10
352,23,2,0
353,1,1,10
353,7,1,10
353,18,1,0
353,31,2,20
354,2,1,10
354,10,3,10
355,10,3,0
356,3,1,10
357,15,1,0
357,36,2,10
357,60,1,20
357,42,2,0
358,45,2,0
358,11,1,10
359,41,2,0
360,30,1,20
360,9,1,10
360,12,1,0
360,40,1,5
361,5,1,5
362,35,1,20
362,19,1,0
362,4,1,0
363,14,1,0
363,27,1,0
364,20,2,0
364,1,1,5
364,42,1,10
364,34,1,0
365,8,1,5
365,24,1,0
366,29,1,0
366,5,1,5
367,22,1,10
367,2,2,10
368,27,3,0
368,46,1,20
368,2,3,20
368,54,3,10
369,3,3,10
369,16,1,10
369,9,3,5
369,3,1,10
370,11,1,0
370,12,1,0
370,57,1,5
371,23,1,10
371,8,2,0
371,2,1,10
371,34,2,20
372,55,2,10
372,1,1,0
372,58,2,10
372,1,3,5
373,16,1,5
374,37,1,10
374,58,1,10
375,2,1,5
375,46,1,10
375,11,1,0
376,49,1,0
376,59,1,20
376,16,1,10
377,53,3,5
377,19,1,10
377,11,1,0
377,12,1,5
378,3,1,10
379,28,1,0
380,14,1,0
380,19,1,20
381,58,1,20
381,23,1,10
382,11,3,5
383,21,2,20
383,31,2,20
383,31,1,10
383,8,1,0
384,7,1,5
385,25,1,0
386,45,1,10
386,2,1,10
387,12,2,0
388,7,1,0
388,25,1,0
389,39,1,0
389,29,1,20
390,5,3,5
390,27,1,10
390,38,1,10
390,11,1,0
391,21,2,0
392,3,2,5
392,9,1,5
393,29,1,0
394,22,3,0
395,59,1,0
396,13,1,10
396,40,1,0
396,60,2,10
396,14,3,20
397,2,1,0
398,58,2,10
398,3,1,0
399,19,1,0
399,3,1,20
400,59,1,20
401,1,1,0
401,1,1,10
401,10,1,0
401,46,3,5
402,1,1,0
402,1,1,0
402,1,1,0
402,20,1,20
403,25,3,10
403,13,1,0
404,23,1,0
404,2,3,20
404,3,3,10
405,34,1,0
406,18,1,0
407,51,1,20
407,24,1,5
407,25,1,5
407,6,1,10
408,47,2,0
408,47,2,10
409,1,1,20
409,24,1,0
409,47,2,10
409,40,1,0
410,10,1,0
410,12,1,0
411,8,1,0
411,43,2,20
411,8,3,5
411,38,1,10
412,50,3,0
412,31,1,5
413,8,2,5
414,11,2,0
414,48,1,5
414,52,1,0
415,22,1,0
415,18,1,20
415,22,1,20
416,23,1,5
416,17,1,20
416,6,1,10
417,34,1,10
417,32,1,20
418,2,1,10
418,1,2,0
419,19,2,5
420,25,2,0
421,49,3,0
422,5,2,0
422,14,3,10
422,9,2,10
423,59,1,5
423,29,1,0
424,23,1,10
424,1,1,5
424,32,1,0
425,11,2,5
426,27,1,0
427,2,3,10
427,22,1,0
427,4,1,10
428,55,1,5
428,3,2,0
428,6,1,5
429,14,1,20
429,17,2,10
429,49,1,5
429,46,2,10
430,5,3,20
430,20,1,0
430,46,1,0
430,20,3,0
431,8,1,10
431,16,1,10
431,3,-1,10
431,17,3,0
432,20,1,0
432,5,1,5
433,10,1,20
433,7,1,10
433,56,3,0
434,1,1,0
435,37,1,0
435,5,2,0
435,11,1,20
435,31,2,0
436,46,1,0
436,1,1,0
437,2,2,0
437,11,1,20
437,18,1,0
437,57,1,0
438,21,1,20
438,22,1,10
439,46,1,0
439,20,1,0
439,6,1,0
439,5,1,20
440,17,1,0
440,8,1,10
441,6,2,5
442,14,1,10
442,8,1,20
443,19,2,5
444,52,1,10
444,15,1,0
444,4,2,0
445,14,3,0
445,31,2,0
445,47,1,5
446,27,2,20
447,23,1,0
448,16,1,10
448,22,1,20
448,42,1,0
448,8,1,5
449,35,3,20
450,34,2,0
451,34,1,20
451,24,2,10
452,2,1,0
452,53,1,10
452,59,1,20
452,49,3,20
453,52,1,10
453,47,1,0
453,6,1,0
453,4,1,10
454,2,2,10
455,2,2,10
455,36,1,20
456,8,1,10
456,9,1,20
456,37,1,0
456,4,3,0
457,24,1,5
457,28,3,20
457,9,2,10
457,17,1,0
458,17,1,20
458,26,2,5
459,20,2,20
459,11,1,0
459,49,1,10
460,40,1,0
460,26,1,0
461,17,2,0
462,17,1,0
462,16,1,10
462,27,1,10
462,39,2,10
463,7,1,0
463,30,1,10
464,27,1,20
465,14,1,0
465,2,1,10
465,24,1,0
466,1,3,0
466,57,3,20
467,26,1,5
467,5,1,0
468,34,1,20
469,23,1,20
469,23,1,0
469,21,1,10
469,39,2,0
470,35,1,5
470,13,2,5
470,33,1,0
470,9,1,20
471,18,2,20
471,5,1,5
472,4,1,0
472,2,2,10
472,27,1,20
473,45,1,0
473,21,1,10
474,13,1,20
474,25,1,0
475,45,2,5
475,26,1,10
476,48,1,0
476,2,1,10
477,2,1,20
478,2,2,0
478,28,1,5
478,11,1,0
478,1,1,0
479,40,1,0
479,44,1,5
480,10,2,20
481,26,2,10
481,48,2,0
481,44,1,0
481,38,1,0
482,4,1,10
482,11,3,5
483,1,1,0
484,14,2,10
484,23,1,0
485,41,2,0
485,2,1,5
485,2,2,0
486,10,2,10
487,10,1,5
487,50,1,0
488,38,2,0
488,12,3,0
488,1,1,10
489,8,2,10
489,57,1,0
489,12,1,0
490,1,1,0
490,10,1,5
490,16,1,5
491,58,1,10
492,25,3,10
492,52,1,0
492,1,2,10
493,13,2,0
493,59,3,20
493,21,2,20
494,3,1,20
494,17,2,10
494,4,1,20
494,18,1,0
495,14,2,0
496,49,1,5
496,21,2,10
497,18,1,5
498,8,1,5
498,9,1,20
498,52,1,10
498,13,2,10
499,49,2,0
499,14,1,10
499,32,1,0
499,52,1,10
500,48,2,0
500,26,1,0
500,22,3,5
500,1,1,5
501,48,1,10
501,3,1,0
501,10,1,0
502,34,1,5
502,18,1,5
503,1,1,0
503,2,1,10
504,35,3,10
504,19,3,10
504,24,2,0
504,2,1,10
505,3,1,5
505,9,1,10
505,1,1,10
505,26,1,0
506,1,2,20
506,30,2,20
506,5,1,5
507,21,2,10
507,8,3,0
507,4,3,0
508,43,2,10
508,14,3,10
508,31,1,20
509,12,1,10
509,1,1,0
510,53,1,0
510,22,1,10
510,1,1,0
510,52,2,0
511,40,2,0
512,32,1,0
513,27,1,5
513,16,1,0
513,52,2,5
513,13,1,0
514,35,1,20
514,46,1,5
514,24,1,10
514,16,2,5
515,3,3,5
515,30,1,10
515,10,3,20
516,59,2,10
516,54,1,0
516,7,1,20
517,23,3,10
517,5,1,5
517,29,2,5
518,57,3,10
518,2,1,0
518,8,1,5
518,25,1,10
519,2,1,0
519,26,3,5
519,42,1,5
519,17,1,0
520,3,2,5
520,10,1,5
520,4,2,0
520,49,1,5
521,22,1,0
521,34,2,10
522,22,2,0
523,57,2,5
523,57,1,20
524,17,1,0
524,2,2,0
525,35,1,20
525,31,3,5
525,18,1,10
526,4,1,5
526,43,1,20
526,2,1,10
527,6,1,5
527,25,2,20
527,16,1,20
527,44,1,0
528,44,1,0
529,3,2,5
529,22,1,5
529,1,1,0
529,38,1,20
530,9,1,20
531,40,1,10
532,24,1,10
532,26,1,0
533,47,1,10
534,4,2,0
534,21,2,20
535,1,1,5
535,36,1,10
536,11,1,5
536,3,1,10
536,8,1,20
537,48,1,20
538,3,1,20
538,1,3,10
538,28,1,5
539,19,2,20
539,19,1,0
539,1,1,10
539,19,1,0
540,21,2,0
540,11,3,0
540,46,1,0
540,1,2,20
541,60,1,0
541,13,1,5
542,2,2,10
542,14,1,0
542,14,1,20
542,5,1,20
543,31,2,0
544,34,3,20
544,50,1,0
545,44,1,0
545,48,3,0
545,20,1,5
546,5,1,0
547,18,1,0
547,1,2,5
548,53,2,10
548,25,2,0
549,49,1,5
549,4,2,20
550,3,1,0
551,1,1,20
551,19,1,10
552,36,3,0
552,50,2,5
552,14,1,10
552,23,1,5
553,5,2,0
553,7,1,10
554,18,2,20
554,54,2,20
554,7,1,0
555,1,1,20
555,18,2,5
555,20,1,0
555,2,1,0
556,11,1,5
556,5,1,0
556,24,1,0
556,47,2,20
557,31,1,5
557,38,1,10
557,38,1,20
557,1,2,0
558,18,1,10
559,8,1,20
560,33,1,10
561,42,1,0
561,5,1,0
562,53,1,5
562,50,2,20
563,40,1,5
563,50,1,0
563,1,1,0
563,7,1,10
564,2,1,5
564,60,3,10
564,13,1,5
565,53,1,10
565,23,1,0
566,46,1,10
566,6,1,5
566,2,1,5
567,3,1,0
568,36,1,0
569,14,3,20
570,7,1,0
570,34,1,10
571,7,1,0
572,46,3,10
572,2,1,20
573,9,2,5
573,8,1,20
573,51,1,0
574,16,2,10
574,26,1,0
574,47,2,0
574,35,1,0
575,13,2,5
576,14,2,10
576,50,1,20
576,35,1,10
577,2,2,20
577,36,-1,0
577,4,1,0
577,41,1,0
578,22,1,5
578,31,2,20
578,26,1,10
579,9,2,0
579,50,2,10
579,57,1,0
579,29,1,10
580,5,1,10
580,10,1,0
580,1,1,0
581,15,1,0
581,43,1,10
581,28,1,5
582,7,1,10
582,1,2,5
582,8,1,0
583,1,1,5
584,36,2,0
584,53,1,10
584,6,2,20
585,9,1,10
585,27,3,5
585,2,1,0
585,33,1,5
586,19,3,20
586,59,3,10
586,2,1,10
586,2,1,0
587,3,1,5
587,18,1,0
588,24,1,0
589,14,1,10
589,25,1,0
589,43,1,0
589,47,1,0
590,3,1,0
590,14,2,20
590,2,1,0
590,10,2,5
591,30,2,0
591,18,1,0
592,2,1,10
592,4,1,0
593,26,1,0
594,4,1,10
594,35,2,10
594,42,3,0
595,9,1,10
595,45,1,0
595,6,1,5
595,46,1,0
596,22,1,0
596,2,1,20
596,50,1,10
597,13,3,5
597,1,1,0
597,12,1,10
597,14,2,0
598,30,1,5
598,10,2,5
599,38,1,20
600,60,1,10
600,7,1,5
601,1,1,5
601,41,1,0
601,14,1,10
601,21,1,20
602,25,2,10
602,11,2,10
602,48,1,5
602,43,2,5
603,44,2,0
603,12,2,5
604,40,2,20
604,29,1,0
604,3,3,0
605,9,3,0
605,13,1,0
605,42,1,20
605,12,1,10
606,22,1,5
606,48,1,10
606,41,1,10
606,9,1,5
607,4,2,5
607,41,1,0
607,9,1,0
608,22,1,0
608,5,1,0
608,14,1,10
608,10,2,10
609,4,1,20
609,32,1,5
609,32,1,10
610,1,2,10
610,31,1,5
610,34,2,10
611,37,1,0
612,4,1,0
612,13,1,0
612,17,1,10
612,1,1,5
613,23,1,20
613,1,1,0
613,25,2,20
613,60,3,10
614,4,1,20
614,5,1,0
614,58,1,0
615,2,-1,20
615,12,1,20
615,17,2,10
615,19,1,5
616,39,1,0
616,8,1,0
617,4,3,0
617,11,2,5
617,5,2,10
617,24,2,0
618,34,2,0
618,17,1,10
619,54,1,10
619,8,1,0
619,17,3,0
619,3,1,0
620,3,2,5
620,1,3,10
620,39,1,10
620,25,1,10
621,50,1,0
621,3,1,0
621,32,1,5
621,14,1,0
622,50,1,0
622,3,1,0
623,31,1,10
623,44,1,10
623,11,3,20
624,7,1,10
624,58,1,0
625,29,1,0
625,26,1,5
625,21,1,0
625,2,1,10
626,45,1,0
627,6,3,10
627,53,1,20
627,18,1,0
627,12,2,20
628,50,1,0
629,47,1,10
630,4,1,10
630,58,3,10
631,1,1,10
631,7,3,5
631,20,1,5
632,2,2,20
632,21,1,10
633,22,1,10
634,1,1,10
634,2,1,10
634,43,1,10
635,21,1,0
635,43,1,10
635,57,1,10
635,12,1,10
636,5,2,10
636,2,1,0
636,15,1,10
637,4,1,5
637,1,1,5
637,2,3,10
638,1,1,5
639,41,2,0
640,47,1,10
640,26,2,10
640,13,1,20
641,20,2,0
641,13,1,10
641,13,1,20
641,1,1,0
642,15,1,0
642,4,1,0
643,12,2,20
643,55,1,10
643,30,1,0
643,7,3,5
644,34,2,5
645,35,2,10
645,50,1,5
645,7,1,5
646,2,1,5
646,24,2,10
646,28,3,10
647,25,3,20
647,3,1,0
647,2,1,0
647,25,2,5
648,23,2,5
648,20,1,0
648,11,1,0
648,57,3,0
649,5,3,0
649,3,2,0
649,3,1,0
650,24,3,0
650,46,1,20
651,11,1,20
651,48,1,20
651,40,2,0
652,2,3,0
652,13,2,0
652,24,2,0
652,51,2,0
653,14,1,10
654,39,1,20
654,52,3,0
654,33,3,5
654,25,3,0
655,1,1,0
655,18,2,5
655,8,1,10
655,2,1,20
656,6,1,5
656,28,3,0
656,1,1,20
656,4,1,10
657,28,1,0
657,15,1,0
657,17,1,20
657,4,2,10
658,1,1,10
658,18,1,5
659,17,2,0
659,51,1,0
659,1,1,5
660,4,1,0
661,5,2,20
661,3,1,10
662,33,1,20
662,9,3,10
663,44,3,0
663,10,1,10
663,18,1,0
664,32,1,5
664,49,2,5
664,1,2,20
665,34,2,20
665,1,1,5
665,19,1,0
665,21,1,10
666,26,2,0
666,22,1,0
666,6,2,0
666,44,2,20
667,14,1,20
667,26,1,0
668,18,3,20
668,19,2,20
668,15,3,5
668,1,2,0
669,14,1,0
669,56,1,5
669,38,1,10
670,32,1,5
670,2,1,10
670,14,1,0
670,37,1,5
671,1,2,0
671,2,1,0
671,12,2,0
671,35,1,5
672,5,1,0
673,11,1,20
673,9,2,10
674,21,2,10
674,20,1,10
674,35,1,0
675,5,2,0
675,36,2,5
675,48,1,0
675,1,1,5
676,12,1,20
676,4,1,10
676,17,1,0
677,38,1,5
677,18,1,20
678,4,1,10
678,3,1,20
678,39,2,20
679,1,3,10
679,57,1,0
679,1,3,0
679,5,1,0
680,12,1,20
681,34,2,20
681,44,3,10
681,3,1,5
681,28,1,0
682,8,2,10
682,51,1,20
682,24,2,0
682,6,1,0
683,4,1,5
683,57,1,5
683,47,1,20
683,13,1,5
684,4,1,5
684,38,2,0
685,6,3,0
685,46,2,0
686,56,1,0
687,20,1,0
687,25,1,0
687,2,1,0
688,22,1,5
688,18,2,0
688,25,2,5
688,34,3,0
689,14,2,20
689,10,1,10
690,5,1,10
690,4,1,5
690,46,1,0
690,3,3,5
691,2,1,0
691,33,3,5
691,30,1,20
692,43,1,0
692,1,1,0
693,11,1,0
693,9,1,0
694,4,2,0
694,3,1,10
695,53,1,0
696,3,1,0
697,21,1,0
697,1,1,5
697,54,2,5
698,1,1,5
698,2,1,0
698,2,1,5
698,42,2,10
699,28,1,10
699,55,1,0
699,4,2,10
699,5,1,0
700,14,3,10
700,37,1,5
700,28,3,5
701,5,2,10
701,40,2,0
701,46,3,20
702,59,1,5
702,7,1,0
703,19,1,10
703,6,1,20
704,5,2,10
704,21,1,10
704,1,1,20
705,3,1,10
705,16,2,5
705,16,1,5
705,30,1,5
706,4,1,10
706,44,-1,10
707,34,3,20
708,4,2,0
708,11,1,20
708,58,1,0
709,49,1,20
709,3,1,0
710,42,1,0
711,3,1,0
711,18,3,20
711,38,1,0
712,46,1,10
712,4,2,0
712,4,1,10
712,32,2,20
713,44,1,0
714,38,1,20
715,58,3,0
715,1,1,5
716,1,1,0
716,60,3,0
716,14,2,0
717,34,1,10
717,3,1,10
717,11,3,0
718,60,2,10
718,38,-1,0
718,43,1,20
719,16,1,0
719,3,1,0
719,56,2,0
719,1,1,20
720,50,1,0
720,5,1,20
721,59,1,0
721,2,1,10
722,1,1,20
722,1,1,5
722,8,2,0
722,44,3,0
723,20,1,10
723,8,1,20
723,6,1,0
723,1,2,0
724,52,2,5
724,20,1,10
724,41,2,0
725,4,1,0
726,53,1,0
726,6,1,0
726,4,1,10
727,23,1,10
727,2,1,0
727,34,2,0
727,53,1,20
728,24,1,10
728,34,1,5
728,13,3,0
729,18,1,0
729,4,1,20
730,12,1,10
730,22,1,0
730,10,2,20
730,28,1,10
731,15,2,0
731,22,2,0
731,1,1,20
732,48,3,20
733,3,1,10
734,39,2,10
734,35,1,10
734,16,1,5
735,1,1,10
735,22,1,0
735,4,1,5
736,43,1,0
736,20,1,5
736,14,1,0
736,32,1,0
737,60,1,0
738,20,1,0
739,50,2,20
740,1,1,5
740,19,2,5
740,4,1,0
741,45,1,10
741,11,2,5
742,18,3,5
742,44,1,20
742,54,2,5
742,3,1,0
743,5,1,10
743,28,1,20
744,52,1,0
744,8,2,0
744,13,3,0
745,4,2,10
745,51,1,0
746,45,1,20
746,24,1,20
747,3,3,10
747,25,1,0
747,22,2,5
747,12,1,0
748,4,2,5
749,58,1,0
749,22,1,20
750,18,1,0
751,4,1,0
752,39,1,0
752,56,1,10
752,48,1,20
752,49,2,5
753,8,2,0
754,5,1,10
754,45,1,10
754,4,1,5
754,3,1,5
755,13,1,10
755,54,3,0
755,49,1,10
756,10,1,0
756,20,1,0
756,8,1,5
757,26,1,5
757,11,1,5
758,16,2,0
758,51,1,0
758,48,1,0
758,13,1,10
759,14,1,0
759,9,1,0
760,25,1,20
760,51,1,5
761,1,2,0
762,11,1,20
763,60,2,10
764,4,1,20
765,29,1,0
765,3,1,10
765,5,1,10
766,49,1,20
766,36,3,10
766,58,1,0
767,6,1,10
767,13,1,0
767,10,1,0
768,7,2,0
768,51,1,0
769,2,1,0
769,58,1,10
770,2,2,10
770,39,1,10
770,1,3,0
770,9,1,10
771,16,1,0
772,2,1,5
773,3,1,20
773,27,3,5
774,2,3,5
774,53,1,0
774,3,3,10
774,34,1,10
775,41,1,0
775,11,1,0
776,54,3,10
776,14,2,20
776,8,1,0
776,33,1,10
777,10,1,10
777,35,1,10
777,6,2,0
778,6,1,0
778,11,3,20
778,30,2,5
778,53,1,10
779,38,1,5
779,10,1,0
779,14,3,5
779,19,1,5
780,2,1,10
780,18,1,10
780,16,1,5
780,25,2,10
781,44,1,0
781,53,1,10
782,49,3,0
782,21,3,0
783,54,1,5
783,59,1,10
783,2,3,0
784,3,1,5
784,25,2,5
784,40,2,0
784,26,2,20
785,17,1,5
785,26,1,0
786,8,1,20
786,32,1,10
786,53,1,5
787,53,1,10
787,42,1,5
787,24,1,0
787,12,1,5
788,18,1,0
788,7,2,0
788,22,1,0
788,53,1,5
789,24,1,0
789,18,2,10
790,19,1,20
790,1,1,0
790,26,2,20
790,19,1,0
791,34,1,5
791,6,1,0
791,14,1,10
792,40,1,10
792,15,1,0
793,54,2,10
793,20,1,0
793,29,2,10
793,2,1,0
794,14,1,0
794,7,1,0
794,2,1,0
794,40,1,10
795,46,1,5
795,44,1,5
795,9,1,0
795,2,2,5
796,22,1,10
796,52,3,0
796,18,1,5
797,33,1,0
797,35,3,10
798,17,1,5
798,29,1,10
799,43,1,0
799,3,3,0
799,8,1,0
799,24,3,10
800,21,1,10
801,14,1,0
801,11,1,20
801,37,3,0
802,33,1,10
802,5,1,5
803,49,1,0
803,57,1,20
804,18,1,0
804,36,1,20
804,32,1,10
804,2,1,0
805,40,2,5
805,6,2,10
806,4,1,20
806,1,1,0
806,7,1,0
806,10,1,20
807,12,1,5
807,19,2,5
808,18,2,0
808,12,1,10
808,26,1,20
809,45,1,5
809,1,1,0
809,17,1,0
810,1,1,20
811,18,1,0
811,1,1,5
811,7,2,0
811,8,2,20
812,13,1,0
812,59,1,10
812,36,2,10
813,45,1,0
813,51,1,10
814,8,1,0
814,2,1,20
814,6,1,10
814,55,1,20
815,35,2,10
815,25,1,10
815,58,3,5
816,14,1,20
817,41,3,20
818,20,3,10
818,44,1,10
819,46,1,0
820,2,1,0
820,14,1,0
820,11,1,0
820,28,3,20
821,13,1,0
821,37,1,0
822,12,1,0
822,11,1,10
823,7,2,20
823,17,2,0
824,26,2,10
824,27,2,10
824,17,1,0
824,48,1,5
825,6,3,10
825,9,1,0
825,17,1,0
826,15,1,0
827,25,1,0
827,5,2,0
828,6,2,20
828,28,1,0
828,55,1,0
829,35,1,0
830,33,2,0
830,14,1,0
831,5,1,0
831,30,1,20
832,39,2,10
833,7,1,0
833,2,1,10
833,56,1,0
833,51,1,10
834,49,2,5
834,11,1,0
834,16,2,0
834,6,1,20
835,32,2,0
835,57,1,0
835,3,1,5
835,25,3,0
836,17,1,10
836,1,1,10
836,10,1,5
836,45,2,0
837,7,1,20
837,59,2,5
837,40,1,10
837,7,1,0
838,3,2,10
838,5,1,0
838,40,1,5
839,6,1,10
839,9,1,0
839,3,1,5
839,32,1,0
840,16,3,5
840,35,1,0
841,10,1,20
841,48,2,20
842,15,3,10
842,24,1,0
842,17,1,0
842,1,3,5
843,3,1,10
843,13,1,5
843,1,1,20
843,59,2,0
844,33,1,0
844,33,1,10
844,1,1,5
845,36,1,10
845,10,1,0
845,28,1,10
846,20,1,0
846,12,1,20
846,58,3,0
847,41,1,0
847,14,1,5
847,49,1,20
848,11,1,0
849,3,1,0
850,4,1,10
850,18,1,5
851,6,1,10
851,8,1,20
851,16,1,0
851,1,1,5
852,21,1,0
852,12,1,0
852,10,2,0
852,4,3,0
853,54,1,0
854,1,1,10
854,39,1,5
855,37,2,10
856,37,1,0
857,11,3,5
857,40,1,10
857,24,1,10
858,4,1,5
859,23,1,0
860,13,2,0
860,27,2,20
860,28,1,0
860,24,1,0
861,29,1,20
861,5,1,0
862,27,1,0
862,34,1,0
862,47,2,0
863,50,1,5
863,59,2,0
863,19,1,5
864,36,1,5
864,51,1,5
865,57,1,10
865,20,2,0
866,13,1,5
866,7,1,5
867,30,1,5
867,9,3,0
867,31,1,0
867,37,1,10
868,40,1,0
868,29,1,10
869,8,1,10
869,1,1,20
869,1,1,10
870,8,2,10
870,2,2,20
871,5,1,10
872,3,1,0
873,1,1,10
873,57,2,0
874,9,1,0
874,18,1,5
875,9,1,10
876,12,1,0
876,1,1,10
876,50,1,0
876,11,1,20
877,30,1,10
877,14,1,10
877,15,2,20
877,16,2,20
878,2,1,0
878,27,1,0
878,17,1,10
878,12,1,0
879,41,1,20
879,5,1,10
879,5,1,0
880,52,1,20
881,2,2,5
881,55,1,10
881,31,2,10
882,35,1,0
883,1,2,0
884,59,1,0
884,15,1,20
885,1,1,0
885,23,1,0
885,11,1,10
886,31,2,0
887,5,2,0
887,1,1,10
887,1,1,20
888,13,2,10
888,5,1,0
888,43,1,0
889,4,3,0
889,3,1,10
889,7,3,5
889,49,1,10
890,31,1,10
890,6,2,5
890,14,1,10
891,4,1,0
891,1,1,5
891,2,1,0
892,13,2,0
892,1,1,10
892,8,1,10
893,25,2,20
893,27,1,0
893,4,1,0
894,47,3,0
894,3,2,10
894,37,1,0
894,41,1,0
895,4,1,5
896,26,1,20
897,48,1,0
897,5,1,20
897,2,1,0
897,5,1,0
898,42,1,0
898,8,2,10
898,38,2,20
898,10,2,0
899,45,3,0
899,12,1,10
900,33,2,10
900,32,1,5
900,1,1,5
901,5,1,5
902,1,1,10
902,47,2,5
902,51,1,5
903,8,1,20
903,7,1,0
904,8,2,0
904,1,2,5
905,10,1,0
905,15,1,20
905,2,1,0
905,2,1,10
906,9,2,10
907,13,1,10
907,43,2,0
907,45,3,5
908,42,1,5
908,27,2,20
908,56,1,0
909,14,1,5
909,33,1,10
909,32,1,0
910,2,2,0
910,38,1,10
911,19,1,0
911,35,1,10
911,26,1,0
912,26,1,0
912,52,1,10
912,21,1,0
912,6,1,20
913,1,1,10
913,11,2,0
914,9,1,10
914,48,1,5
914,2,1,10
914,2,1,0
915,3,1,0
916,13,1,10
916,11,1,20
916,39,1,0
916,54,2,10
917,1,1,10
917,6,3,10
917,25,1,0
917,31,1,5
918,2,1,0
918,54,1,0
918,5,2,5
919,35,1,10
919,2,1,5
919,42,1,0
920,15,1,0
920,42,1,10
920,2,3,5
920,59,1,10
921,40,3,0
921,49,1,5
921,8,3,5
922,1,1,10
922,11,1,20
922,6,1,10
922,4,1,5
923,56,1,0
923,27,2,10
923,15,1,5
923,55,1,5
924,16,2,0
924,38,3,10
924,22,3,0
924,2,1,10
925,48,1,20
925,4,3,10
926,5,-1,0
926,14,2,20
926,17,1,0
927,11,1,0
927,7,1,0
927,33,1,5
927,12,2,5
928,1,1,5
928,35,1,5
928,50,1,5
928,6,2,20
929,7,1,20
929,5,2,0
930,47,1,0
930,1,1,0
931,6,2,5
931,24,1,0
931,17,1,0
932,33,1,0
932,2,1,20
933,6,2,10
933,3,1,0
933,3,2,10
933,37,1,0
934,56,1,0
934,1,2,0
935,9,1,20
936,45,1,0
936,17,1,10
937,4,1,10
937,1,2,0
938,5,3,5
938,10,3,0
938,1,1,20
938,16,1,5
939,48,1,10
939,2,1,20
939,4,1,20
939,3,1,0
940,57,2,0
940,48,1,0
941,3,1,0
941,16,2,5
942,27,2,0
943,58,2,10
943,3,1,10
943,40,1,20
943,41,1,5
944,31,1,5
945,14,1,20
945,60,3,20
945,51,1,10
946,12,2,5
947,20,1,0
947,1,2,10
947,1,2,0
947,39,1,10
948,10,1,0
948,29,3,10
949,23,1,0
949,47,1,0
950,23,1,10
951,18,1,5
951,28,2,0
951,2,1,5
952,3,1,20
952,31,1,5
952,23,1,10
953,13,1,5
953,2,1,0
954,3,1,20
954,3,1,20
955,2,2,10
955,43,2,10
955,45,2,10
956,7,1,10
956,3,2,0
957,14,1,0
957,60,2,0
957,1,1,10
958,51,3,0
958,17,1,10
958,16,1,5
959,2,3,0
959,9,1,0
959,4,1,0
960,45,1,0
960,26,3,10
960,40,1,20
960,41,1,0
961,26,1,10
962,30,2,5
962,35,1,20
962,31,1,5
963,16,1,10
963,19,1,5
963,60,1,10
964,60,2,0
964,25,1,5
964,4,1,20
965,2,1,10
966,10,1,10
966,40,1,0
966,9,1,0
967,7,1,20
968,29,1,20
968,12,3,5
968,21,1,10
968,38,1,10
969,39,1,10
969,21,1,0
969,50,2,10
969,46,1,20
970,2,1,10
971,30,1,0
971,30,3,10
972,6,1,5
972,7,1,5
972,23,3,10
972,55,1,20
973,5,1,20
973,47,1,0
974,7,1,5
975,27,2,5
975,9,1,20
975,40,1,0
975,36,1,0
976,45,1,0
976,53,2,0
977,2,1,20
977,8,2,20
978,2,1,0
978,40,1,5
978,9,1,10
979,38,1,0
979,55,1,5
979,24,1,0
980,16,1,20
980,3,1,20
981,20,1,5
981,8,1,0
982,51,1,20
983,39,1,0
984,54,1,5
984,56,1,0
984,34,1,0
985,8,3,5
985,8,1,5
985,5,1,0
986,50,1,0
986,26,1,0
986,13,1,10
987,9,1,5
988,38,1,10
988,39,1,0
988,31,1,10
989,3,2,10
989,5,1,0
989,58,1,5
989,40,1,5
990,8,2,10
991,5,1,20
991,53,1,5
991,10,3,0
991,18,2,5
992,50,3,10
992,32,1,0
993,31,1,5
993,6,1,5
993,38,2,20
994,36,2,20
995,15,3,0
995,14,3,0
995,21,3,20
996,51,1,5
997,14,1,5
997,51,1,5
997,31,1,5
998,4,1,5
998,20,3,0
998,2,1,10
999,35,1,20
999,2,1,0
999,3,2,10
999,22,1,5
1000,42,1,10
1000,19,1,0
1001,48,1,0
1001,55,2,10
1001,58,1,10
1001,19,1,5
1002,25,1,0
1003,25,2,5
1003,45,1,0
1003,12,3,10
1003,22,2,10
1004,30,1,20
1004,13,1,0
1004,53,1,10
1005,14,3,0
1006,24,2,5
1006,23,1,0
1007,26,1,10
1008,17,1,10
1008,1,1,20
1009,2,2,20
1010,35,1,0
1011,2,1,5
1011,4,3,5
1011,10,2,5
1011,10,1,10
1012,11,1,5
1012,13,1,0
1013,3,1,0
1013,2,1,5
1013,35,1,0
1013,4,1,0
1014,48,1,10
1014,3,2,10
1014,21,1,0
1015,50,1,5
1015,10,1,20
1015,44,3,10
1015,4,1,10
1016,17,1,10
1016,4,1,0
1017,46,1,10
1018,16,1,10
1018,29,3,10
1019,29,1,0
1019,20,1,5
1019,41,2,5
1020,9,2,5
1021,25,3,20
1022,56,1,10
1022,37,1,10
1022,34,1,5
1023,3,1,20
1023,2,1,0
1024,10,1,10
1024,6,1,10
1025,22,1,0
1025,25,1,0
1025,26,1,10
1025,31,1,10
1026,2,1,20
1026,15,1,5
1026,55,1,20
1026,20,1,10
1027,28,2,0
1028,34,3,10
1029,35,3,0
1029,50,1,20
1029,40,1,0
1030,5,3,10
1030,1,2,10
1030,42,1,0
1031,16,1,5
1031,26,1,20
1032,20,2,20
1033,58,2,0
1033,47,1,0
1033,26,2,10
1033,5,1,0
1034,26,3,10
1035,54,1,10
1036,3,2,0
1036,26,1,5
1036,52,1,0
1036,1,1,0
1037,12,1,5
1037,9,1,20
1038,9,3,5
1038,1,1,10
1038,34,2,10
1039,10,2,20
1039,3,3,20
1039,60,3,0
1039,37,1,0
1040,8,3,5
1041,3,1,5
1041,51,1,10
1041,41,1,5
1041,13,1,0
1042,44,2,5
1043,34,1,0
1044,1,3,5
1044,28,1,5
1044,41,2,5
1044,29,1,0
1045,25,1,0
1046,21,1,10
1046,5,1,10
1046,27,1,0
1047,6,2,20
1047,6,1,10
1048,6,1,0
1049,16,3,0
1049,16,2,20
1049,32,3,0
1049,13,3,0
1050,18,1,5
1051,6,1,5
1051,37,1,0
1051,1,2,0
1052,3,-1,0
1052,13,1,0
1053,10,1,20
1053,19,2,0
1053,2,3,10
1054,12,1,5
1054,39,-1,20
1055,19,1,20
1055,2,1,0
1056,10,1,10
1056,22,1,10
1056,11,1,0
1056,6,2,0
1057,7,2,5
1057,3,1,20
1058,15,2,20
1058,1,1,10
1058,40,1,0
1059,8,1,0
1059,54,1,0
1059,1,1,0
1059,48,3,0
1060,2,1,10
1060,37,1,20
1060,25,1,0
1060,29,2,5
1061,10,1,0
1061,1,3,20
1062,21,1,5
1062,14,3,5
1063,9,2,20
1063,11,1,20
1064,45,1,10
1064,3,3,10
1065,44,3,20
1065,1,1,0
1065,35,3,20
1065,11,1,0
1066,3,3,10
1066,7,1,5
1066,24,1,0
1067,40,1,0
1067,31,1,5
1067,13,1,0
1068,39,1,0
1068,5,1,0
1068,36,1,5
1068,23,1,0
1069,52,1,20
1069,37,1,0
1069,28,1,10
1070,7,1,5
1070,5,1,0
1070,1,1,10
1070,8,2,5
1071,9,1,0
1071,43,1,0
1072,1,1,0
1072,2,3,0
1072,15,1,0
1073,20,1,0
1073,9,3,0
1074,1,3,5
1074,16,1,5
1075,35,1,10
1075,23,2,0
1076,1,3,0
1077,1,2,0
1078,54,1,0
1078,56,1,0
1078,1,2,0
1079,29,1,10
1079,20,1,0
1079,34,1,5
1080,5,1,0
1080,3,1,0
1080,39,1,0
1081,16,1,0
1082,6,1,20
1082,13,1,20
1082,4,1,20
1083,54,1,0
1083,21,2,10
1084,17,2,10
1085,32,1,0
1085,1,1,20
1085,3,1,0
1085,52,1,20
1086,16,1,10
1086,58,1,10
1086,18,1,10
1087,15,1,5
1087,5,1,5
1087,18,2,10
1088,11,2,20
1088,3,1,0
1088,1,1,0
1088,36,2,10
1089,1,1,10
1089,1,1,0
1089,25,2,5
1089,14,1,5
1090,42,1,10
1090,24,1,0
1090,2,1,10
1091,21,1,20
1092,39,2,0
1092,31,1,0
1093,28,1,10
1093,55,2,0
1093,26,1,20
1094,7,1,20
1094,1,2,20
1094,15,3,0
1094,16,1,10
1095,1,2,10
1095,32,2,5
1095,12,2,5
1095,15,2,20
1096,1,1,0
1096,3,2,10
1097,18,1,10
1097,4,1,20
1097,50,1,0
1097,10,1,5
1098,38,1,5
1098,29,1,5
1098,3,1,10
1099,22,2,0
1099,24,1,0
1099,45,3,10
1100,19,2,10
1100,8,1,10
1100,20,3,5
1101,44,1,0
1101,3,1,10
1101,11,2,0
1102,20,1,0
1102,21,2,0
1102,56,3,0
1102,55,1,10
1103,12,1,0
1104,41,2,10
1104,1,1,0
1105,21,1,20
1105,4,2,10
1106,1,3,20
1106,52,2,5
1106,57,1,0
1107,57,1,5
1107,46,1,0
1107,4,1,5
1108,3,1,5
1109,1,1,5
1109,18,2,20
1110,56,1,5
1110,50,1,10
1110,33,1,5
1111,46,1,0
1111,54,1,0
1111,39,1,0
1111,55,3,10
1112,55,1,5
1112,13,1,20
1112,1,1,0
1113,6,1,0
1113,56,1,20
1113,6,1,10
1113,5,1,0
1114,28,2,0
1114,2,1,0
1114,48,2,10
1114,8,2,0
1115,47,1,20
1115,17,2,0
1115,17,1,5
1116,20,1,5
1116,15,1,5
1117,1,3,0
1117,43,1,5
1118,29,1,20
1118,6,1,0
1119,16,3,10
1119,41,1,0
1119,59,1,0
1119,11,1,0
1120,28,1,20
1120,33,1,0
1120,2,1,20
1121,7,2,20
1121,52,1,10
1121,15,1,0
1121,7,1,5
1122,23,1,0
1123,6,2,20
1123,41,2,0
1124,53,1,0
1125,29,2,10
1125,29,1,10
1126,9,2,0
1126,19,1,0
1126,42,1,0
1126,21,2,5
1127,2,1,0
1127,21,2,10
1127,2,2,20
1128,10,1,5
1129,55,2,5
1129,15,1,0
1129,50,1,10
1130,16,1,5
1130,12,2,10
1130,22,1,10
1131,26,2,5
1131,33,1,5
1131,7,3,0
1131,2,1,0
1132,17,2,0
1132,27,1,10
1132,3,1,0
1133,1,1,10
1134,37,1,0
1134,14,3,0
1134,30,2,0
1135,1,1,10
1135,43,1,20
1135,51,1,0
1135,2,1,0
1136,3,1,0
1136,21,2,0
1137,4,1,0
1137,7,2,0
1138,42,3,0
1138,36,1,0
1138,55,1,5
1138,49,1,20
1139,8,3,0
1139,59,2,5
1139,14,1,10
1140,21,1,0
1141,11,3,10
1142,23,1,5
1142,18,1,0
1142,8,1,10
1142,19,1,20
1143,33,3,10
1143,19,2,5
1144,44,3,10
1145,48,2,10
1146,13,1,20
1146,37,3,20
1146,52,1,0
1147,37,3,0
1147,16,1,5
1147,33,2,10
1147,14,1,0
1148,9,1,5
1149,27,1,5
1149,1,1,10
1149,4,1,0
1149,22,2,10
1150,13,1,10
1151,4,-1,0
1151,54,1,0
1151,60,1,10
1151,12,1,20
1152,33,2,10
1152,42,2,5
1152,6,1,10
1153,6,2,0
1153,28,2,0
1153,11,1,10
1153,8,2,5
1154,37,1,5
1155,46,1,0
1155,1,1,0
1155,12,1,5
1156,45,1,20
1157,35,1,10
1157,54,1,0
1157,22,-1,10
1157,38,1,20
1158,6,3,5
1159,3,2,0
1159,2,1,0
1160,48,2,20
1160,31,2,10
1160,13,3,5
1161,36,1,20
1162,46,1,0
1162,33,2,5
1162,1,1,20
1162,7,3,20
1163,2,1,0
1164,35,1,10
1165,51,2,5
1165,17,-1,0
1165,23,1,0
1165,36,1,0
1166,1,1,10
1166,11,1,0
1166,3,1,0
1167,20,2,0
1168,2,1,20
1168,54,1,0
1168,19,1,0
1169,49,1,5
1169,21,1,5
1169,42,1,5
1170,3,1,0
1171,7,3,0
1172,1,2,0
1172,60,2,0
1172,1,2,0
1172,1,2,10
1173,18,1,5
1173,52,2,0
1174,29,1,0
1174,3,1,5
1174,13,1,5
1175,12,1,0
1175,49,2,0
1175,13,1,10
1176,6,1,10
1176,7,1,0
1177,45,1,20
1178,21,3,20
1178,1,3,5
1178,35,1,0
1179,52,2,10
1179,51,3,10
1179,8,1,10
1180,8,1,20
1180,20,2,10
1180,7,1,0
1180,32,1,0
1181,39,1,20
1181,44,1,5
1181,31,1,5
1182,45,1,5
1183,43,1,0
1183,4,1,20
1183,44,1,5
1184,12,2,20
1185,3,1,0
1185,34,1,5
1185,30,1,0
1185,43,1,0
1186,2,2,10
1187,52,2,5
1188,6,1,20
1189,2,1,0
1190,19,2,20
1190,14,2,5
1190,7,1,0
1190,50,1,0
1191,1,1,5
1191,44,1,0
1191,2,1,5
1192,42,1,10
1192,6,3,5
1192,5,1,5
1193,11,2,5
1193,17,1,0
1194,4,1,5
1194,52,1,0
1194,8,3,0
1195,4,1,0
1196,42,2,0
1196,8,3,0
1196,51,1,20
1197,44,1,10
1197,10,1,10
1197,44,1,10
1198,15,2,5
1198,5,1,5
1199,5,1,0
1199,9,3,20
1199,47,3,5
1200,33,1,0
1201,29,1,10
1201,16,1,10
1201,40,1,5
1202,10,1,0
1203,4,1,0
1204,2,2,5
1204,48,3,10
1204,1,1,0
1205,59,1,10
1205,60,1,5
1205,6,2,5
1205,46,3,0
1206,15,1,5
1206,51,1,0
1207,12,1,10
1207,19,1,0
1208,36,2,5
1208,26,1,10
1208,5,1,0
1209,12,2,10
1210,17,1,5
1210,35,1,20
1210,1,1,20
1211,58,3,5
1211,14,3,10
1212,13,2,0
1212,47,2,10
1212,17,1,20
1212,24,2,5
1213,33,1,0
1213,8,1,10
1213,58,1,10
1214,43,1,5
1215,41,1,0
1215,2,1,20
1216,17,2,10
1216,18,3,5
1216,1,1,10
1216,34,1,0
1217,10,1,0
1218,12,1,5
1218,27,2,5
1219,26,2,10
1219,45,1,5
1219,49,3,5
1220,18,1,5
1220,40,1,0
1220,27,1,20
1220,5,1,0
1221,1,1,0
1221,2,2,10
1221,9,2,5
1222,13,1,10
1223,28,1,0
1223,17,1,0
1224,52,1,20
1224,3,1,5
1224,2,1,5
1225,54,1,5
1225,4,1,0
1225,39,1,10
1225,14,1,5
1226,6,2,10
1226,5,1,5
1227,49,1,0
1227,22,1,0
1227,38,3,0
1227,21,1,0
1228,2,1,10
1229,10,1,20
1229,20,2,20
1229,18,3,10
1229,39,1,0
1230,36,1,10
1230,28,2,0
1231,51,3,10
1231,58,1,5
1231,1,1,20
1231,55,2,10
1232,11,1,0
1232,38,1,0
1233,29,2,0
1233,10,1,10
1233,44,2,10
1234,2,1,0
1234,6,1,0
1234,39,2,10
1235,19,1,0
1236,2,1,10
1237,28,1,10
1237,13,1,10
1238,1,1,10
1238,1,1,10
1238,2,1,5
1239,10,3,20
1239,24,2,10
1239,32,1,5
1240,29,1,5
1240,2,1,10
1240,40,1,5
1241,41,1,0
1241,9,1,20
1241,37,3,10
1241,4,1,20
1242,3,1,10
1242,18,2,10
1242,2,1,0
1243,23,1,20
1243,20,1,0
1243,3,1,5
1243,30,2,0
1244,18,1,5
1244,2,1,5
1244,25,1,10
1245,14,2,5
1245,24,1,20
1245,25,1,10
1246,13,2,0
1246,3,1,0
1246,27,3,10
1246,59,1,10
1247,17,2,0
1247,40,3,0
1248,52,2,10
1248,27,1,0
1248,5,1,0
1249,30,2,10
1249,9,3,10
1250,4,1,10
1250,29,1,0
1251,32,2,20
1251,52,1,0
1251,33,2,5
1252,19,1,10
1253,27,1,5
1253,58,1,0
1253,25,3,5
1254,15,1,10
1254,26,2,5
1254,34,1,0
1255,47,1,0
1256,5,3,10
1256,2,1,0
1257,16,2,5
1257,36,2,0
1257,2,1,10
1257,50,1,20
1258,56,1,0
1258,59,1,10
1258,27,1,10
1259,35,1,20
1259,11,1,0
1259,52,1,20
1260,2,1,10
1261,10,2,20
1261,55,1,5
1261,19,1,5
1262,33,1,5
1263,19,1,20
1263,1,1,0
1263,6,2,0
1264,5,1,0
1265,4,1,0
1266,15,3,10
1266,38,1,10
1266,17,2,10
1267,43,3,0
1267,7,1,5
1268,10,1,10
1268,43,1,20
1268,34,3,20
1268,1,2,5
1269,18,1,0
1270,1,1,5
1270,38,1,5
1271,17,1,0
1271,28,1,10
1272,12,1,0
1272,1,1,10
1273,3,1,10
1273,6,1,10
1274,1,1,20
1274,9,3,0
1274,8,2,5
1275,39,1,20
1275,7,2,10
1276,49,1,20
1276,6,1,0
1276,12,2,0
1276,5,1,0
1277,32,1,0
1277,5,1,5
1277,8,2,5
1277,37,3,0
1278,22,1,5
1279,14,1,10
1279,54,1,0
1279,12,1,20
1280,30,1,20
1281,35,2,5
1281,51,1,10
1282,11,1,10
1283,10,2,20
1283,1,2,5
1284,4,1,10
1284,9,1,5
1284,9,1,10
1284,1,2,10
1285,2,1,20
1286,7,1,10
1286,8,1,5
1286,1,1,10
1286,24,1,10
1287,6,1,5
1287,14,1,5
1287,34,1,5
1287,6,2,0
1288,30,1,5
1289,44,1,0
1289,57,1,0
1290,22,1,5
1290,12,2,0
1290,10,1,0
1290,11,3,0
1291,7,3,5
1291,21,1,0
1292,5,2,0
1292,4,1,10
1293,2,1,0
1293,33,3,5
1293,22,1,0
1293,27,1,0
1294,43,2,10
1294,35,3,5
1294,16,1,0
1294,4,1,10
1295,1,1,10
1295,19,2,0
1295,4,1,0
1296,26,1,10
1296,13,2,0
1296,5,1,5
1297,26,1,5
1297,32,1,0
1297,12,1,0
1297,11,1,20
1298,9,3,10
1298,2,1,10
1298,42,1,10
1298,5,3,10
1299,6,3,5
1299,4,2,5
1300,40,2,5
1300,16,2,0
1300,1,1,0
1300,5,2,20
1301,7,1,0
1301,4,1,0
1302,13,1,10
1302,49,2,20
1303,1,2,5
1303,3,1,0
1304,10,1,0
1304,14,2,0
1304,4,2,20
1305,18,1,10
1305,12,1,10
1306,52,1,0
1306,1,2,10
1306,52,2,0
1307,33,1,10
1307,3,2,10
1307,17,2,5
1307,49,2,10
1308,6,1,0
1308,19,1,10
1309,46,1,0
1309,2,1,0
1309,28,1,10
1309,4,2,0
1310,1,2,0
1311,40,1,0
1311,27,1,5
1312,46,1,5
1312,58,2,10
1312,4,2,20
1313,6,1,10
1313,1,3,0
1314,24,1,0
1314,11,2,10
1315,3,1,10
1316,6,1,20
1317,26,1,0
1317,8,3,0
1317,12,3,20
1318,1,1,20
1319,5,1,0
1320,17,1,10
1321,19,2,5
1321,6,1,0
1321,44,1,10
1321,57,1,0
1322,38,1,10
1323,1,1,0
1323,16,3,0
1323,4,1,0
1323,32,2,0
1324,2,1,20
1325,3,1,0
1326,2,1,0
1327,20,1,5
1327,3,1,5
1328,31,1,10
1328,2,1,0
1329,12,1,0
1329,47,1,5
1329,9,1,20
1330,20,1,0
1331,22,1,5
1331,24,2,0
1331,7,1,5
1331,4,2,5
1332,44,1,5
1333,56,1,0
1333,52,1,0
1333,1,1,0
1333,5,1,0
1334,30,3,10
1334,4,1,10
1335,45,2,0
1335,45,1,0
1335,4,1,5
1335,36,1,0
1336,10,3,0
1336,34,1,10
1337,26,1,5
1337,5,1,10
1337,32,2,10
1338,10,1,10
1338,17,1,0
1338,7,1,5
1338,1,2,10
1339,13,1,0
1339,1,2,10
1339,4,1,5
1340,51,1,10
1341,48,3,20
1341,19,1,10
1341,22,1,10
1342,21,2,0
1342,41,3,10
1343,21,2,20
1343,22,2,0
1343,21,1,10
1343,17,1,10
1344,22,2,5
1345,53,3,10
1345,8,1,0
1346,54,2,10
1346,22,1,0
1346,11,1,0
1347,2,2,20
1347,58,2,10
1347,15,3,5
1347,39,1,0
1348,28,1,0
1349,2,1,0
1349,3,1,5
1349,35,1,5
1349,21,3,10
1350,9,3,20
1350,5,1,5
1350,50,1,0
1351,4,2,0
1351,53,2,5
1351,32,2,5
1351,8,1,10
1352,24,1,5
1352,30,2,5
1352,10,1,5
1352,30,1,0
1353,16,1,20
1353,5,1,0
1353,49,1,10
1354,5,1,5
1354,36,1,20
1354,14,1,0
1354,10,1,10
1355,2,1,10
1356,24,1,20
1357,25,2,20
1358,42,1,20
1358,58,1,0
1359,1,2,20
1360,27,3,5
1360,4,1,0
1360,36,1,5
1361,33,2,5
1361,1,2,10
1362,1,1,10
1362,57,1,20
1362,1,1,0
1362,8,1,20
1363,39,2,5
1363,19,2,10
1364,6,1,0
1364,59,1,20
1365,31,3,10
1365,14,1,20
1365,47,1,10
1365,44,1,20
1366,17,1,0
1366,35,1,5
1366,7,1,0
1366,3,1,10
1367,5,2,0
1367,44,1,20
1367,5,2,20
1368,1,1,10
1369,21,1,0
1369,5,1,0
1369,14,1,0
1370,54,1,20
1371,36,1,0
1371,2,3,5
1372,49,1,20
1372,1,1,10
1373,11,1,10
1373,23,3,20
1374,28,2,10
1374,53,1,0
1374,14,2,10
1374,14,2,0
1375,28,3,0
1375,1,2,0
1376,30,1,20
1376,12,1,10
1376,5,1,10
1376,6,1,10
1377,2,1,10
1377,10,1,5
1378,29,1,0
1378,42,2,5
1378,8,2,20
1378,18,1,0
1379,23,1,10
1379,19,1,0
1379,51,1,0
1380,26,3,10
1380,53,2,5
1381,36,1,0
1381,3,1,0
1382,3,1,10
1382,40,1,0
1382,49,1,10
1383,36,1,0
1383,6,-1,10
1383,17,1,5
1383,6,1,0
1384,6,1,20
1385,45,1,20
1385,56,2,0
1385,10,1,10
1385,4,1,0
1386,2,1,5
1386,8,3,0
1386,27,3,5
1386,10,1,5
1387,55,1,0
1388,2,1,5
1388,15,1,5
1388,30,1,10
1389,12,1,0
1389,33,2,0
1390,15,1,5
1390,38,1,0
1391,7,2,20
1391,47,2,10
1391,4,1,5
1391,6,3,0
1392,6,2,5
1392,2,1,0
1393,11,2,0
1393,41,1,5
1393,32,1,10
1393,56,2,10
1394,15,1,5
1394,19,1,10
1395,3,1,0
1396,6,1,0
1396,52,2,0
1396,60,3,0
1396,31,1,10
1397,9,2,20
1397,47,1,5
1397,30,1,0
1397,6,1,5
1398,16,1,10
1398,17,1,20
1398,56,1,5
1398,1,3,0
1399,1,1,0
1400,2,1,20
1400,44,1,5
1400,3,2,0
1400,5,1,0
1401,8,1,5
1401,6,1,10
1401,51,1,10
1401,57,3,0
1402,11,2,0
1402,22,1,20
1402,8,2,5
1403,56,1,20
1403,10,1,0
1403,54,2,0
1404,3,3,0
1404,9,2,20
1405,1,1,20
1406,16,2,20
1406,1,1,0
1406,3,2,10
1407,11,3,0
1407,53,1,0
1408,5,1,10
1409,1,1,10
1410,37,2,0
1410,30,2,0
1410,53,1,20
1410,45,2,10
1411,53,1,10
1412,36,1,10
1412,47,1,5
1413,35,1,0
1414,22,1,5
1414,2,2,0
1414,17,1,10
1415,34,1,5
1415,15,2,10
1416,51,3,0
1416,53,1,10
1416,12,1,10
1416,23,2,10
1417,7,1,5
1418,22,1,5
1419,3,1,10
1419,30,1,20
1419,60,1,5
1420,9,1,20
1420,2,1,5
1420,1,1,10
1420,24,1,20
1421,40,1,0
1421,2,1,10
1421,19,1,0
1421,25,1,0
1422,37,1,0
1422,30,2,0
1423,46,1,5
1423,49,1,20
1423,7,3,5
1423,8,3,0
1424,1,1,5
1424,58,1,10
1425,32,3,0
1425,57,1,10
1425,1,2,20
1426,13,1,0
1427,60,1,10
1428,23,1,0
1428,34,1,0
1428,50,1,20
1429,10,1,10
1429,9,1,10
1430,49,2,20
1430,30,2,0
1431,12,2,0
1432,2,1,0
1432,32,1,0
1432,38,1,0
1432,1,1,20
1433,15,1,5
1433,8,1,0
1434,33,1,0
1434,57,2,0
1435,5,1,0
1436,4,1,10
1437,2,3,5
1437,50,1,0
1437,26,3,10
1438,19,1,5
1438,21,1,0
1439,17,1,20
1440,53,2,0
1440,33,1,10
1440,33,3,0
1440,2,1,20
1441,59,1,5
1441,18,1,0
1442,1,2,20
1443,40,1,5
1443,33,1,0
1443,32,3,0
1443,12,3,0
1444,19,1,20
1444,33,1,0
1445,1,1,10
1445,8,1,0
1446,47,2,5
1446,4,3,20
1446,10,1,5
1446,2,1,10
1447,7,1,20
1448,16,1,0
1449,48,1,10
1449,31,1,10
1450,23,1,10
1450,36,3,20
1450,23,2,20
1450,2,1,10
1451,24,1,0
1451,39,1,0
1452,40,2,10
1452,4,1,5
1452,27,1,10
1453,4,1,0
1453,2,1,20
1454,1,1,5
1454,20,1,5
1454,1,1,0
1455,1,1,20
1456,18,1,0
1456,47,1,10
1456,44,1,5
1456,16,2,20
1457,2,1,0
1457,20,3,0
1457,3,1,20
1458,3,2,5
1458,3,1,10
1458,21,3,5
1458,5,1,10
1459,14,1,0
1459,19,1,20
1459,57,1,5
1460,2,1,10
1461,10,1,0
1461,51,3,0
1461,12,1,5
1461,23,2,5
1462,42,1,0
1463,35,3,20
1464,30,2,10
1464,5,1,10
1464,29,1,10
1464,39,1,5
1465,13,1,0
1465,50,2,5
1466,22,1,10
1466,39,1,0
1467,2,1,0
1468,4,1,0
1468,46,2,5
1468,1,1,0
1469,1,1,0
1469,55,2,5
1469,1,1,20
1469,24,2,5
1470,20,1,0
1470,22,2,0
1470,28,2,20
1471,2,1,0
1472,43,2,10
1472,26,1,10
1472,33,1,0
1472,31,1,10
1473,16,1,5
1474,2,1,0
1474,16,1,20
1474,28,3,5
1474,18,1,10
1475,1,1,10
1475,54,1,20
1475,1,1,10
1476,5,1,10
1476,50,1,0
1476,2,1,20
1477,31,2,0
1477,23,1,20
1478,1,1,20
1478,20,2,0
1478,18,1,10
1478,42,1,10
1479,1,1,10
1479,10,2,10
1479,37,1,0
1479,35,3,5
1480,21,2,0
1481,51,1,20
1481,59,1,10
1481,8,1,0
1481,5,1,10
1482,10,1,0
1482,60,1,10
1482,2,1,10
1483,21,1,5
1483,1,1,5
1483,2,1,5
1483,23,3,0
1484,32,1,0
1485,50,1,0
1486,18,1,10
1486,27,2,0
1486,47,2,10
1486,2,1,5
1487,39,2,10
1487,1,2,0
1488,2,2,5
1488,2,1,0
1489,21,1,5
1489,49,3,20
1489,2,2,5
1490,29,2,20
1490,44,2,0
1491,12,3,0
1491,2,1,0
1491,16,3,0
1492,2,2,20
1492,16,1,5
1492,42,1,20
1493,50,1,0
1493,26,1,0
1493,11,1,5
1493,15,1,0
1494,7,1,5
1494,1,1,0
1494,37,1,0
1494,8,1,0
1495,10,1,0
1496,25,1,5
1497,26,1,10
1497,10,1,0
1497,4,1,0
1498,2,1,5
1498,50,1,0
1498,1,1,20
1499,57,1,0
1499,7,1,5
1500,10,2,20
1500,18,1,0
1500,31,2,10
1500,2,1,0
1501,42,2,0
1501,34,2,5
1501,19,1,10
1501,20,1,20
1502,1,1,5
1502,16,1,20
1502,9,1,5
1503,12,2,10
1503,56,1,5
1504,47,1,0
1505,21,1,0
1505,7,1,10
1505,7,3,10
1505,34,1,10
1506,52,1,0
1506,2,1,0
1507,51,1,10
1507,20,1,10
1507,1,1,0
1507,1,2,0
1508,38,1,0
1509,23,2,10
1510,9,2,20
1510,30,1,5
1511,33,1,0
1511,58,1,0
1512,10,1,10
1512,32,2,10
1512,23,1,0
1513,37,1,20
1514,55,1,0
1514,1,1,20
1514,14,3,0
1515,5,1,0
1515,25,1,20
1516,40,2,20
1516,49,1,5
1516,40,1,5
1517,31,2,10
1518,6,1,20
1518,35,2,5
1518,11,2,0
1518,16,3,20
1519,44,1,5
1519,23,1,0
1520,29,2,10
1521,50,1,0
1522,10,1,0
1522,5,1,5
1522,35,1,10
1523,22,1,0
1523,29,1,20
1524,58,2,0
1525,55,3,0
1525,6,1,0
1525,17,1,10
1526,14,1,5
1527,44,1,10
1527,6,1,5
1527,2,3,20
1527,37,1,10
1528,55,1,20
1528,2,1,5
1528,1,3,10
1529,40,1,5
1529,48,2,0
1529,16,1,5
1530,22,1,0
1531,18,1,10
1531,32,1,0
1531,31,1,5
1532,1,1,0
1532,16,2,5
1533,6,1,5
1534,9,1,0
1534,17,1,0
1534,9,1,0
1534,3,1,0
1535,10,1,0
1535,38,1,0
1536,26,1,0
1536,7,1,0
1536,44,1,5
1537,52,1,0
1537,7,1,20
1538,37,1,0
1538,1,1,0
1538,55,1,10
1538,1,1,0
1539,49,1,0
1539,20,3,5
1540,9,1,5
1540,59,1,5
1541,38,2,0
1541,35,2,20
1541,31,3,0
1541,29,3,10
1542,27,3,10
1542,42,1,0
1542,5,3,10
1542,2,1,0
1543,20,1,0
1544,50,2,0
1544,25,1,5
1544,25,1,10
1545,38,1,0
1545,31,1,10
1545,3,2,0
1545,5,1,0
1546,10,2,20
1547,45,2,0
1547,31,1,5
1547,33,1,0
1547,7,1,5
1548,29,1,5
1548,29,1,5
1548,38,1,10
1549,57,2,5
1549,48,1,5
1550,29,1,5
1551,23,1,0
1551,55,1,20
1552,12,2,0
1552,15,2,10
1553,6,1,10
1553,36,3,0
1553,21,1,10
1554,14,1,0
1555,5,1,20
1555,16,1,5
1555,26,2,20
1555,32,3,0
1556,51,2,5
1557,13,2,0
1557,8,1,10
1557,36,1,10
1558,13,1,5
1558,26,1,10
1558,29,1,0
1558,1,1,0
1559,36,1,20
1559,52,1,20
1559,4,1,10
1559,30,3,10
1560,24,1,10
1560,6,1,10
1560,3,2,20
1561,3,2,0
1562,1,3,20
1563,12,1,20
1564,15,2,10
1564,19,2,20
1564,60,2,0
1565,3,1,5
1565,37,1,0
1565,55,1,10
1565,42,1,0
1566,10,1,0
1567,14,1,0
1567,19,1,5
1567,40,1,10
1568,4,1,5
1568,11,1,10
1568,15,1,10
1568,25,1,5
1569,32,1,0
1570,16,1,0
1570,32,1,10
1571,1,3,20
1571,19,1,5
1571,33,3,0
1572,2,1,0
1572,32,2,0
1572,33,1,0
1573,31,2,20
1573,58,1,0
1573,50,1,20
1574,46,3,0
1574,2,1,0
1575,56,1,0
1575,48,3,0
1575,23,1,0
1575,39,2,0
1576,39,1,0
1576,41,1,20
1576,31,1,0
1577,26,1,10
1577,22,2,20
1577,36,1,5
1577,43,-1,0
1578,18,1,5
1579,16,1,0
1579,48,1,0
1580,8,1,10
1580,1,1,10
1580,2,1,10
1580,16,2,20
1581,2,1,10
1581,60,1,10
1581,40,1,10
1582,8,1,5
1582,10,1,10
1582,13,1,0
1583,2,1,0
1583,5,1,10
1583,1,2,0
1584,33,2,10
1585,1,1,20
1585,5,2,10
1585,39,1,0
1586,16,2,20
1587,22,2,0
1587,32,2,0
1588,60,3,10
1589,6,1,5
1589,14,1,0
1590,26,2,0
1591,24,2,0
1591,1,1,20
1591,1,1,10
1592,29,1,5
1593,2,1,10
1593,28,3,10
1593,30,2,20
1594,48,2,0
1594,17,1,20
1594,43,1,0
1594,12,2,0
1595,52,1,0
1595,2,1,10
1595,19,1,10
1596,49,1,0
1596,19,1,10
1596,41,1,0
1597,16,1,10
1597,13,1,10
1597,24,1,0
1598,51,1,20
1598,50,1,0
1598,34,1,10
1599,20,1,10
1600,18,1,5
1600,14,3,0
1600,54,1,20
1601,37,3,0
1601,7,1,0
1601,51,1,0
1601,2,3,5
1602,2,1,0
1602,28,2,0
1602,18,1,10
1603,9,1,0
1604,16,1,10
1604,17,1,5
1604,31,1,10
1605,5,1,5
1605,34,1,5
1605,25,1,0
1605,1,1,0
1606,19,1,20
1606,2,3,20
1606,18,1,10
1606,8,1,0
1607,19,1,10
1607,12,1,10
1608,13,1,0
1608,11,1,20
1608,39,1,0
1609,12,1,20
1609,15,1,0
1609,37,1,5
1609,28,1,0
1610,4,2,0
1611,40,1,20
1612,28,1,0
1613,19,1,10
1613,23,3,0
1613,23,1,10
1613,17,1,10
1614,4,1,0
1615,14,1,5
1616,4,3,10
1617,48,1,10
1617,59,2,5
1617,42,1,10
1618,42,2,20
1619,4,1,10
1620,8,2,0
1620,11,1,10
1621,20,1,0
1621,27,1,0
1622,6,1,0
1623,22,1,0
1623,34,3,0
1623,5,1,5
1623,50,1,10
1624,17,2,10
1624,41,1,0
1624,13,1,20
1625,16,1,10
1625,43,1,0
1625,7,1,0
1626,3,1,10
1626,55,1,0
1626,22,2,10
1626,10,1,0
1627,18,1,0
1627,21,1,0
1627,34,2,5
1628,46,1,0
1628,9,1,5
1629,17,1,10
1629,2,2,10
1629,40,2,5
1630,12,1,0
1631,7,1,0
1631,32,2,20
1631,29,1,0
1632,1,1,0
1632,42,1,0
1632,8,1,20
1633,38,-1,0
1633,16,1,0
1633,6,1,10
1633,52,1,0
1634,11,1,10
1634,54,1,0
1635,45,1,10
1636,13,1,0
1636,36,1,20
1637,33,1,10
1637,3,1,5
1638,19,1,0
1638,18,1,0
1638,5,1,20
1638,44,1,20
1639,9,2,0
1639,58,1,10
1639,12,1,10
1639,1,1,0
1640,24,1,0
1640,40,2,10
1641,26,1,5
1641,1,2,0
1641,41,2,0
1641,35,1,0
1642,5,1,5
1642,36,1,5
1643,1,1,5
1643,35,3,0
1643,11,1,0
1644,21,2,20
1645,10,1,0
1646,18,1,20
1646,35,1,10
1646,1,2,5
1646,50,1,0
1647,16,1,0
1647,15,1,0
1647,13,1,5
1648,57,2,10
1648,36,1,5
1648,44,3,10
1649,9,1,10
1650,52,2,0
1651,20,2,10
1651,55,1,0
1651,4,2,5
1651,52,2,10
1652,2,3,0
1652,16,1,5
1652,3,1,0
1652,40,1,5
1653,5,1,10
1653,12,2,5
1653,6,1,10
1653,50,1,10
1654,41,1,20
1654,22,1,5
1654,38,1,0
1654,5,1,0
1655,24,1,10
1656,15,2,10
1656,12,1,0
1657,18,3,0
1657,4,1,10
1658,3,1,10
1659,31,1,0
1659,9,2,10
1659,1,1,0
1659,24,1,10
1660,12,1,0
1660,4,2,20
1660,50,1,5
1661,31,1,5
1661,57,3,20
1662,58,2,0
1662,1,1,5
1662,49,1,20
1663,21,1,20
1664,9,1,0
1664,58,3,5
1664,60,1,0
1664,21,1,10
1665,10,1,0
1665,9,1,10
1665,21,1,0
1666,23,1,0
1666,15,1,0
1667,21,2,5
1667,10,1,5
1667,45,2,10
1668,22,1,0
1668,11,1,5
1669,45,3,0
1669,36,1,10
1670,34,1,10
1670,2,1,20
1671,7,2,10
1672,15,1,0
1672,2,2,10
1672,1,2,5
1673,7,1,0
1674,16,3,0
1674,11,3,20
1675,46,2,20
1675,38,1,0
1675,40,2,5
1675,3,1,20
1676,46,1,0
1676,58,1,5
1676,13,3,10
1677,19,2,0
1677,14,1,0
1678,5,1,10
1678,5,2,5
1678,9,1,0
1679,11,1,5
1680,2,1,10
1680,2,2,0
1680,26,1,0
1680,26,1,5
1681,4,3,10
1682,6,-1,5
1683,20,-1,10
1683,30,1,10
1683,55,1,10
1683,51,1,10
1684,8,1,10
1684,8,1,10
1685,12,2,20
1686,48,2,0
1687,5,1,5
1687,37,2,0
1688,8,1,0
1688,19,1,5
1688,16,1,0
1688,35,1,10
1689,30,1,0
1690,20,1,20
1690,24,1,10
1690,26,2,10
1691,43,2,10
1692,8,2,0
1692,15,1,10
1692,27,2,20
1692,57,2,0
1693,38,1,10
1693,39,2,0
1694,3,1,0
1694,33,1,0
1694,2,1,20
1695,1,1,10
1695,15,2,5
1695,38,1,20
1696,37,1,0
1696,5,1,0
1696,6,1,5
1697,44,3,5
1697,33,1,20
1698,33,2,20
1698,4,1,10
1698,52,2,5
1698,49,1,0
1699,10,3,10
1699,30,1,5
1700,47,1,0
1700,37,2,10
1701,19,1,20
1701,3,2,0
1701,5,1,0
1702,7,1,20
1702,4,2,0
1703,32,1,0
1704,5,1,10
1704,4,1,10
1704,11,3,20
1704,1,3,10
1705,39,1,5
1706,40,2,5
1707,30,1,20
1707,1,2,20
1707,4,1,5
1708,56,1,0
1709,25,3,5
1709,12,2,0
1709,29,1,5
1710,1,1,0
1710,29,1,20
1711,59,1,5
1711,4,1,0
1711,13,1,5
1712,9,2,20
1713,5,2,10
1714,19,3,0
1714,56,1,0
1715,19,1,10
1716,1,2,0
1716,39,1,5
1716,35,1,0
1716,36,1,0
1717,57,1,5
1717,47,1,0
1718,18,1,0
1718,17,3,0
1719,1,1,0
1719,28,1,5
1720,11,3,0
1720,35,2,0
1721,23,2,10
1721,15,1,20
1721,23,1,10
1721,7,1,0
1722,13,3,0
1722,9,1,0
1723,43,1,5
1723,3,1,0
1724,30,2,0
1724,3,1,0
1724,15,1,0
1725,7,1,0
1725,52,1,0
1725,24,1,10
1726,23,1,0
1726,32,1,5
1726,26,3,5
1726,2,2,0
1727,24,2,0
1728,41,1,5
1729,55,2,0
1729,3,1,0
1729,2,1,0
1729,45,2,20
1730,4,1,0
1730,1,1,5
1730,26,1,0
1731,9,1,20
1731,53,1,10
1732,1,1,20
1732,16,2,0
1732,2,1,20
1733,36,2,20
1733,59,1,10
1733,36,1,10
1734,6,1,5
1734,1,1,0
1734,1,1,5
1735,32,1,10
1735,28,1,0
1735,30,2,5
1736,51,3,0
1736,2,1,0
1736,41,1,10
1736,30,1,10
1737,16,2,20
1737,1,2,5
1738,14,1,10
1738,6,1,5
1739,41,1,0
1740,31,3,10
1741,15,1,5
1741,36,2,0
1742,11,1,10
1742,19,1,5
1743,3,1,0
1743,20,1,10
1743,55,1,0
1744,52,1,10
1744,16,1,0
1744,17,2,0
1744,6,1,0
1745,43,1,5
1745,2,2,10
1746,60,1,10
1746,29,1,0
1747,10,1,5
1747,28,1,0
1747,48,1,0
1748,38,1,20
1748,3,1,0
1749,18,1,5
1749,21,1,20
1749,19,3,10
1750,2,1,10
1750,2,1,0
1751,47,1,20
1751,4,1,0
1752,5,2,5
1752,12,1,0
1752,42,3,20
1752,9,1,10
1753,6,1,10
1754,60,1,0
1754,48,1,10
1755,1,1,5
1756,19,1,10
1756,20,1,5
1756,16,1,10
1756,9,2,0
1757,33,3,0
1757,12,2,0
1757,38,1,5
1758,1,3,0
1758,7,1,0
1758,9,1,0
1759,1,1,5
1759,6,1,0
1759,30,1,0
1760,4,1,0
1760,36,2,0
1760,59,1,0
1760,18,2,0
1761,4,2,20
1761,24,1,0
1761,10,1,0
1762,1,2,5
1762,18,2,20
1763,26,1,20
1763,2,1,0
1763,12,1,10
1763,22,-1,0
1764,9,1,20
1765,35,3,5
1766,1,-1,0
1766,17,1,0
1767,55,2,0
1767,44,3,10
1767,44,2,5
1768,3,1,5
1768,3,2,5
1769,33,2,0
1769,36,1,10
1769,5,3,0
1770,7,2,0
1770,38,1,5
1770,12,1,0
1770,32,1,20
1771,16,2,5
1771,53,1,20
1771,37,1,0
1772,28,2,5
1772,1,1,5
1772,53,1,10
1772,22,1,0
1773,3,1,20
1773,25,1,20
1773,35,1,0
1774,55,3,0
1774,9,3,0
1774,10,1,0
1774,36,1,0
1775,54,1,10
1775,58,1,0
1776,21,1,5
1777,8,3,5
1778,4,1,20
1778,1,1,20
1778,47,1,20
1779,57,2,10
1779,37,1,10
1779,39,2,10
1779,27,1,10
1780,49,2,0
1780,10,1,0
1781,19,2,0
1781,3,3,0
1781,37,1,20
1781,49,1,10
1782,2,1,20
1783,6,1,0
1783,35,1,10
1784,3,1,0
1784,9,1,0
1784,1,1,10
1785,11,1,0
1786,57,1,10
1787,14,1,0
1787,13,1,5
1788,58,1,5
1788,26,1,5
1788,2,1,0
1789,55,1,10
1789,30,1,10
1789,30,2,0
1789,34,2,5
1790,8,2,0
1790,59,1,10
1790,40,2,5
1790,3,2,0
1791,19,1,10
1791,1,1,20
1791,1,1,10
1791,30,1,0
1792,9,1,10
1792,11,1,10
1792,38,1,5
1793,13,3,20
1793,33,1,0
1793,34,1,0
1794,33,1,5
1794,13,3,20
1795,17,1,10
1795,14,1,10
1795,8,1,5
1795,1,2,0
1796,2,1,0
1796,1,2,0
1797,8,3,0
1797,21,1,0
1797,28,2,10
1798,5,1,5
1798,9,1,0
1798,55,1,0
1799,16,2,0
1799,15,1,0
1799,31,2,0
1800,37,3,0
1801,9,1,5
1801,14,1,0
1802,7,1,0
1803,27,1,5
1803,56,1,0
1803,5,1,0
1804,59,1,10
1804,34,2,0
1804,52,1,10
1805,23,2,10
1805,28,1,0
1805,37,3,20
1805,16,1,10
1806,40,1,0
1807,30,1,20
1807,33,1,0
1808,23,1,0
1808,8,1,5
1808,51,2,0
1809,55,1,20
1809,2,1,10
1809,8,1,0
1809,2,2,20
1810,5,1,20
1811,1,3,0
1812,7,2,0
1812,38,1,20
1813,2,1,0
1814,43,1,10
1814,20,1,0
1815,22,1,10
1815,1,2,5
1815,14,1,5
1815,36,1,10
1816,18,1,20
1816,25,2,20
1816,7,1,0
1816,7,2,10
1817,5,3,10
1817,1,1,10
1817,13,1,10
1817,43,1,0
1818,50,3,10
1818,20,1,5
1819,21,1,0
1819,5,1,20
1819,24,1,0
1819,19,1,0
1820,22,1,0
1820,26,1,10
1820,59,1,5
1821,15,1,20
1821,19,1,10
1821,18,1,0
1821,17,1,0
1822,44,1,10
1823,5,1,10
1823,55,2,5
1823,5,1,10
1824,52,1,10
1824,12,1,20
1824,1,1,5
1825,30,2,10
1825,49,2,20
1825,32,1,10
1826,2,1,5
1826,10,1,0
1827,2,1,0
1827,60,2,10
1827,4,1,10
1827,46,1,0
1828,2,1,0
1828,1,1,10
1829,43,1,0
1829,15,2,0
1829,20,2,0
1830,29,1,5
1830,4,2,5
1830,14,1,20
1830,3,1,20
1831,6,1,10
1831,35,2,10
1831,24,1,0
1831,3,2,10
1832,16,-1,10
1832,2,2,0
1832,19,1,0
1832,13,1,5
1833,1,1,0
1833,23,1,0
1834,1,1,10
1834,3,1,5
1834,17,2,0
1835,1,3,0
1835,53,1,0
1836,7,2,10
1836,5,1,10
1836,54,1,10
1836,4,1,10
1837,3,3,20
1837,43,1,0
1837,1,1,20
1837,1,3,20
1838,34,1,10
1838,47,2,0
1838,8,1,0
1839,25,3,10
1839,47,2,20
1839,19,3,10
1840,54,1,5
1840,2,3,0
1840,6,1,0
1840,25,1,5
1841,2,2,20
1841,1,2,0
1841,1,1,10
1842,47,2,20
1842,18,1,10
1842,57,1,5
1842,5,1,5
1843,15,1,5
1843,1,1,20
1844,10,1,5
1844,41,1,10
1844,34,1,5
1844,41,1,10
1845,54,1,0
1845,24,1,20
1845,51,1,0
1846,6,1,10
1846,20,1,0
1847,28,1,0
1847,18,1,20
1847,27,2,10
1848,19,1,20
1849,55,1,0
1849,38,1,0
1850,25,1,0
1850,11,1,0
1850,5,1,0
1850,21,1,5
1851,12,1,10
1851,55,1,10
1851,17,1,0
1851,40,2,5
1852,14,1,20
1852,15,1,20
1853,1,2,0
1853,60,1,0
1853,7,1,0
1854,18,1,0
1854,58,1,5
1855,8,1,0
1855,1,3,20
1855,3,1,20
1856,31,1,0
1856,23,3,0
1856,13,3,5
1857,58,1,10
1857,57,1,0
1857,4,2,20
1857,22,1,10
1858,29,1,0
1859,2,2,0
1860,8,1,10
1860,4,1,0
1860,22,1,10
1861,35,3,0
1861,34,1,20
1862,2,2,10
1863,5,3,10
1863,32,2,20
1863,6,1,20
1864,44,3,0
1865,22,2,5
1865,2,2,5
1865,14,1,0
1866,42,1,0
1867,36,2,10
1868,25,1,5
1868,7,1,20
1868,51,1,0
1868,1,1,20
1869,8,1,0
1869,21,1,10
1869,10,1,20
1870,41,1,0
1871,27,1,5
1871,7,3,0
1871,17,3,0
1871,5,1,0
1872,10,1,5
1873,38,1,0
1873,12,1,5
1874,24,1,0
1874,24,1,0
1875,42,1,0
1875,9,1,0
1876,4,1,0
1876,57,1,20
1876,14,1,5
1876,1,2,10
1877,42,3,0
1877,1,1,0
1877,26,1,0
1878,13,2,0
1878,42,1,10
1879,54,1,5
1879,2,3,0
1879,4,3,5
1880,33,1,10
1880,28,1,0
1880,1,1,0
1880,9,1,5
1881,12,1,0
1881,5,3,0
1882,24,3,5
1883,11,2,0
1883,3,1,20
1884,51,1,10
1885,8,2,5
1885,1,1,5
1886,42,1,5
1887,43,1,10
1887,59,1,0
1888,3,1,0
1889,45,1,0
1889,15,1,5
1890,8,2,5
1890,7,1,20
1890,1,1,0
1890,6,1,5
1891,27,3,10
1892,1,1,5
1892,7,1,0
1893,1,1,20
1894,17,2,0
1894,51,1,20
1894,29,2,5
1895,2,1,5
1895,38,1,10
1895,22,1,10
1896,17,1,20
1896,54,1,0
1897,1,2,0
1897,1,1,5
1897,38,1,0
1898,44,1,10
1899,25,1,0
1899,8,1,5
1899,14,3,10
1899,32,2,0
1900,43,2,20
1900,55,1,20
1901,51,1,0
1901,37,2,0
1901,43,1,0
1901,23,1,10
1902,60,1,0
1903,3,1,0
1903,9,2,0
1903,37,2,10
1903,7,1,5
1904,2,1,20
1904,31,1,0
1904,2,1,0
1904,19,1,5
1905,3,1,5
1906,26,1,20
1906,1,1,5
1906,3,2,0
1907,37,1,10
1907,4,2,5
1907,23,1,10
1907,20,2,20
1908,17,1,20
1908,19,3,10
1909,2,2,20
1909,29,3,10
1910,7,2,5
1911,40,1,0
1912,15,2,10
1913,21,1,5
1913,48,2,0
1914,6,2,0
1914,1,1,10
1915,55,1,0
1915,7,1,5
1916,29,1,0
1917,50,3,0
1918,58,1,20
1918,10,2,10
1919,40,1,0
1919,21,1,0
1919,26,2,0
1919,19,2,10
1920,54,2,0
1920,55,1,10
1920,32,1,5
1921,26,2,10
1921,1,1,20
1922,3,1,10
1923,14,1,5
1923,1,1,20
1924,3,1,20
1924,7,1,10
1924,7,2,5
1925,13,1,0
1925,3,1,5
1925,38,1,5
1926,45,1,10
1926,49,1,5
1926,7,2,5
1926,1,1,10
1927,8,2,0
1927,20,2,20
1927,43,1,0
1928,48,1,20
1928,47,3,0
1928,2,2,10
1929,6,1,0
1929,39,3,0
1929,29,1,0
1930,12,1,20
1930,60,1,0
1931,10,1,0
1931,43,2,0
1931,20,2,0
1932,16,2,5
1933,3,1,0
1933,56,1,20
1934,21,1,0
1934,25,1,0
1934,38,1,0
1935,7,1,0
1935,2,1,0
1936,3,1,0
1936,29,1,0
1936,31,1,0
1936,9,2,10
1937,1,1,0
1937,4,2,10
1937,56,1,20
1938,48,1,0
1938,18,3,10
1938,3,3,5
1938,42,1,0
1939,18,1,0
1939,15,1,0
1939,26,1,5
1940,30,1,0
1940,7,1,5
1941,25,2,0
1941,3,2,5
1942,60,2,0
1942,20,1,0
1943,21,1,10
1943,59,1,20
1943,20,1,10
1943,20,1,10
1944,29,2,10
1944,24,1,0
1944,23,2,10
1944,1,1,0
1945,32,1,0
1945,17,3,0
1945,1,1,5
1946,4,1,0
1947,1,3,5
1947,9,1,10
1947,6,1,0
1947,57,1,5
1948,40,3,0
1948,7,1,5
1949,43,1,0
1949,31,1,0
1949,14,1,20
1950,50,2,20
1951,1,1,5
1951,23,1,10
1951,30,1,5
1951,42,1,10
1952,25,1,10
1952,20,2,0
1952,18,1,5
1953,14,1,0
1953,25,2,0
1953,5,1,0
1954,23,2,0
1954,14,1,5
1954,33,1,5
1955,32,1,0
1955,49,3,0
1955,6,1,5
1956,8,1,10
1956,27,1,0
1956,3,1,0
1957,30,1,0
1958,20,2,5
1958,2,1,20
1958,27,3,0
1959,19,1,0
1959,7,1,0
1959,11,1,5
1960,13,1,0
1960,55,2,0
1960,52,1,10
1960,3,1,0
1961,17,2,0
1961,5,1,5
1961,7,1,20
1962,25,1,0
1962,1,1,10
1962,45,3,0
1962,20,1,20
1963,39,2,0
1963,3,1,5
1963,34,1,0
1963,58,1,10
1964,22,1,5
1964,38,2,0
1964,36,2,0
1964,22,2,10
1965,35,1,5
1966,16,1,10
1967,32,1,0
1967,2,3,20
1967,21,1,0
1967,22,2,10
1968,16,1,5
1969,3,1,5
1969,14,1,10
1969,59,1,0
1969,9,1,0
1970,60,1,20
1970,37,1,0
1971,9,1,0
1971,27,1,0
1972,4,3,10
1973,2,1,10
1973,40,2,0
1973,37,1,0
1974,16,1,20
1975,33,1,0
1975,17,2,20
1975,28,1,20
1975,2,1,0
1976,25,1,10
1976,55,1,10
1977,1,3,0
1978,49,1,10
1978,11,1,5
1978,10,1,20
1978,32,1,0
1979,50,1,0
1980,3,1,5
1980,14,2,0
1981,2,1,0
1981,6,1,0
1981,22,3,10
1981,57,1,5
1982,10,1,5
1982,1,1,0
1982,36,2,5
1982,1,1,0
1983,8,1,0
1983,23,1,5
1983,1,2,10
1984,31,1,0
1984,9,3,20
1984,4,1,0
1984,1,1,0
1985,41,1,10
1985,3,1,0
1986,52,1,10
1986,2,2,0
1986,9,1,5
1987,52,1,0
1987,16,3,0
1988,1,1,10
1988,2,1,10
1988,13,3,10
1989,55,1,5
1990,1,1,20
1990,51,1,0
1990,14,1,0
1990,22,1,5
1991,14,1,20
1991,14,1,10
1992,27,1,20
1993,24,1,10
1993,30,1,0
1994,5,1,10
1994,46,2,10
1995,40,1,0
1996,2,2,10
1996,12,3,10
1997,7,1,5
1997,3,1,0
1998,31,3,0
1999,56,1,10
1999,2,1,0
1999,4,2,10
1999,21,1,10
2000,47,2,0
2001,51,2,0
2001,15,3,0
2002,7,1,10
2002,16,3,10
2002,39,1,0
2002,1,1,0
2003,41,1,0
2003,1,1,0
2003,14,2,10
2004,59,1,10
2005,49,1,0
2005,2,1,5
2005,38,2,10
2006,1,3,5
2006,52,2,0
2007,13,1,0
2007,48,1,20
2007,4,3,5
2007,37,1,5
2008,1,1,0
2008,29,1,10
2008,41,1,5
2009,15,2,0
2009,48,3,0
2009,53,2,20
2009,12,1,10
2010,46,2,0
2010,13,1,5
2010,35,1,0
2011,50,3,20
2012,29,2,0
2012,5,1,0
2012,2,3,0
2012,5,1,20
2013,7,1,5
2013,33,3,20
2013,45,1,0
2013,2,1,0
2014,59,2,20
2015,2,2,10
2015,23,2,20
2016,23,1,0
2016,43,1,0
2016,1,1,0
2016,15,1,5
2017,1,1,10
2017,16,2,10
2017,17,1,0
2018,1,2,0
2019,11,1,20
2019,17,1,0
2019,35,1,10
2019,23,1,10
2020,28,3,10
2020,36,2,10
2020,54,1,0
2020,13,3,0
2021,17,1,5
2021,60,1,10
2021,10,1,10
2021,32,2,20
2022,50,1,5
2022,4,2,0
2023,5,1,20
2023,21,1,0
2023,39,2,20
2024,22,2,0
2025,1,1,0
2026,18,1,5
2026,10,1,10
2026,10,2,20
2027,1,2,20
2027,54,1,10
2028,40,3,5
2028,1,3,10
2029,13,1,10
2029,2,2,0
2029,18,2,0
2030,5,1,0
2031,1,2,0
2032,44,2,10
2032,8,1,0
2032,42,1,20
2032,9,1,0
2033,45,1,5
2033,3,2,5
2033,14,1,5
2033,51,1,20
2034,8,2,10
2035,3,3,10
2035,23,1,10
2035,12,1,20
2036,2,1,5
2036,1,1,10
2036,45,1,10
2036,41,3,10
2037,3,1,0
2037,57,2,5
2037,2,2,10
2037,4,1,10
2038,40,1,10
2038,16,2,5
2038,11,1,10
2038,1,2,0
2039,37,1,10
2039,7,1,10
2039,50,1,0
2039,1,1,20
2040,5,1,0
2041,24,1,0
2042,20,1,10
2042,30,1,5
2043,20,2,20
2044,16,1,20
2044,11,3,0
2044,4,1,0
2045,37,1,0
2046,29,1,0
2046,10,1,0
2046,1,1,10
2046,25,2,20
2047,28,2,0
2048,59,1,0
2048,1,1,0
2048,1,2,5
2048,35,1,0
2049,60,1,20
2050,46,1,20
2051,40,3,10
2052,51,1,5
2052,14,1,0
2052,3,2,0
2053,6,1,20
2053,22,1,0
2053,1,3,5
2053,25,1,10
2054,32,2,0
2055,9,2,0
2056,29,1,0
2056,48,1,10
2056,18,1,5
2056,17,1,0
2057,43,1,0
2057,12,2,5
2057,40,1,5
2057,45,1,0
2058,5,1,0
2058,36,1,10
2058,5,1,0
2058,36,1,0
2059,10,1,0
2059,17,1,0
2059,3,1,5
2059,30,1,0
2060,54,2,20
2060,22,2,20
2061,27,1,0
2061,28,1,10
2061,16,2,20
2061,34,1,0
2062,41,2,20
2062,9,2,10
2062,54,3,20
2062,20,1,20
2063,32,1,0
2063,41,1,5
2063,1,1,10
2064,52,3,10
2064,42,1,0
2064,2,1,0
2065,1,1,5
2065,2,1,10
2066,49,1,5
2066,26,1,0
2066,1,1,10
2066,53,1,5
2067,30,1,0
2068,9,1,10
2068,32,2,10
2068,55,3,20
2069,2,2,20
2069,45,2,0
2069,22,1,5
2069,10,2,10
2070,27,2,5
2071,34,1,5
2071,49,1,10
2071,16,1,5
2072,38,2,10
2072,30,3,5
2073,2,1,10
2074,31,1,5
2074,27,1,0
2075,10,1,10
2075,1,3,10
2075,9,3,0
2076,40,2,0
2077,41,1,0
2077,15,3,20
2078,49,1,10
2078,40,2,5
2078,26,1,10
2078,44,1,20
2079,27,1,5
2079,22,3,10
2079,13,1,0
2080,7,1,0
2080,3,1,0
2080,24,1,20
2080,14,1,10
2081,10,1,10
2081,7,1,10
2081,30,1,0
2082,54,1,5
2082,8,1,5
2083,5,1,5
2084,16,1,5
2084,13,1,0
2085,36,1,10
2086,1,1,10
2086,20,1,0
2086,53,2,20
2086,59,1,5
2087,11,1,0
2087,1,1,5
2088,34,2,5
2089,6,1,20
2089,27,1,20
2089,16,3,0
2090,26,1,10
2090,10,2,0
2090,2,2,0
2090,56,2,10
2091,47,3,5
2091,35,1,10
2091,5,1,0
2091,51,2,0
2092,4,1,10
2092,11,1,20
2093,53,1,0
2093,10,1,0
2093,1,1,0
2094,29,2,0
2094,38,1,20
2095,15,1,10
2095,37,2,0
2095,30,2,0
2095,8,3,10
2096,5,1,0
2096,19,2,0
2096,8,1,0
2096,24,3,20
2097,59,2,0
2098,4,1,20
2098,23,2,0
2098,4,1,5
2098,1,3,0
2099,59,1,20
2100,38,2,0
2100,5,1,0
2100,5,1,0
2100,1,1,10
2101,23,2,20
2101,54,2,20
2102,7,1,0
2102,15,1,0
2102,5,1,20
2103,53,1,0
2103,57,-1,0
2104,16,3,0
2105,4,1,10
2106,38,1,0
2107,32,1,0
2107,3,1,0
2107,51,1,10
2107,55,2,10
2108,2,1,10
2108,2,1,20
2108,48,3,5
2108,6,2,5
2109,16,1,20
2109,16,3,5
2109,5,1,10
2109,20,1,20
2110,4,1,10
2110,56,1,10
2110,1,1,0
2111,29,2,10
2111,53,1,0
2111,20,1,20
2112,51,1,5
2112,44,3,0
2112,4,2,20
2113,3,1,10
2113,14,1,10
2114,14,3,0
2114,57,1,0
2114,19,1,5
2115,37,1,10
2115,1,3,10
2116,34,1,10
2117,45,1,5
2117,12,1,0
2117,17,1,10
2118,20,2,10
2118,5,1,10
2119,12,2,0
2120,16,1,10
2120,4,1,0
2120,59,1,10
2121,10,1,10
2122,17,1,20
2122,4,2,5
2122,55,1,20
2122,36,1,20
2123,2,1,10
2124,19,1,5
2124,13,3,5
2124,40,1,10
2124,3,1,10
2125,7,1,20
2126,36,2,5
2127,2,1,10
2128,42,1,0
2128,45,1,20
2128,9,2,10
2129,41,1,20
2129,5,1,0
2129,21,3,20
2129,3,1,10
2130,11,1,20
2131,4,2,10
2132,35,1,10
2132,21,1,10
2132,1,1,20
2133,48,1,10
2133,31,1,5
2133,1,3,5
2134,43,1,0
2134,8,1,0
2134,1,1,0
2135,3,2,5
2136,55,1,10
2137,27,1,20
2137,59,1,5
2137,56,1,20
2138,6,3,0
2138,6,3,10
2138,34,1,0
2138,15,1,20
2139,3,1,5
2139,10,1,0
2139,1,2,5
2140,8,1,20
2140,10,1,0
2141,2,1,20
2142,25,1,10
2142,7,1,5
2142,49,1,10
2142,60,1,0
2143,5,1,0
2144,58,1,5
2144,6,2,0
2144,4,2,10
2144,17,3,20
2145,7,1,0
2145,15,1,20
2145,4,2,5
2145,32,1,5
2146,53,1,0
2146,50,1,0
2146,36,2,0
2146,31,1,10
2147,50,3,5
2147,5,1,0
2148,28,2,0
2148,5,1,10
2148,35,1,10
2149,49,1,5
2150,11,1,0
2150,11,2,5
2150,42,3,20
2150,23,1,0
2151,43,2,0
2151,12,1,5
2151,5,3,0
2151,16,1,5
2152,32,1,0
2152,28,1,0
2153,5,1,5
2153,35,1,0
2154,2,1,20
2154,46,1,5
2155,6,1,0
2155,1,1,5
2155,54,1,10
2155,41,1,5
2156,14,1,10
2156,33,1,10
2156,34,3,20
2156,26,2,10
2157,11,3,0
2158,9,2,10
2159,43,1,0
2159,10,1,10
2159,60,2,0
2160,46,1,0
2160,8,1,5
2160,14,1,10
2161,4,1,0
2161,22,1,0
2161,6,1,20
2162,33,1,0
2163,29,3,10
2164,6,2,0
2165,10,1,5
2166,58,3,10
2166,32,1,5
2167,16,1,10
2167,14,1,0
2167,38,1,0
2167,45,3,0
2168,34,1,0
2168,34,2,5
2168,2,1,0
2168,46,1,10
2169,29,2,0
2169,15,1,10
2169,14,1,0
2170,21,1,10
2170,2,1,5
2170,1,1,10
2171,2,3,0
2171,5,1,20
2171,14,2,10
2172,18,1,20
2172,58,1,0
2173,13,1,0
2174,56,2,0
2174,13,1,0
2175,46,2,10
2175,57,1,0
2176,26,1,20
2176,3,3,0
2177,21,3,5
2178,17,1,10
2178,48,1,5
2178,1,1,20
2178,57,1,0
2179,41,1,0
2180,38,1,5
2181,35,1,20
2181,10,1,10
2181,2,1,20
2181,60,1,20
2182,39,1,10
2183,12,1,10
2183,33,1,20
2183,2,2,0
2183,18,3,10
2184,25,1,0
2184,49,1,10
2185,1,1,20
2185,1,1,5
2186,22,1,0
2187,37,1,0
2187,6,3,5
2187,13,1,5
2188,12,3,10
2188,34,1,0
2188,16,1,5
2189,2,1,0
2189,52,1,0
2190,39,1,0
2190,4,1,0
2191,1,2,5
2191,27,1,0
2191,52,1,0
2192,1,2,10
2192,29,1,10
2192,36,1,10
2193,3,2,0
2193,23,1,10
2193,1,1,10
2193,6,1,10
2194,1,1,10
2195,10,1,0
2196,25,1,10
2196,1,1,5
2196,45,3,20
2197,1,2,5
2198,34,1,20
2198,24,1,5
2198,6,1,0
2198,13,1,10
2199,23,3,0
2199,33,1,0
2199,2,1,10
2200,2,3,0
2200,8,1,10
2200,1,1,10
2200,37,2,0
2201,2,2,10
2201,36,1,10
2201,22,1,5
2201,32,1,5
2202,2,1,10
2203,2,1,10
2203,50,1,20
2204,45,1,10
2204,20,1,0
2205,1,1,0
2205,2,1,10
2205,3,2,0
2206,15,1,0
2206,44,2,5
2206,1,2,0
2206,31,1,20
2207,41,3,0
2207,36,1,0
2208,8,1,0
2209,27,1,0
2210,21,1,20
2210,32,2,0
2210,34,2,10
2211,51,1,5
2212,56,1,0
2213,5,1,10
2213,56,3,0
2213,38,1,5
2214,24,1,0
2214,1,1,5
2215,4,1,10
2215,3,2,0
2215,11,2,5
2216,23,1,0
2216,1,1,10
2216,2,1,0
2216,22,1,10
2217,7,1,10
2217,18,2,0
2218,21,1,20
2218,20,1,10
2218,2,1,10
2218,19,1,10
2219,22,1,5
2220,15,1,10
2220,36,2,0
2221,2,1,5
2222,35,1,20
2222,51,2,0
2222,35,1,10
2223,35,1,10
2224,18,1,0
2224,48,1,0
2225,48,1,0
2226,11,1,20
2227,23,1,10
2227,13,1,10
2227,5,1,5
2227,2,1,10
2228,18,3,20
2228,12,1,20
2228,5,1,0
2228,33,1,10
2229,20,1,5
2229,23,1,0
2229,25,1,0
2230,4,1,0
2230,18,2,20
2230,24,3,10
2230,3,1,10
2231,58,2,5
2232,18,1,10
2232,1,1,0
2232,57,2,0
2232,38,1,20
2233,26,3,10
2233,18,1,20
2233,28,1,5
2234,29,1,5
2235,17,1,0
2235,8,1,10
2235,1,1,20
2235,49,1,0
2236,1,1,10
2237,23,2,0
2237,12,1,10
2238,1,1,20
2238,36,1,0
2239,7,1,0
2240,30,1,0
2240,16,1,5
2240,42,1,0
2241,27,1,0
2241,11,1,0
2241,33,3,10
2242,31,1,0
2242,16,1,0
2242,43,1,5
2242,53,1,10
2243,9,1,10
2243,4,1,0
2243,7,1,10
2243,9,1,0
2244,15,-1,20
2244,1,1,20
2244,3,3,0
2244,14,2,10
2245,28,1,5
2245,46,1,5
2246,2,1,5
2246,1,2,10
2246,14,2,10
2246,2,1,0
2247,3,1,5
2247,2,1,0
2247,13,2,5
2247,23,1,20
2248,17,2,0
2248,23,3,10
2248,46,1,10
2248,28,1,0
2249,5,3,0
2250,10,2,0
2250,21,3,0
2250,23,-1,0
2251,37,1,20
2251,21,1,0
2251,21,1,0
2251,1,1,5
2252,12,3,10
2252,2,1,10
2252,13,2,5
2253,7,1,20
2253,31,1,0
2253,2,1,0
2254,25,1,0
2255,50,1,0
2255,11,2,10
2255,7,1,5
2256,35,1,20
2256,49,1,5
2257,50,1,0
2257,37,3,0
2257,12,1,0
2257,7,1,10
2258,21,1,0
2258,26,2,10
2258,1,1,0
2259,9,1,10
2260,11,1,0
2260,14,1,0
2260,2,1,10
2260,51,3,5
2261,54,1,0
2261,46,1,0
2262,44,2,20
2262,3,1,0
2263,41,1,0
2263,10,1,10
2263,3,1,5
2263,30,1,5
2264,40,1,10
2264,6,2,20
2265,4,3,10
2265,2,2,0
2266,36,2,10
2266,19,1,20
2266,36,1,0
2267,10,2,0
2267,15,2,5
2268,1,1,0
2268,23,1,0
2268,30,2,0
2268,53,1,0
2269,56,1,0
2269,6,1,10
2269,21,1,5
2270,26,2,10
2270,5,1,0
2270,4,2,0
2271,4,1,10
2271,22,1,0
2271,59,1,10
2271,4,1,10
2272,45,1,10
2272,1,3,0
2272,33,1,0
2273,15,1,10
2274,1,1,10
2274,53,1,5
2274,1,1,0
2275,9,1,0
2276,1,1,0
2277,56,3,0
2277,28,2,10
2277,3,2,0
2277,32,2,10
2278,58,1,0
2279,19,3,0
2279,7,2,10
2279,23,1,10
2280,26,2,20
2280,17,2,0
2281,49,1,20
2281,23,1,5
2281,31,1,0
2281,32,1,0
2282,15,2,0
2282,11,1,0
2282,33,1,5
2282,3,2,10
2283,22,1,0
2284,12,2,5
2284,13,1,5
2284,45,1,0
2285,4,1,0
2286,10,1,5
2287,24,2,0
2287,8,1,5
2287,52,3,20
2287,19,1,0
2288,13,1,5
2288,28,1,10
2288,21,2,0
2289,5,2,0
2289,8,1,20
2290,52,2,20
2291,17,3,5
2291,10,1,0
2291,55,1,5
2292,26,1,0
2292,31,1,20
2292,7,1,20
2293,5,1,0
2293,16,1,10
2293,13,1,0
2293,40,1,0
2294,5,1,10
2294,25,2,0
2294,16,1,0
2295,35,1,0
2295,54,2,0
2295,4,1,10
2295,45,1,20
2296,41,3,10
2296,30,1,0
2296,3,1,10
2297,35,2,0
2297,12,1,0
2298,57,3,0
2298,15,1,20
2298,3,1,0
2298,38,1,5
2299,39,1,5
2299,14,2,5
2299,41,3,0
2300,27,1,10
2300,30,1,10
2301,11,1,0
2302,5,2,10
2302,3,1,10
2303,37,1,0
2303,57,2,20
2304,23,2,10
2305,15,1,5
2305,1,1,0
2305,50,2,0
2306,50,2,0
2306,13,3,0
2306,34,1,20
2306,35,3,10
2307,2,2,0
2307,21,2,0
2307,7,1,20
2307,30,3,5
2308,4,1,0
2309,36,1,10
2309,16,2,10
2309,42,1,10
2310,39,1,0
2310,31,3,0
2310,1,1,0
2311,38,3,10
2311,25,2,10
2311,3,1,10
2312,9,2,10
2312,60,1,10
2312,50,2,5
2312,8,1,0
2313,18,1,0
2313,1,2,20
2313,59,1,0
2314,57,1,20
2314,2,1,0
2315,10,1,5
2315,1,1,5
2315,41,1,10
2315,16,2,5
2316,55,1,0
2317,3,1,20
2317,2,1,10
2317,53,1,0
2318,53,2,0
2318,46,1,10
2318,7,3,0
2319,60,1,0
2320,3,3,10
2321,15,2,0
2321,9,1,0
2321,44,1,5
2321,38,1,20
2322,15,1,10
2322,24,2,0
2323,49,1,20
2323,2,1,5
2324,53,1,10
2324,57,1,0
2324,3,1,0
2325,44,2,20
2325,3,1,0
2326,12,1,0
2327,15,1,10
2328,27,1,5
2328,15,3,10
2329,7,1,10
2329,12,1,20
2330,39,1,20
2330,2,3,20
2330,18,1,20
2331,33,1,0
2331,1,1,5
2331,20,1,10
2331,2,1,0
2332,4,1,5
2332,4,3,5
2332,52,2,20
2333,10,1,0
2334,45,1,10
2334,59,2,5
2334,13,1,0
2334,52,3,0
2335,43,1,10
2335,19,1,10
2336,45,1,10
2336,20,1,5
2336,3,1,0
2337,60,1,5
2337,7,1,5
2337,41,1,5
2338,1,1,0
2339,2,1,20
2339,15,1,0
2339,31,1,10
2340,17,1,5
2341,28,1,20
2341,20,3,20
2341,12,1,0
2341,45,2,5
2342,1,1,10
2342,38,1,10
2342,38,1,0
2342,7,1,5
2343,1,1,0
2343,7,3,20
2343,29,1,20
2343,48,1,10
2344,6,1,10
2344,1,1,20
2344,12,3,10
2345,45,1,0
2345,3,1,10
2345,1,1,20
2345,42,1,10
2346,42,1,0
2347,9,1,5
2347,51,1,0
2347,14,3,10
2348,19,1,10
2348,58,1,0
2348,16,1,0
2349,43,1,10
2350,10,1,5
2351,10,3,5
2351,3,2,0
2351,38,2,20
2352,15,1,20
2353,15,1,20
2353,24,1,0
2353,47,2,0
2354,8,3,20
2354,50,1,0
2355,30,1,10
2356,21,1,5
2356,17,1,5
2357,31,1,10
2357,31,1,10
2357,6,2,20
2357,4,1,5
2358,13,1,0
2358,33,1,0
2359,48,1,5
2360,8,3,0
2360,2,1,10
2360,10,1,10
2360,42,1,5
2361,20,3,10
2361,2,2,0
2361,10,1,5
2361,17,1,0
2362,56,1,0
2362,52,1,5
2362,14,2,10
2363,58,1,0
2363,5,1,5
2364,46,1,20
2364,51,1,10
2364,24,2,10
2364,34,1,0
2365,35,1,10
2365,53,1,0
2365,1,1,0
2366,8,1,5
2366,6,1,0
2367,1,1,5
2367,59,3,10
2368,6,2,20
2368,11,1,0
2368,9,-1,20
2369,51,1,10
2369,59,1,10
2369,8,1,0
2370,60,2,0
2370,7,2,0
2370,44,1,20
2371,48,2,0
2371,12,1,0
2371,5,1,10
2371,6,1,0
2372,16,1,10
2373,32,2,10
2373,54,2,0
2373,13,2,5
2374,15,1,0
2374,4,1,5
2374,18,1,0
2374,3,1,0
2375,3,2,5
2376,34,2,5
2377,19,2,5
2378,35,1,10
2378,1,1,0
2378,4,1,10
2379,6,1,5
2379,27,1,0
2380,59,1,20
2380,18,2,0
2380,2,1,0
2381,5,2,5
2381,1,1,10
2382,13,1,0
2382,32,1,0
2382,6,1,0
2382,29,2,10
2383,15,1,0
2383,16,2,10
2384,60,1,0
2384,39,1,10
2384,13,1,0
2384,10,1,5
2385,43,1,0
2385,10,2,5
2385,6,2,10
2386,17,1,0
2386,20,3,5
2386,8,3,5
2387,8,1,0
2387,40,1,20
2388,56,3,5
2388,1,1,0
2389,2,1,0
2390,33,1,0
2390,31,2,0
2390,12,1,0
2390,24,1,0
2391,4,1,0
2391,2,2,0
2391,36,3,0
2392,31,2,0
2393,8,1,0
2394,46,1,10
2394,7,1,10
2395,8,2,0
2395,19,2,10
2395,10,1,5
2396,49,1,5
2397,22,1,0
2397,26,1,0
2398,3,2,20
2398,3,1,20
2398,16,2,20
2399,22,1,0
2399,12,1,0
2400,7,1,5
2400,21,1,5
2400,13,1,5
2401,6,3,10
2401,2,1,10
2401,6,2,5
2401,30,1,10
2402,16,1,20
2402,1,1,10
2402,22,1,0
2402,22,1,20
2403,38,1,0
2403,23,1,0
2404,25,1,5
2405,33,2,0
2405,35,1,0
2405,3,1,5
2405,10,1,10
2406,21,1,10
2406,2,3,10
2406,1,2,0
2406,1,1,0
2407,18,1,20
2407,27,3,0
2408,6,3,5
2408,3,1,0
2409,3,1,0
2409,2,2,5
2410,2,1,20
2410,41,2,0
2410,28,2,5
2411,11,3,0
2411,11,3,10
2411,47,1,5
2411,26,1,10
2412,4,1,5
2412,49,2,0
2412,32,1,10
2412,6,1,0
2413,42,1,20
2414,13,1,5
2414,56,1,10
2414,37,1,0
2415,8,2,10
2415,38,1,10
2416,6,3,0
2416,44,1,5
2417,9,1,5
2417,27,1,5
2417,6,3,5
2418,27,2,5
2418,5,1,0
2419,2,1,0
2419,4,2,20
2419,45,3,0
2419,3,1,10
2420,36,1,10
2420,50,1,10
2421,8,1,0
2421,44,1,0
2421,7,2,5
2421,11,3,0
2422,46,1,20
2423,28,1,0
2423,21,1,0
2423,1,2,5
2424,56,1,5
2425,1,1,5
2425,18,1,20
2426,38,1,0
2426,15,3,5
2426,1,1,0
2427,36,3,5
2427,53,2,10
2427,51,1,5
2428,34,1,20
2429,14,1,20
2429,8,3,0
2430,7,1,10
2430,40,3,20
2430,1,1,0
2430,25,1,20
2431,2,1,5
2431,28,1,5
2431,1,1,5
2432,1,1,0
2432,39,1,20
2432,16,1,5
2433,32,1,0
2433,23,1,10
2434,40,1,0
2434,57,1,5
2434,4,1,5
2434,16,1,10
2435,16,1,0
2435,8,1,10
2436,20,3,0
2436,3,1,10
2437,54,3,5
2437,4,1,10
2437,34,1,0
2437,4,2,20
2438,7,2,0
2438,43,2,10
2438,44,1,10
2439,1,1,0
2439,9,1,5
2439,19,1,0
2439,40,1,20
2440,2,2,5
2440,12,1,10
2440,47,1,5
2440,36,2,10
2441,1,-1,0
2441,22,1,20
2442,33,1,0
2442,34,3,10
2443,24,1,5
2443,12,1,0
2443,48,1,10
2444,14,2,20
2444,11,1,10
2444,16,1,5
2444,45,1,10
2445,16,1,20
2445,31,1,5
2446,35,1,0
2446,31,1,10
2446,33,1,0
2446,11,2,0
2447,1,1,5
2447,37,1,20
2448,24,1,0
2448,51,1,5
2448,31,1,0
2449,1,2,10
2450,33,1,10
2450,7,1,0
2450,58,2,20
2451,19,1,10
2451,17,1,0
2451,15,1,20
2451,5,2,10
2452,13,2,10
2453,14,3,10
2454,50,1,0
2454,1,1,0
2454,28,1,10
2455,10,3,0
2455,14,1,5
2455,54,1,20
2455,12,1,0
2456,52,1,0
2456,44,2,0
2456,15,1,5
2457,54,1,0
2457,19,1,5
2457,48,1,10
2457,16,1,10
2458,52,1,0
2458,51,1,0
2459,7,1,10
2460,21,1,0
2460,60,1,20
2460,19,1,0
2461,22,1,10
2461,1,1,0
2462,15,1,10
2462,2,2,5
2462,41,1,0
2463,58,1,0
2463,2,1,0
2463,17,1,5
2463,6,1,20
2464,40,2,5
2464,24,1,10
2465,4,1,10
2465,12,3,0
2465,47,1,10
2465,46,2,10
2466,49,1,10
2467,34,1,5
2468,6,1,20
2468,9,2,10
2468,49,1,5
2468,6,1,10
2469,5,1,10
2470,49,1,0
2470,8,1,20
2471,28,1,0
2472,2,1,10
2472,8,1,0
2472,32,1,10
2473,48,1,5
2473,1,1,10
2474,6,1,0
2474,55,1,20
2474,18,1,0
2475,35,2,10
2475,48,1,20
2476,1,1,10
2477,7,1,0
2478,33,1,5
2478,1,1,20
2478,17,3,5
2478,3,1,0
2479,36,1,10
2479,56,2,20
2479,1,1,10
2479,22,1,5
2480,4,1,20
2480,36,2,5
2481,38,3,0
2481,55,1,5
2482,4,1,10
2482,3,3,10
2482,19,2,0
2483,23,1,0
2484,55,1,20
2484,17,1,0
2485,60,1,20
2485,11,1,0
2485,24,1,0
2486,8,1,10
2486,6,1,20
2487,26,1,0
2487,34,1,10
2487,11,1,10
2488,2,2,0
2488,18,1,10
2488,12,1,0
2488,10,1,0
2489,44,2,0
2489,18,1,0
2489,34,1,0
2490,7,1,5
2490,5,1,10
2490,3,2,10
2490,13,1,10
2491,26,1,10
2491,33,1,0
2491,2,3,0
2491,3,1,0
2492,27,1,5
2492,51,1,0
2493,36,1,20
2493,45,1,0
2493,5,1,10
2493,50,1,10
2494,11,1,10
2494,23,1,20
2494,48,1,10
2494,4,1,20
2495,57,2,10
2495,47,1,0
2496,1,1,0
2496,35,1,0
2496,44,1,10
2497,25,1,10
2497,20,1,0
2497,32,1,10
2498,4,3,5
2498,35,1,0
2498,37,2,0
2499,48,1,10
2500,38,1,10
2500,7,2,0
2501,12,1,5
2502,55,1,20
2502,58,1,10
2502,21,1,20
2503,17,1,5
2503,9,1,20
2504,27,1,20
2504,15,1,10
2504,44,1,10
2504,9,1,20
2505,51,1,0
2505,59,1,10
2505,59,1,0
2505,41,1,0
2506,24,1,0
2507,2,1,10
2508,19,3,10
2509,58,1,0
2509,19,2,0
2510,35,1,0
2511,2,2,0
2512,56,1,0
2512,58,3,10
2512,4,1,5
2512,6,1,10
2513,13,1,10
2513,37,1,10
2513,36,1,0
2513,15,1,0
2514,36,3,0
2515,44,1,10
2515,15,1,0
2515,46,2,5
2515,10,2,5
2516,4,2,0
2516,8,3,5
2516,1,1,10
2516,3,1,5
2517,11,1,10
2518,29,1,5
2518,2,1,0
2518,8,1,0
2518,23,2,5
2519,2,1,20
2519,8,1,0
2520,5,1,0
2520,4,1,5
2520,1,1,0
2520,53,1,20
2521,53,1,0
2521,19,3,0
2522,18,1,10
2522,1,1,5
2523,7,1,5
2523,38,1,20
2523,48,1,5
2523,37,3,20
2524,16,1,10
2524,25,1,20
2524,12,3,0
2525,23,1,5
2525,6,1,0
2526,43,2,0
2527,11,2,0
2528,17,3,20
2528,38,1,20
2529,51,2,20
2530,3,1,5
2530,2,1,10
2531,31,3,0
2531,8,2,5
2532,1,1,5
2533,25,1,20
2533,5,2,0
2533,35,1,20
2533,44,2,20
2534,24,1,20
2534,38,1,20
2535,15,3,10
2535,2,2,0
2535,12,1,5
2536,36,1,5
2536,3,2,20
2537,9,1,0
2537,45,2,0
2538,22,2,5
2538,2,1,0
2538,29,1,10
2539,2,1,0
2539,14,1,10
2539,19,2,10
2540,18,1,0
2540,2,2,0
2540,24,3,5
2540,13,1,20
2541,34,3,20
2542,39,2,0
2542,10,3,0
2542,16,3,0
2543,24,1,0
2544,38,1,10
2545,11,1,10
2545,22,1,0
2545,38,1,5
2546,16,1,0
2547,4,1,0
2547,5,3,0
2548,1,1,0
2548,34,1,0
2548,4,1,0
2548,10,1,10
2549,8,1,0
2549,2,1,5
2549,50,2,20
2550,6,1,5
2551,2,2,10
2551,32,2,10
2551,8,1,5
2551,3,1,5
2552,24,1,5
2553,32,1,10
2553,3,1,5
2553,3,1,0
2553,23,1,0
2554,1,2,0
2554,2,3,10
2554,4,1,5
2555,3,2,0
2556,14,1,5
2556,26,1,0
2556,15,2,20
2556,46,1,5
2557,21,1,0
2558,41,3,0
2558,28,1,10
2558,2,2,10
2559,60,1,0
2559,12,3,20
2559,17,1,5
2559,53,3,5
2560,14,1,10
2561,5,1,5
2562,9,3,10
2562,3,1,10
2562,5,1,0
2562,26,1,0
2563,53,1,5
2563,28,1,10
2564,46,1,10
2564,10,1,0
2564,24,1,0
2565,1,1,0
2565,9,1,20
2565,1,1,0
2565,33,1,0
2566,45,2,5
2566,23,2,5
2566,5,1,0
2567,3,2,10
2567,1,2,5
2568,30,1,20
2568,9,1,5
2568,58,2,20
2569,34,1,20
2569,33,1,0
2569,4,1,0
2570,10,1,5
2570,30,1,10
2570,11,1,0
2571,17,1,0
2572,28,1,0
2572,12,1,10
2572,10,1,10
2572,29,2,20
2573,18,2,0
2573,3,1,0
2574,41,3,0
2574,21,2,20
2575,57,1,0
2575,9,1,0
2576,21,1,0
2577,26,1,0
2578,41,1,0
2579,58,3,0
2579,17,1,10
2579,18,1,20
2579,17,2,20
2580,3,1,10
2580,46,2,5
2580,1,3,0
2581,40,2,5
2581,40,1,0
2581,53,1,0
2581,14,2,20
2582,18,2,10
2582,59,1,0
2582,13,1,0
2583,5,2,10
2583,4,2,0
2583,2,2,0
2584,7,2,0
2584,33,1,10
2584,9,1,0
2584,30,1,0
2585,2,1,0
2586,14,3,0
2587,4,2,10
2587,33,1,5
2588,36,1,0
2588,31,1,5
2589,1,1,5
2589,42,1,5
2589,30,1,0
2589,47,2,0
2590,49,1,5
2590,33,1,0
2590,33,1,10
2590,27,1,10
2591,32,1,20
2591,7,2,0
2592,32,1,10
2592,48,2,10
2592,8,1,10
2592,14,1,0
2593,13,1,5
2593,29,1,10
2594,28,3,0
2594,30,1,10
2594,2,1,5
2595,52,1,0
2595,3,3,0
2595,8,1,0
2596,26,3,10
2597,25,2,0
2597,4,2,0
2597,9,1,0
2598,40,3,5
2598,20,1,0
2598,52,1,10
2599,16,1,5
2600,11,1,10
2600,32,2,10
2601,23,1,5
2601,22,3,0
2601,9,1,0
2602,14,3,5
2602,1,1,5
2603,6,1,20
2603,1,1,5
2603,50,1,0
2603,13,1,10
2604,59,1,10
2605,16,3,0
2605,2,1,0
2606,33,1,20
2606,26,1,10
2606,26,1,10
2607,56,1,5
2607,45,1,0
2607,31,1,0
2607,11,1,20
2608,45,2,10
2608,19,3,10
2608,51,1,0
2609,1,1,10
2609,48,3,0
2609,4,1,0
2610,20,1,5
2611,31,1,0
2612,34,1,10
2613,30,1,5
2613,14,2,0
2613,15,3,10
2614,46,1,20
2614,24,2,20
2615,16,1,10
2616,3,2,20
2616,12,2,5
2617,17,2,0
2618,56,1,5
2618,13,3,0
2619,1,1,0
2619,3,1,0
2620,5,2,0
2620,3,1,10
2620,9,1,10
2620,11,1,0
2621,24,1,0
2622,4,1,5
2623,1,1,20
2624,58,2,0
2625,40,2,5
2625,7,2,0
2626,27,2,5
2626,59,1,0
2627,2,1,5
2627,53,1,5
2627,30,2,5
2627,8,1,20
2628,49,1,20
2628,36,1,20
2628,3,2,20
2629,3,1,5
2629,8,3,10
2629,26,1,0
2629,16,1,5
2630,32,1,10
2630,37,1,5
2630,3,1,10
2631,8,2,0
2631,12,1,0
2631,4,1,10
2632,59,3,20
2632,23,1,5
2632,7,1,5
2632,11,1,10
2633,6,1,0
2633,58,1,5
2633,48,2,0
2633,9,1,10
2634,41,1,20
2634,33,2,10
2634,56,1,0
2635,5,1,10
2635,2,1,0
2635,28,2,20
2635,36,2,5
2636,2,3,0
2636,31,1,20
2637,45,1,5
2637,26,2,0
2637,28,2,10
2637,28,1,5
2638,31,1,0
2638,38,2,0
2639,26,1,10
2640,13,2,0
2640,9,2,0
2640,13,2,10
2640,7,3,5
2641,34,1,0
2641,3,3,10
2641,54,1,0
2641,10,1,5
2642,6,1,20
2642,57,3,20
2642,3,1,10
2642,41,1,5
2643,5,1,5
2644,35,1,5
2644,20,1,20
2644,12,1,10
2645,32,3,5
2645,12,2,10
2645,12,1,10
2646,19,1,0
2646,32,2,20
2646,60,2,0
2647,50,1,10
2647,53,2,10
2648,50,2,0
2648,21,2,20
2649,18,2,0
2649,31,1,0
2649,50,1,5
2649,50,3,5
2650,17,1,0
2650,44,1,20
2650,49,2,0
2651,22,1,0
2651,57,3,5
2652,29,3,20
2652,23,1,20
2652,60,1,20
2653,9,2,0
2653,5,1,5
2653,18,1,0
2654,6,2,10
2654,41,1,5
2654,38,2,5
2654,32,1,10
2655,14,1,10
2655,9,1,0
2655,60,1,20
2655,14,2,10
2656,36,1,0
2656,11,1,10
2657,22,1,0
2657,14,1,20
2658,16,1,0
2658,60,1,10
2658,47,2,0
2659,9,2,0
2659,1,2,0
2660,14,1,0
2661,2,2,10
2662,21,3,5
2662,2,1,0
2662,21,1,20
2662,42,1,0
2663,6,1,0
2664,3,1,0
2664,2,1,5
2664,13,3,0
2664,18,1,0
2665,4,1,0
2665,32,2,0
2665,18,1,0
2666,6,1,0
2666,1,1,0
2666,30,1,10
2667,14,1,5
2667,16,2,10
2668,29,2,10
2668,45,2,0
2669,11,1,5
2669,31,1,10
2669,31,1,5
2670,7,1,5
2670,5,1,0
2670,50,3,20
2670,5,1,10
2671,2,3,20
2671,4,1,20
2671,45,2,0
2671,48,2,10
2672,46,1,0
2673,11,1,0
2673,51,2,0
2673,54,1,0
2673,17,1,5
2674,34,3,0
2674,4,1,0
2674,16,2,20
2675,2,2,10
2676,48,1,0
2676,10,2,10
2677,1,1,10
2677,20,1,0
2677,5,1,0
2677,28,1,20
2678,37,2,0
2679,9,2,0
2679,18,1,5
2679,3,2,20
2680,28,1,20
2681,21,1,0
2681,2,1,0
2681,55,1,0
2681,49,2,10
2682,9,1,10
2682,29,1,0
2682,47,1,0
2683,3,1,10
2684,16,1,5
2684,29,3,5
2684,46,1,20
2685,52,2,5
2685,6,1,0
2685,57,1,5
2685,11,1,10
2686,26,1,20
2686,6,1,0
2686,27,3,20
2686,19,2,0
2687,1,3,20
2688,4,1,10
2688,10,1,0
2688,4,1,0
2689,2,1,10
2689,11,2,5
2690,29,2,10
2691,39,1,5
2692,15,2,20
2692,5,2,5
2693,42,2,20
2693,18,1,20
2694,38,2,0
2694,34,1,5
2695,3,3,5
2695,7,1,0
2695,49,2,10
2696,40,1,20
2696,1,3,20
2697,17,2,10
2698,29,1,5
2698,22,1,5
2699,14,2,10
2700,36,1,5
2701,3,1,0
2701,51,1,10
2702,26,3,0
2702,49,1,5
2703,56,2,5
2703,24,3,5
2703,1,1,5
2703,2,2,5
2704,42,2,20
2704,29,1,0
2704,17,1,0
2705,19,1,20
2705,10,1,0
2705,2,2,0
2706,20,2,5
2707,20,1,10
2707,6,2,20
2707,9,-1,10
2708,9,2,5
2709,3,1,5
2709,7,1,10
2710,58,3,20
2710,1,1,20
2710,5,1,0
2711,42,3,0
2711,13,1,10
2711,1,3,0
2711,37,2,0
2712,51,1,10
2712,2,2,5
2712,4,1,10
2713,55,1,20
2713,24,2,20
2713,3,1,5
2713,32,1,0
2714,34,1,5
2714,3,2,0
2714,11,1,0
2715,44,2,20
2716,6,1,10
2716,27,1,10
2716,40,1,5
2717,2,1,10
2717,37,1,0
2718,31,1,0
2718,42,3,0
2718,16,1,20
2718,30,1,0
2719,21,3,0
2719,37,1,10
2719,36,1,5
2719,30,2,0
2720,3,1,20
2720,48,2,0
2721,51,1,0
2721,9,2,0
2721,30,1,5
2721,9,2,0
2722,10,3,10
2722,3,1,10
2722,9,1,10
2723,4,1,20
2723,5,1,0
2723,46,2,10
2724,58,1,0
2725,22,1,0
2726,53,1,0
2727,45,1,0
2727,6,1,20
2728,30,1,0
2729,46,1,5
2730,4,1,5
2730,32,2,10
2730,32,1,5
2731,36,1,20
2731,5,1,10
2731,42,3,5
2732,1,1,10
2732,10,1,0
2732,1,1,10
2732,33,3,0
2733,13,1,0
2733,9,1,0
2734,9,1,0
2735,2,1,5
2736,5,1,5
2736,39,1,5
2737,57,1,10
2737,51,1,0
2737,3,1,10
2737,11,1,5
2738,1,1,10
2738,10,1,20
2738,8,1,0
2739,30,1,5
2740,36,1,0
2740,15,3,10
2740,16,1,0
2740,28,1,20
2741,22,1,10
2741,52,1,0
2741,1,1,0
2741,26,1,0
2742,6,1,0
2743,22,1,5
2743,11,2,0
2743,26,1,10
2743,26,3,0
2744,45,1,0
2744,3,1,0
2744,57,1,0
2745,37,1,0
2745,25,1,0
2746,13,3,5
2746,21,1,20
2746,1,1,5
2746,2,2,10
2747,8,1,10
2747,59,1,20
2747,7,2,5
2748,52,1,0
2749,46,1,20
2749,38,3,0
2750,34,1,0
2751,14,1,0
2751,7,3,0
2752,5,2,10
2753,35,3,0
2753,44,1,10
2754,59,2,0
2754,11,2,0
2754,4,2,0
2755,21,1,5
2755,12,1,10
2756,4,1,10
2756,22,1,0
2757,51,2,20
2757,1,2,10
2758,11,1,10
2759,2,1,10
2759,7,1,0
2759,32,1,5
2760,10,1,0
2761,5,1,0
2761,58,1,0
2761,14,1,10
2761,5,1,0
2762,5,1,20
2762,3,1,10
2762,30,1,5
2763,38,1,0
2763,31,2,5
2763,43,2,20
2764,40,1,0
2764,10,1,10
2764,11,1,5
2765,11,2,0
2765,2,1,20
2766,49,1,5
2766,53,2,10
2767,59,2,20
2767,24,2,0
2767,55,3,10
2767,6,2,0
2768,30,1,5
2768,18,3,5
2768,10,1,10
2768,22,1,10
2769,20,1,0
2770,46,1,10
2771,24,1,5
2771,41,3,0
2772,33,1,5
2773,26,2,10
2773,3,1,5
2773,2,1,0
2773,42,1,10
2774,6,1,0
2774,20,1,5
2774,5,1,5
2775,7,1,20
2775,1,1,5
2776,17,1,5
2776,29,1,20
2776,44,2,10
2776,60,1,5
2777,28,2,5
2778,12,2,10
2778,20,1,0
2778,31,1,5
2778,4,1,10
2779,28,1,0
2779,20,1,0
2779,15,2,0
2779,32,1,0
2780,54,1,5
2780,34,1,10
2780,1,1,20
2781,39,1,0
2781,3,1,0
2781,13,1,5
2781,57,2,10
2782,1,3,20
2782,23,1,0
2783,8,1,0
2783,59,2,10
2784,7,1,20
2784,41,3,5
2785,20,1,10
2785,28,1,0
2786,11,1,0
2786,2,1,10
2786,24,1,10
2787,3,1,5
2787,31,3,5
2788,7,1,0
2788,3,1,20
2788,6,1,10
2789,8,1,10
2790,1,1,5
2790,19,1,0
2791,60,1,20
2791,33,2,0
2791,37,1,0
2792,9,1,0
2792,12,3,10
2792,1,1,10
2792,6,1,0
2793,36,2,0
2793,46,3,0
2793,37,1,0
2793,31,2,0
2794,55,1,0
2794,11,1,5
2794,3,1,20
2794,32,1,5
2795,18,1,20
2796,1,2,5
2796,18,1,0
2796,1,1,0
2796,16,1,5
2797,1,2,10
2797,54,1,10
2797,43,3,5
2798,56,1,0
2798,32,1,0
2799,5,2,5
2799,23,1,5
2799,8,1,10
2800,27,2,10
2801,55,1,10
2802,53,2,5
2803,1,1,0
2803,25,2,10
2803,43,1,10
2803,5,1,10
2804,31,2,10
2804,21,2,20
2804,1,1,0
2805,41,2,5
2805,28,1,20
2805,47,2,0
2806,16,1,0
2807,38,1,0
2807,7,1,5
2807,29,1,0
2807,50,3,0
2808,52,2,0
2808,1,1,10
2808,1,1,10
2809,60,1,5
2809,14,2,0
2810,4,1,0
2810,16,1,20
2810,13,1,0
2810,40,1,0
2811,3,3,20
2811,27,1,5
2811,5,1,10
2812,36,1,0
2813,58,1,10
2813,48,2,0
2814,17,2,20
2814,12,1,0
2814,38,1,0
2814,5,1,0
2815,2,1,0
2815,36,2,0
2815,20,1,0
2816,25,1,0
2817,26,1,10
2818,35,1,5
2818,51,1,20
2818,1,1,5
2819,18,1,0
2819,27,2,5
2819,57,1,0
2820,33,1,20
2820,33,1,0
2821,9,1,0
2821,44,1,20
2821,7,3,0
2821,49,3,10
2822,24,3,5
2822,5,1,0
2823,5,2,0
2823,18,1,5
2824,13,1,10
2824,8,1,0
2824,3,1,5
2824,1,1,20
2825,13,1,0
2826,6,1,5
2826,2,1,5
2827,7,1,0
2827,21,3,5
2827,27,3,10
2827,12,1,10
2828,45,2,0
2828,1,1,0
2828,12,2,10
2828,44,1,0
2829,31,1,10
2829,22,1,10
2829,2,2,0
2829,46,1,20
2830,3,1,5
2830,57,1,20
2831,49,1,0
2831,5,1,10
2831,3,2,10
2831,13,1,5
2832,60,1,0
2833,6,3,10
2833,37,1,5
2833,21,1,10
2833,7,2,10
2834,44,1,20
2834,23,1,10
2834,43,1,0
2834,1,1,10
2835,14,2,10
2835,4,2,5
2835,2,1,0
2835,47,2,10
2836,1,1,0
2836,24,3,0
2837,32,1,20
2838,17,2,10
2839,38,1,0
2840,26,3,10
2841,25,1,5
2842,7,3,5
2842,6,1,0
2842,53,3,0
2842,8,1,0
2843,33,2,0
2843,57,1,0
2844,54,1,5
2844,51,1,0
2844,50,3,20
2845,3,1,5
2845,12,1,10
2845,59,1,0
2845,5,1,0
2846,7,1,0
2846,49,1,10
2847,4,1,0
2847,2,1,5
2848,2,1,0
2848,7,1,0
2848,59,1,5
2849,30,1,0
2849,2,1,5
2850,17,1,10
2851,2,1,10
2851,6,1,10
2851,3,2,20
2851,35,1,0
2852,3,1,5
2852,14,1,10
2853,25,1,5
2853,24,1,10
2854,22,3,10
2855,3,1,5
2855,21,2,0
2855,1,3,5
2856,3,2,20
2856,15,1,0
2857,17,1,0
2857,48,2,10
2857,26,1,5
2858,5,3,5
2858,5,1,10
2859,34,1,20
2859,1,1,0
2859,31,1,10
2859,3,1,10
2860,46,1,20
2860,15,2,10
2861,24,3,10
2861,47,3,5
2861,10,1,10
2861,19,1,20
2862,5,1,0
2862,13,1,0
2862,33,1,0
2863,12,2,0
2863,1,1,0
2864,7,1,10
2864,23,1,10
2864,1,1,20
2865,27,1,10
2865,47,1,0
2866,8,3,0
2866,28,1,20
2866,21,2,20
2866,23,1,0
2867,24,1,20
2867,19,1,0
2867,29,1,0
2867,24,1,10
2868,20,1,10
2868,5,1,0
2869,51,1,20
2870,5,1,0
2871,2,2,0
2872,33,1,5
2872,3,2,5
2872,5,1,20
2873,47,1,0
2873,15,1,0
2874,29,2,20
2875,12,1,5
2875,28,2,10
2875,44,1,0
2875,19,1,0
2876,26,1,5
2877,2,1,0
2877,6,1,10
2877,26,1,5
2878,1,1,0
2878,20,1,10
2878,38,2,10
2879,52,1,10
2880,30,2,10
2880,54,1,5
2880,51,1,20
2880,14,2,0
2881,33,3,0
2881,11,2,0
2882,2,1,0
2883,6,1,0
2883,27,1,5
2883,14,3,0
2884,21,1,10
2884,11,1,10
2885,9,1,10
2885,2,1,10
2885,6,1,0
2885,16,1,5
2886,3,1,10
2886,28,1,5
2887,22,1,0
2887,8,3,0
2887,34,1,0
2887,4,3,0
2888,2,2,5
2888,38,2,5
2889,28,3,5
2889,3,1,0
2890,14,1,0
2890,4,1,5
2890,18,2,0
2890,3,1,0
2891,58,-1,0
2891,15,2,5
2891,1,1,0
2891,42,1,20
2892,56,2,0
2892,34,1,5
2893,2,1,5
2894,56,3,0
2894,15,1,5
2894,44,1,20
2894,12,1,10
2895,2,1,20
2896,10,2,0
2896,60,1,10
2897,1,1,5
2897,23,1,10
2897,38,1,0
2897,6,2,10
2898,13,1,0
2899,46,1,5
2899,9,3,5
2900,19,1,10
2900,48,1,10
2901,21,2,20
2902,20,1,5
2902,11,1,5
2903,33,3,5
2903,57,3,5
2903,8,1,0
2903,11,1,10
2904,6,1,0
2904,9,2,0
2904,3,2,5
2905,6,1,20
2906,58,1,5
2906,52,3,20
2906,36,1,10
2907,16,2,10
2907,52,1,5
2907,12,1,10
2907,6,1,10
2908,44,1,20
2908,1,1,10
2909,33,1,5
2909,2,1,10
2909,23,1,5
2909,37,1,0
2910,14,1,5
2910,3,2,10
2910,15,1,0
2910,17,2,0
2911,24,1,0
2911,6,1,5
2912,12,1,0
2913,14,1,20
2914,4,1,0
2914,20,1,0
2914,6,1,0
2915,56,1,0
2915,30,3,0
2915,22,1,20
2916,28,3,5
2916,3,1,0
2916,5,1,0
2917,7,3,10
2917,16,1,20
2918,57,1,5
2918,23,1,20
2919,33,1,20
2920,10,3,0
2920,21,1,0
2920,2,2,0
2920,16,2,0
2921,3,1,5
2921,35,1,5
2921,3,1,5
2922,8,1,5
2922,55,2,0
2923,54,1,10
2923,27,1,20
2923,33,1,10
2924,55,1,10
2925,55,1,0
2925,1,3,5
2925,1,1,0
2926,42,1,0
2926,4,1,20
2926,22,1,10
2927,53,1,5
2927,1,2,5
2928,2,1,10
2928,8,1,10
2928,4,1,5
2929,1,2,5
2929,5,1,0
2929,16,2,0
2930,59,1,10
2930,2,1,0
2930,53,1,0
2931,21,1,20
2931,60,1,0
2932,30,1,10
2932,29,1,0
2932,5,2,0
2933,13,3,0
2934,6,1,0
2935,8,2,0
2935,16,1,10
2935,17,1,20
2935,27,3,0
2936,18,1,10
2936,27,1,5
2937,8,1,10
2937,38,2,5
2937,3,1,10
2937,34,1,10
2938,11,2,0
2938,13,1,5
2938,38,2,20
2939,7,1,10
2939,34,1,0
2939,11,1,0
2939,25,1,10
2940,52,1,0
2940,55,2,10
2940,29,1,0
2940,7,3,0
2941,15,1,0
2941,4,2,10
2942,25,1,20
2942,15,1,5
2943,18,3,5
2943,38,1,10
2943,42,3,20
2944,3,1,10
2945,30,3,20
2945,15,1,0
2945,17,1,0
2946,28,2,20
2946,56,2,0
2946,59,1,20
2946,11,1,0
2947,37,1,10
2948,1,1,10
2948,27,1,10
2948,18,1,0
2948,37,1,10
2949,23,1,10
2949,23,1,20
2950,38,1,0
2950,1,1,0
2950,36,1,0
2951,23,1,0
2951,3,1,20
2952,6,1,10
2952,7,1,20
2952,47,2,0
2953,46,1,10
2954,50,1,0
2954,39,1,5
2954,48,1,0
2954,57,1,20
2955,40,2,10
2955,21,1,10
2956,37,1,20
2957,12,1,10
2957,25,1,0
2958,46,1,0
2958,4,1,5
2958,4,1,5
2959,46,1,10
2959,10,1,5
2960,4,3,20
2961,1,1,20
2962,13,3,0
2963,22,3,20
2963,12,1,20
2964,25,1,0
2965,33,1,0
2965,5,2,10
2965,3,1,0
2966,32,1,0
2967,27,3,5
2967,38,1,10
2967,3,1,10
2968,7,1,0
2969,47,1,5
2969,4,1,5
2969,2,1,5
2970,4,1,20
2970,21,2,5
2970,5,1,5
2971,45,1,0
2971,19,2,5
2971,12,1,0
2972,11,1,0
2972,7,1,0
2972,53,1,5
2973,29,2,0
2973,48,2,20
2973,57,3,0
2974,37,2,0
2974,25,1,20
2974,56,1,5
2974,45,1,10
2975,17,2,10
2976,19,1,10
2977,30,2,0
2978,35,1,10
2978,4,1,10
2979,8,2,0
2980,45,1,20
2980,52,1,5
2981,31,2,0
2981,22,1,0
2982,2,1,5
2982,36,3,10
2983,21,1,0
2984,42,1,10
2984,5,1,5
2984,26,2,0
2984,5,2,5
2985,4,1,0
2985,16,1,20
2985,22,2,20
2986,51,2,10
2986,51,1,0
2987,35,2,0
2987,7,1,0
2987,42,1,0
2988,1,2,10
2988,20,2,0
2989,19,1,0
2990,33,2,5
2990,5,2,20
2990,48,1,0
2990,3,1,5
2991,3,1,0
2991,13,1,10
2992,31,1,10
2992,17,1,0
2992,2,1,5
2993,18,1,5
2993,5,3,10
2993,60,1,10
2994,29,1,0
2994,8,3,10
2995,39,1,10
2995,3,1,10
2996,24,1,10
2997,1,2,10
2998,4,1,10
2998,59,1,10
2998,12,1,20
2999,3,1,10
3000,9,1,0
3000,38,1,0
3000,26,3,5
3001,1,2,0
3001,27,1,0
3001,54,1,0
3002,17,1,0
3002,1,1,5
3002,3,2,0
3002,34,1,20
3003,31,3,0
3004,11,1,5
3004,15,1,5
3004,20,1,5
3005,2,3,0
3005,40,1,5
3005,5,1,10
3006,3,2,0
3007,6,1,20
3007,1,2,10
3007,53,2,20
3008,36,1,5
3008,16,1,20
3008,28,1,10
3008,54,1,10
3009,21,2,10
3009,22,1,10
3009,1,1,0
3009,13,1,0
3010,29,1,20
3011,7,1,10
3012,50,3,0
3012,25,2,0
3013,21,1,0
3013,5,3,10
3013,17,1,10
3013,6,2,0
3014,41,1,5
3014,16,1,5
3014,48,1,10
3015,23,1,20
3016,29,3,10
3016,5,1,10
3016,10,2,0
3017,30,1,0
3017,41,1,5
3017,33,1,0
3017,57,1,10
3018,3,1,5
3018,3,2,10
3018,13,1,5
3019,9,2,0
3019,2,1,0
3019,29,1,10
3020,26,3,10
3020,4,1,0
3020,25,2,0
3021,59,1,5
3021,18,1,10
3021,32,1,0
3021,26,1,20
3022,7,3,0
3022,23,1,0
3022,25,1,10
3023,53,3,10
3024,45,1,5
3024,13,1,0
3024,49,3,20
3025,6,1,20
3025,17,1,0
3026,43,1,5
3026,24,1,0
3027,27,2,10
3027,34,1,0
3027,60,2,20
3027,7,1,0
3028,47,1,10
3028,10,2,0
3028,16,1,20
3028,36,1,20
3029,9,1,10
3030,27,1,10
3030,46,2,0
3031,29,2,0
3031,32,1,5
3032,8,1,0
3032,47,2,0
3033,5,1,10
3033,4,1,0
3034,2,3,5
3034,15,1,20
3034,45,2,0
3034,23,2,0
3035,20,1,0
3035,14,1,10
3035,41,1,20
3035,3,1,10
3036,22,1,0
3037,1,1,10
3037,38,1,5
3038,39,1,10
3038,2,1,20
3038,40,3,10
3039,5,1,10
3039,50,1,10
3039,18,1,5
3040,10,1,20
3041,32,1,5
3042,3,1,5
3042,28,1,20
3042,17,1,10
3042,15,1,0
3043,3,2,0
3043,38,1,0
3044,18,2,10
3044,1,1,0
3045,11,1,10
3045,53,2,20
3046,11,2,5
3046,11,2,5
3046,4,1,5
3046,14,1,0
3047,3,3,10
3047,37,2,5
3047,28,1,10
3048,7,2,0
3048,3,1,0
3049,31,1,10
3050,1,1,0
3050,59,1,5
3050,5,3,10
3050,3,2,10
3051,3,2,10
3051,37,2,0
3051,57,1,0
3052,32,1,5
3052,49,1,10
3053,10,3,5
3054,3,1,0
3054,28,1,0
3054,9,1,5
3054,12,1,5
3055,46,1,0
3055,12,2,10
3055,1,1,20
3055,20,1,5
3056,8,1,20
3056,8,1,20
3057,47,2,10
3058,14,1,5
3058,60,1,10
3058,2,1,0
3059,34,1,0
3059,43,3,10
3059,27,1,5
3059,2,1,20
3060,1,2,20
3060,42,3,10
3060,53,1,20
3061,50,2,0
3061,23,1,5
3062,8,1,20
3062,7,1,5
3062,40,1,10
3062,43,1,0
3063,28,1,20
3063,60,1,0
3063,56,1,10
3064,1,2,10
3065,22,2,0
3065,42,1,0
3065,46,1,0
3065,5,1,0
3066,30,1,20
3066,13,2,0
3066,57,3,0
3067,4,3,10
3067,18,2,5
3067,27,1,0
3068,22,1,10
3068,38,2,10
3069,23,2,10
3069,25,1,0
3070,44,1,5
3070,2,1,10
3071,39,2,0
3071,18,1,0
3072,31,2,0
3073,26,1,10
3074,10,1,0
3075,9,1,0
3075,3,1,10
3076,4,1,20
3076,6,2,10
3076,2,1,20
3077,25,1,0
3077,10,1,20
3077,35,1,0
3077,60,1,0
3078,22,2,5
3079,13,1,0
3079,8,2,10
3080,7,1,0
3081,5,1,0
3082,15,2,10
3082,4,2,10
3082,4,3,10
3082,1,1,5
3083,10,1,0
3083,1,2,0
3083,5,1,0
3084,16,2,0
3085,2,2,0
3085,13,2,20
3086,34,3,10
3087,6,1,10
3088,1,1,5
3088,1,1,0
3089,36,1,10
3089,30,2,0
3089,58,1,0
3089,15,2,10
3090,29,1,10
3091,30,1,0
3092,4,1,0
3092,4,1,20
3093,34,1,0
3093,2,1,0
3093,1,1,20
3094,59,1,0
3094,24,3,5
3094,7,1,0
3095,26,1,0
3096,45,1,5
3096,13,1,20
3097,41,1,0
3097,30,1,10
3097,7,1,20
3098,12,1,0
3099,33,1,10
3099,49,2,10
3099,1,1,0
3099,17,1,0
3100,12,1,10
3101,42,1,0
3101,39,1,20
3101,53,1,5
3101,31,1,5
3102,57,1,5
3103,60,1,0
3103,27,1,0
3104,1,1,0
3104,7,1,5
3104,7,2,20
3105,39,1,20
3105,32,1,10
3105,6,1,10
3105,4,1,0
3106,9,1,20
3107,4,2,10
3107,58,3,0
3108,3,3,0
3108,18,3,0
3109,21,2,20
3109,36,2,5
3110,16,2,0
3111,17,1,0
3111,49,1,5
3112,21,1,5
3112,17,1,10
3112,52,1,20
3112,38,1,0
3113,2,3,5
3113,1,3,0
3113,37,1,20
3114,15,1,20
3114,41,1,0
3114,47,1,0
3114,34,1,5
3115,24,2,10
3116,55,1,5
3116,24,1,0
3116,58,1,0
3116,51,1,0
3117,16,3,10
3117,2,3,0
3117,13,3,20
3117,34,1,0
3118,9,1,10
3118,17,1,20
3118,15,1,0
3119,1,3,0
3119,27,1,10
3119,11,1,5
3120,51,1,10
3120,2,1,10
3120,34,3,0
3120,23,1,10
3121,44,2,10
3121,12,1,5
3121,3,1,10
3121,6,2,10
3122,20,1,0
3122,16,1,5
3123,1,1,0
3123,17,1,0
3124,6,1,10
3124,24,1,0
3124,28,1,10
3124,3,3,0
3125,15,3,10
3126,1,2,0
3126,39,1,10
3127,2,1,10
3128,17,1,5
3129,27,1,0
3129,20,1,5
3129,49,2,0
3129,35,1,20
3130,1,1,20
3130,23,1,10
3130,10,1,0
3131,12,2,10
3131,6,1,10
3131,25,2,20
3131,48,1,20
3132,23,1,0
3132,5,1,20
3132,1,1,0
3132,6,1,0
3133,30,1,10
3133,46,1,10
3133,52,2,10
3133,52,2,0
3134,54,2,0
3134,27,1,10
3134,2,1,0
3135,3,1,0
3135,23,1,0
3135,2,1,20
3135,27,2,0
3136,31,1,0
3136,3,1,0
3137,37,2,5
3138,15,1,20
3138,1,3,20
3139,9,1,0
3139,58,1,0
3140,46,1,10
3140,41,2,0
3140,42,1,10
3141,17,1,0
3141,20,2,10
3141,50,2,0
3142,1,2,10
3142,11,1,0
3143,1,3,10
3143,9,1,0
3144,5,1,10
3144,21,1,20
3144,32,1,5
3144,19,1,0
3145,42,1,0
3145,5,1,10
3145,44,1,0
3145,37,2,5
3146,1,1,10
3146,45,1,20
3147,48,1,0
3147,13,3,10
3147,11,1,10
3147,18,3,5
3148,6,3,5
3149,35,2,5
3149,22,1,10
3149,2,2,10
3150,46,1,0
3151,9,2,5
3152,6,1,5
3153,38,1,10
3153,18,1,0
3153,54,2,10
3153,6,1,20
3154,25,1,20
3154,1,1,10
3154,59,1,5
3155,1,3,10
3156,7,1,20
3157,1,1,0
3158,7,3,5
3158,55,1,0
3159,11,1,0
3160,16,2,5
3160,50,1,10
3161,1,1,0
3161,51,1,0
3161,58,1,20
3161,15,1,0
3162,4,1,0
3163,31,2,5
3164,38,1,5
3164,13,2,0
3165,42,1,0
3165,6,1,5
3165,1,1,20
3165,27,1,5
3166,20,2,10
3166,1,2,0
3166,5,1,5
3167,23,1,0
3167,28,1,10
3167,30,1,0
3168,13,2,10
3168,35,1,10
3168,31,1,5
3169,3,1,10
3169,23,2,10
3169,4,2,10
3170,30,1,0
3171,26,1,5
3171,53,1,0
3172,4,1,20
3172,14,1,0
3173,2,1,20
3173,9,1,0
3174,31,2,20
3175,4,1,0
3176,43,1,0
3177,15,1,20
3177,11,2,5
3178,40,1,5
3178,42,1,20
3178,2,1,5
3178,59,2,10
3179,39,2,20
3179,11,1,0
3180,1,2,20
3180,5,2,5
3180,3,1,10
3180,1,1,0
3181,11,1,5
3181,3,1,20
3182,21,1,5
3182,32,2,5
3183,8,1,5
3183,4,1,10
3184,22,1,10
3185,57,2,20
3186,34,1,10
3186,15,1,0
3187,6,1,10
3187,13,2,0
3187,2,1,10
3187,24,2,10
3188,6,1,5
3188,3,1,10
3188,38,1,20
3189,13,2,0
3189,38,1,0
3189,6,3,10
3190,20,3,10
3190,1,1,5
3190,21,1,20
3190,25,1,5
3191,51,1,5
3191,56,2,0
3192,14,2,20
3192,1,3,10
3192,24,1,5
3193,34,1,5
3193,4,2,5
3193,6,1,5
3194,40,1,10
3194,16,1,20
3194,8,1,20
3194,45,1,5
3195,4,1,10
3195,1,2,10
3195,5,1,0
3195,38,2,10
3196,29,3,0
3196,1,1,0
3197,4,2,0
3197,3,1,20
3197,8,1,10
3198,4,1,10
3199,31,1,10
3199,44,1,0
3199,47,1,5
3200,17,1,0
3200,3,1,0
3200,1,1,10
3201,12,2,10
3201,18,3,20
3202,3,1,10
3202,1,1,0
3203,2,1,0
3203,35,2,20
3203,4,1,10
3203,42,1,5
3204,52,2,5
3204,9,3,10
3204,28,1,10
3204,8,1,0
3205,34,1,0
3205,5,3,0
3206,13,2,0
3206,46,1,5
3207,27,1,0
3207,2,1,20
3207,2,1,5
3207,59,3,0
3208,11,1,0
3208,5,1,0
3209,16,2,0
3210,11,1,0
3210,29,1,10
3211,18,1,10
3211,27,3,10
3211,46,1,0
3212,16,1,0
3212,32,3,0
3212,17,1,0
3213,44,1,0
3213,15,2,10
3213,7,2,5
3214,52,1,0
3214,18,1,0
3214,33,1,5
3214,30,1,5
3215,31,1,10
3215,2,1,20
3216,12,1,0
3217,55,2,20
3218,18,1,0
3218,2,1,0
3218,8,1,0
3218,2,2,0
3219,13,1,0
3219,3,1,10
3220,43,2,5
3220,14,3,5
3220,48,1,10
3221,29,1,10
3221,18,1,20
3221,2,1,0
3221,5,1,20
3222,17,1,5
3222,10,1,0
3222,41,2,10
3222,25,1,10
3223,10,3,10
3223,16,2,0
3224,11,1,20
3225,21,1,10
3226,2,1,0
3226,17,1,10
3227,9,3,0
3227,40,1,0
3228,10,1,5
3228,36,2,0
3228,2,2,10
3228,53,1,20
3229,16,1,10
3229,13,1,10
3229,23,1,5
3229,12,1,0
3230,8,1,20
3230,1,1,0
3231,14,1,0
3232,9,1,10
3233,37,1,10
3233,2,1,20
3234,1,1,5
3234,16,1,5
3235,27,1,0
3236,10,1,5
3236,49,1,0
3236,10,2,10
3236,12,1,0
3237,11,1,5
3238,7,2,10
3239,33,1,20
3239,55,1,5
3240,44,1,10
3240,15,1,10
3240,8,1,0
3241,43,3,0
3241,32,1,20
3242,28,2,10
3242,53,3,0
3242,4,1,0
3243,26,1,0
3243,23,1,20
3244,52,1,5
3244,4,1,0
3245,16,2,5
3245,1,1,10
3245,1,2,10
3245,4,2,0
3246,58,1,0
3246,13,1,0
3246,6,1,0
3247,21,1,5
3248,41,1,10
3248,3,2,5
3248,27,1,10
3249,16,1,10
3250,34,1,20
3250,12,1,5
3250,9,3,0
3250,34,2,20
3251,55,1,5
3251,10,1,5
3251,34,1,0
3252,33,1,10
3252,5,1,0
3252,59,2,20
3252,8,1,0
3253,2,1,5
3254,57,1,20
3254,24,3,0
3254,30,1,0
3254,24,1,0
3255,59,2,10
3256,34,3,10
3257,35,1,10
3257,20,2,10
3257,1,3,0
3257,1,1,5
3258,44,2,20
3258,6,2,0
3259,5,1,10
3259,2,2,10
3260,12,1,5
3260,54,1,0
3260,3,1,0
3261,27,1,10
3261,5,1,10
3261,5,1,0
3261,27,1,0
3262,50,1,10
3262,27,1,5
3263,51,1,10
3264,60,1,0
3264,51,1,10
3265,7,1,20
3265,1,1,0
3266,31,1,10
3266,26,3,0
3266,2,1,20
3266,28,1,10
3267,4,1,20
3268,26,1,10
3268,8,1,0
3268,50,1,10
3269,5,1,10
3269,14,1,20
3269,1,1,10
3269,35,1,5
3270,51,1,0
3270,53,1,5
3270,5,3,10
3270,27,3,10
3271,37,2,0
3272,13,2,0
3272,14,1,0
3272,9,2,0
3273,25,1,20
3273,1,2,5
3273,39,1,5
3274,55,1,5
3274,44,2,20
3274,45,1,0
3275,57,1,5
3275,7,1,0
3275,16,1,0
3275,10,1,0
3276,20,1,5
3276,48,1,5
3276,17,1,10
3276,19,2,10
3277,51,1,5
3277,18,1,20
3277,1,1,0
3277,42,2,10
3278,14,1,10
3278,34,1,10
3278,36,2,5
3278,9,1,20
3279,51,2,0
3279,31,1,20
3279,4,1,20
3279,2,1,20
3280,4,1,0
3281,24,1,20
3281,3,1,20
3281,15,2,5
3282,5,1,10
3282,1,3,20
3282,13,1,5
3283,6,1,0
3283,15,2,0
3284,21,1,20
3284,13,2,0
3284,10,-1,0
3285,11,2,0
3285,2,1,20
3285,24,1,5
3285,5,1,0
3286,13,3,5
3287,30,1,20
3287,28,1,0
3288,57,1,0
3288,35,1,0
3288,4,2,0
3289,1,1,0
3290,1,2,0
3290,1,1,5
3290,38,2,0
3290,19,1,0
3291,17,2,20
3291,25,1,0
3291,4,1,20
3291,6,1,0
3292,57,3,10
3293,3,1,10
3293,2,1,20
3293,46,1,10
3293,54,1,20
3294,1,3,20
3294,36,2,10
3295,14,3,0
3295,5,1,0
3295,1,3,20
3295,9,2,10
3296,38,1,20
3296,44,1,10
3296,30,1,20
3296,4,1,10
3297,12,1,0
3297,3,3,5
3298,1,1,0
3298,4,1,10
3298,16,1,0
3299,13,1,5
3299,9,1,20
3299,11,1,10
3300,13,1,5
3300,53,2,5
3300,17,1,0
3300,11,1,5
3301,1,1,0
3301,56,1,0
3301,3,1,5
3301,3,2,5
3302,47,1,0
3302,14,2,10
3302,8,2,5
3302,8,1,5
3303,7,2,10
3303,8,1,0
3303,8,1,5
3303,18,1,0
3304,7,1,20
3305,7,2,10
3305,7,1,10
3305,10,1,20
3305,31,2,20
3306,54,3,10
3306,52,1,10
3307,21,1,0
3307,8,1,10
3307,21,1,10
3308,15,3,10
3309,32,1,0
3309,13,1,10
3309,26,2,10
3309,30,1,0
3310,41,1,20
3311,29,3,10
3311,43,1,10
3311,33,1,10
3312,44,1,0
3312,14,2,5
3312,39,2,5
3313,51,1,5
3314,2,1,5
3314,24,1,10
3314,2,3,20
3315,20,2,5
3315,2,1,5
3315,28,1,0
3316,10,1,0
3316,3,1,20
3316,37,1,0
3317,10,2,0
3317,14,1,10
3317,12,1,0
3318,13,2,0
3318,11,1,10
3318,54,2,0
3318,27,3,20
3319,7,2,5
3319,39,1,0
3320,1,2,0
3321,11,3,10
3321,11,1,20
3321,13,2,0
3322,20,1,10
3322,4,1,20
3323,43,1,10
3323,26,1,5
3324,53,1,5
3324,27,3,10
3325,6,1,0
3325,3,1,10
3325,15,1,0
3326,4,1,10
3327,56,2,20
3327,50,1,10
3328,2,1,0
3328,52,2,0
3328,28,2,5
3328,4,1,10
3329,25,1,0
3329,5,3,20
3329,2,1,20
3330,6,1,0
3330,11,1,0
3330,43,1,10
3330,4,3,0
3331,51,1,0
3332,1,2,5
3332,6,2,0
3332,52,1,10
3332,30,1,5
3333,40,1,5
3333,48,1,0
3333,3,1,0
3333,51,1,20
3334,45,1,10
3335,31,1,5
3335,60,3,10
3335,56,1,10
3335,10,2,0
3336,44,1,10
3336,3,2,10
3337,12,1,0
3338,36,3,0
3339,25,1,10
3340,19,1,20
3340,2,1,10
3340,15,2,20
3340,1,1,10
3341,13,3,10
3341,8,1,0
3341,35,1,0
3342,50,1,0
3342,54,1,0
3342,21,1,10
3343,34,1,5
3343,9,1,10
3343,17,1,10
3344,28,1,10
3345,1,1,0
3345,2,1,0
3345,13,1,20
3346,21,1,20
3347,3,2,0
3347,8,3,10
3347,25,2,0
3347,13,1,20
3348,59,3,20
3348,3,1,0
3349,12,1,0
3349,10,1,0
3349,9,1,5
3350,44,1,5
3350,4,1,10
3350,17,1,5
3351,8,1,0
3351,5,3,0
3352,2,1,0
3352,17,1,0
3352,37,1,5
3353,2,2,5
3353,1,1,5
3353,29,1,5
3353,1,1,0
3354,8,1,0
3354,1,1,20
3354,46,1,10
3354,3,1,0
3355,11,1,10
3355,19,2,20
3355,45,1,5
3355,2,1,10
3356,30,1,5
3356,36,1,20
3356,59,2,10
3357,4,1,0
3357,33,1,0
3357,55,2,10
3358,30,1,20
3358,2,2,5
3359,5,2,0
3359,21,3,5
3360,4,2,10
3360,35,2,20
3360,13,2,10
3361,56,1,5
3361,29,2,5
3362,28,2,0
3362,45,1,20
3362,16,2,10
3362,17,2,20
3363,17,1,0
3363,45,1,5
3364,7,2,0
3364,52,1,0
3364,6,1,10
3365,22,3,20
3365,10,1,10
3365,40,1,10
3365,59,1,0
3366,19,1,20
3366,19,1,0
3367,20,1,0
3367,14,1,0
3367,34,1,0
3367,38,1,5
3368,26,2,5
3368,1,1,0
3368,7,1,0
3368,22,1,20
3369,2,1,0
3369,25,1,10
3369,3,1,5
3370,50,1,5
3371,58,1,10
3371,7,1,0
3371,22,1,5
3371,32,2,5
3372,13,2,0
3373,11,1,10
3373,42,2,20
3373,24,2,10
3373,3,2,10
3374,54,1,0
3374,30,3,0
3374,54,1,20
3375,6,1,10
3375,13,1,20
3376,14,1,5
3376,2,3,0
3376,4,1,0
3376,46,1,0
3377,5,1,0
3377,2,1,0
3378,43,1,5
3379,52,3,10
3379,48,1,0
3379,28,1,0
3379,17,3,0
3380,8,3,10
3381,10,2,20
3381,3,1,5
3382,51,2,0
3382,31,1,10
3382,19,1,0
3382,5,1,5
3383,5,1,10
3383,20,3,10
3383,18,1,0
3384,48,1,0
3384,56,2,20
3384,24,1,0
3385,40,3,10
3386,23,3,0
3386,5,2,5
3386,6,1,0
3387,31,1,5
3387,1,1,0
3388,31,1,0
3388,31,1,5
3389,2,2,20
3389,41,3,0
3390,1,1,20
3390,4,1,20
3390,4,3,5
3390,3,2,20
3391,23,1,20
3392,39,1,20
3392,21,1,10
3392,11,1,0
3393,50,1,20
3394,11,1,0
3395,23,2,0
3396,52,3,20
3397,43,1,0
3397,9,1,5
3397,16,2,10
3398,16,1,10
3398,30,1,0
3398,1,1,0
3399,45,1,10
3399,28,1,20
3399,28,1,10
3399,1,3,0
3400,4,1,0
3400,14,1,5
3401,1,1,10
3401,36,3,20
3401,12,1,0
3401,38,2,10
3402,6,1,5
3403,58,2,0
3403,17,1,5
3404,1,2,10
3404,17,1,0
3405,28,2,0
3405,2,1,10
3405,1,1,0
3405,18,3,10
3406,21,-1,20
3406,13,1,20
3406,18,1,10
3406,49,2,20
3407,2,1,10
3407,52,1,0
3407,4,1,20
3407,24,2,0
3408,17,1,0
3408,36,1,0
3409,10,1,5
3409,56,2,0
3409,2,1,5
3410,25,3,5
3410,20,2,10
3410,1,1,0
3410,3,1,20
3411,54,1,0
3411,17,1,5
3411,8,1,0
3411,15,1,0
3412,2,2,20
3412,54,1,10
3413,11,2,20
3414,34,1,0
3415,1,1,10
3415,41,1,0
3415,12,1,5
3416,21,1,0
3416,45,1,0
3417,21,1,10
3417,36,3,0
3417,1,1,0
3417,21,1,10
3418,16,1,0
3418,10,1,0
3419,2,1,20
3419,1,1,20
3419,16,1,10
3419,10,3,0
3420,1,1,20
3420,40,1,0
3420,53,1,0
3420,2,1,5
3421,41,1,0
3421,3,3,0
3422,6,2,0
3423,2,1,5
3423,23,2,0
3423,12,1,10
3423,47,1,10
3424,24,1,20
3424,5,1,0
3425,38,1,20
3426,46,1,5
3426,6,3,5
3426,11,2,20
3427,34,1,10
3427,32,1,20
3427,46,2,0
3428,29,1,5
3429,5,2,10
3430,12,1,20
3430,13,1,20
3431,12,1,5
3431,6,1,5
3432,18,3,0
3433,17,1,0
3433,24,1,5
3433,56,1,20
3433,1,2,5
3434,42,2,5
3434,12,1,10
3434,2,1,0
3435,43,1,5
3435,21,1,10
3436,7,1,10
3436,7,1,0
3437,9,2,20
3437,55,1,0
3438,4,3,0
3438,1,3,5
3438,53,2,0
3439,52,1,0
3439,23,3,20
3440,36,2,20
3441,14,1,0
3441,1,1,0
3441,6,1,20
3442,47,1,10
3442,27,2,10
3442,17,1,10
3442,59,1,10
3443,17,1,5
3443,7,3,10
3444,4,1,20
3444,9,2,0
3444,25,1,5
3445,40,1,0
3445,53,1,5
3446,20,1,0
3447,7,1,20
3447,48,1,5
3447,48,2,0
3447,30,-1,10
3448,55,1,10
3448,11,2,10
3449,27,1,0
3449,15,1,5
3450,36,2,0
3450,4,2,0
3450,48,2,0
3450,49,3,5
3451,27,1,0
3451,4,1,5
3452,32,1,0
3452,24,1,20
3453,1,1,0
3453,7,1,0
3454,1,1,20
3454,19,1,0
3454,3,1,10
3454,9,1,5
3455,4,1,10
3455,56,1,0
3456,4,2,5
3456,10,1,10
3457,2,1,0
3458,59,2,20
3459,20,1,0
3459,7,1,20
3459,35,1,10
3460,1,1,10
3460,29,3,0
3460,14,1,10
3460,1,1,0
3461,13,2,10
3461,1,1,10
3461,56,1,0
3461,38,1,5
3462,19,1,0
3463,10,1,10
3463,7,1,0
3463,19,1,0
3464,56,1,20
3464,20,2,20
3464,45,1,10
3464,1,1,10
3465,11,1,0
3466,7,3,0
3466,1,3,10
3466,7,2,5
3466,6,1,5
3467,6,1,10
3467,1,1,10
3467,3,1,0
3467,2,1,0
3468,24,1,10
3468,10,1,20
3468,21,1,5
3468,11,1,10
3469,25,1,20
3469,22,1,10
3470,40,2,5
3471,43,1,5
3472,15,2,0
3472,42,1,0
3472,3,1,20
3472,15,1,0
3473,6,1,10
3473,58,1,0
3473,13,1,20
3473,24,1,0
3474,42,1,5
3474,13,1,0
3474,13,1,20
3474,18,1,10
3475,50,1,0
3476,12,2,0
3477,4,1,5
3477,4,2,0
3478,18,1,10
3478,33,3,0
3478,13,2,20
3478,20,3,0
3479,17,1,5
3479,46,2,0
3479,2,1,0
3480,41,1,0
3480,2,1,10
3480,12,1,0
3480,34,2,5
3481,18,2,5
3482,1,1,20
3483,2,1,0
3484,55,1,0
3484,10,2,10
3484,31,3,10
3485,1,1,20
3485,55,1,0
3485,34,1,5
3485,23,1,0
3486,29,3,10
3486,3,1,0
3486,53,3,0
3486,60,1,5
3487,5,2,10
3487,27,1,0
3488,31,2,0
3489,11,1,0
3489,54,1,20
3489,5,1,0
3490,9,2,20
3490,22,1,5
3491,4,1,20
3491,3,2,10
3491,22,1,0
3491,19,1,20
3492,16,2,0
3492,51,1,5
3492,31,1,20
3492,53,1,10
3493,2,1,10
3493,11,1,0
3494,1,2,10
3495,32,1,10
3495,50,1,5
3495,28,1,10
3495,7,2,5
3496,9,1,5
3497,2,1,20
3498,30,1,0
3498,20,1,0
3498,7,3,0
3498,36,1,0
3499,58,1,20
3499,11,2,5
3499,2,1,5
3500,24,1,10
3501,29,1,0
3502,24,1,10
3502,14,1,0
3502,34,1,5
3503,8,1,10
3503,11,2,0
3503,55,3,0
3504,33,2,5
3504,1,1,0
3504,11,1,0
3504,40,2,20
3505,49,1,0
3505,4,1,5
3506,41,1,5
3507,9,1,0
3508,15,2,0
3508,14,1,0
3508,16,1,0
3509,5,2,0
3510,1,2,0
3511,5,1,20
3511,30,1,0
3512,14,2,5
3512,4,1,10
3512,41,2,10
3512,8,2,0
3513,21,1,10
3513,3,1,10
3513,7,2,10
3514,8,1,0
3515,23,2,0
3515,8,1,10
3515,16,2,0
3515,11,1,0
3516,42,2,10
3516,54,1,20
3516,59,1,5
3516,23,1,0
3517,28,1,20
3517,1,1,20
3517,1,2,10
3517,18,1,10
3518,51,1,5
3519,5,1,10
3519,10,1,0
3520,27,1,5
3520,34,1,10
3521,11,2,10
3521,7,2,5
3522,1,1,10
3522,1,1,5
3522,12,1,10
3522,6,1,10
3523,22,1,0
3523,4,1,20
3523,7,1,10
3524,18,3,10
3524,48,1,10
3524,56,2,5
3524,49,1,10
3525,1,1,20
3526,10,1,10
3526,9,1,10
3526,1,1,5
3526,13,2,0
3527,10,3,10
3527,8,1,20
3527,38,2,10
3527,14,1,0
3528,42,1,10
3528,1,1,0
3528,23,1,10
3528,24,1,0
3529,52,3,0
3530,43,3,5
3530,57,1,10
3531,33,3,0
3531,50,1,0
3531,41,2,10
3532,1,1,5
3532,1,2,0
3532,23,1,0
3533,54,1,0
3533,1,2,10
3533,33,1,10
3534,18,1,0
3534,16,2,20
3535,54,2,20
3536,3,1,20
3536,48,1,20
3536,9,1,10
3536,4,1,0
3537,20,1,0
3537,12,1,10
3538,7,1,10
3539,57,1,0
3540,3,2,10
3540,4,1,5
3540,47,1,20
3541,3,1,0
3541,18,1,5
3541,21,2,10
3541,3,2,0
3542,31,1,0
3542,55,2,0
3543,10,1,20
3543,22,1,5
3543,40,1,5
3544,4,1,10
3544,11,2,0
3545,11,2,0
3546,3,1,10
3546,29,1,5
3546,35,2,0
3547,17,1,5
3548,15,1,10
3549,9,1,0
3549,11,1,0
3549,29,1,0
3550,29,1,0
3550,32,1,0
3551,25,1,0
3551,23,1,20
3551,60,1,0
3551,12,3,10
3552,6,1,0
3553,4,1,0
3553,14,1,0
3553,14,1,10
3554,2,2,5
3554,38,1,5
3554,4,2,10
3554,2,1,5
3555,14,1,10
3555,36,1,0
3556,3,1,0
3556,7,1,10
3556,31,1,5
3557,14,1,10
3557,55,3,10
3557,54,2,5
3557,1,1,20
3558,3,1,5
3559,6,-1,10
3559,15,2,5
3560,6,3,0
3560,8,1,0
3560,33,2,0
3560,6,1,0
3561,28,2,0
3561,47,1,0
3561,1,3,5
3561,41,1,0
3562,4,1,0
3562,48,1,20
3563,18,2,0
3563,39,1,0
3563,8,2,5
3564,16,1,0
3564,37,1,5
3564,10,1,5
3565,9,1,10
3565,4,1,0
3565,9,1,10
3566,40,1,0
3567,59,2,0
3567,1,3,0
3567,3,1,0
3568,28,1,0
3568,20,1,0
3568,55,3,20
3569,6,1,0
3569,2,1,20
3569,1,1,5
3570,14,1,0
3570,7,1,0
3570,9,1,10
3570,28,1,0
3571,24,1,0
3571,10,1,10
3571,15,2,5
3571,9,1,0
3572,16,1,10
3573,1,3,10
3573,17,1,5
3574,5,1,20
3575,10,2,5
3575,31,1,0
3576,24,1,0
3576,31,2,0
3576,52,1,20
3576,53,2,10
3577,14,1,0
3577,51,1,0
3578,32,1,10
3578,18,1,5
3578,9,1,5
3579,1,1,10
3579,22,1,0
3579,42,1,0
3579,15,1,0
3580,40,3,10
3580,21,1,10
3580,53,1,10
3581,1,2,10
3581,35,1,10
3582,6,2,10
3582,45,2,0
3582,8,3,20
3583,7,2,0
3583,10,3,5
3583,15,2,0
3584,3,1,10
3584,44,1,0
3584,1,1,0
3585,2,1,20
3585,5,1,0
3585,36,1,20
3586,6,2,0
3586,5,1,0
3586,1,1,0
3586,1,1,20
3587,16,1,5
3587,19,1,5
3588,4,1,20
3588,2,1,0
3589,45,2,0
3589,1,1,20
3589,3,3,5
3589,3,3,10
3590,4,1,0
3590,29,1,0
3590,28,1,10
3591,14,3,0
3591,59,1,0
3591,49,1,5
3592,37,1,5
3592,2,1,0
3593,11,1,10
3593,5,1,5
3593,19,1,0
3594,6,1,10
3594,7,2,0
3594,5,3,0
3594,21,3,5
3595,19,1,10
3595,24,1,10
3596,4,1,10
3596,50,1,10
3596,40,1,10
3597,8,1,0
3597,30,3,5
3597,59,2,0
3597,12,2,0
3598,16,2,5
3598,1,2,0
3598,49,1,0
3598,23,1,20
3599,46,1,5
3600,6,1,20
3601,2,1,0
3602,39,2,0
3602,4,1,5
3603,56,1,0
3603,18,1,5
3604,3,1,10
3604,59,1,10
3604,1,1,5
3604,8,1,10
3605,52,1,10
3606,20,1,20
3607,51,1,0
3607,46,1,10
3608,60,1,10
3609,19,2,20
3609,13,1,5
3609,8,2,5
3610,2,2,0
3610,39,1,5
3610,56,1,0
3610,22,1,0
3611,24,1,0
3611,16,3,0
3611,24,1,0
3612,2,1,10
3612,1,1,5
3612,2,1,0
3613,1,2,0
3613,5,1,0
3614,32,3,10
3614,47,1,0
3615,5,1,10
3615,1,1,5
3615,57,1,0
3616,4,1,0
3616,39,1,10
3616,52,1,0
3617,36,1,0
3617,2,3,0
3617,45,1,5
3618,27,1,10
3618,11,2,20
3618,23,2,0
3618,47,2,20
3619,30,1,0
3619,38,2,0
3619,46,1,10
3620,6,1,20
3620,35,1,10
3621,34,1,0
3622,40,2,0
3623,10,1,0
3623,45,1,0
3624,3,1,0
3624,38,1,10
3624,3,1,0
3625,2,1,5
3625,42,1,10
3626,13,1,0
3627,28,1,0
3627,26,2,5
3627,25,1,10
3627,16,2,10
3628,37,1,20
3628,8,1,20
3629,33,1,0
3630,9,2,10
3630,3,1,5
3630,4,1,10
3630,12,2,5
3631,11,3,5
3632,38,1,10
3633,11,1,10
3633,39,1,0
3634,2,1,20
3634,6,2,5
3634,59,1,0
3635,9,1,5
3635,13,1,0
3635,15,1,0
3636,42,2,0
3636,33,1,0
3637,3,1,20
3637,46,2,5
3637,9,1,5
3638,50,1,0
3638,47,1,10
3638,2,3,0
3639,16,1,10
3639,43,2,0
3639,36,1,20
3640,25,1,0
3641,56,1,0
3641,2,1,10
3641,45,2,0
3641,47,2,0
3642,9,2,0
3642,1,1,0
3642,49,2,0
3643,25,1,0
3643,5,1,5
3644,55,1,20
3644,10,3,20
3644,10,1,20
3645,36,1,20
3645,19,2,20
3646,44,2,10
3646,30,1,0
3647,6,1,20
3647,1,1,10
3648,25,2,0
3649,45,2,20
3649,22,1,10
3650,37,1,10
3650,4,1,0
3650,20,1,10
3651,44,2,0
3652,34,1,0
3652,6,1,20
3652,4,1,20
3652,26,1,20
3653,1,1,5
3653,2,1,5
3653,21,1,10
3654,1,1,5
3654,1,1,20
3654,2,1,20
3654,4,2,0
3655,13,1,5
3656,29,1,10
3657,1,2,0
3658,5,2,0
3659,32,1,10
3659,16,1,0
3660,1,1,0
3660,9,1,10
3660,48,3,10
3661,1,1,5
3662,17,2,20
3662,1,1,10
3663,16,1,0
3664,8,1,0
3664,7,1,0
3664,24,1,10
3664,5,1,20
3665,52,1,20
3665,31,1,0
3665,7,2,20
3665,21,1,0
3666,15,3,20
3666,1,1,5
3666,3,2,5
3666,29,2,0
3667,8,1,10
3667,15,1,10
3667,8,1,0
3668,6,2,10
3668,1,1,5
3669,32,2,0
3669,52,1,10
3669,6,1,10
3669,4,2,0
3670,52,1,20
3670,36,1,20
3670,7,1,20
3670,40,3,5
3671,3,1,10
3671,5,1,0
3671,42,1,20
3672,6,1,0
3672,1,1,0
3673,1,1,5
3673,7,1,0
3673,26,1,5
3674,56,1,0
3675,40,1,0
3676,42,1,10
3676,23,1,5
3677,4,2,5
3677,22,1,10
3678,4,1,0
3678,29,3,0
3678,23,1,10
3678,14,2,20
3679,29,1,0
3679,35,2,20
3679,1,3,0
3680,55,3,10
3680,5,2,0
3680,7,1,0
3680,36,2,0
3681,14,1,0
3681,31,2,0
3682,30,3,5
3682,25,1,0
3682,25,1,0
3682,1,1,5
3683,57,3,0
3683,4,1,0
3683,17,1,0
3684,29,1,0
3684,3,2,0
3684,17,1,0
3684,1,3,0
3685,2,2,10
3686,13,2,5
3686,47,1,0
3687,40,2,20
3687,3,1,0
3687,38,2,0
3688,1,1,5
3688,2,1,0
3688,37,1,0
3688,49,2,0
3689,14,1,5
3690,5,1,10
3690,3,1,20
3690,7,1,0
3690,7,2,0
3691,58,1,0
3691,20,3,10
3692,12,2,0
3692,36,1,20
3692,38,1,5
3693,4,1,10
3693,13,2,5
3694,12,1,0
3694,3,1,0
3694,3,1,0
3694,57,2,5
3695,4,1,0
3695,27,1,10
3695,29,1,0
3696,16,1,20
3696,8,2,10
3697,49,1,0
3697,10,1,0
3698,4,1,10
3698,40,1,0
3699,27,1,5
3699,4,1,5
3699,35,1,20
3700,4,1,5
3701,12,1,0
3702,56,2,5
3702,2,1,0
3702,39,1,10
3703,11,1,0
3703,56,1,0
3704,31,1,0
3705,7,1,20
3705,32,1,0
3705,40,1,0
3705,13,1,10
3706,1,1,0
3707,30,2,0
3707,11,2,10
3707,43,1,0
3707,53,1,0
3708,7,1,0
3709,8,1,0
3709,7,2,10
3709,21,1,0
3709,29,3,10
3710,10,3,20
3711,2,1,10
3711,17,1,5
3711,9,1,0
3712,32,1,10
3713,28,1,10
3714,24,1,10
3714,58,1,5
3714,1,1,0
3714,5,1,0
3715,1,1,5
3715,59,2,5
3715,2,1,5
3715,4,1,0
3716,1,3,0
3716,8,1,0
3716,36,1,5
3716,1,1,0
3717,57,1,20
3717,16,2,20
3717,20,3,5
3718,5,2,5
3718,2,1,0
3718,11,1,10
3719,1,1,5
3719,6,1,0
3719,46,1,10
3720,29,1,0
3720,47,3,10
3721,16,1,0
3721,2,1,0
3721,48,1,0
3722,57,1,5
3722,26,1,20
3723,27,1,20
3723,58,1,10
3723,45,1,0
3723,14,1,0
3724,24,2,0
3724,1,3,20
3725,7,1,10
3725,2,1,20
3725,7,1,0
3725,23,1,10
3726,8,1,20
3726,16,1,10
3726,37,1,10
3726,28,1,5
3727,6,1,0
3727,17,2,20
3728,1,2,10
3728,38,1,5
3728,35,1,20
3729,18,2,0
3729,14,1,0
3730,41,1,20
3730,56,1,0
3730,3,1,0
3730,23,1,0
3731,14,1,0
3732,1,1,5
3732,10,1,0
3732,43,1,10
3733,59,1,10
3733,3,1,0
3734,3,1,0
3735,22,1,20
3735,4,2,0
3735,52,1,10
3735,3,1,0
3736,51,2,5
3737,2,2,5
3738,3,1,20
3738,33,2,10
3738,34,1,0
3739,55,2,10
3739,45,1,0
3739,52,1,0
3739,4,1,0
3740,28,1,10
3740,4,2,5
3740,7,1,5
3741,46,1,10
3741,2,1,0
3741,7,1,10
3741,59,1,0
3742,56,1,0
3742,27,2,0
3743,3,1,0
3743,1,1,10
3743,10,2,0
3744,58,1,10
3744,1,2,10
3745,25,1,5
3745,22,1,5
3746,8,1,10
3746,21,1,10
3746,24,1,0
3746,45,1,10
3747,5,2,10
3747,35,1,0
3747,30,1,5
3747,3,1,10
3748,27,3,0
3748,4,1,0
3748,20,1,10
3749,12,2,10
3749,12,1,10
3750,12,1,10
3750,1,1,20
3750,46,1,10
3750,40,3,10
3751,31,1,10
3751,14,1,0
3751,31,1,5
3751,27,1,0
3752,21,1,5
3752,11,1,5
3752,3,2,10
3753,33,3,10
3753,28,1,10
3753,60,1,20
3754,36,3,0
3754,42,1,10
3754,37,1,0
3755,10,3,20
3756,49,3,0
3756,1,2,5
3756,1,1,0
3757,29,2,20
3757,24,2,0
3758,58,1,5
3758,1,2,0
3758,1,1,20
3758,40,1,10
3759,57,2,0
3759,32,1,20
3759,7,2,0
3760,15,1,20
3760,36,1,0
3760,1,1,5
3760,41,1,5
3761,4,1,10
3762,33,1,20
3763,59,3,20
3763,7,1,5
3764,2,1,5
3765,3,1,0
3765,4,1,5
3766,3,2,10
3766,41,3,20
3767,12,2,20
3767,4,1,10
3767,6,1,5
3768,36,1,20
3768,3,3,5
3768,7,1,10
3769,35,1,20
3769,18,1,0
3770,51,1,0
3771,17,2,0
3771,19,1,20
3771,4,1,5
3771,58,1,5
3772,18,1,5
3772,4,3,10
3772,25,1,0
3772,28,1,10
3773,9,1,20
3773,4,1,0
3774,5,1,5
3774,4,1,10
3774,1,1,0
3775,37,3,20
3775,1,2,0
3776,25,1,5
3776,2,1,0
3776,2,2,5
3777,1,1,0
3777,1,1,5
3778,50,1,0
3778,2,1,5
3778,26,2,20
3779,10,2,10
3779,37,2,20
3779,2,2,5
3780,1,1,5
3780,45,1,20
3781,28,1,10
3782,29,2,5
3782,59,1,0
3782,44,2,0
3783,7,2,5
3783,45,1,5
3783,29,1,0
3783,50,1,20
3784,46,1,5
3785,7,1,5
3786,42,1,0
3787,17,1,20
3787,3,1,5
3788,40,2,0
3788,16,3,20
3788,17,1,10
3788,30,1,5
3789,1,1,5
3789,55,1,0
3789,7,1,20
3789,30,1,0
3790,2,1,0
3791,43,3,5
3791,3,2,0
3791,2,3,10
3791,37,1,10
3792,2,3,5
3792,10,2,0
3792,2,1,5
3792,4,2,5
3793,7,2,10
3793,7,1,10
3793,56,3,20
3793,20,2,0
3794,10,1,0
3794,41,2,20
3795,4,2,0
3796,26,1,10
3797,39,1,20
3797,28,1,0
3797,39,1,10
3797,43,3,5
3798,27,1,5
3799,3,1,0
3799,37,1,0
3800,55,1,10
3800,41,1,0
3801,21,1,0
3801,8,1,5
3801,1,3,0
3801,15,1,0
3802,38,1,0
3802,16,1,0
3802,7,1,0
3803,43,1,0
3804,36,1,10
3804,37,1,0
3804,60,1,10
3805,43,1,10
3806,36,1,0
3806,1,1,20
3806,54,1,0
3806,19,1,10
3807,46,1,0
3807,47,1,0
3807,4,1,10
3808,3,1,10
3808,31,3,0
3808,11,2,5
3808,44,1,0
3809,11,3,5
3809,14,2,0
3809,33,2,10
3810,36,2,10
3810,10,2,5
3811,25,1,10
3811,26,1,5
3812,8,1,5
3812,1,1,0
3813,15,1,5
3813,8,1,5
3814,5,2,20
3815,4,1,0
3815,9,1,0
3815,9,1,10
3816,12,1,5
3816,46,2,5
3816,29,2,20
3817,29,1,0
3817,36,1,5
3817,26,3,0
3818,6,2,0
3819,22,1,0
3819,41,3,10
3819,40,3,10
3820,37,1,0
3820,23,3,0
3821,9,1,10
3822,50,1,0
3822,56,1,10
3823,58,2,5
3824,1,1,20
3824,32,1,5
3824,11,2,0
3825,17,1,0
3825,1,2,5
3826,29,2,5
3827,54,1,0
3828,1,1,5
3828,13,1,10
3829,1,3,0
3829,49,1,0
3829,36,1,0
3830,10,1,10
3830,22,1,0
3831,13,2,5
3832,56,1,10
3832,4,2,0
3833,17,3,10
3834,24,2,10
3834,2,1,0
3835,40,1,10
3835,1,1,0
3835,2,2,0
3836,19,1,0
3836,7,3,20
3837,1,1,20
3838,3,1,0
3838,46,1,0
3839,45,1,0
3839,29,2,10
3839,24,1,5
3840,1,1,0
3840,15,1,10
3841,54,3,10
3841,47,2,0
3842,36,1,10
3842,17,3,10
3842,23,3,0
3843,27,1,20
3843,48,1,10
3843,32,1,5
3843,25,1,0
3844,55,1,10
3844,11,2,0
3845,10,1,10
3845,47,1,5
3845,40,1,10
3846,6,2,0
3846,26,1,20
3846,48,3,0
3847,27,3,10
3847,16,1,5
3848,11,2,5
3848,28,3,20
3848,46,1,10
3848,17,1,10
3849,9,1,20
3849,3,1,0
3850,3,3,0
3850,11,1,0
3851,33,1,5
3851,37,2,5
3851,10,1,5
3852,6,1,0
3853,37,2,0
3853,56,1,0
3853,17,3,0
3854,10,1,10
3854,14,1,20
3854,46,2,20
3855,1,1,0
3855,2,1,10
3855,4,2,10
3856,54,1,0
3856,22,2,5
3857,5,1,0
3857,22,1,10
3857,18,2,0
3858,16,3,0
3858,19,2,5
3859,56,1,0
3859,2,1,10
3860,15,1,20
3861,11,1,10
3861,14,1,5
3861,21,1,0
3862,18,1,0
3863,34,1,10
3863,39,1,10
3863,39,1,0
3863,17,1,0
3864,1,1,10
3865,51,2,0
3866,58,1,20
3866,12,1,0
3867,26,1,0
3867,35,1,0
3868,3,2,20
3868,17,1,20
3868,51,1,0
3869,3,1,5
3869,22,1,10
3869,7,1,0
3870,29,2,10
3871,11,1,20
3871,4,1,5
3872,12,1,0
3872,24,1,20
3873,4,1,20
3873,5,3,0
3873,6,2,0
3874,29,1,0
3874,8,1,20
3874,27,1,10
3875,13,1,0
3875,16,2,0
3875,34,2,20
3875,16,2,5
3876,2,3,0
3876,46,1,0
3876,3,1,5
3876,22,1,10
3877,41,2,0
3877,7,1,20
3878,56,1,0
3878,9,1,0
3879,28,1,5
3879,43,1,0
3879,2,2,0
3880,24,1,0
3881,20,1,5
3882,47,2,10
3882,3,3,0
3882,17,2,5
3882,1,1,5
3883,40,1,10
3883,51,3,0
3884,1,1,5
3884,5,1,5
3884,30,1,5
3885,18,1,10
3885,13,1,0
3885,7,2,20
3886,7,1,20
3886,15,2,5
3887,1,1,0
3888,2,1,0
3888,3,1,10
3888,42,1,5
3889,44,1,0
3889,5,1,10
3889,6,1,10
3889,1,1,10
3890,7,2,0
3890,23,2,20
3890,22,1,0
3890,54,2,10
3891,43,1,10
3891,15,1,10
3891,25,2,0
3891,2,1,0
3892,57,2,5
3892,48,1,5
3893,13,1,10
3893,36,1,10
3893,45,1,0
3894,41,1,10
3894,3,3,0
3895,24,2,10
3896,45,1,0
3897,16,1,0
3897,23,1,20
3898,32,1,5
3898,7,2,10
3899,46,3,0
3900,17,1,10
3900,31,2,10
3900,27,1,0
3900,53,1,10
3901,3,2,5
3901,12,2,5
3902,27,1,5
3902,20,1,0
3902,8,1,0
3902,45,1,5
3903,4,1,0
3903,28,1,10
3903,1,2,20
3904,40,1,10
3904,21,2,20
3905,2,1,0
3905,27,1,5
3905,21,1,20
3906,1,1,5
3906,44,2,0
3906,49,1,0
3906,10,1,0
3907,53,1,0
3907,21,1,0
3907,24,1,20
3907,18,2,0
3908,22,1,0
3908,10,1,10
3908,5,3,5
3908,38,1,20
3909,41,1,5
3909,14,1,10
3909,9,2,5
3910,32,1,10
3910,6,1,5
3911,9,3,0
3912,32,1,10
3913,20,1,20
3914,57,1,0
3914,30,1,20
3914,50,2,0
3915,18,1,0
3915,23,1,5
3915,18,1,10
3915,14,1,10
3916,39,1,20
3917,19,1,0
3917,38,2,0
3918,53,2,0
3919,23,1,0
3919,20,1,5
3919,40,1,5
3919,22,-1,10
3920,30,1,20
3920,23,1,5
3920,11,3,20
3921,22,2,0
3921,47,1,10
3921,8,1,0
3922,39,1,10
3922,14,1,10
3922,48,1,20
3922,5,2,10
3923,42,2,10
3923,11,1,10
3923,23,1,5
3923,2,1,20
3924,4,1,10
3925,53,1,0
3925,15,2,0
3925,12,1,20
3926,7,1,0
3926,15,1,5
3926,29,1,10
3927,13,1,0
3927,4,1,20
3927,40,1,5
3928,12,1,0
3928,54,1,10
3928,16,1,10
3929,48,1,0
3930,2,1,10
3931,23,1,0
3931,2,1,0
3931,7,2,0
3931,24,1,10
3932,28,1,0
3933,9,1,20
3933,41,1,10
3934,53,1,0
3934,15,1,5
3934,11,3,5
3934,16,1,20
3935,34,1,5
3935,22,1,5
3935,12,1,0
3936,29,3,10
3937,36,1,5
3937,3,1,10
3937,35,1,0
3937,9,1,0
3938,16,1,10
3938,33,2,0
3939,5,1,0
3939,35,2,5
3939,21,1,0
3939,2,1,20
3940,46,1,5
3941,26,1,10
3941,2,2,20
3941,36,1,20
3941,4,1,5
3942,15,1,5
3942,22,2,10
3943,7,2,0
3944,30,1,20
3944,1,1,10
3945,1,1,10
3946,34,1,5
3946,18,2,0
3947,56,1,5
3947,7,2,0
3947,50,2,10
3947,2,1,5
3948,6,1,10
3949,18,1,5
3949,29,1,10
3950,3,1,10
3950,17,2,20
3950,7,2,10
3950,5,1,20
3951,12,1,5
3951,1,1,0
3952,30,2,10
3952,3,1,10
3953,5,3,10
3953,52,1,20
3954,43,2,10
3954,2,3,0
3955,27,2,20
3955,44,1,0
3955,5,3,10
3956,51,1,20
3956,26,1,20
3957,6,1,0
3957,25,2,20
3957,37,2,20
3958,11,1,0
3959,13,1,20
3959,26,2,20
3960,26,1,0
3960,7,2,0
3961,5,3,10
3962,53,1,0
3962,29,1,5
3962,3,1,0
3963,13,3,20
3963,1,1,10
3963,44,1,5
3963,8,1,20
3964,11,1,20
3965,3,1,0
3965,55,1,0
3966,8,1,0
3966,2,1,0
3966,1,1,5
3966,20,2,10
3967,1,2,5
3967,50,1,5
3968,12,3,10
3968,6,1,0
3968,59,3,20
3968,10,1,10
3969,17,1,20
3969,6,3,0
3969,24,1,10
3970,5,1,0
3970,18,1,0
3970,25,3,5
3970,3,1,20
3971,2,1,10
3971,42,3,0
3972,14,2,5
3972,26,1,0
3972,12,3,10
3973,12,1,10
3973,53,2,10
3974,46,3,0
3975,42,1,20
3975,23,1,20
3975,14,1,0
3976,14,1,0
3976,31,1,0
3976,8,3,0
3977,19,1,10
3977,2,1,20
3978,17,1,5
3978,33,1,20
3979,6,2,10
3979,38,3,10
3979,42,1,5
3979,20,1,0
3980,31,3,5
3981,32,2,0
3981,27,3,10
3981,36,3,0
3981,36,1,5
3982,47,2,10
3982,6,2,0
3982,9,2,5
3982,14,1,20
3983,5,1,0
3983,22,1,5
3983,3,1,0
3983,14,1,10
3984,20,2,0
3985,2,1,0
3985,5,1,10
3985,27,3,20
3985,59,1,5
3986,48,3,0
3987,7,1,5
3987,41,2,10
3987,2,1,0
3987,10,2,0
3988,6,1,20
3988,8,1,10
3988,10,1,0
3988,39,2,5
3989,25,1,20
3989,21,1,0
3989,12,1,10
3989,2,1,0
3990,7,2,0
3990,1,1,5
3990,14,1,10
3990,2,2,0
3991,17,1,0
3991,24,1,5
3991,42,1,5
3992,7,1,0
3992,15,1,0
3992,23,1,0
3993,8,1,20
3993,20,1,20
3993,22,3,0
3994,15,1,5
3995,60,1,10
3995,60,1,0
3996,4,1,10
3997,14,1,10
3997,50,3,20
3998,56,1,0
3999,6,3,20
3999,23,2,0
3999,11,1,5
3999,12,1,5
4000,1,1,10
4000,35,2,20
4000,3,1,0
4001,32,2,5
4001,2,1,5
4002,10,1,0
4003,47,2,5
4003,43,1,10
4003,3,1,0
4003,39,1,10
4004,42,1,20
4004,3,2,0
4005,2,1,0
4005,14,1,0
4005,16,1,10
4005,1,2,10
4006,34,1,10
4006,4,1,20
4007,4,1,0
4007,59,2,5
4007,1,1,10
4008,57,3,20
4009,40,1,0
4009,13,2,10
4009,38,1,10
4010,18,1,5
4010,7,1,5
4010,24,1,10
4011,60,1,0
4011,17,1,10
4011,36,1,0
4011,4,1,20
4012,8,2,10
4012,20,1,10
4012,1,1,0
4012,33,1,0
4013,1,1,5
4014,55,1,10
4014,29,1,0
4015,7,1,0
4015,56,3,10
4015,54,1,0
4016,22,1,5
4016,60,1,20
4016,4,1,10
4017,35,1,5
4018,52,1,0
4019,5,1,0
4019,25,1,10
4020,22,2,0
4021,40,1,10
4021,1,1,5
4022,36,1,0
4023,40,1,10
4023,13,1,0
4024,3,1,5
4024,7,2,0
4024,30,2,10
4024,2,3,0
4025,20,1,10
4025,13,1,5
4026,26,3,0
4027,25,2,5
4028,6,1,10
4028,55,1,0
4028,13,1,0
4029,38,3,20
4030,57,2,0
4031,50,1,0
4032,26,1,0
4032,30,1,10
4032,13,1,10
4032,11,1,5
4033,37,1,5
4034,47,1,10
4034,59,2,0
4034,24,1,5
4034,38,1,10
4035,28,1,0
4035,37,1,0
4035,41,1,0
4035,10,2,0
4036,9,1,5
4036,1,1,20
4036,15,1,5
4037,23,1,10
4037,33,1,10
4037,4,2,5
4038,3,1,0
4039,34,1,5
4039,1,2,0
4040,57,1,10
4040,47,1,10
4041,6,1,0
4042,16,2,20
4042,4,1,0
4043,1,1,5
4043,12,1,5
4044,2,1,10
4044,57,1,0
4044,54,2,0
4045,31,1,0
4046,22,2,0
4047,15,2,0
4047,30,1,10
4047,3,1,20
4048,58,2,5
4048,7,3,0
4048,15,1,20
4048,1,1,10
4049,19,1,10
4049,35,1,5
4049,30,3,20
4050,1,2,5
4051,34,1,0
4051,3,1,5
4052,41,1,0
4052,56,2,5
4052,12,1,10
4053,33,1,5
4053,51,1,20
4053,16,1,0
4053,38,1,5
4054,15,3,10
4054,55,1,5
4055,3,1,0
4055,1,1,20
4055,39,2,5
4056,9,1,10
4056,59,1,20
4056,41,1,0
4056,37,1,10
4057,15,2,0
4057,27,1,0
4058,9,1,5
4058,53,1,5
4058,1,1,0
4059,17,1,10
4060,3,1,10
4060,23,1,0
4060,1,2,0
4060,2,3,0
4061,34,3,10
4061,12,2,10
4061,16,1,0
4062,17,2,5
4062,54,1,5
4062,14,1,10
4062,2,1,0
4063,26,1,20
4063,10,1,0
4064,6,1,10
4064,18,2,10
4065,12,2,10
4065,29,1,10
4065,10,1,5
4066,54,2,0
4067,1,1,10
4068,12,1,10
4068,11,2,20
4069,6,2,5
4070,3,3,0
4070,17,2,0
4071,24,1,0
4071,28,3,0
4072,4,3,5
4073,5,1,10
4073,26,1,20
4073,33,1,20
4073,12,1,0
4074,38,1,0
4074,22,1,0
4074,25,3,10
4075,15,2,5
4076,22,1,0
4076,8,1,20
4076,35,1,20
4076,37,3,0
4077,46,1,10
4077,40,1,5
4078,5,1,20
4078,7,2,0
4079,1,1,20
4079,26,1,20
4079,30,1,10
4079,19,1,10
4080,13,1,0
4081,53,1,10
4081,51,1,0
4081,17,1,5
4081,9,1,0
4082,12,1,5
4082,59,1,20
4083,1,2,10
4083,20,1,5
4083,43,1,5
4083,2,1,0
4084,2,1,20
4084,33,1,20
4084,41,3,0
4085,35,1,0
4085,42,2,10
4085,8,1,0
4085,1,1,0
4086,17,2,10
4086,5,2,0
4086,35,2,0
4086,2,2,0
4087,36,1,0
4087,38,1,10
4087,48,1,10
4087,59,1,20
4088,1,1,20
4089,12,2,10
4089,24,2,0
4089,17,1,0
4089,4,1,5
4090,47,1,0
4091,41,2,0
4092,54,2,5
4092,23,1,20
4092,1,1,0
4092,15,1,5
4093,1,1,10
4093,39,1,0
4093,19,1,5
4094,24,1,5
4094,22,1,5
4094,52,1,5
4094,52,3,20
4095,21,1,0
4095,8,-1,0
4095,5,3,5
4095,15,2,5
4096,8,3,20
4096,26,1,0
4096,6,1,20
4097,3,1,10
4097,40,1,0
4098,40,1,0
4098,50,1,5
4098,17,1,0
4098,2,1,5
4099,45,1,5
4100,9,1,0
4101,19,1,0
4101,6,1,5
4101,26,1,10
4101,56,1,0
4102,19,1,20
4102,42,3,5
4102,12,1,20
4102,42,1,5
4103,7,3,5
4104,6,1,10
4104,14,1,5
4104,26,2,10
4105,15,2,20
4106,7,2,0
4106,18,1,5
4106,14,2,20
4106,16,2,20
4107,42,3,20
4107,51,3,5
4108,1,2,0
4108,46,1,0
4109,22,1,20
4109,8,2,0
4110,50,1,5
4110,6,2,10
4110,18,1,20
4110,51,1,20
4111,1,1,0
4111,33,2,5
4111,8,1,5
4111,12,2,20
4112,18,1,0
4112,23,1,0
4112,5,1,0
4112,30,3,0
4113,8,1,10
4113,6,2,10
4113,24,1,20
4113,10,1,0
4114,8,1,10
4115,18,2,0
4115,56,2,0
4115,36,1,5
4115,3,2,10
4116,15,2,0
4117,29,1,10
4117,23,1,0
4117,15,1,0
4117,60,3,0
4118,53,1,10
4118,9,1,0
4119,18,1,10
4119,15,2,0
4119,24,2,0
4120,1,1,5
4120,4,3,0
4121,14,3,0
4121,33,3,10
4121,2,1,0
4122,16,1,0
4123,32,2,0
4123,14,1,0
4124,51,2,0
4124,52,2,5
4124,42,1,0
4124,7,1,0
4125,50,1,0
4125,8,1,0
4125,1,1,20
4125,33,3,10
4126,37,3,10
4126,3,2,0
4126,52,1,0
4127,17,3,5
4127,15,1,20
4128,2,1,0
4129,4,2,5
4130,49,1,10
4130,4,2,0
4130,18,1,0
4130,58,1,0
4131,43,1,0
4132,28,1,0
4133,29,1,0
4133,11,3,20
4134,42,1,0
4134,23,1,5
4134,2,1,10
4134,3,1,0
4135,40,1,10
4136,18,1,0
4136,55,1,20
4137,46,1,10
4137,25,1,0
4137,59,1,0
4137,1,1,10
4138,13,1,0
4138,2,1,0
4139,5,1,20
4140,17,2,0
4140,42,1,5
4141,24,1,20
4142,7,3,5
4142,59,3,20
4143,19,2,20
4143,11,3,10
4144,25,2,10
4144,1,1,5
4144,18,1,0
4145,7,2,5
4145,39,1,5
4146,28,1,0
4147,48,1,5
4147,3,1,0
4148,3,3,0
4148,6,2,0
4148,49,3,10
4148,55,1,10
4149,35,1,5
4149,15,1,10
4150,18,1,10
4150,6,1,20
4150,28,1,10
4151,58,1,0
4151,4,1,0
4151,5,1,5
4151,13,1,0
4152,43,3,0
4152,24,1,0
4153,32,1,0
4154,29,2,0
4155,2,1,0
4155,29,1,5
4156,56,1,10
4156,1,1,0
4157,17,2,0
4157,42,3,0
4157,8,3,20
4158,2,1,0
4158,18,3,0
4158,2,1,0
4158,25,1,5
4159,39,1,0
4159,13,1,0
4159,17,1,10
4159,21,1,0
4160,21,3,10
4161,37,1,10
4161,30,1,0
4161,36,3,20
4161,20,1,5
4162,6,3,0
4162,7,1,20
4162,39,1,0
4162,44,1,0
4163,6,2,10
4164,2,1,10
4164,14,3,0
4164,44,2,10
4164,40,1,0
4165,2,2,0
4165,4,1,10
4166,3,1,0
4166,35,1,10
4166,17,1,5
4167,58,1,20
4168,12,3,5
4168,44,2,0
4168,44,2,0
4169,56,1,10
4169,19,1,5
4170,2,2,0
4170,51,2,0
4170,11,1,0
4171,53,1,5
4171,19,1,0
4171,13,1,10
4172,1,1,5
4172,37,1,0
4173,31,1,0
4173,58,1,0
4173,16,3,0
4174,44,1,10
4174,38,1,0
4175,24,1,10
4175,34,1,20
4176,13,1,5
4176,47,1,10
4177,55,2,5
4177,1,1,0
4177,15,1,0
4177,3,1,0
4178,6,1,5
4179,27,1,10
4180,13,1,10
4181,3,1,10
4181,34,2,5
4181,51,1,10
4182,1,1,0
4182,10,1,0
4182,3,1,0
4182,11,1,5
4183,31,1,5
4183,3,1,0
4184,1,1,10
4184,43,2,20
4184,43,2,0
4184,11,1,10
4185,50,2,10
4186,1,1,0
4187,14,1,0
4187,13,1,10
4187,10,2,5
4187,7,1,20
4188,7,2,0
4188,6,1,0
4188,33,1,20
4189,49,1,5
4189,59,1,0
4190,18,1,10
4190,13,1,10
4190,52,1,5
4190,38,1,20
4191,15,1,20
4191,10,1,0
4191,2,1,20
4191,5,-1,0
4192,58,3,5
4192,40,1,20
4193,14,1,5
4194,29,3,5
4194,2,1,10
4194,56,3,0
4194,21,3,20
4195,37,1,5
4196,28,1,0
4197,25,1,0
4197,20,2,0
4197,4,1,10
4198,18,1,10
4198,58,1,10
4198,1,1,10
4199,10,1,0
4200,43,1,0
4201,30,1,5
4201,4,3,10
4201,3,1,10
4201,17,1,10
4202,7,1,10
4203,4,1,5
4203,43,1,0
4204,34,1,20
4205,14,3,10
4205,4,1,20
4206,1,1,20
4207,3,1,5
4207,9,1,20
4207,7,2,0
4207,7,1,0
4208,5,1,0
4208,2,3,5
4209,2,1,10
4209,58,1,5
4209,3,2,0
4210,3,2,20
4210,3,1,0
4210,10,1,20
4210,55,2,5
4211,27,2,0
4212,57,1,20
4213,4,1,0
4213,34,1,0
4214,2,2,10
4214,23,1,0
4214,38,1,20
4215,2,2,0
4215,14,1,0
4216,4,2,5
4217,13,1,20
4217,3,1,0
4217,39,3,10
4217,1,1,0
4218,4,1,20
4218,1,3,0
4219,41,1,10
4220,4,1,0
4220,36,1,0
4220,22,1,10
4221,2,2,0
4221,30,2,10
4221,54,1,10
4221,43,3,10
4222,1,1,0
4222,6,1,0
4223,51,2,10
4223,8,1,10
4224,19,1,20
4224,59,2,0
4225,12,1,5
4225,55,2,20
4225,6,1,5
4225,2,1,0
4226,1,1,20
4226,18,-1,0
4226,1,1,0
4226,35,3,20
4227,46,1,0
4227,29,1,10
4228,9,1,0
4228,12,1,0
4229,51,1,0
4229,14,1,0
4230,4,1,5
4230,4,1,10
4230,5,1,0
4231,8,1,10
4231,14,1,10
4231,36,1,20
4232,17,2,20
4232,3,1,0
4232,7,1,0
4233,47,1,0
4233,23,2,0
4234,19,1,5
4234,46,2,0
4235,38,3,20
4235,32,1,10
4236,6,2,20
4236,7,1,5
4236,2,2,5
4236,12,1,0
4237,30,3,10
4238,3,1,10
4239,16,2,0
4240,1,1,0
4241,51,3,0
4241,19,1,10
4241,25,1,0
4241,42,2,0
4242,9,2,10
4243,7,1,0
4243,1,1,0
4243,34,1,0
4243,14,1,0
4244,3,2,5
4244,1,1,10
4244,2,1,0
4245,29,1,20
4245,43,1,0
4246,28,1,0
4246,1,1,10
4246,16,1,0
4247,4,1,10
4247,60,1,5
4248,3,1,10
4249,15,2,10
4250,7,2,5
4250,5,1,0
4251,41,1,5
4252,7,2,20
4252,18,1,0
4253,1,1,20
4253,7,1,0
4253,2,1,10
4254,11,1,20
4254,15,2,10
4255,3,1,5
4255,4,3,0
4255,38,1,10
4255,8,1,0
4256,2,1,0
4256,6,3,0
4256,23,1,0
4257,14,1,20
4257,3,2,5
4257,2,1,0
4257,9,2,20
4258,47,1,10
4258,10,1,5
4258,22,1,0
4259,39,1,20
4259,18,1,10
4259,56,1,0
4260,8,1,0
4260,1,3,0
4261,7,1,0
4261,31,1,5
4262,18,1,20
4262,35,3,0
4262,37,1,20
4262,37,1,10
4263,4,1,0
4263,4,1,20
4264,40,1,20
4265,23,1,0
4265,39,1,0
4266,42,1,5
4266,1,1,20
4266,8,1,0
4267,53,1,20
4267,55,2,10
4267,28,1,0
4268,15,1,20
4268,20,1,10
4268,42,1,10
4269,6,1,0
4270,52,1,0
4270,3,3,10
4270,60,1,5
4271,24,1,0
4271,9,3,10
4271,1,1,0
4272,27,1,5
4272,56,1,0
4272,39,1,0
4272,6,1,5
4273,37,3,0
4273,33,1,5
4273,1,3,20
4274,4,1,10
4274,34,1,20
4274,47,1,0
4275,16,2,0
4275,40,1,0
4275,24,1,10
4275,6,1,0
4276,7,2,10
4276,8,2,0
4277,45,1,5
4278,8,1,20
4278,43,1,0
4279,18,2,10
4280,19,1,5
4280,20,1,0
4281,3,1,20
4281,1,1,20
4281,39,1,0
4281,35,2,0
4282,58,2,20
4283,17,3,10
4283,4,1,10
4283,14,3,10
4284,1,1,10
4284,7,1,0
4284,4,1,0
4284,1,1,10
4285,28,1,5
4285,45,1,10
4285,24,1,0
4286,25,1,20
4287,32,1,0
4287,47,1,0
4287,34,3,20
4287,11,1,0
4288,42,1,20
4289,22,2,0
4289,48,1,0
4290,31,1,20
4291,19,2,10
4292,28,1,0
4292,33,1,10
4293,3,1,5
4293,35,2,20
4294,13,1,20
4294,38,3,20
4294,35,1,10
4294,1,1,5
4295,21,3,10
4295,11,1,5
4296,1,1,10
4297,6,1,5
4298,57,2,0
4298,21,1,0
4298,29,2,0
4298,1,1,5
4299,47,1,0
4299,4,1,20
4299,5,-1,0
4300,8,1,0
4300,37,1,20
4300,21,1,10
4300,4,1,10
4301,43,1,0
4301,23,1,5
4302,1,3,0
4302,4,1,0
4303,46,1,20
4303,50,1,5
4304,23,2,5
4304,52,1,5
4304,6,1,20
4305,29,1,20
4305,52,3,0
4306,51,1,5
4307,36,1,10
4307,17,1,20
4307,25,1,5
4308,2,1,0
4308,10,1,5
4308,17,1,10
4309,5,1,0
4309,7,3,0
4309,19,1,0
4309,31,2,0
4310,34,1,0
4310,36,1,10
4310,18,1,0
4310,12,1,0
4311,28,3,10
4312,43,1,10
4313,23,3,0
4313,16,1,20
4313,6,1,0
4313,25,1,5
4314,8,1,20
4314,7,2,0
4314,43,1,20
4315,59,1,10
4315,9,1,0
4316,36,2,5
4317,3,1,10
4317,3,1,0
4318,35,1,10
4319,3,1,20
4320,58,1,20
4321,9,1,0
4321,54,1,10
4321,32,1,20
4321,11,1,0
4322,41,1,5
4323,6,1,10
4323,39,2,0
4323,8,1,20
4323,1,1,20
4324,19,2,5
4324,42,2,20
4324,2,1,20
4324,44,1,5
4325,4,2,0
4325,47,3,10
4325,37,1,10
4325,12,1,20
4326,16,1,10
4327,21,1,10
4327,14,1,0
4327,33,2,0
4328,52,1,10
4329,47,1,10
4329,8,1,20
4329,32,2,10
4330,23,1,0
4330,56,1,0
4330,54,1,5
4331,17,1,10
4331,1,1,20
4331,12,1,5
4332,1,1,5
4333,46,1,0
4333,14,1,5
4334,15,2,5
4334,3,1,10
4334,39,1,10
4334,25,1,5
4335,17,1,10
4335,50,1,0
4336,1,1,0
4336,13,1,10
4337,55,1,20
4337,59,1,10
4337,38,1,0
4338,1,1,0
4338,1,2,10
4338,24,1,0
4338,3,1,0
4339,57,1,10
4340,17,1,10
4340,30,2,0
4341,49,1,0
4341,33,1,5
4342,30,1,20
4343,6,1,20
4343,6,2,0
4343,8,2,0
4344,7,1,10
4344,1,3,10
4344,30,2,0
4344,34,1,10
4345,16,1,5
4346,3,1,10
4346,13,1,5
4346,8,3,0
4346,15,3,0
4347,20,1,10
4347,47,1,10
4348,33,2,20
4348,2,1,0
4349,7,1,0
4350,5,1,20
4351,14,1,20
4351,17,1,0
4351,16,1,5
4352,4,1,10
4352,8,1,10
4352,2,1,5
4353,6,1,0
4353,51,1,20
4354,5,2,10
4354,19,1,20
4354,53,3,10
4354,17,1,20
4355,1,1,5
4356,36,3,10
4356,15,1,10
4357,22,1,5
4357,6,1,0
4358,8,2,10
4358,1,1,5
4359,16,2,5
4359,58,1,5
4359,11,1,0
4359,39,1,0
4360,33,2,20
4360,3,2,0
4361,42,1,5
4362,49,1,0
4362,55,1,20
4363,5,3,0
4364,3,1,20
4364,3,2,5
4364,42,1,20
4364,17,1,0
4365,22,1,5
4365,2,1,0
4366,18,1,10
4367,4,1,0
4368,16,2,20
4369,27,1,20
4369,54,1,20
4369,46,1,0
4370,26,3,10
4370,4,1,10
4370,2,3,20
4371,11,1,0
4371,18,1,0
4371,18,3,10
4372,29,1,0
4372,38,1,0
4372,29,2,20
4373,49,1,5
4373,2,1,10
4374,56,2,10
4374,10,1,0
4375,28,1,10
4376,12,1,5
4376,40,1,5
4376,4,1,20
4377,18,2,0
4377,21,2,5
4377,3,1,10
4377,38,2,10
4378,9,1,0
4378,56,1,0
4379,3,3,0
4379,24,1,0
4379,1,1,5
4379,31,1,0
4380,1,2,5
4381,54,1,5
4381,2,1,0
4382,25,1,20
4382,5,1,0
4382,22,2,0
4382,2,1,10
4383,38,2,0
4384,30,1,0
4385,22,1,20
4385,29,1,5
4385,10,1,0
4385,44,3,5
4386,15,3,0
4386,52,1,20
4386,37,3,20
4387,16,3,10
4387,22,2,20
4387,2,1,0
4387,26,1,0
4388,22,1,10
4389,23,1,5
4389,3,1,0
4389,11,3,0
4390,6,2,0
4391,8,1,5
4391,16,1,20
4392,2,1,20
4392,5,1,0
4392,12,2,10
4392,30,2,10
4393,21,3,10
4394,32,1,10
4394,38,2,0
4395,37,2,0
4395,2,1,5
4395,2,1,5
4396,10,1,5
4396,26,1,5
4396,2,2,5
4396,2,2,5
4397,49,2,20
4397,51,1,5
4398,41,1,20
4398,11,1,5
4399,19,1,0
4399,9,1,0
4399,3,1,20
4400,18,1,5
4401,41,1,5
4401,13,1,10
4401,17,1,5
4401,14,1,0
4402,20,1,0
4402,25,1,10
4402,6,1,20
4402,23,1,0
4403,4,2,20
4403,3,1,0
4403,9,1,0
4403,38,1,10
4404,3,1,10
4404,6,1,10
4404,47,3,0
4405,3,1,0
4405,58,2,5
4405,54,1,20
4405,60,1,10
4406,27,1,0
4406,3,1,20
4406,30,3,20
4407,3,2,5
4408,17,1,0
4408,2,2,0
4408,7,1,0
4408,59,1,0
4409,26,1,0
4410,10,1,0
4410,45,1,0
4411,35,1,0
4411,3,1,0
4411,18,1,0
4411,15,1,10
4412,25,3,20
4412,6,1,5
4413,13,1,0
4413,49,1,5
4413,19,3,10
4413,21,1,20
4414,5,1,5
4414,1,1,0
4414,60,3,5
4414,19,1,5
4415,1,2,5
4416,7,1,10
4416,17,1,10
4416,34,1,5
4417,3,1,5
4417,8,1,0
4417,50,2,0
4418,12,1,10
4418,46,2,0
4418,5,1,10
4419,1,1,5
4420,35,3,0
4420,17,1,5
4421,21,3,0
4421,9,1,5
4422,51,1,10
4422,3,1,5
4422,2,1,5
4422,58,1,0
4423,52,1,0
4424,12,2,10
4424,1,2,10
4425,11,1,0
4426,1,2,10
4426,20,1,0
4426,44,1,5
4427,9,1,10
4427,29,1,0
4427,11,3,0
4428,26,3,10
4428,16,1,5
4428,29,1,10
4429,26,1,5
4429,2,1,10
4429,20,2,5
4430,1,3,20
4431,60,1,20
4432,8,2,10
4432,27,1,0
4433,11,1,0
4433,34,3,0
4434,1,1,0
4434,40,-1,10
4434,15,1,0
4434,55,3,10
4435,30,3,5
4436,10,1,0
4436,37,1,10
4436,30,2,5
4436,12,1,20
4437,24,1,0
4437,2,1,20
4438,52,1,0
4438,3,2,10
4438,33,1,0
4438,50,2,5
4439,24,1,20
4440,26,2,10
4440,10,1,0
4441,28,1,0
4441,19,3,10
4441,2,1,10
4441,14,2,0
4442,6,1,5
4443,1,1,10
4443,29,1,10
4443,3,1,5
4443,12,1,0
4444,1,1,20
4445,36,1,0
4446,3,1,0
4446,26,1,0
4446,19,1,0
4446,58,1,10
4447,8,2,20
4448,11,1,0
4448,1,1,5
4448,12,1,0
4449,29,1,0
4449,22,1,10
4449,14,2,0
4449,40,1,0
4450,1,1,0
4450,54,2,20
4451,59,1,10
4451,18,1,0
4452,4,1,0
4452,37,2,5
4452,11,1,10
4453,21,1,0
4453,40,2,0
4454,16,1,0
4455,5,1,5
4456,53,1,0
4456,2,1,0
4456,15,1,20
4457,14,1,0
4457,18,1,10
4457,15,1,0
4457,4,3,5
4458,6,2,10
4458,20,1,10
4458,1,1,5
4459,8,1,10
4459,1,1,0
4459,8,3,0
4459,9,1,0
4460,15,2,0
4461,33,1,5
4461,25,3,10
4461,51,2,10
4462,1,1,0
4462,17,1,10
4463,10,2,0
4463,53,1,5
4464,12,3,5
4465,45,1,0
4465,29,1,10
4466,47,1,10
4466,6,1,5
4466,7,1,0
4466,15,1,5
4467,15,1,5
4468,22,1,10
4468,9,1,0
4469,30,1,0
4470,7,1,10
4470,28,1,5
4471,9,1,20
4471,33,1,5
4471,7,1,10
4471,3,1,0
4472,18,3,0
4472,6,1,0
4473,13,1,0
4473,1,1,0
4473,41,1,10
4474,26,1,10
4474,6,1,5
4474,13,1,0
4474,53,1,0
4475,8,1,5
4475,6,1,0
4475,13,1,10
4476,36,1,0
4476,16,1,0
4476,14,2,10
4477,14,1,0
4477,15,1,0
4477,10,1,5
4477,3,3,0
4478,13,2,0
4478,16,3,20
4478,28,1,10
4479,45,1,5
4479,57,2,5
4479,5,1,20
4479,58,1,20
4480,3,1,5
4480,47,1,0
4480,6,1,10
4481,37,1,5
4482,29,2,10
4483,4,1,0
4484,1,1,10
4484,31,1,10
4484,12,1,0
4485,19,1,10
4485,2,1,0
4486,40,1,10
4487,18,1,0
4487,27,3,5
4487,2,1,5
4488,2,1,5
4488,6,1,10
4488,3,1,0
4489,7,2,0
4489,14,1,10
4490,4,1,0
4490,35,1,20
4490,28,1,20
4491,18,1,0
4491,39,3,0
4492,15,1,0
4492,16,1,10
4492,4,1,5
4493,18,2,20
4494,2,1,0
4494,31,2,10
4495,60,1,10
4495,43,1,20
4495,31,1,0
4495,40,3,20
4496,40,2,0
4497,24,3,0
4497,54,3,10
4497,53,3,10
4498,17,1,10
4498,33,2,0
4499,36,1,0
4499,3,1,0
4499,43,2,0
4500,20,1,0
4501,9,1,5
4501,17,1,0
4501,50,2,5
4502,14,1,10
4503,42,1,20
4504,13,1,20
4504,7,2,0
4504,1,1,10
4504,1,2,0
4505,7,1,0
4505,8,2,20
4506,6,1,0
4506,7,1,10
4506,14,2,0
4507,22,1,10
4508,29,1,10
4509,2,1,10
4509,35,2,5
4509,2,3,10
4510,10,1,0
4510,14,1,5
4511,2,1,10
4512,1,2,5
4513,12,1,5
4513,11,2,20
4514,39,1,0
4514,33,1,0
4514,6,3,0
4515,16,1,5
4515,46,1,20
4515,21,1,10
4515,31,1,0
4516,7,2,20
4516,15,1,20
4516,1,1,0
4516,20,1,20
4517,22,1,20
4517,28,2,0
4518,22,3,20
4518,33,1,10
4518,14,2,0
4518,48,3,0
4519,55,1,10
4519,15,1,10
4520,21,1,0
4521,43,3,10
4521,26,3,5
4521,2,1,0
4522,17,1,5
4522,3,1,5
4522,13,2,20
4523,53,1,5
4524,6,2,20
4525,5,1,0
4526,3,1,0
4526,3,1,5
4526,2,3,10
4526,55,1,0
4527,5,1,10
4528,48,2,0
4529,14,1,0
4529,1,1,20
4529,3,1,0
4529,22,1,20
4530,31,1,0
4531,13,1,5
4532,60,1,10
4533,2,1,10
4533,45,1,5
4534,43,1,0
4535,1,3,0
4535,11,3,10
4535,6,1,0
4535,22,1,5
4536,19,1,0
4537,45,1,0
4537,53,1,0
4538,18,1,0
4538,33,1,10
4538,32,1,10
4538,57,2,0
4539,1,1,20
4540,3,2,0
4540,15,1,0
4540,60,1,20
4541,1,1,5
4541,26,1,10
4542,15,1,0
4543,1,2,20
4543,11,1,5
4543,55,1,10
4544,1,1,0
4544,21,2,5
4545,28,1,10
4545,50,3,20
4545,7,1,10
4545,25,1,5
4546,24,1,0
4546,44,3,0
4547,37,1,0
4547,23,1,20
4548,33,3,0
4548,48,1,0
4549,1,1,20
4549,6,3,0
4549,5,2,10
4549,28,3,5
4550,13,2,10
4551,11,2,10
4551,30,1,20
4551,34,1,0
4552,28,1,10
4552,56,2,20
4552,36,3,10
4552,38,1,0
4553,9,1,0
4554,55,1,0
4554,8,1,0
4555,43,1,5
4555,21,2,0
4555,13,1,0
4556,4,1,0
4557,11,1,10
4557,11,1,0
4558,40,1,10
4558,35,1,5
4558,3,3,0
4558,48,1,10
4559,49,1,0
4559,4,1,10
4559,45,3,5
4559,10,2,0
4560,17,1,5
4560,38,1,0
4561,47,1,10
4562,13,3,10
4562,9,2,5
4563,18,1,10
4563,4,1,20
4564,34,3,20
4564,57,1,10
4564,1,1,20
4565,13,3,5
4566,9,1,0
4567,47,1,10
4568,31,1,0
4568,22,2,10
4569,41,1,10
4569,5,1,0
4569,2,1,20
4570,8,3,0
4570,32,2,10
4570,15,1,20
4571,26,1,0
4571,6,2,5
4572,1,2,0
4572,5,1,0
4573,59,2,10
4574,22,1,5
4574,29,1,10
4574,27,1,0
4574,1,1,10
4575,2,2,10
4576,53,1,0
4577,27,2,20
4577,49,2,0
4577,37,1,0
4578,60,1,0
4578,10,1,10
4579,7,1,10
4580,13,1,10
4580,18,1,0
4581,12,1,20
4581,12,1,0
4582,24,1,0
4582,6,1,20
4582,26,2,0
4582,13,1,20
4583,15,2,0
4583,32,3,0
4584,48,1,20
4584,43,3,0
4584,40,1,20
4584,30,1,5
4585,29,1,0
4586,7,2,10
4586,39,1,0
4586,4,1,5
4586,11,1,0
4587,52,1,5
4587,1,2,5
4587,20,2,0
4588,5,1,10
4588,6,1,5
4589,8,1,0
4589,39,2,5
4590,1,3,0
4591,37,2,20
4592,18,1,5
4592,6,2,20
4592,22,1,20
4592,4,3,10
4593,46,1,0
4593,38,2,0
4593,8,3,10
4594,3,1,0
4594,55,1,10
4594,48,1,0
4595,16,1,0
4595,32,1,5
4596,33,1,0
4596,8,1,10
4596,18,1,20
4597,3,1,5
4597,42,2,20
4597,7,1,0
4598,32,1,0
4598,17,2,10
4598,13,1,20
4598,2,1,5
4599,3,1,20
4600,38,2,20
4601,52,1,0
4602,60,1,0
4602,9,1,20
4602,1,2,10
4602,9,1,10
4603,19,1,0
4603,59,1,0
4603,8,1,5
4604,20,1,20
4605,53,1,0
4605,1,1,0
4606,1,1,0
4607,9,2,20
4607,30,1,20
4607,6,1,5
4607,31,1,0
4608,35,2,10
4608,2,1,5
4608,34,1,0
4608,5,3,10
4609,55,1,10
4609,28,2,5
4609,42,2,0
4610,1,2,0
4610,2,1,10
4610,26,1,0
4611,7,2,10
4611,40,1,20
4611,1,1,10
4611,15,1,10
4612,34,3,0
4612,30,1,5
4613,29,1,20
4613,24,1,0
4613,4,1,0
4614,57,3,5
4614,21,2,5
4614,2,1,0
4615,3,1,0
4616,10,2,0
4616,34,3,5
4616,1,1,0
4616,4,1,0
4617,6,3,0
4617,5,1,10
4617,50,1,0
4618,51,1,5
4618,10,2,20
4618,39,2,10
4619,6,3,10
4619,2,1,5
4619,5,3,5
4620,8,1,20
4620,6,1,10
4621,2,1,0
4621,9,1,5
4621,59,1,0
4622,7,1,20
4622,27,3,10
4623,40,1,5
4623,6,1,10
4623,43,2,20
4624,40,3,10
4625,10,1,0
4625,50,1,10
4625,18,2,20
4625,21,1,0
4626,54,1,0
4626,1,1,5
4627,43,1,10
4627,2,2,0
4627,1,3,5
4627,28,1,5
4628,2,1,0
4628,29,1,10
4629,4,1,10
4629,2,1,5
4629,19,2,10
4630,48,1,0
4630,2,1,0
4630,3,1,0
4631,13,1,0
4632,9,3,0
4632,20,1,0
4632,1,1,0
4633,56,1,10
4633,4,1,5
4634,41,1,0
4634,55,1,20
4634,6,1,10
4634,25,1,5
4635,48,1,10
4635,56,1,0
4635,25,2,0
4635,18,1,20
4636,26,2,0
4636,26,1,0
4636,57,2,0
4637,5,1,0
4638,60,1,0
4638,14,2,0
4638,14,1,0
4638,41,1,0
4639,14,1,10
4639,26,3,5
4639,1,2,5
4640,17,1,5
4641,7,1,20
4642,38,1,0
4642,1,1,5
4643,19,1,0
4644,31,1,5
4645,14,1,0
4645,24,1,10
4646,32,1,0
4647,5,1,0
4648,2,2,0
4648,26,2,5
4648,11,1,20
4649,27,1,5
4649,45,1,0
4649,23,2,0
4650,36,2,10
4650,14,1,10
4650,55,2,0
4650,6,1,20
4651,44,1,0
4652,42,1,10
4652,18,1,10
4653,1,2,20
4654,6,1,5
4655,45,2,5
4655,17,1,0
4655,15,2,0
4656,36,3,20
4656,6,3,20
4657,40,1,20
4657,30,1,0
4657,1,2,20
4657,25,1,0
4658,17,2,20
4659,18,1,0
4660,3,1,0
4660,42,1,20
4661,28,3,0
4661,35,1,0
4662,47,1,0
4663,43,2,10
4663,41,2,0
4663,3,1,10
4663,1,3,0
4664,1,2,0
4665,7,1,0
4666,9,1,0
4666,36,1,10
4667,5,1,0
4667,48,1,5
4667,54,1,10
4668,7,1,0
4668,4,1,0
4668,14,1,5
4669,1,1,20
4670,53,3,0
4671,1,3,0
4671,58,1,0
4672,3,1,5
4673,11,1,20
4673,3,3,10
4673,2,3,10
4673,24,2,5
4674,4,3,20
4675,36,1,20
4675,28,2,10
4676,22,1,0
4676,38,2,10
4677,5,1,0
4677,57,1,20
4678,37,1,0
4679,15,1,5
4679,33,1,10
4679,26,1,10
4680,10,2,10
4680,11,2,20
4680,6,1,20
4680,8,3,10
4681,27,1,10
4682,15,3,0
4682,53,1,5
4683,2,3,5
4683,16,2,5
4683,8,1,0
4684,17,1,0
4684,28,3,10
4685,13,1,5
4685,16,1,5
4685,32,1,20
4685,15,1,10
4686,6,1,20
4686,60,1,5
4686,57,3,5
4687,40,3,10
4687,8,2,10
4687,3,1,10
4687,39,1,0
4688,44,1,5
4688,21,1,0
4689,1,2,5
4689,1,1,5
4689,1,1,0
4690,44,1,10
4690,18,1,0
4690,47,3,0
4691,34,1,10
4692,27,1,0
4692,2,1,10
4693,33,2,20
4693,1,1,5
4693,5,1,5
4694,1,3,0
4695,37,1,0
4695,31,1,0
4696,52,1,10
4696,45,1,0
4696,2,1,5
4697,35,3,5
4697,55,1,0
4698,1,1,5
4698,3,1,10
4698,33,1,20
4698,47,1,10
4699,21,3,20
4699,30,1,10
4699,9,2,20
4699,5,1,0
4700,1,1,20
4701,17,1,20
4701,10,1,0
4702,7,1,5
4703,42,2,0
4703,8,1,0
4703,9,1,5
4703,31,1,10
4704,1,1,5
4704,11,1,0
4704,11,1,10
4704,21,1,10
4705,29,1,10
4706,11,2,0
4706,59,1,5
4706,23,1,0
4707,4,3,0
4707,2,2,0
4707,18,1,10
4707,27,1,0
4708,1,1,0
4708,27,3,10
4708,5,1,0
4709,14,1,20
4709,36,2,0
4710,14,3,5
4711,2,1,5
4711,8,3,10
4711,4,1,0
4711,1,1,20
4712,7,1,0
4712,53,1,20
4713,6,1,0
4713,8,1,0
4713,53,1,0
4713,27,1,10
4714,35,1,0
4714,45,1,10
4714,19,1,20
4715,12,1,10
4715,6,3,5
4715,2,2,20
4716,50,1,0
4717,3,1,5
4717,53,1,10
4717,15,1,20
4717,23,1,0
4718,9,2,0
4719,1,1,20
4719,25,1,0
4719,55,1,10
4720,4,1,20
4720,23,1,20
4720,16,1,0
4721,40,1,20
4721,40,1,5
4722,22,1,0
4723,33,1,0
4723,8,3,0
4723,1,1,0
4724,33,1,0
4724,1,1,10
4724,54,1,10
4724,2,1,0
4725,15,2,0
4725,36,1,5
4725,21,3,0
4725,23,1,5
4726,13,1,20
4726,11,1,20
4726,1,2,10
4727,14,1,10
4727,5,1,0
4727,15,1,0
4728,23,2,0
4729,38,2,10
4729,48,1,10
4729,41,1,10
4729,1,1,20
4730,33,2,20
4730,18,1,10
4730,3,2,5
4731,26,1,5
4731,6,1,20
4732,2,1,10
4732,45,2,0
4733,1,1,20
4733,33,1,5
4734,55,1,10
4734,41,1,20
4734,16,2,0
4734,43,1,0
4735,26,3,10
4736,10,1,10
4736,22,1,10
4736,20,1,10
4736,22,1,20
4737,17,1,5
4737,15,1,10
4737,41,1,0
4738,60,1,0
4739,47,1,10
4740,59,2,0
4740,11,2,0
4741,33,1,0
4741,6,1,0
4741,3,1,0
4741,35,1,20
4742,6,1,0
4743,1,1,0
4743,1,1,0
4744,59,1,0
4744,17,1,10
4744,4,2,0
4745,55,1,0
4745,5,1,5
4746,57,2,0
4746,25,1,0
4746,5,3,10
4747,12,1,10
4747,22,3,0
4748,1,1,10
4748,11,1,0
4748,8,1,0
4748,3,1,5
4749,48,2,10
4749,3,1,10
4750,16,1,5
4750,9,1,10
4750,39,1,5
4750,53,1,10
4751,5,1,20
4751,1,1,5
4751,32,1,20
4752,40,1,20
4752,8,1,5
4753,24,2,0
4753,37,1,10
4754,2,2,5
4754,22,1,0
4754,3,1,5
4754,51,1,10
4755,3,2,10
4755,2,3,5
4756,36,2,5
4756,10,2,5
4756,58,1,5
4756,48,2,10
4757,10,1,5
4757,9,1,0
4758,32,1,0
4758,4,1,10
4758,34,1,5
4759,38,1,20
4759,15,1,5
4759,53,2,5
4760,34,1,20
4760,40,1,20
4761,28,2,0
4761,13,3,10
4761,28,1,5
4762,1,1,0
4762,10,2,5
4762,2,2,20
4763,1,1,10
4763,31,1,10
4763,52,1,0
4763,21,1,20
4764,58,2,10
4765,48,1,5
4765,23,1,0
4766,16,1,20
4766,26,1,0
4767,25,2,0
4767,3,1,0
4768,55,1,0
4769,31,1,20
4769,12,3,0
4769,6,2,5
4770,33,2,0
4770,15,3,20
4770,28,2,0
4770,21,2,10
4771,13,1,5
4771,26,2,10
4771,7,1,0
4772,15,1,20
4772,7,1,10
4773,39,1,10
4774,1,3,0
4774,4,3,0
4775,28,1,0
4775,10,1,5
4776,21,1,0
4776,3,1,5
4776,53,2,0
4776,8,1,5
4777,49,1,0
4777,15,1,0
4778,36,1,20
4779,18,1,5
4779,26,1,5
4779,4,1,10
4780,4,1,0
4781,3,1,20
4781,13,1,10
4782,28,1,10
4783,45,3,20
4783,23,1,0
4783,9,1,0
4783,41,1,10
4784,4,1,0
4784,36,1,10
4784,33,1,0
4785,32,2,0
4785,6,1,0
4785,18,1,10
4785,2,2,0
4786,7,3,10
4786,10,2,20
4786,2,1,10
4787,45,1,5
4787,5,1,10
4788,3,1,0
4788,1,1,10
4788,47,2,20
4788,14,1,5
4789,59,1,20
4789,50,1,10
4789,34,1,10
4790,2,1,0
4791,23,1,0
4791,18,2,0
4791,53,1,20
4792,5,1,0
4792,13,1,5
4792,48,1,5
4792,4,2,5
4793,38,1,0
4793,5,3,0
4793,29,3,5
4793,51,1,10
4794,12,1,10
4794,39,1,10
4795,3,1,20
4795,3,2,20
4795,8,1,10
4795,39,1,5
4796,14,1,0
4796,6,1,5
4797,40,1,20
4798,39,1,5
4798,35,1,10
4799,56,1,0
4799,45,1,0
4800,7,1,0
4800,15,1,0
4800,8,2,0
4800,46,1,0
4801,58,3,0
4801,48,1,0
4801,17,2,20
4801,13,1,10
4802,51,1,20
4802,4,3,20
4802,25,1,5
4803,44,1,20
4804,17,1,10
4805,46,1,5
4805,4,1,5
4805,1,1,10
4805,51,1,5
4806,42,1,5
4807,45,1,0
4807,1,1,10
4808,40,3,20
4808,42,2,10
4808,7,1,0
4808,46,2,0
4809,34,3,10
4810,1,1,10
4810,58,3,20
4810,46,3,10
4811,16,1,0
4811,29,3,20
4811,23,2,10
4812,59,1,10
4812,1,1,10
4813,13,2,20
4813,16,1,10
4813,3,1,0
4813,9,1,0
4814,51,3,0
4814,23,1,10
4814,55,1,20
4815,1,1,0
4815,13,1,0
4815,55,1,20
4816,3,1,10
4816,7,2,10
4816,2,3,20
4816,1,2,20
4817,21,1,0
4817,46,1,10
4817,58,1,10
4817,36,1,0
4818,1,1,0
4818,34,1,10
4819,7,1,0
4819,30,3,10
4819,24,1,0
4819,4,1,0
4820,22,2,0
4820,19,3,0
4821,8,1,20
4821,14,1,20
4821,21,1,20
4822,5,2,10
4822,26,1,0
4823,49,2,20
4823,1,1,20
4823,7,3,5
4823,8,2,0
4824,2,1,0
4824,26,1,0
4825,4,1,0
4825,2,1,10
4825,11,1,0
4825,33,1,20
4826,2,2,0
4826,8,1,0
4826,37,1,0
4826,55,3,10
4827,43,2,0
4828,30,2,5
4828,29,1,10
4828,3,2,5
4828,17,3,5
4829,5,2,0
4829,39,2,10
4829,44,1,20
4829,47,1,20
4830,20,1,0
4830,12,1,10
4830,5,2,10
4831,3,3,0
4831,1,2,20
4831,4,1,0
4832,7,1,0
4832,1,2,10
4832,33,3,10
4832,9,1,0
4833,55,3,20
4833,32,1,0
4833,2,2,20
4834,1,3,20
4834,53,-1,5
4834,4,2,5
4835,37,1,10
4835,30,1,0
4835,16,2,5
4835,20,2,10
4836,37,2,5
4837,17,3,20
4837,26,2,0
4838,10,3,10
4839,16,2,20
4839,5,1,10
4840,37,2,20
4840,9,2,0
4841,6,1,10
4841,17,1,10
4841,1,1,0
4842,29,1,10
4842,6,2,10
4843,23,1,20
4843,1,1,5
4843,53,2,20
4844,6,2,5
4845,44,3,10
4845,1,1,10
4845,1,1,10
4845,8,2,10
4846,23,3,0
4847,11,1,10
4847,29,3,0
4848,1,3,0
4848,26,1,20
4848,55,1,10
4849,15,1,0
4849,34,1,5
4849,39,1,20
4850,33,1,10
4850,17,1,10
4851,3,1,10
4851,13,1,5
4851,1,3,10
4852,26,1,20
4853,54,1,20
4853,11,3,10
4854,8,3,0
4854,5,1,10
4855,5,1,5
4855,2,1,0
4856,39,1,5
4857,22,1,5
4857,42,1,20
4857,15,1,20
4858,25,1,5
4858,5,2,5
4858,12,1,5
4859,37,2,20
4859,2,1,0
4860,50,1,5
4860,30,2,20
4860,17,1,0
4861,60,1,5
4861,28,1,0
4861,10,2,20
4861,46,1,0
4862,16,1,20
4863,43,1,5
4863,4,2,0
4864,12,1,10
4864,11,1,0
4864,3,1,20
4865,23,2,0
4866,31,1,10
4866,4,1,10
4866,43,1,0
4866,24,1,0
4867,48,1,0
4867,32,1,20
4868,7,3,0
4868,38,3,5
4869,4,1,0
4870,4,3,20
4870,34,1,10
4871,17,1,0
4871,28,1,5
4871,45,2,10
4872,1,3,0
4872,38,1,20
4872,15,1,20
4872,2,3,5
4873,13,1,20
4873,9,1,10
4873,1,3,0
4874,23,1,0
4874,26,3,0
4874,21,2,10
4874,21,1,10
4875,11,1,5
4876,41,1,10
4876,32,3,10
4876,15,1,0
4877,14,1,0
4877,1,1,20
4877,12,1,0
4877,8,1,20
4878,18,1,0
4879,25,1,20
4879,9,1,20
4880,6,1,10
4880,24,1,0
4881,3,1,5
4881,44,1,20
4881,13,1,10
4882,15,1,0
4883,20,1,10
4883,30,2,0
4884,2,1,10
4884,18,1,0
4885,11,1,0
4885,36,2,10
4886,5,-1,20
4887,1,1,10
4887,3,1,0
4887,5,1,20
4887,42,1,10
4888,11,1,0
4888,23,2,20
4888,18,1,5
4888,19,1,10
4889,12,1,20
4889,43,3,10
4889,48,1,10
4890,33,1,20
4890,12,1,10
4891,41,1,20
4891,32,1,5
4892,4,1,5
4892,56,3,0
4892,6,1,10
4892,1,1,0
4893,23,1,10
4893,14,1,0
4893,4,1,5
4893,1,1,0
4894,9,1,0
4895,3,1,0
4895,35,2,5
4895,1,1,10
4896,29,1,5
4896,13,3,0
4897,3,1,0
4897,44,1,10
4897,52,1,10
4898,7,1,10
4898,20,1,20
4898,26,1,20
4899,30,1,5
4900,32,1,0
4900,1,3,20
4900,22,2,0
4900,16,2,20
4901,9,1,0
4901,10,1,20
4901,20,1,10
4901,5,1,10
4902,3,1,10
4903,3,1,0
4904,44,3,0
4905,14,3,20
4905,7,1,10
4905,1,1,20
4906,47,1,0
4906,54,1,20
4906,36,1,0
4907,44,1,0
4907,3,1,10
4907,9,2,0
4908,2,2,20
4908,16,2,5
4908,11,1,5
4909,30,3,10
4909,24,1,0
4909,42,1,0
4910,39,1,0
4910,5,1,10
4910,20,1,10
4911,5,1,0
4911,35,3,0
4911,2,1,0
4911,48,1,10
4912,7,1,0
4912,14,3,5
4913,34,2,20
4913,30,1,0
4914,17,1,0
4914,55,1,5
4914,31,1,5
4915,1,1,10
4915,8,1,0
4915,28,2,20
4916,34,1,0
4917,6,3,5
4917,2,1,0
4918,12,3,5
4918,12,1,0
4919,18,1,0
4919,9,1,0
4919,18,1,0
4919,25,1,10
4920,2,1,0
4920,9,1,5
4920,38,1,20
4921,26,3,10
4921,2,1,0
4921,12,1,0
4922,45,1,0
4923,13,2,0
4923,1,1,10
4923,19,2,0
4923,4,1,20
4924,40,1,10
4924,38,1,0
4925,19,3,10
4925,37,2,0
4925,5,3,10
4925,33,1,0
4926,42,3,5
4927,55,1,0
4928,4,1,20
4928,10,2,0
4928,26,1,10
4929,34,1,0
4929,2,1,20
4929,57,2,20
4930,1,2,20
4930,44,1,0
4930,15,1,5
4930,17,1,20
4931,33,1,0
4931,5,1,0
4931,20,1,20
4932,7,1,0
4932,4,2,0
4932,16,1,0
4933,2,3,5
4933,16,3,5
4934,31,1,5
4934,2,1,0
4934,41,1,5
4935,25,1,0
4935,1,1,10
4935,40,3,0
4936,2,2,0
4936,54,1,20
4937,6,1,0
4937,3,2,0
4937,7,1,5
4938,19,1,0
4939,37,2,20
4940,47,1,0
4940,17,1,0
4940,33,1,10
4940,45,1,0
4941,13,3,0
4941,22,1,5
4941,9,2,20
4942,53,2,5
4942,4,1,5
4943,14,3,0
4943,26,2,5
4944,10,1,0
4944,1,1,0
4945,21,2,5
4946,28,1,0
4946,17,1,0
4947,2,1,20
4948,1,1,10
4948,34,1,20
4949,6,1,0
4950,3,3,5
4951,41,1,0
4951,18,1,0
4951,20,2,5
4952,3,1,20
4952,44,1,0
4952,29,3,5
4953,27,1,0
4954,5,1,0
4954,5,2,0
4955,43,2,0
4955,2,1,5
4955,19,1,10
4956,25,1,5
4957,55,1,10
4957,5,3,20
4958,1,2,5
4958,13,1,0
4958,8,1,10
4958,11,2,0
4959,30,2,5
4959,55,3,20
4960,48,1,0
4960,39,1,5
4960,50,1,20
4960,9,1,5
4961,1,1,20
4961,24,1,0
4961,9,1,20
4961,3,1,0
4962,40,1,5
4962,48,1,0
4962,59,1,20
4962,12,1,10
4963,1,2,10
4963,21,1,10
4963,37,1,0
4963,15,1,20
4964,3,2,5
4964,31,2,5
4965,18,1,5
4966,26,1,10
4966,31,1,0
4967,7,2,5
4967,9,2,10
4967,26,1,10
4968,18,1,5
4968,36,1,10
4969,3,3,0
4969,49,1,10
4970,1,2,20
4970,21,1,10
4970,47,2,0
4971,31,1,0
4971,4,1,0
4972,8,1,0
4972,20,1,0
4973,11,1,20
4973,3,1,0
4973,35,1,10
4973,41,1,10
4974,23,3,5
4974,26,1,5
4975,41,2,5
4975,1,3,0
4975,6,1,5
4975,32,1,20
4976,3,2,0
4976,16,1,5
4976,26,1,10
4976,7,2,10
4977,53,3,20
4977,11,1,20
4977,13,2,20
4977,20,2,0
4978,17,1,10
4979,14,1,10
4979,3,3,0
4979,31,1,20
4979,31,1,5
4980,20,-1,5
4981,2,1,10
4981,48,1,0
4981,55,1,0
4982,2,1,5
4982,4,3,20
4983,23,1,0
4983,21,3,20
4983,2,2,5
4984,15,1,0
4984,7,1,0
4984,44,1,0
4985,7,2,5
4985,8,1,0
4985,40,1,10
4986,10,1,10
4986,4,1,0
4987,14,3,10
4987,16,2,0
4987,6,2,5
4987,44,3,10
4988,13,1,0
4988,2,1,5
4989,47,3,5
4989,19,1,5
4990,1,1,0
4991,42,1,0
4992,2,1,20
4992,42,1,20
4993,46,1,0
4993,44,2,10
4994,29,1,10
4995,26,1,0
4995,11,1,0
4995,43,2,5
4995,2,1,20
4996,21,1,5
4996,7,2,10
4996,1,1,0
4997,31,1,5
4997,53,1,5
4998,1,1,10
4998,28,2,0
4998,54,2,0
4999,3,1,0
4999,34,1,10
5000,33,2,0
5001,56,1,0
5001,9,1,0
5001,38,1,10
5002,3,2,0
5002,12,1,20
5002,14,1,0
5002,38,1,10
5003,7,2,0
5003,1,3,0
5003,3,1,0
5003,32,3,5
5004,24,1,0
5004,20,1,20
5005,40,1,10
5005,21,1,0
5005,47,1,10
5006,1,1,0
5006,28,1,10
5006,35,1,5
5006,51,2,20
5007,32,1,0
5007,32,1,0
5008,41,1,5
5009,1,1,5
5009,57,1,20
5009,46,2,0
5010,19,3,5
5011,39,1,10
5011,32,2,5
5011,47,1,0
5012,8,1,5
5013,41,1,5
5014,8,1,5
5014,7,1,20
5014,10,2,20
5014,2,3,0
5015,10,2,5
5015,25,1,0
5016,13,2,0
5016,20,1,0
5016,30,2,0
5017,39,1,5
5017,29,1,10
5018,29,2,0
5018,1,3,0
5018,1,2,20
5018,11,1,5
5019,10,1,10
5020,42,1,0
5020,4,1,5
5020,44,1,5
5021,5,1,0
5021,14,1,5
5022,17,1,5
5022,54,1,5
5022,2,1,10
5022,47,3,0
5023,10,1,10
5024,4,1,5
5024,54,1,0
5025,21,2,0
5025,36,1,10
5025,35,1,5
5026,1,1,20
5027,37,1,5
5027,19,2,10
5027,51,1,20
5028,1,1,0
5028,2,1,20
5029,3,1,10
5029,18,1,5
5029,5,2,5
5029,11,1,5
5030,33,3,0
5030,2,2,10
5031,2,2,0
5031,2,1,5
5031,17,1,0
5031,6,2,5
5032,37,1,20
5032,2,2,5
5033,27,2,10
5034,41,2,10
5034,46,2,5
5034,2,2,0
5035,9,1,10
5035,29,3,10
5035,3,2,20
5035,52,1,20
5036,40,3,10
5036,33,1,20
5036,4,1,0
5037,36,1,5
5037,40,1,0
5038,53,1,0
5038,1,1,5
5039,52,3,10
5040,27,1,10
5040,29,1,10
5040,1,1,10
5040,47,1,0
5041,6,1,20
5042,14,1,0
5042,8,2,0
5043,4,1,0
5043,1,1,10
5044,48,1,5
5044,22,1,0
5044,2,1,10
5045,54,1,10
5045,48,1,20
5045,48,1,5
5045,26,2,5
5046,14,1,0
5046,4,1,20
5046,55,1,0
5047,3,1,0
5047,9,1,20
5048,20,1,0
5048,27,1,0
5048,25,1,5
5048,6,1,0
5049,55,1,20
5050,2,1,5
5050,9,2,0
5050,14,1,0
5051,18,1,20
5052,46,1,10
5052,59,1,0
5053,22,1,0
5053,21,2,0
5053,1,1,0
5054,8,2,10
5054,28,1,10
5054,4,1,0
5055,27,1,5
5056,21,2,5
5057,18,1,0
5058,20,2,0
5058,5,3,0
5058,16,3,0
5058,32,1,10
5059,12,1,10
5060,4,1,20
5060,21,2,0
5060,24,3,10
5060,48,1,0
5061,47,1,5
5062,54,1,0
5063,53,1,0
5063,22,2,10
5063,55,2,0
5063,1,2,0
5064,53,1,0
5064,19,1,20
5064,6,2,20
5064,37,2,10
5065,2,2,0
5066,25,1,0
5066,6,1,5
5066,24,1,0
5067,5,1,5
5067,3,3,5
5067,1,2,5
5067,14,1,20
5068,14,1,20
5069,6,1,0
5070,23,3,0
5071,1,1,10
5071,17,1,0
5072,3,1,0
5072,11,1,10
5073,5,1,10
5073,30,1,10
5073,50,1,20
5074,8,1,10
5074,15,1,0
5074,1,1,20
5075,10,1,10
5075,39,1,5
5075,22,1,5
5076,9,2,20
5076,2,1,20
5076,9,1,0
5076,1,2,20
5077,40,1,0
5078,51,-1,0
5078,41,1,5
5078,24,2,0
5078,13,3,5
5079,43,2,20
5079,2,1,0
5079,32,1,0
5079,29,1,0
5080,7,3,10
5080,1,1,0
5081,24,1,0
5082,22,1,0
5083,4,1,0
5084,2,3,20
5084,4,3,0
5084,11,1,20
5084,16,1,20
5085,16,1,0
5086,43,2,20
5086,20,2,20
5086,4,1,0
5087,35,1,0
5087,12,2,0
5087,35,1,0
5087,18,1,0
5088,57,1,0
5088,3,2,5
5089,8,2,10
5090,26,2,0
5090,27,1,10
5090,19,2,0
5090,13,1,0
5091,48,3,0
5092,50,1,0
5092,55,1,20
5092,27,1,0
5092,51,1,0
5093,3,1,20
5093,32,2,0
5093,55,1,0
5093,8,3,5
5094,16,3,0
5094,33,3,5
5095,15,2,5
5096,6,1,0
5097,7,2,0
5097,55,3,10
5097,39,1,0
5097,28,1,0
5098,58,1,0
5099,6,2,5
5100,39,1,0
5100,11,1,10
5100,39,3,0
5100,4,1,0
5101,33,3,0
5102,24,2,5
5103,10,1,5
5104,40,3,0
5104,41,1,0
5104,41,1,20
5104,51,1,0
5105,52,1,20
5105,27,1,0
5105,19,1,0
5105,1,1,0
5106,52,1,0
5106,56,1,0
5107,3,2,5
5107,7,1,10
5107,20,1,0
5108,37,1,0
5109,1,1,0
5109,4,1,20
5110,32,1,5
5110,8,2,0
5110,43,1,0
5110,30,1,0
5111,5,1,20
5111,51,3,0
5111,36,1,0
5111,5,2,0
5112,25,1,5
5112,23,3,5
5112,42,1,10
5113,17,1,5
5113,2,1,10
5113,18,1,20
5113,2,1,0
5114,4,1,0
5115,1,3,5
5116,30,1,0
5116,20,2,0
5116,20,1,0
5116,25,1,10
5117,48,3,0
5117,9,1,0
5117,1,2,10
5117,26,1,20
5118,1,1,0
5118,5,2,0
5118,14,2,20
5118,52,1,10
5119,9,1,10
5119,34,2,0
5120,6,1,5
5121,48,1,5
5121,7,1,10
5121,2,2,0
5122,55,1,0
5122,17,2,10
5123,48,1,0
5123,5,1,5
5124,16,1,0
5124,2,1,0
5124,1,1,5
5124,25,1,10
5125,52,2,0
5125,53,2,5
5125,55,1,0
5125,4,1,5
5126,49,1,10
5126,18,3,5
5127,8,3,10
5127,5,2,5
5127,2,2,0
5127,7,1,10
5128,1,1,0
5129,12,1,10
5129,6,1,0
5129,53,1,10
5130,13,1,5
5131,42,2,5
5131,15,1,0
5131,22,1,20
5132,41,1,0
5133,18,2,20
5133,17,2,0
5133,3,3,10
5134,27,1,10
5134,42,1,10
5135,43,1,0
5136,2,3,10
5136,15,1,0
5136,9,1,5
5137,54,3,20
5137,51,1,5
5138,4,1,0
5138,44,1,5
5138,14,3,10
5139,49,1,5
5139,2,1,0
5139,18,1,20
5139,2,1,5
5140,2,1,20
5140,19,1,20
5141,50,2,20
5141,2,1,10
5141,57,1,10
5141,11,1,5
5142,12,1,5
5143,2,1,5
5143,33,1,10
5143,26,1,20
5144,23,2,0
5145,9,3,0
5145,15,1,5
5145,33,2,0
5146,15,1,5
5146,13,1,10
5146,5,1,20
5147,42,1,0
5147,28,1,0
5147,13,1,0
5147,2,1,20
5148,55,3,5
5149,43,1,0
5149,28,1,0
5149,14,1,10
5150,11,1,20
5151,24,1,0
5151,42,1,10
5151,1,2,10
5152,24,1,20
5152,13,3,0
5152,49,1,10
5152,3,2,0
5153,30,2,0
5153,21,1,10
5154,1,1,0
5155,41,1,20
5155,45,3,5
5155,9,2,20
5155,28,1,5
5156,35,1,5
5156,55,1,0
5156,1,1,0
5157,41,3,10
5158,33,3,20
5158,13,1,20
5158,45,1,20
5158,4,3,5
5159,25,1,0
5159,9,1,5
5159,3,1,10
5159,9,1,0
5160,7,1,5
5160,27,1,10
5160,1,3,10
5161,1,1,0
5161,29,1,10
5161,29,1,10
5161,18,1,0
5162,54,1,10
5162,55,1,5
5162,3,1,10
5163,2,1,0
5163,33,1,5
5163,37,1,0
5163,3,1,0
5164,9,1,5
5165,53,3,20
5165,51,3,0
5165,47,1,10
5165,13,1,0
5166,12,1,0
5167,22,3,5
5168,6,1,5
5168,1,1,5
5168,40,3,5
5169,18,2,10
5169,40,1,10
5170,2,2,10
5170,2,1,20
5170,41,1,0
5170,21,3,0
5171,58,2,0
5171,33,1,10
5171,10,1,0
5171,42,1,20
5172,1,1,0
5172,2,1,20
5172,2,1,0
5172,19,1,0
5173,51,3,0
5173,53,1,0
5173,53,1,20
5174,35,1,0
5175,48,1,5
5176,3,1,0
5177,44,1,0
5177,7,1,20
5178,1,1,10
5179,14,1,0
5179,1,1,0
5179,3,1,0
5179,21,1,0
5180,12,1,20
5180,50,1,0
5180,7,1,0
5180,47,1,20
5181,7,2,10
5182,12,1,5
5183,5,1,5
5183,6,2,0
5183,19,1,5
5184,18,3,10
5185,8,1,10
5185,12,1,0
5185,4,1,0
5185,40,1,10
5186,56,1,10
5186,13,2,10
5186,22,1,0
5187,6,3,0
5187,1,2,0
5187,58,1,0
5187,11,1,0
5188,24,1,5
5188,29,1,5
5188,10,1,20
5188,4,1,0
5189,57,1,10
5189,12,1,0
5189,1,1,5
5189,53,1,0
5190,17,1,5
5190,36,3,0
5191,9,1,10
5191,3,2,0
5191,17,1,5
5192,15,3,10
5192,35,2,0
5193,6,1,10
5193,26,2,20
5193,42,1,5
5193,4,1,0
5194,54,2,0
5194,1,1,5
5194,3,1,5
5194,28,1,0
5195,5,1,0
5195,24,2,5
5196,6,3,0
5196,14,1,10
5196,24,1,5
5197,5,1,0
5197,17,1,5
5197,51,2,0
5198,4,1,20
5199,55,1,20
5200,10,1,0
5200,1,3,10
5200,14,2,5
5201,59,2,20
5201,6,1,10
5201,1,1,20
5202,10,1,0
5203,11,1,0
5204,14,1,20
5204,37,1,5
5204,25,3,5
5204,2,1,20
5205,24,2,5
5205,59,1,5
5205,22,2,5
5205,20,1,0
5206,39,1,5
5206,9,1,0
5206,45,1,0
5207,9,2,10
5207,24,1,10
5207,1,1,5
5207,20,1,10
5208,14,3,10
5208,54,1,0
5208,15,1,5
5209,11,1,0
5209,9,1,20
5209,55,1,10
5209,29,2,20
5210,27,2,20
5210,3,1,0
5210,59,1,10
5210,3,3,0
5211,40,1,0
5211,56,1,0
5212,4,2,0
5213,44,1,0
5214,12,2,20
5214,10,1,10
5214,5,1,0
5215,23,1,20
5216,1,1,5
5216,18,1,0
5217,58,1,0
5217,28,1,10
5217,13,3,10
5218,5,1,5
5219,29,1,10
5219,25,1,0
5219,1,1,20
5219,27,1,20
5220,31,3,0
5221,45,1,20
5221,16,2,10
5222,21,1,0
5222,12,1,10
5222,11,1,0
5222,10,2,5
5223,25,1,0
5223,5,3,5
5224,24,1,20
5225,50,1,20
5226,41,1,10
5226,18,1,0
5226,31,1,5
5226,59,1,20
5227,45,2,0
5227,1,1,0
5227,53,1,10
5228,21,1,20
5228,11,2,0
5228,33,2,5
5229,49,3,5
5229,8,1,0
5230,3,1,0
5230,3,1,0
5230,26,1,20
5231,55,2,10
5231,37,1,0
5231,13,1,5
5232,16,1,0
5232,1,2,10
5233,9,1,10
5233,10,2,0
5233,8,1,5
5233,15,1,0
5234,41,1,0
5234,14,1,0
5235,19,1,0
5235,1,1,0
5235,13,1,0
5236,37,1,5
5236,24,2,0
5237,9,1,0
5238,24,1,10
5239,14,1,5
5239,31,3,5
5239,51,1,5
5239,24,1,5
5240,45,1,20
5241,17,3,10
5241,58,1,5
5241,16,1,0
5241,4,1,0
5242,29,1,10
5242,56,3,20
5243,9,1,5
5243,9,1,0
5244,37,1,10
5244,56,1,10
5245,13,3,10
5246,25,1,0
5247,2,1,5
5247,15,2,10
5247,21,2,0
5247,1,1,5
5248,40,1,10
5248,27,1,20
5248,12,2,10
5249,58,3,10
5249,5,1,20
5250,13,2,5
5251,11,2,5
5251,12,1,5
5251,11,3,0
5252,46,1,10
5252,24,1,0
5253,4,1,0
5253,21,1,0
5253,55,1,0
5254,8,2,10
5254,4,1,0
5255,2,2,0
5255,11,1,20
5255,42,1,5
5256,46,1,20
5256,8,1,0
5256,4,1,5
5257,46,1,10
5257,26,1,5
5257,5,3,20
5257,6,2,0
5258,14,2,0
5258,23,1,10
5258,16,1,20
5259,12,1,10
5259,4,1,10
5260,2,1,5
5261,12,3,0
5261,19,2,5
5262,48,2,5
5263,21,2,10
5264,10,2,0
5265,6,1,0
5266,2,3,10
5267,53,1,5
5267,4,1,10
5267,36,1,0
5267,4,1,5
5268,1,2,0
5268,16,3,0
5268,44,1,0
5268,11,1,0
5269,26,2,5
5269,17,1,20
5269,34,1,20
5270,14,1,5
5270,2,1,20
5270,3,1,0
5270,2,1,0
5271,8,1,0
5271,36,3,0
5271,50,2,0
5271,5,1,5
5272,31,3,10
5272,34,1,0
5272,5,1,0
5272,15,1,10
5273,28,1,10
5274,51,2,10
5274,53,1,0
5274,39,1,0
5275,4,1,5
5276,20,1,10
5276,27,2,0
5276,49,1,20
5277,52,3,20
5277,32,1,0
5278,1,1,20
5278,17,1,10
5279,54,2,5
5280,44,1,0
5280,4,1,20
5280,23,1,20
5281,28,1,10
5281,13,1,10
5281,2,2,0
5281,1,1,0
5282,43,1,0
5282,24,1,0
5282,33,1,0
5282,41,2,0
5283,13,1,0
5283,32,1,20
5283,41,-1,0
5283,52,1,20
5284,58,1,10
5284,22,1,0
5285,36,2,10
5285,45,2,10
5285,3,1,10
5286,9,1,0
5287,8,1,10
5287,35,1,10
5287,6,1,10
5288,18,1,0
5288,3,1,20
5288,33,2,5
5289,22,2,10
5289,51,1,5
5290,11,1,0
5291,50,1,10
5291,43,1,5
5291,29,1,10
5292,31,1,20
5292,9,1,0
5292,53,3,0
5292,29,2,0
5293,21,1,5
5293,25,3,0
5293,3,1,0
5293,28,3,0
5294,17,2,5
5294,17,1,0
5294,11,1,10
5294,23,1,0
5295,48,1,5
5295,12,1,5
5295,18,1,0
5295,23,3,5
5296,14,1,10
5296,51,1,10
5296,3,1,0
5297,21,2,10
5297,8,1,10
5298,38,1,0
5298,3,3,20
5298,1,1,5
5299,3,1,10
5299,46,1,0
5299,49,1,10
5300,10,1,0
5300,50,2,0
5301,2,1,5
5302,37,1,10
5302,2,1,10
5302,2,2,20
5303,53,1,0
5303,27,1,10
5303,37,1,0
5304,11,1,10
5304,42,1,5
5305,31,2,0
5305,1,3,10
5305,54,1,10
5305,1,1,0
5306,41,2,10
5306,51,1,0
5306,34,1,0
5306,10,1,5
5307,25,1,0
5307,3,1,5
5308,15,1,0
5309,8,1,20
5309,7,1,10
5310,39,1,0
5310,18,1,0
5310,46,1,0
5311,46,2,10
5311,11,1,5
5311,3,1,5
5311,12,1,10
5312,4,1,10
5312,50,1,10
5312,7,1,0
5313,54,1,5
5313,2,1,5
5313,7,3,0
5314,9,1,20
5315,3,1,20
5315,39,2,5
5315,1,1,0
5316,55,1,20
5316,4,1,20
5317,3,1,0
5317,33,1,5
5318,2,1,5
5318,28,1,0
5318,20,2,5
5319,8,1,0
5319,37,2,0
5319,39,1,5
5320,1,1,0
5321,16,1,0
5321,51,1,10
5321,14,1,20
5321,32,1,10
5322,17,2,20
5322,4,1,20
5323,26,1,5
5323,2,1,5
5323,59,3,10
5323,11,1,5
5324,3,1,0
5324,26,1,0
5325,31,1,10
5325,55,1,0
5325,18,3,0
5325,2,1,10
5326,4,1,5
5327,6,1,0
5327,7,1,5
5327,2,1,5
5327,2,1,20
5328,4,1,20
5328,2,1,0
5329,46,1,10
5329,32,2,10
5329,28,1,10
5329,25,1,10
5330,8,1,20
5331,6,1,0
5331,10,2,20
5332,8,2,5
5332,2,1,10
5332,32,1,0
5332,5,2,20
5333,13,2,5
5333,14,2,5
5333,49,2,10
5333,20,1,0
5334,49,1,0
5334,15,1,5
5335,36,1,0
5335,13,1,10
5335,14,1,20
5335,35,2,20
5336,4,1,0
5336,4,1,10
5336,4,1,0
5336,8,1,20
5337,1,1,0
5337,1,1,10
5337,51,1,20
5338,30,1,10
5338,28,3,0
5338,54,2,20
5339,36,1,5
5340,12,1,0
5340,4,1,5
5340,27,1,0
5340,19,1,10
5341,31,1,0
5341,1,1,10
5342,49,3,10
5342,8,2,0
5342,3,1,0
5342,13,2,10
5343,3,1,5
5344,4,2,20
5344,12,2,0
5344,53,2,5
5344,8,1,20
5345,1,2,20
5345,3,1,5
5346,2,1,5
5346,52,2,0
5346,52,1,5
5346,50,1,5
5347,47,1,0
5347,35,3,5
5347,45,1,0
5347,7,2,20
5348,30,1,5
5348,17,1,10
5348,3,1,0
5349,34,2,20
5350,28,1,0
5351,4,1,0
5351,52,1,0
5351,2,3,0
5352,37,1,0
5352,24,1,10
5352,10,1,10
5352,5,3,0
5353,40,1,0
5354,54,1,20
5355,4,2,5
5355,14,1,5
5355,41,2,0
5356,16,2,0
5356,2,2,5
5356,49,1,0
5357,3,1,10
5357,44,3,10
5358,6,1,5
5359,3,1,0
5359,13,1,0
5359,41,1,5
5359,50,3,10
5360,2,2,0
5361,2,1,0
5362,6,1,10
5362,31,2,0
5362,13,1,0
5363,46,1,5
5364,20,1,20
5364,2,2,20
5364,3,2,0
5365,39,2,0
5365,35,2,20
5365,3,1,10
5365,6,1,20
5366,54,1,0
5366,2,1,0
5366,37,1,0
5367,8,3,0
5367,10,1,20
5368,3,2,10
5368,4,1,10
5368,48,1,0
5368,3,3,10
5369,39,2,10
5369,1,1,10
5370,5,2,5
5371,45,1,0
5371,39,1,20
5371,57,3,5
5372,4,1,10
5372,29,1,20
5372,17,1,20
5372,18,1,0
5373,32,2,5
5373,36,1,0
5373,17,1,5
5374,18,1,5
5375,40,1,20
5376,20,2,5
5376,17,1,0
5376,40,1,5
5376,8,2,0
5377,39,1,0
5377,47,1,0
5378,13,1,10
5378,4,1,20
5378,20,3,10
5379,4,1,5
5380,14,3,20
5380,24,1,0
5381,50,2,0
5381,9,1,10
5381,42,1,0
5381,52,1,0
5382,42,1,20
5382,2,2,0
5383,22,2,10
5383,6,1,10
5383,3,2,10
5383,57,1,0
5384,16,1,0
5385,5,1,5
5385,6,1,20
5385,35,2,10
5386,45,3,0
5386,7,1,10
5387,1,2,10
5387,36,1,10
5387,3,1,10
5387,21,1,10
5388,27,1,5
5389,4,1,10
5390,19,1,20
5390,4,2,10
5390,54,2,10
5391,42,1,10
5391,35,1,0
5392,48,2,0
5392,26,1,5
5392,35,1,10
5393,18,1,20
5393,4,1,0
5393,58,1,10
5393,50,1,5
5394,11,1,0
5394,7,1,5
5394,58,2,5
5394,12,2,10
5395,26,1,10
5395,14,2,20
5395,9,3,0
5395,11,1,20
5396,25,1,0
5396,13,2,10
5396,38,1,5
5396,43,1,20
5397,21,1,10
5397,1,1,10
5398,50,3,0
5398,10,1,10
5398,26,1,0
5398,32,1,10
5399,60,1,5
5400,19,1,10
5401,5,1,0
5402,51,1,0
5402,3,1,20
5402,51,1,0
5403,10,1,10
5403,30,1,10
5404,17,1,5
5404,30,1,0
5405,8,1,0
5405,53,1,0
5405,4,2,0
5405,9,1,0
5406,25,1,5
5407,26,1,0
5408,42,1,0
5408,1,-1,10
5408,14,1,0
5409,17,1,10
5409,6,1,0
5410,27,2,10
5410,51,1,10
5410,13,2,5
5411,6,1,20
5411,23,2,10
5411,13,1,5
5412,29,1,10
5412,57,3,5
5412,20,1,5
5412,46,1,10
5413,11,2,0
5414,38,1,0
5414,6,1,0
5414,56,1,5
5415,9,1,0
5415,31,1,10
5416,14,2,0
5416,39,1,10
5417,24,1,20
5418,38,2,5
5418,2,3,10
5418,2,3,20
5419,1,1,10
5419,44,2,0
5420,39,1,0
5421,33,1,10
5421,3,3,0
5421,53,3,5
5421,39,1,20
5422,37,3,20
5422,25,1,0
5422,36,2,10
5422,1,1,5
5423,29,1,20
5423,14,1,0
5423,3,2,5
5423,56,1,20
5424,55,1,10
5424,43,1,0
5425,33,1,0
5425,5,1,5
5425,44,1,10
5425,10,1,0
5426,6,1,10
5427,55,1,5
5427,6,3,0
5427,48,1,0
5428,24,1,10
5428,4,1,0
5429,35,2,20
5429,27,1,0
5430,14,2,0
5430,24,1,0
5430,16,1,0
5431,43,1,10
5431,31,1,0
5431,17,1,20
5432,41,1,0
5432,7,3,0
5432,4,3,20
5433,12,2,0
5433,46,3,5
5433,43,2,10
5433,24,2,0
5434,5,1,0
5434,41,1,0
5434,7,2,0
5435,44,3,0
5435,1,3,0
5436,4,1,20
5436,3,1,0
5437,50,1,0
5437,34,1,10
5437,46,1,10
5438,2,2,0
5438,16,1,5
5438,46,1,20
5439,21,1,20
5440,16,1,10
5441,58,2,0
5441,19,1,5
5441,9,1,10
5441,3,2,0
5442,5,3,5
5442,48,1,20
5442,3,2,10
5442,46,1,0
5443,18,1,5
5443,1,1,5
5443,22,1,20
5444,6,2,10
5444,16,1,10
5445,54,1,10
5446,34,1,0
5447,51,3,0
5447,18,2,5
5448,27,3,10
5449,8,1,10
5449,8,2,20
5449,1,3,10
5450,51,1,0
5450,33,2,5
5450,23,1,0
5450,1,1,10
5451,4,2,0
5451,20,1,5
5451,57,2,10
5451,47,2,10
5452,7,1,0
5452,3,3,0
5452,12,2,10
5452,32,2,5
5453,1,1,0
5453,9,1,0
5454,11,1,0
5454,52,1,10
5454,6,1,20
5454,10,2,10
5455,4,1,0
5456,38,1,5
5456,22,1,10
5456,11,1,10
5457,12,3,0
5458,1,1,0
5459,37,1,10
5460,28,1,5
5461,1,1,20
5461,1,2,5
5461,31,1,20
5461,36,1,10
5462,2,1,5
5462,37,1,0
5463,34,1,0
5464,24,3,0
5464,2,2,10
5465,4,2,5
5465,20,1,10
5465,22,1,20
5466,11,2,10
5466,31,1,5
5466,10,2,10
5466,1,1,0
5467,35,1,5
5467,28,1,0
5467,1,1,0
5467,28,3,10
5468,13,1,0
5468,24,3,20
5469,4,1,10
5469,37,1,20
5469,12,1,20
5470,48,1,10
5470,15,1,20
5471,38,1,0
5472,23,1,5
5472,42,3,0
5473,12,1,5
5473,28,1,0
5473,57,2,20
5473,5,2,20
5474,17,1,0
5474,52,3,20
5474,24,2,0
5475,42,1,0
5475,23,1,10
5475,32,1,0
5475,2,1,20
5476,22,3,0
5476,8,1,20
5477,27,1,0
5478,12,3,0
5478,28,1,0
5478,3,1,10
5478,14,1,10
5479,15,1,0
5479,9,3,5
5480,24,1,0
5480,51,1,5
5481,13,1,0
5482,42,1,5
5482,31,3,10
5482,36,1,0
5482,7,1,10
5483,2,1,5
5483,47,1,0
5483,28,1,0
5483,41,1,5
5484,17,1,5
5484,21,1,10
5485,39,1,5
5485,2,1,10
5485,46,1,0
5486,57,1,0
5486,50,1,20
5486,45,1,0
5487,14,1,0
5487,1,1,20
5488,30,1,0
5488,34,2,0
5489,25,2,5
5489,24,1,5
5489,28,1,0
5490,2,1,5
5491,25,1,20
5492,58,2,0
5492,33,1,0
5492,3,1,0
5492,39,1,0
5493,2,1,10
5494,17,1,5
5494,57,1,10
5494,44,1,0
5495,24,1,0
5496,7,1,10
5496,9,1,0
5497,8,1,0
5497,12,1,0
5497,17,1,0
5497,1,1,0
5498,7,2,10
5499,57,1,0
5499,30,3,0
5500,2,2,0
5500,14,1,0
5500,48,1,5
5500,49,2,0
5501,5,1,5
5501,57,1,0
5501,20,1,5
5502,39,1,5
5502,4,1,20
5503,28,1,0
5503,11,1,10
5503,17,1,0
5503,59,1,5
5504,30,1,5
5504,2,1,5
5505,59,1,10
5505,6,1,0
5505,14,1,20
5505,3,1,0
5506,33,1,20
5507,52,2,0
5507,34,1,0
5507,16,2,5
5508,54,1,5
5508,42,2,0
5508,43,2,10
5508,1,1,10
5509,23,1,0
5509,8,1,0
5509,3,3,5
5509,7,1,10
5510,15,3,5
5510,24,1,10
5511,40,1,0
5511,25,1,20
5512,5,2,0
5512,13,1,0
5512,25,1,5
5513,1,2,5
5513,3,1,20
5513,22,1,0
5514,1,1,20
5514,57,1,10
5515,8,1,0
5515,11,1,0
5515,19,1,20
5516,3,1,5
5516,34,2,0
5516,18,2,5
5516,33,3,0
5517,2,1,10
5517,12,1,5
5517,22,1,20
5517,54,2,10
5518,1,3,10
5519,42,1,0
5520,24,1,0
5520,7,1,10
5520,55,2,0
5520,3,2,0
5521,44,1,5
5521,14,1,20
5521,16,1,0
5521,8,1,0
5522,29,1,5
5522,19,2,0
5522,23,2,5
5523,34,1,0
5523,1,1,10
5523,3,2,10
5524,18,1,5
5524,15,3,10
5524,15,1,10
5524,5,2,10
5525,42,1,10
5525,1,1,0
5525,21,1,20
5525,43,1,0
5526,27,1,0
5526,59,3,0
5527,12,1,10
5527,1,1,0
5528,35,1,0
5529,12,1,0
5529,27,1,5
5529,3,2,0
5529,40,1,0
5530,8,1,0
5530,4,2,0
5530,44,1,0
5531,14,1,0
5531,2,3,10
5531,1,2,0
5531,37,2,10
5532,44,1,0
5532,21,1,10
5532,38,1,20
5533,29,1,10
5533,3,1,0
5533,48,1,10
5533,22,1,20
5534,7,1,10
5534,17,1,10
5535,31,1,20
5535,50,3,0
5536,40,1,0
5536,55,1,10
5536,51,1,5
5536,12,1,0
5537,5,1,0
5537,4,1,5
5537,13,2,0
5537,18,1,0
5538,14,2,5
5538,40,2,10
5538,46,1,10
5538,11,1,20
5539,12,2,0
5540,3,3,10
5540,9,1,0
5540,2,1,0
5540,1,2,0
5541,26,2,0
5542,13,3,0
5542,10,1,0
5543,19,1,10
5543,22,1,5
5544,37,1,0
5544,4,3,20
5545,54,1,5
5545,3,1,20
5545,19,2,10
5545,54,1,0
5546,20,1,20
5546,49,1,0
5547,60,1,10
5547,15,1,20
5547,16,1,5
5548,9,1,10
5548,1,1,0
5549,41,2,0
5549,33,2,0
5549,32,3,10
5550,1,3,10
5551,48,2,10
5551,38,1,0
5551,1,2,0
5552,53,1,5
5552,4,1,0
5553,23,1,0
5553,5,2,0
5554,19,2,0
5554,3,1,10
5555,7,3,10
5555,8,1,5
5555,22,3,20
5555,9,3,20
5556,49,2,10
5556,20,1,10
5556,3,1,20
5557,1,1,10
5557,33,1,0
5557,21,2,5
5557,16,1,5
5558,35,2,10
5558,23,2,0
5558,42,2,10
5558,22,2,0
5559,7,1,0
5560,1,1,5
5560,8,2,20
5560,46,1,5
5561,49,1,10
5562,16,2,10
5562,4,1,0
5563,17,1,0
5563,42,1,0
5563,19,1,0
5563,14,1,10
5564,2,1,5
5565,2,1,0
5566,12,1,5
5566,23,1,0
5566,17,3,20
5566,6,1,5
5567,4,1,0
5567,13,1,0
5568,14,1,5
5568,42,1,20
5569,10,1,10
5569,5,1,20
5569,21,1,0
5570,24,3,0
5570,58,1,5
5570,30,1,0
5570,25,1,10
5571,23,1,20
5572,6,1,10
5573,9,1,5
5573,3,1,5
5574,59,1,5
5574,59,2,0
5574,47,1,5
5575,43,1,0
5576,45,1,0
5576,1,1,0
5576,24,3,0
5577,14,2,0
5577,33,1,10
5577,29,1,10
5577,2,3,10
5578,22,1,5
5579,36,2,10
5580,44,1,0
5581,3,2,0
5581,14,1,0
5582,28,1,0
5582,16,2,0
5583,29,1,0
5583,2,2,5
5583,21,1,0
5583,2,1,20
5584,15,2,5
5584,22,3,10
5584,7,3,20
5584,2,3,10
5585,7,1,0
5585,54,2,0
5585,53,1,0
5585,4,1,10
5586,2,1,0
5586,2,1,0
5587,11,1,0
5587,1,1,5
5588,21,1,0
5588,27,1,20
5589,18,1,10
5589,17,1,10
5589,12,1,0
5590,1,1,0
5590,35,1,0
5591,15,1,20
5591,1,1,10
5591,50,1,0
5591,4,1,10
5592,10,1,0
5592,46,1,0
5592,10,1,0
5592,60,3,0
5593,23,1,0
5594,16,2,0
5595,9,2,10
5595,20,2,20
5595,7,1,10
5595,2,1,5
5596,2,2,20
5597,28,1,0
5597,5,1,0
5597,5,2,10
5597,14,1,5
5598,11,1,20
5598,16,2,0
5598,36,1,0
5599,30,1,5
5600,2,3,0
5600,26,3,5
5600,20,3,0
5601,56,1,10
5601,1,1,5
5601,45,1,0
5601,6,1,20
5602,9,3,0
5603,13,1,10
5603,59,1,5
5604,59,1,5
5605,21,1,0
5606,19,1,5
5606,8,2,0
5606,14,1,0
5607,53,1,10
5607,7,1,0
5608,12,1,10
5608,32,1,10
5608,25,3,10
5608,1,1,0
5609,18,1,5
5609,4,1,0
5610,51,1,5
5610,53,1,0
5611,27,2,0
5612,58,3,5
5612,17,1,10
5613,50,1,20
5613,3,1,0
5614,40,1,0
5615,12,2,5
5615,9,1,0
5615,5,1,0
5615,19,1,0
5616,3,1,10
5616,1,3,5
5616,40,1,20
5616,2,1,0
5617,3,1,5
5617,18,2,0
5618,17,1,10
5619,8,1,0
5619,10,1,5
5619,7,1,10
5620,19,1,0
5620,3,2,0
5621,59,2,5
5622,6,2,0
5623,45,2,5
5624,55,2,0
5624,8,1,0
5625,3,1,20
5625,33,2,20
5625,28,1,20
5626,3,1,0
5626,43,1,0
5626,50,1,5
5626,2,2,5
5627,47,1,0
5627,14,1,10
5628,28,1,10
5628,39,1,10
5628,46,1,0
5629,42,2,5
5629,10,2,20
5629,7,2,5
5630,15,1,5
5631,45,1,10
5631,15,1,10
5632,40,1,10
5632,51,1,10
5632,35,1,0
5632,10,3,5
5633,17,1,5
5633,24,2,10
5633,1,1,0
5633,52,1,10
5634,10,1,5
5634,2,1,0
5634,18,1,0
5635,8,1,10
5636,27,1,5
5636,35,1,0
5636,47,2,10
5637,54,1,5
5637,36,2,0
5638,56,1,5
5638,4,1,0
5639,52,1,20
5639,56,1,10
5639,24,1,0
5640,60,1,10
5641,42,1,0
5641,13,2,10
5641,11,2,0
5641,52,1,5
5642,47,-1,0
5642,21,2,0
5642,6,1,0
5642,2,2,0
5643,2,1,0
5643,2,1,20
5644,25,1,0
5644,14,1,5
5644,51,3,10
5644,8,2,10
5645,4,2,0
5645,30,1,0
5645,23,2,10
5646,7,1,10
5647,42,1,5
5648,16,1,0
5649,1,1,20
5650,22,1,0
5650,1,1,0
5650,24,1,0
5651,7,1,10
5652,1,1,10
5652,31,1,0
5652,18,2,0
5652,6,2,0
5653,23,3,20
5654,55,1,10
5654,15,1,10
5655,1,2,5
5655,6,1,20
5655,6,1,0
5656,35,1,10
5656,2,1,5
5656,4,2,0
5657,37,1,0
5657,17,2,10
5657,6,2,20
5658,9,1,10
5659,21,1,5
5659,46,1,0
5659,21,2,10
5659,32,3,10
5660,36,2,0
5660,26,1,10
5660,53,3,20
5660,2,1,0
5661,2,2,5
5661,4,2,0
5661,34,3,10
5662,16,3,10
5662,18,1,10
5662,12,3,5
5663,55,1,10
5663,23,3,10
5664,2,1,0
5664,8,1,0
5664,9,1,0
5665,15,1,0
5666,13,1,0
5666,14,2,5
5667,31,3,20
5668,40,1,20
5668,12,3,5
5668,52,1,5
5669,23,2,20
5669,2,2,0
5669,5,2,10
5670,50,2,0
5670,34,1,10
5671,28,2,0
5671,6,1,0
5672,9,1,5
5672,25,1,5
5672,36,1,0
5672,43,1,5
5673,58,3,0
5673,3,1,0
5674,7,2,10
5674,41,2,20
5674,39,1,0
5675,31,1,10
5676,1,1,5
5676,4,3,10
5676,6,1,0
5677,60,1,0
5677,10,1,0
5678,30,2,0
5678,8,1,0
5678,38,2,0
5678,47,1,0
5679,27,1,0
5679,50,1,0
5679,25,1,10
5680,17,2,5
5680,45,2,5
5680,1,1,0
5681,54,1,10
5681,36,1,0
5681,49,1,10
5681,7,1,0
5682,28,3,0
5682,25,1,10
5682,56,2,0
5682,1,1,5
5683,33,3,5
5683,4,1,10
5683,39,2,0
5683,15,1,0
5684,6,3,0
5685,14,1,0
5685,8,2,5
5685,37,1,20
5686,25,1,10
5687,4,1,5
5688,1,1,5
5689,40,1,5
5690,31,1,0
5690,47,1,0
5690,10,1,10
5690,35,1,0
5691,31,1,0
5691,17,1,5
5691,15,2,5
5691,3,1,10
5692,1,1,10
5692,46,3,5
5692,16,1,5
5693,7,1,0
5693,33,1,5
5693,55,1,0
5694,11,1,0
5694,27,1,10
5694,5,1,5
5694,1,1,10
5695,18,1,10
5696,4,1,10
5697,23,1,0
5697,13,1,0
5697,3,3,0
5698,34,1,20
5698,48,2,5
5698,12,1,10
5699,42,1,0
5699,41,1,0
5700,36,2,10
5701,20,1,0
5701,24,1,10
5702,52,1,0
5702,5,1,20
5702,26,1,5
5702,58,1,20
5703,7,1,20
5703,10,2,20
5704,46,1,20
5704,9,2,0
5704,54,1,5
5704,50,1,10
5705,1,1,20
5705,15,1,20
5705,8,3,0
5705,6,1,20
5706,7,1,20
5706,14,1,10
5706,7,3,5
5706,8,1,0
5707,41,1,20
5707,34,1,5
5707,1,1,0
5708,14,1,10
5709,12,1,0
5709,13,1,10
5709,4,1,20
5709,49,2,10
5710,54,1,0
5710,42,2,5
5711,22,1,0
5711,33,1,0
5712,4,1,5
5712,5,1,0
5712,12,1,20
5712,18,1,20
5713,33,2,20
5713,3,1,5
5713,33,1,5
5713,55,1,10
5714,26,1,20
5714,2,1,20
5714,49,1,5
5715,8,1,10
5715,50,1,0
5716,10,3,20
5717,44,1,10
5717,42,1,0
5718,7,3,0
5718,18,1,10
5718,1,1,5
5718,27,1,0
5719,5,1,0
5720,25,1,20
5720,34,1,0
5721,4,1,20
5721,1,1,20
5721,10,1,10
5722,19,1,0
5723,48,1,20
5724,44,1,20
5724,55,1,20
5725,57,1,0
5725,2,1,5
5726,4,2,5
5727,1,1,0
5727,51,2,10
5727,51,1,5
5727,1,2,5
5728,41,1,0
5729,8,1,0
5729,2,2,10
5729,50,1,20
5730,6,1,0
5730,17,1,20
5731,7,1,10
5731,30,1,20
5731,59,1,10
5731,2,1,5
5732,1,3,5
5732,1,2,20
5732,5,1,0
5732,23,1,20
5733,10,1,20
5734,1,1,0
5735,36,3,0
5735,8,2,0
5735,60,1,10
5736,25,1,0
5736,46,1,10
5737,58,1,0
5737,44,1,0
5737,17,1,20
5737,19,3,20
5738,54,1,5
5738,35,1,0
5738,13,1,20
5739,3,1,0
5739,60,1,20
5739,41,1,10
5740,51,2,0
5740,40,1,0
5740,1,1,10
5740,49,1,20
5741,5,1,0
5742,2,1,5
5742,1,3,20
5742,14,1,0
5743,31,1,5
5743,17,1,0
5743,14,1,10
5743,49,2,0
5744,5,1,0
5744,6,1,5
5744,3,1,5
5745,56,2,0
5745,55,2,20
5745,2,1,0
5745,20,1,20
5746,3,1,10
5746,29,1,10
5747,4,1,10
5748,12,1,0
5748,51,1,0
5748,20,1,10
5749,11,2,20
5749,8,2,10
5750,15,1,5
5750,13,1,20
5750,34,1,0
5751,39,1,10
5752,1,1,20
5752,11,1,10
5752,7,1,10
5752,1,1,10
5753,33,2,20
5753,42,1,0
5753,13,1,0
5754,19,1,10
5754,18,1,20
5755,46,3,10
5755,2,2,0
5756,14,1,10
5757,10,1,20
5757,11,1,0
5757,20,1,0
5757,52,1,0
5758,9,1,20
5758,6,3,0
5759,10,1,0
5760,3,1,0
5760,4,2,20
5760,57,1,5
5761,31,1,0
5762,34,1,20
5762,1,2,10
5763,1,2,20
5764,6,3,5
5764,1,1,10
5764,6,1,5
5764,39,2,20
5765,40,3,10
5766,1,1,0
5766,25,3,5
5766,3,2,0
5766,29,1,20
5767,14,1,10
5767,12,1,20
5767,45,1,0
5768,11,1,5
5768,13,1,0
5768,4,1,10
5769,30,1,20
5769,38,1,0
5770,4,1,10
5770,27,1,10
5770,2,1,10
5770,41,1,10
5771,6,2,10
5771,44,1,0
5771,25,1,10
5772,44,1,5
5773,18,2,20
5773,7,1,20
5773,53,3,20
5774,31,1,0
5774,24,1,0
5775,7,1,5
5775,21,1,5
5775,1,1,0
5776,45,2,5
5777,26,1,20
5778,12,1,10
5778,1,1,20
5778,42,3,0
5779,32,2,20
5779,29,2,10
5779,28,1,0
5779,5,1,10
5780,10,2,20
5780,24,1,0
5780,18,2,10
5781,45,3,0
5781,10,2,10
5782,52,2,0
5783,6,3,0
5783,56,2,0
5784,57,1,0
5785,4,2,0
5786,19,1,5
5786,15,3,10
5786,10,1,0
5786,6,2,0
5787,43,1,10
5788,37,1,10
5788,18,2,20
5788,14,3,0
5788,5,1,0
5789,43,1,5
5790,4,2,10
5791,1,1,20
5791,5,2,20
5792,10,2,0
5792,5,1,0
5793,9,1,20
5793,21,1,0
5793,3,1,20
5793,30,1,5
5794,2,1,0
5795,14,1,20
5795,58,3,5
5796,45,1,10
5796,1,1,5
5797,32,1,0
5797,19,2,0
5798,10,2,5
5799,33,3,0
5799,50,2,20
5800,45,1,10
5800,7,2,0
5801,3,2,10
5801,7,3,0
5801,33,3,10
5802,10,1,0
5803,8,1,10
5803,44,1,10
5803,56,1,5
5804,23,1,5
5804,34,1,5
5804,7,2,5
5804,1,1,10
5805,2,1,0
5806,5,1,0
5807,1,3,0
5807,12,1,0
5807,1,1,10
5807,26,1,5
5808,1,1,5
5808,59,3,0
5808,24,2,0
5809,13,1,20
5810,2,1,0
5810,13,1,10
5811,14,2,10
5812,8,1,20
5812,55,2,0
5812,1,3,0
5812,3,1,5
5813,59,1,0
5813,3,1,10
5813,11,2,10
5813,48,2,10
5814,9,1,10
5815,46,1,20
5815,20,1,5
5816,1,1,10
5816,13,1,5
5816,20,1,0
5816,18,1,5
5817,21,1,5
5817,5,2,0
5817,3,1,10
5817,17,2,0
5818,6,1,20
5819,57,1,10
5819,3,1,0
5820,1,1,0
5820,53,1,10
5820,20,1,5
5820,14,3,5
5821,10,1,0
5821,44,1,0
5822,12,1,0
5822,6,1,10
5822,2,1,5
5823,6,1,10
5824,48,1,10
5825,48,1,0
5825,1,1,0
5825,9,1,0
5826,11,1,0
5827,36,1,20
5827,5,1,20
5827,53,1,10
5827,5,3,10
5828,25,3,5
5828,36,1,20
5828,28,1,10
5829,55,2,0
5829,4,1,0
5830,25,1,0
5830,32,1,0
5831,40,1,0
5832,19,2,0
5832,22,1,5
5832,55,2,0
5832,45,1,0
5833,47,1,0
5834,49,1,0
5834,41,1,0
5835,6,1,20
5836,2,1,5
5836,55,2,0
5836,39,1,0
5836,59,1,5
5837,12,1,0
5838,33,1,10
5838,31,1,20
5839,13,1,20
5839,22,3,10
5840,12,2,5
5840,24,1,0
5841,6,1,0
5842,9,1,0
5842,15,1,0
5842,52,1,10
5843,47,3,0
5843,36,1,0
5843,2,2,0
5843,3,1,0
5844,8,1,10
5845,5,1,10
5846,11,2,10
5846,22,1,0
5847,4,2,0
5847,7,1,10
5848,30,1,0
5848,3,1,20
5849,18,2,5
5850,1,2,10
5850,4,1,0
5850,25,1,0
5850,54,1,0
5851,2,1,5
5851,20,1,10
5852,56,1,0
5852,59,3,10
5852,7,1,0
5852,33,1,20
5853,4,1,0
5853,5,1,0
5853,43,1,5
5854,45,1,0
5855,53,1,0
5855,3,2,5
5855,18,1,20
5856,9,1,0
5857,12,1,0
5857,44,1,0
5857,39,3,0
5857,55,1,10
5858,42,2,0
5858,22,1,0
5858,33,1,20
5858,49,1,20
5859,3,1,0
5859,17,2,5
5860,9,2,10
5860,26,1,10
5860,4,1,10
5861,10,1,20
5861,25,1,20
5861,49,1,20
5861,18,1,10
5862,51,2,5
5863,16,1,10
5863,3,1,5
5863,20,1,10
5863,21,2,0
5864,11,1,0
5864,10,1,0
5865,1,1,5
5865,25,1,10
5865,3,1,10
5866,34,1,10
5866,20,1,20
5866,4,1,10
5866,4,-1,0
5867,31,1,5
5867,36,3,5
5868,31,1,5
5868,4,1,10
5868,27,1,20
5869,48,1,5
5869,12,1,0
5869,40,1,10
5869,1,1,20
5870,2,1,5
5870,2,1,5
5870,37,2,0
5871,28,1,5
5872,1,1,5
5872,22,1,0
5872,9,1,5
5872,5,1,10
5873,31,3,0
5873,22,2,5
5873,17,1,0
5874,27,1,10
5874,30,1,20
5874,3,1,10
5874,21,2,0
5875,10,1,0
5875,11,1,10
5875,1,1,10
5875,2,1,0
5876,2,1,0
5876,1,1,20
5876,1,2,0
5877,28,1,0
5877,38,2,20
5878,13,1,0
5878,18,1,5
5878,53,1,10
5879,18,1,20
5879,52,1,5
5879,54,1,10
5880,5,2,0
5880,53,1,10
5881,6,2,5
5882,12,1,10
5882,46,2,10
5882,11,1,0
5882,13,1,5
5883,23,1,5
5883,25,1,0
5883,15,1,10
5884,2,1,20
5884,41,1,10
5884,14,1,0
5885,60,2,10
5885,22,3,20
5885,3,2,0
5886,38,1,5
5886,13,2,10
5887,29,2,10
5888,47,1,20
5888,10,1,10
5888,46,1,5
5888,6,2,0
5889,49,1,0
5889,12,2,5
5889,4,2,0
5889,46,3,20
5890,18,1,5
5890,32,1,5
5891,13,3,10
5892,11,2,5
5892,16,2,0
5892,38,1,10
5892,2,1,5
5893,13,1,10
5894,20,1,10
5895,54,1,0
5895,47,2,5
5895,9,1,0
5896,20,2,0
5896,29,1,20
5896,1,1,5
5896,1,1,20
5897,13,1,5
5898,5,1,5
5898,4,2,0
5898,23,1,10
5899,51,1,0
5899,6,1,0
5899,35,1,0
5900,5,1,0
5900,40,1,0
5900,1,1,0
5901,37,1,10
5901,1,1,0
5901,56,1,10
5901,21,1,0
5902,6,1,20
5903,6,1,10
5903,1,2,5
5904,25,1,0
5904,4,1,0
5905,43,1,20
5906,17,3,0
5906,14,3,5
5907,24,1,0
5908,41,1,0
5908,10,1,0
5908,24,2,0
5908,42,3,0
5909,27,1,10
5909,4,1,0
5909,5,1,5
5909,3,1,5
5910,36,2,0
5910,5,3,0
5910,6,1,0
5911,1,1,10
5911,18,1,0
5911,25,1,0
5912,4,3,0
5912,19,1,0
5912,35,2,0
5913,25,2,10
5913,4,1,10
5913,46,1,0
5913,12,1,20
5914,52,1,0
5914,47,1,10
5914,27,1,0
5914,18,2,10
5915,47,2,10
5915,24,1,0
5915,21,1,0
5916,11,1,20
5916,40,1,10
5916,47,1,20
5917,25,2,0
5918,24,1,10
5918,34,1,0
5918,29,1,10
5918,28,1,20
5919,12,1,5
5919,10,1,5
5919,8,2,20
5920,29,2,0
5921,47,2,5
5921,7,2,10
5921,28,1,5
5921,19,3,5
5922,21,1,0
5922,7,1,10
5923,49,3,10
5923,1,1,10
5923,5,1,10
5923,43,2,10
5924,33,1,20
5924,3,2,20
5924,8,1,5
5925,1,2,0
5925,11,1,0
5926,34,2,10
5926,19,1,20
5926,26,1,0
5926,39,3,5
5927,51,1,10
5927,6,1,5
5927,50,1,10
5928,59,1,10
5928,52,1,20
5928,18,1,10
5929,19,2,0
5929,7,1,20
5929,54,1,0
5929,39,3,0
5930,27,2,5
5930,1,1,20
5930,56,1,0
5931,24,1,0
5932,55,3,20
5932,44,-1,5
5933,8,1,10
5934,44,1,20
5934,3,1,0
5934,35,2,5
5935,23,1,5
5935,47,1,10
5935,15,1,10
5935,5,3,0
5936,11,2,20
5936,1,1,5
5936,24,1,10
5937,1,1,0
5937,34,1,5
5937,1,1,5
5938,2,3,10
5938,23,1,5
5938,17,1,10
5938,33,1,0
5939,2,2,5
5940,12,1,0
5940,39,2,0
5941,3,2,20
5942,54,1,10
5943,58,1,10
5943,2,2,20
5943,5,1,0
5943,18,2,10
5944,17,1,0
5945,20,3,0
5945,55,1,0
5946,5,1,10
5946,11,2,10
5946,6,1,5
5946,27,1,0
5947,36,2,0
5947,5,1,10
5948,37,1,10
5949,33,1,10
5949,7,2,5
5949,1,1,10
5949,31,1,10
5950,28,1,5
5950,46,1,10
5950,16,1,0
5951,16,1,20
5951,20,1,0
5951,45,2,10
5952,13,1,10
5952,2,1,20
5953,4,3,10
5953,2,1,20
5953,1,3,5
5953,3,1,10
5954,15,3,0
5954,41,1,20
5955,21,2,10
5955,17,1,0
5956,1,1,0
5956,13,2,10
5956,16,1,5
5956,25,1,20
5957,35,3,10
5957,24,1,0
5958,30,1,0
5959,1,1,5
5959,6,1,20
5960,8,2,0
5960,32,1,0
5960,8,1,10
5961,18,1,10
5961,33,1,10
5961,13,2,20
5962,14,1,20
5962,19,1,0
5963,20,3,0
5963,13,2,5
5963,58,1,0
5963,19,1,10
5964,39,1,20
5965,15,1,0
5965,4,1,10
5965,8,1,0
5966,12,1,0
5966,39,1,0
5966,51,2,0
5966,13,2,0
5967,10,2,5
5967,1,3,10
5968,49,2,10
5968,13,1,10
5969,26,2,0
5970,24,1,10
5970,7,1,5
5971,37,1,10
5972,45,2,20
5972,23,1,10
5972,29,1,20
5972,58,1,0
5973,43,1,0
5973,1,1,10
5973,17,1,10
5974,17,1,5
5975,58,1,10
5975,51,1,10
5976,51,1,5
5976,15,1,5
5976,4,1,5
5976,21,1,10
5977,1,3,0
5977,15,2,5
5977,18,1,0
5977,12,1,10
5978,17,1,10
5979,37,2,0
5979,23,2,0
5980,29,1,5
5980,4,1,5
5981,15,3,0
5982,26,1,20
5982,25,1,0
5983,29,1,0
5984,14,2,5
5984,8,1,20
5984,16,1,20
5985,5,1,5
5985,51,1,0
5986,10,2,20
5986,39,1,0
5986,4,1,10
5986,21,1,0
5987,2,1,20
5987,13,2,5
5988,7,1,20
5988,12,2,10
5989,30,2,10
5989,5,1,20
5989,58,3,5
5989,14,1,10
5990,4,1,5
5990,1,3,0
5991,18,1,10
5991,18,1,0
5992,7,1,5
5992,16,2,20
5992,49,1,10
5993,3,3,10
5994,36,1,20
5995,56,1,5
5995,51,3,0
5995,49,2,5
5995,15,1,0
5996,9,1,5
5997,19,1,5
5997,26,1,0
5997,9,2,10
5998,14,1,0
5998,48,1,5
5998,6,1,10
5998,56,1,0
5999,5,1,5
6000,5,2,20
6000,33,3,10
6000,9,2,20
6001,12,1,0
6001,3,1,5
6001,9,3,10
6002,10,2,20
6002,37,1,0
6002,4,1,20
6003,10,1,10
6003,18,1,10
6003,31,2,20
6003,17,1,0
6004,19,1,0
6004,5,1,10
6004,20,1,10
6005,32,1,20
6006,6,1,20
6006,45,1,5
6006,17,1,5
6006,1,1,5
6007,56,1,5
6008,2,1,0
6008,17,1,10
6008,50,1,5
6009,53,2,0
6010,46,2,10
6010,10,1,20
6010,5,1,10
6011,39,1,5
6011,41,1,20
6011,55,1,0
6012,12,3,0
6012,10,1,0
6012,60,1,0
6012,17,1,5
6013,46,1,0
6013,18,1,20
6013,45,2,0
6014,2,1,0
6014,2,1,0
6014,9,1,0
6014,37,2,10
6015,15,1,10
6015,5,1,0
6016,8,1,20
6016,10,1,0
6016,21,3,0
6016,46,1,5
6017,10,1,0
6018,25,1,0
6018,22,2,5
6018,60,1,5
6019,44,1,20
6019,44,1,0
6019,8,1,5
6020,15,1,20
6021,50,1,20
6021,20,1,5
6021,17,1,0
6022,11,1,10
6022,38,1,20
6023,39,1,0
6023,3,3,10
6024,2,1,10
6024,43,3,0
6025,27,1,0
6025,16,1,10
6025,24,1,0
6026,27,1,5
6026,24,1,5
6026,48,1,0
6027,13,1,5
6028,23,2,20
6028,49,1,0
6028,3,2,5
6029,3,2,10
6029,10,1,0
6029,7,1,0
6030,36,1,10
6030,38,1,20
6030,10,1,10
6031,14,1,0
6031,27,3,5
6031,4,2,0
6031,23,1,0
6032,22,1,20
6033,3,1,10
6033,10,1,10
6033,59,1,0
6033,9,1,20
6034,17,3,0
6035,6,1,0
6035,38,1,0
6035,21,1,0
6035,16,1,10
6036,14,1,5
6037,54,1,0
6037,10,1,0
6038,24,2,0
6038,2,1,0
6038,7,2,0
6038,48,3,0
6039,50,1,10
6039,25,1,0
6040,25,1,10
6041,60,1,0
6041,59,3,0
6041,3,1,10
6041,36,1,5
6042,49,1,20
6042,10,1,0
6043,18,1,10
6043,5,1,0
6043,33,1,5
6043,25,1,5
6044,8,1,5
6045,24,2,0
6045,1,1,0
6046,43,1,10
6046,7,3,0
6047,13,1,10
6048,8,3,5
6049,10,3,0
6049,37,1,20
6049,1,1,10
6050,15,1,20
6050,57,2,5
6050,12,3,10
6051,16,1,10
6051,6,2,10
6051,1,1,10
6051,1,1,5
6052,40,1,10
6052,15,1,5
6052,4,1,20
6053,30,1,5
6053,43,3,0
6053,3,1,0
6054,25,1,5
6054,4,1,0
6054,3,1,10
6055,27,1,20
6055,31,1,20
6055,29,1,10
6055,13,2,10
6056,1,3,0
6057,12,1,10
6057,9,1,10
6057,25,1,0
6057,3,2,20
6058,6,1,5
6058,55,1,0
6058,25,3,20
6058,6,1,0
6059,5,1,0
6060,33,3,0
6060,40,2,0
6061,33,2,0
6061,7,1,20
6061,50,1,0
6062,1,1,20
6063,8,1,20
6063,12,1,0
6063,42,1,0
6064,21,1,0
6064,48,2,0
6064,25,2,0
6065,34,1,10
6065,9,1,10
6065,20,1,20
6065,2,1,0
6066,12,3,0
6066,8,1,5
6066,9,1,0
6066,38,3,10
6067,25,1,0
6067,51,1,0
6067,8,3,20
6067,2,1,5
6068,1,1,5
6068,15,1,5
6069,17,1,5
6069,48,1,0
6070,20,2,0
6070,1,1,0
6070,27,1,0
6070,8,1,0
6071,10,3,20
6071,39,2,0
6071,56,2,0
6071,22,1,10
6072,5,1,5
6073,25,1,10
6074,30,2,10
6075,26,1,0
6075,58,2,0
6075,4,1,10
6076,1,2,5
6076,1,1,5
6077,5,1,20
6078,12,1,0
6078,3,2,5
6079,14,2,0
6079,3,1,20
6079,36,1,0
6079,1,1,20
6080,6,2,10
6080,33,1,10
6080,17,1,0
6081,22,1,20
6081,48,1,0
6082,59,1,10
6082,18,1,5
6083,14,1,10
6084,37,1,0
6084,1,2,0
6084,55,1,5
6084,4,1,10
6085,50,1,5
6085,54,1,0
6085,2,1,0
6085,29,1,0
6086,3,1,0
6086,4,1,10
6087,2,1,0
6088,38,1,10
6089,11,1,0
6089,27,2,0
6089,59,1,0
6090,14,2,10
6090,23,2,5
6090,53,1,0
6090,11,1,5
6091,3,2,0
6091,15,1,20
6092,16,2,10
6092,31,1,20
6092,7,1,0
6093,13,1,5
6093,32,2,5
6093,38,1,0
6094,39,1,0
6094,24,2,20
6095,13,1,0
6096,12,1,10
6096,20,1,5
6096,11,1,5
6097,20,1,5
6098,50,1,0
6099,38,1,20
6099,2,1,0
6099,11,1,20
6100,1,1,20
6100,25,1,10
6100,14,2,0
6100,53,2,5
6101,1,1,5
6102,7,1,0
6103,5,1,20
6103,5,2,10
6103,60,2,0
6104,15,2,5
6104,15,1,5
6105,33,1,0
6105,3,3,10
6105,12,1,5
6105,17,1,5
6106,19,1,5
6106,13,3,10
6106,2,2,0
6107,6,1,5
6107,58,2,0
6107,34,1,0
6107,1,1,20
6108,2,1,20
6109,1,1,10
6109,4,1,0
6109,6,1,0
6110,46,3,5
6110,39,2,20
6110,24,1,10
6111,1,1,10
6112,56,1,5
6113,31,1,0
6113,20,1,5
6114,29,2,20
6115,52,2,20
6116,1,1,10
6117,3,1,0
6117,8,1,5
6117,56,1,20
6118,40,3,5
6119,1,1,0
6120,40,1,0
6120,5,1,10
6120,1,1,0
6121,17,1,0
6121,1,1,5
6121,11,1,0
6122,17,2,0
6123,58,3,5
6123,2,1,5
6123,7,1,5
6124,7,1,0
6125,50,1,10
6126,22,1,5
6126,8,1,0
6126,59,3,10
6126,5,1,5
6127,36,1,10
6127,21,1,10
6127,1,1,5
6128,10,1,20
6128,18,-1,0
6128,1,3,5
6128,24,1,20
6129,35,1,5
6129,22,2,10
6129,16,1,20
6129,54,1,0
6130,29,2,20
6131,44,1,0
6131,42,1,10
6132,56,2,10
6133,20,1,10
6133,3,3,10
6134,54,1,0
6134,24,2,10
6134,14,1,5
6134,14,1,10
6135,36,1,20
6135,1,1,5
6136,16,1,20
6136,17,1,0
6136,8,1,0
6137,54,1,10
6137,13,1,0
6138,7,2,10
6139,15,1,10
6140,10,1,10
6140,26,3,5
6140,1,1,10
6140,50,1,5
6141,47,1,10
6141,8,3,0
6142,22,2,20
6142,6,1,5
6142,15,1,0
6142,4,1,0
6143,5,1,10
6143,33,2,0
6143,1,1,0
6144,5,3,20
6145,47,1,10
6145,59,1,5
6145,2,1,10
6146,23,2,10
6146,29,2,10
6147,1,1,5
6148,10,1,10
6148,53,1,20
6149,11,3,10
6150,50,3,0
6151,12,3,10
6151,41,1,20
6152,13,1,5
6152,5,1,10
6153,15,1,20
6154,42,1,5
6155,49,1,5
6155,10,1,5
6156,12,1,5
6157,55,1,10
6158,6,2,20
6159,12,1,0
6159,2,1,20
6160,39,1,0
6160,17,1,0
6160,48,2,0
6161,33,2,5
6162,5,1,10
6162,21,1,0
6162,6,2,5
6162,22,2,5
6163,5,1,0
6164,1,1,0
6165,1,2,20
6165,59,1,0
6165,27,1,20
6165,31,1,0
6166,52,2,0
6167,50,1,0
6168,7,2,5
6168,30,1,20
6168,34,1,0
6169,6,1,10
6169,1,2,5
6169,1,1,0
6170,21,1,10
6170,40,3,10
6171,21,1,10
6171,6,2,5
6171,46,2,20
6172,41,1,10
6172,22,1,10
6173,60,2,5
6173,2,1,5
6173,21,1,0
6174,1,1,5
6174,6,1,0
6175,9,1,0
6175,18,1,0
6175,57,2,0
6175,30,1,0
6176,11,1,10
6176,11,2,0
6176,49,3,5
6177,14,2,20
6178,15,1,0
6178,32,2,5
6178,5,1,0
6178,54,1,5
6179,43,2,10
6179,4,1,5
6180,1,1,0
6180,23,1,10
6180,44,3,5
6180,53,1,5
6181,43,1,20
6181,7,1,10
6181,4,2,5
6181,14,1,10
6182,41,1,10
6182,4,1,10
6182,20,2,0
6183,9,1,20
6183,3,1,0
6183,54,2,5
6183,1,2,5
6184,43,2,0
6185,41,2,10
6185,14,1,20
6186,7,1,0
6187,54,1,5
6187,20,1,0
6187,53,3,0
6188,2,1,0
6188,14,1,0
6188,18,1,10
6189,2,1,0
6189,6,1,20
6190,9,3,0
6190,25,1,5
6190,8,1,10
6191,34,1,0
6191,1,1,10
6191,1,2,0
6191,52,1,0
6192,6,2,10
6192,21,1,20
6193,8,2,10
6193,11,1,0
6193,59,1,20
6193,1,1,5
6194,17,1,10
6194,48,2,0
6194,9,1,5
6195,60,1,0
6195,28,2,0
6196,8,2,10
6196,48,2,20
6197,12,1,5
6197,5,2,10
6198,20,1,10
6198,6,1,0
6199,7,1,0
6199,21,1,0
6199,1,1,10
6200,35,1,5
6200,18,1,10
6200,48,2,10
6201,13,2,10
6202,2,2,20
6202,55,1,10
6202,7,2,5
6203,20,3,0
6203,54,3,5
6203,23,1,0
6204,1,1,0
6204,54,1,10
6204,16,1,0
6205,35,3,5
6205,12,3,0
6206,19,1,0
6206,50,1,0
6206,4,1,5
6206,25,-1,5
6207,4,1,0
6207,20,1,0
6207,19,2,20
6208,19,1,0
6208,7,1,20
6208,13,1,0
6209,26,1,10
6210,56,3,20
6210,23,1,0
6210,1,1,0
6210,1,3,0
6211,39,3,0
6211,2,2,10
6212,4,1,0
6212,20,1,0
6212,49,1,10
6213,22,1,0
6213,10,1,0
6214,26,1,10
6214,53,1,10
6214,51,3,5
6215,45,1,5
6216,51,1,20
6216,34,1,20
6217,18,2,5
6217,56,3,0
6218,14,1,10
6219,23,1,0
6219,5,1,20
6220,53,1,0
6220,2,1,5
6220,11,1,10
6220,15,3,0
6221,3,1,0
6221,32,1,0
6221,25,3,10
6221,47,1,10
6222,1,2,5
6222,2,1,5
6222,36,1,0
6223,36,1,0
6223,35,1,10
6224,37,1,0
6224,7,2,0
6225,47,1,20
6225,41,1,0
6225,22,1,20
6226,1,2,10
6227,3,2,10
6227,25,1,5
6227,5,1,20
6228,29,1,5
6229,4,2,5
6229,10,2,20
6229,12,1,10
6229,2,2,10
6230,43,2,5
6230,2,2,10
6230,16,3,20
6230,6,3,0
6231,24,1,10
6232,12,1,0
6232,27,1,10
6233,11,1,10
6233,2,2,5
6233,37,1,10
6233,4,2,0
6234,30,1,0
6234,22,1,10
6234,24,2,10
6234,51,1,0
6235,7,1,5
6236,21,1,20
6237,57,2,0
6238,52,1,0
6239,54,1,20
6239,59,3,0
6239,33,2,0
6240,4,3,0
6240,4,-1,5
6240,25,1,20
6240,30,1,10
6241,5,1,0
6241,39,1,10
6241,22,1,5
6241,3,1,0
6242,30,1,0
6242,1,1,20
6242,1,3,0
6243,45,1,0
6243,6,1,0
6243,22,1,0
6244,3,1,20
6244,25,3,0
6244,21,1,5
6244,5,1,0
6245,1,3,10
6245,4,1,5
6245,2,2,0
6245,35,1,10
6246,14,3,5
6246,41,2,20
6246,7,1,10
6246,2,1,20
6247,12,1,5
6247,2,2,5
6247,56,1,10
6247,31,1,0
6248,24,1,0
6248,11,1,5
6248,15,2,20
6249,2,1,20
6249,28,1,20
6250,8,1,10
6250,6,1,10
6250,27,1,5
6251,2,2,10
6251,56,1,0
6251,1,1,20
6251,15,1,0
6252,24,1,0
6252,32,3,0
6252,13,1,0
6252,21,1,5
6253,53,2,10
6254,28,2,0
6254,56,2,0
6254,24,1,10
6254,3,2,5
6255,43,1,0
6255,57,2,0
6255,1,2,0
6255,3,1,20
6256,10,3,0
6256,2,1,10
6257,3,1,0
6257,2,1,0
6257,33,1,0
6258,45,1,5
6258,55,1,0
6258,14,1,10
6258,1,1,20
6259,26,2,10
6259,8,2,0
6259,7,1,20
6259,28,1,10
6260,48,1,20
6260,25,1,0
6261,22,1,0
6261,46,1,0
6262,26,1,0
6262,28,3,10
6262,33,1,0
6263,7,1,0
6263,55,2,10
6263,52,3,20
6263,4,3,0
6264,31,1,0
6264,2,1,20
6264,3,1,0
6265,1,2,20
6265,7,2,0
6265,25,1,10
6266,15,1,0
6267,1,3,0
6267,9,1,10
6267,12,2,0
6268,60,1,5
6268,28,1,5
6268,21,1,5
6269,23,1,0
6269,5,1,10
6270,5,1,5
6270,14,2,5
6270,7,1,0
6271,12,1,5
6271,42,2,10
6271,25,1,10
6272,3,3,10
6272,14,1,0
6273,17,1,10
6273,2,1,0
6274,15,2,0
6274,1,3,10
6274,31,1,10
6275,14,1,0
6275,49,1,5
6275,4,1,10
6276,40,1,10
6276,3,1,0
6276,6,2,5
6277,16,2,20
6277,19,1,0
6277,54,1,0
6278,45,1,0
6278,34,1,20
6278,57,3,0
6279,1,1,20
6279,29,1,0
6279,25,1,0
6279,31,1,20
6280,7,1,10
6280,12,1,20
6281,8,3,10
6281,54,3,20
6282,59,1,5
6283,1,1,10
6283,13,1,5
6284,3,1,5
6284,8,1,20
6284,9,2,0
6285,25,2,5
6286,4,3,5
6286,6,1,10
6286,29,1,0
6286,25,1,5
6287,40,1,10
6287,9,3,0
6288,5,1,0
6288,4,3,5
6288,58,1,5
6288,38,1,0
6289,37,3,10
6290,45,3,10
6290,5,1,0
6291,41,1,0
6291,42,1,5
6291,49,1,0
6291,4,1,0
6292,8,1,5
6292,10,1,5
6293,33,1,10
6293,6,1,10
6294,2,1,0
6294,3,2,10
6294,21,3,0
6295,22,2,0
6295,15,1,0
6295,32,1,5
6296,5,1,0
6296,22,2,20
6296,9,1,0
6296,13,3,0
6297,54,1,5
6297,15,3,5
6297,6,2,5
6297,3,1,5
6298,37,1,10
6298,50,3,20
6298,15,1,5
6298,27,1,5
6299,51,1,20
6299,6,2,0
6299,7,1,20
6300,5,1,0
6300,53,2,10
6301,6,1,0
6301,42,1,0
6302,27,1,0
6302,1,2,10
6303,50,2,5
6304,12,1,10
6304,15,2,0
6304,23,1,5
6304,24,2,20
6305,49,1,20
6305,25,1,0
6305,42,1,0
6305,11,1,0
6306,56,1,0
6306,51,2,20
6306,6,2,0
6307,30,1,20
6307,2,1,10
6307,13,1,0
6308,23,1,0
6308,20,1,0
6308,6,1,0
6308,9,2,0
6309,4,1,5
6309,55,3,5
6309,50,1,10
6310,47,1,10
6311,9,1,20
6311,35,1,0
6311,43,2,0
6312,1,1,0
6312,23,1,0
6312,23,1,0
6313,1,1,10
6313,8,1,0
6313,43,3,10
6314,54,1,5
6314,6,1,10
6314,51,2,5
6314,53,1,5
6315,15,1,10
6316,1,1,5
6316,19,1,10
6316,13,2,10
6317,28,1,0
6318,1,1,5
6318,9,1,5
6318,1,1,20
6318,1,2,0
6319,10,1,20
6319,19,1,20
6319,50,1,20
6319,1,3,0
6320,21,1,0
6321,53,1,0
6322,57,1,20
6322,8,1,0
6322,29,1,0
6322,1,1,0
6323,42,1,0
6323,58,1,5
6324,17,3,5
6325,3,2,5
6325,7,3,0
6325,1,3,10
6326,1,1,10
6326,16,1,20
6326,20,3,0
6327,7,1,5
6327,34,2,20
6328,16,2,0
6329,6,2,20
6329,8,1,0
6329,1,1,5
6330,53,1,0
6330,9,1,20
6330,23,3,5
6330,32,2,10
6331,4,1,20
6331,25,1,0
6332,8,2,0
6332,36,1,0
6332,3,2,10
6333,15,1,5
6333,17,2,5
6333,5,1,20
6333,1,1,10
6334,14,1,10
6334,10,1,20
6334,25,2,0
6334,42,1,0
6335,6,1,10
6336,11,1,0
6336,1,2,0
6336,32,1,0
6336,42,1,20
6337,2,2,5
6338,31,2,0
6338,34,2,0
6339,14,2,10
6339,31,1,0
6339,42,1,0
6339,22,1,0
6340,59,1,20
6340,7,1,10
6340,11,1,5
6340,1,1,0
6341,5,1,5
6341,51,1,20
6341,49,1,5
6342,19,1,5
6342,10,1,10
6343,21,1,0
6344,30,2,20
6344,13,2,10
6344,11,1,5
6344,1,1,0
6345,10,2,10
6345,2,3,5
6345,2,1,5
6346,27,1,5
6347,40,1,10
6347,7,1,0
6348,54,2,20
6348,13,1,0
6348,1,1,0
6349,33,2,10
6349,47,2,10
6350,29,1,10
6350,28,1,20
6350,21,1,5
6350,17,1,0
6351,1,3,10
6351,17,3,10
6351,46,1,0
6351,3,1,20
6352,2,1,0
6352,8,1,0
6352,34,2,10
6353,54,2,5
6353,6,-1,0
6353,3,1,10
6354,53,1,0
6354,49,1,20
6354,21,1,20
6354,27,1,5
6355,21,3,5
6356,2,1,10
6356,31,3,10
6356,30,1,5
6357,50,1,10
6357,21,1,0
6357,40,2,5
6357,49,1,20
6358,1,1,5
6358,5,1,5
6359,11,1,0
6360,22,1,10
6360,18,1,0
6360,34,1,5
6360,8,2,10
6361,36,1,0
6361,48,2,20
6361,54,1,5
6362,5,2,5
6362,35,3,0
6363,30,1,0
6363,54,1,0
6363,27,3,0
6364,19,1,5
6364,14,1,0
6364,42,3,0
6365,5,1,0
6365,37,-1,5
6366,32,3,5
6367,45,3,0
6367,3,1,0
6367,15,1,10
6368,40,2,0
6368,11,1,5
6369,10,1,20
6369,17,1,0
6369,37,1,5
6370,17,1,5
6370,2,2,10
6370,14,1,0
6370,19,1,0
6371,14,1,10
6371,33,3,0
6372,1,1,0
6372,14,1,0
6373,21,3,0
6373,40,1,20
6374,14,2,10
6374,59,1,5
6374,30,1,0
6375,16,1,0
6375,12,1,0
6375,18,1,0
6376,40,1,0
6377,59,1,0
6377,2,3,20
6377,10,1,0
6378,23,1,10
6379,18,1,0
6380,8,1,5
6380,7,2,0
6381,19,1,5
6381,42,1,0
6381,37,1,10
6382,13,1,0
6383,9,1,0
6383,9,1,20
6384,24,1,0
6384,6,1,5
6385,5,1,0
6385,3,1,20
6385,23,1,0
6385,27,1,5
6386,36,1,10
6386,2,1,5
6387,1,1,0
6387,29,2,0
6387,44,1,0
6388,18,2,20
6388,13,1,20
6388,2,1,0
6389,4,2,0
6390,39,1,20
6390,7,1,0
6390,39,2,0
6391,13,1,10
6391,53,1,10
6392,19,3,10
6392,5,2,10
6393,1,3,20
6393,28,1,10
6393,14,1,5
6394,31,1,20
6394,24,1,5
6394,14,1,20
6395,12,1,5
6395,2,1,5
6395,2,1,0
6396,9,2,0
6397,59,3,5
6397,24,1,0
6398,40,3,10
6399,21,1,5
6400,8,1,5
6400,20,1,0
6400,1,2,10
6400,1,1,0
6401,25,2,5
6401,7,1,10
6402,51,1,10
6402,3,1,10
6402,16,1,0
6402,48,2,0
6403,9,1,10
6403,3,1,5
6403,47,2,0
6403,1,1,10
6404,54,1,0
6404,9,1,20
6405,2,1,10
6405,16,1,0
6405,9,3,5
6405,3,3,20
6406,4,1,0
6406,22,1,5
6406,31,1,5
6406,59,2,10
6407,45,1,0
6407,37,2,20
6407,3,1,5
6407,1,2,0
6408,21,1,10
6408,21,2,5
6408,40,1,5
6408,38,1,0
6409,32,1,10
6410,4,1,0
6410,4,2,5
6410,21,1,5
6410,3,1,20
6411,38,1,10
6411,59,1,10
6411,2,3,5
6411,2,3,0
6412,53,1,20
6412,47,1,10
6413,2,2,5
6413,2,3,20
6413,3,2,0
6414,3,2,20
6414,9,2,0
6415,50,1,0
6415,9,1,0
6416,4,2,5
6416,6,2,0
6416,32,1,0
6417,21,1,20
6417,34,2,0
6417,13,1,0
6418,5,2,0
6419,25,1,5
6420,27,1,0
6420,50,1,0
6420,4,3,5
6421,18,1,0
6421,13,1,0
6421,33,1,10
6422,29,3,0
6422,21,1,0
6423,21,1,0
6424,31,3,0
6424,23,2,0
6425,2,1,20
6425,13,3,10
6425,17,3,20
6425,2,3,5
6426,20,1,0
6426,2,1,10
6426,4,1,10
6427,60,1,10
6428,9,1,20
6428,47,1,20
6428,43,1,10
6429,34,1,0
6429,14,1,0
6429,43,3,0
6430,43,3,0
6431,4,1,10
6431,7,2,20
6431,15,1,10
6431,49,1,0
6432,6,1,0
6432,14,1,10
6433,10,2,0
6433,28,2,0
6434,24,2,5
6434,31,1,0
6434,5,2,0
6435,22,3,0
6435,5,3,0
6435,16,1,0
6435,52,1,10
6436,20,1,5
6437,12,1,5
6438,31,2,10
6438,17,1,0
6438,36,1,5
6438,38,1,20
6439,36,1,0
6439,17,2,20
6439,7,1,20
6439,34,1,5
6440,1,1,5
6440,45,2,0
6441,47,2,0
6441,12,3,10
6441,10,1,0
6441,4,2,10
6442,45,1,20
6442,1,1,10
6442,13,1,0
6442,20,1,20
6443,13,1,0
6444,45,1,20
6444,3,3,0
6444,8,1,5
6444,37,1,5
6445,5,1,20
6445,7,1,10
6445,47,1,10
6446,4,3,10
6446,1,1,5
6446,3,1,5
6447,24,1,0
6447,2,2,0
6448,49,1,20
6448,9,1,0
6448,22,1,20
6448,24,1,0
6449,23,1,20
6449,49,1,5
6449,46,3,5
6450,27,1,5
6451,2,1,0
6452,2,1,10
6452,36,1,0
6452,25,2,0
6453,52,1,0
6453,2,1,20
6453,32,1,5
6453,15,1,0
6454,4,1,10
6454,14,1,0
6455,1,1,0
6456,2,2,10
6456,29,1,10
6456,18,1,10
6456,28,2,10
6457,28,1,0
6458,54,3,5
6458,1,1,10
6458,8,1,10
6458,27,1,10
6459,35,1,0
6459,2,1,20
6459,10,2,0
6459,21,1,10
6460,19,1,20
6460,52,3,10
6461,58,1,20
6461,21,1,0
6461,4,1,0
6462,18,1,0
6462,49,1,0
6463,18,1,0
6463,10,1,10
6464,7,1,0
6464,2,1,20
6464,17,3,5
6465,31,1,0
6465,1,1,0
6465,1,1,0
6465,11,1,0
6466,7,1,0
6466,60,3,0
6467,12,1,10
6467,19,1,0
6467,51,2,5
6468,31,1,5
6468,33,1,5
6468,15,1,10
6469,10,1,0
6469,49,3,10
6470,12,2,5
6470,2,3,20
6471,3,2,0
6471,60,1,0
6472,40,1,0
6472,22,2,20
6473,26,1,0
6473,5,1,0
6473,34,2,0
6474,47,2,0
6474,1,3,5
6474,3,2,0
6474,58,1,0
6475,57,1,20
6476,36,2,10
6476,1,1,0
6476,38,2,10
6477,3,1,5
6477,31,1,20
6477,1,3,0
6478,3,1,10
6478,41,1,10
6478,21,1,20
6479,5,1,20
6479,12,1,5
6479,23,1,20
6480,3,2,0
6480,4,1,10
6480,30,2,0
6481,46,1,0
6482,12,1,0
6482,48,1,10
6482,9,1,0
6483,49,2,10
6483,11,1,0
6483,15,1,0
6484,2,1,10
6484,20,3,20
6484,56,1,20
6485,9,2,0
6486,31,1,5
6486,53,1,0
6487,30,1,5
6487,20,2,0
6487,59,1,0
6487,4,1,10
6488,1,1,0
6488,22,1,5
6489,7,1,0
6489,27,1,0
6490,1,1,5
6490,6,1,20
6490,33,2,0
6490,53,2,10
6491,10,1,0
6492,4,1,10
6493,21,1,10
6493,6,2,10
6493,33,2,10
6493,2,2,10
6494,5,1,0
6495,24,1,5
6496,4,1,20
6497,6,1,20
6497,30,1,20
6497,17,2,20
6497,9,1,0
6498,2,1,0
6498,34,1,10
6498,37,1,20
6498,2,1,5
6499,2,1,0
6499,12,1,5
6499,7,1,0
6500,53,1,0
6500,43,1,0
6500,14,2,10
6501,37,1,20
6501,8,1,0
6501,54,2,0
6501,6,1,20
6502,44,3,5
6503,14,1,0
6504,9,3,0
6504,36,1,10
6504,1,1,5
6505,51,1,0
6505,18,1,0
6506,24,1,10
6506,9,1,0
6507,45,2,20
6507,5,1,20
6507,4,1,0
6508,45,1,0
6508,53,1,5
6509,34,3,0
6510,4,1,20
6510,2,1,10
6511,44,1,0
6511,11,1,5
6511,41,2,5
6511,20,2,20
6512,14,1,10
6512,24,1,0
6512,18,1,10
6512,44,1,10
6513,6,2,0
6514,1,1,10
6515,1,1,0
6515,44,2,5
6516,32,1,20
6517,1,2,0
6518,43,1,20
6519,42,1,0
6520,14,1,0
6520,12,1,0
6520,1,2,5
6520,53,1,10
6521,11,1,0
6521,53,2,0
6522,37,1,0
6523,30,1,10
6524,5,2,10
6525,30,1,0
6525,4,1,5
6525,5,1,5
6526,42,1,5
6526,1,2,0
6526,18,1,0
6526,8,1,0
6527,7,2,0
6527,6,1,0
6528,21,1,5
6528,10,1,0
6528,6,1,20
6528,12,1,0
6529,21,1,5
6530,29,1,20
6530,3,1,20
6530,2,3,0
6530,48,1,0
6531,9,1,10
6531,13,2,0
6532,50,1,10
6532,24,1,0
6532,55,2,5
6533,47,1,10
6533,17,1,0
6533,39,2,5
6534,3,3,0
6534,14,2,0
6535,15,1,10
6535,3,1,10
6536,18,1,10
6536,53,1,5
6537,4,1,5
6537,26,3,5
6538,27,1,10
6538,30,1,0
6539,4,1,10
6540,2,1,5
6540,19,1,5
6540,5,1,0
6541,1,1,5
6541,6,2,10
6541,15,1,0
6542,18,1,10
6542,14,1,10
6543,5,1,10
6543,23,1,20
6544,9,1,5
6544,14,1,10
6544,46,1,0
6544,16,1,20
6545,4,1,0
6545,49,2,0
6545,30,2,10
6546,1,2,20
6546,38,1,5
6547,3,2,10
6547,45,3,20
6547,59,2,5
6547,47,2,5
6548,59,1,5
6548,32,1,0
6548,6,2,5
6549,4,1,20
6549,33,2,10
6550,4,1,20
6550,9,1,10
6551,13,2,20
6551,20,1,10
6551,19,1,0
6552,7,1,10
6552,35,1,10
6553,57,2,20
6553,53,1,0
6553,3,1,5
6554,50,1,5
6554,3,1,0
6554,4,3,10
6554,3,1,0
6555,2,1,5
6556,31,2,5
6556,5,1,0
6556,8,1,5
6557,14,2,0
6557,22,1,10
6558,6,1,10
6558,1,2,10
6559,5,1,0
6560,25,2,0
6561,2,1,5
6561,51,1,10
6562,56,1,10
6562,12,1,20
6562,9,1,5
6562,2,1,0
6563,21,1,10
6563,55,1,0
6563,2,3,20
6564,1,3,10
6564,3,1,0
6564,15,1,20
6565,10,2,20
6565,2,2,0
6565,49,1,5
6566,42,1,5
6566,9,1,0
6566,60,1,5
6567,4,1,10
6567,2,1,10
6567,24,1,5
6568,60,1,0
6568,15,2,0
6569,55,2,5
6569,42,3,20
6569,31,1,10
6570,48,2,5
6570,46,1,0
6570,4,3,0
6571,27,1,20
6571,28,1,10
6572,17,1,10
6572,7,1,5
6573,11,1,20
6573,3,1,5
6574,45,1,20
6575,38,3,20
6575,25,1,0
6576,6,2,20
6576,4,2,0
6576,25,1,10
6577,3,2,0
6577,23,1,20
6577,1,3,0
6578,27,2,10
6578,8,2,5
6578,38,1,0
6579,15,2,0
6579,5,1,0
6579,10,2,0
6580,59,1,0
6581,30,3,0
6581,45,1,10
6582,8,1,5
6582,40,1,10
6582,36,1,20
6583,2,2,0
6583,14,2,5
6583,24,3,10
6583,7,1,10
6584,27,1,0
6584,10,2,5
6584,47,3,10
6584,38,1,20
6585,6,1,20
6586,38,1,5
6586,15,1,20
6587,7,1,0
6587,7,1,20
6587,5,2,20
6587,54,1,10
6588,44,1,10
6588,1,2,0
6588,1,1,20
6589,2,1,0
6589,2,1,10
6589,50,2,10
6590,1,1,0
6591,37,1,10
6591,6,1,5
6592,2,1,20
6592,19,1,20
6592,57,1,0
6593,3,1,5
6593,28,1,10
6594,13,1,10
6595,15,1,10
6596,1,3,10
6596,10,2,10
6596,8,3,20
6597,24,1,0
6597,21,2,10
6597,42,1,10
6598,9,1,10
6598,41,3,20
6598,35,1,5
6598,2,2,0
6599,6,1,20
6599,13,1,5
6599,59,3,0
6600,26,1,0
6600,60,3,5
6601,49,1,20
6601,12,1,5
6602,1,1,20
6602,33,1,20
6603,15,1,0
6603,8,3,20
6604,15,1,10
6604,41,2,0
6604,27,1,5
6604,25,1,0
6605,48,1,10
6606,3,1,20
6607,30,3,5
6607,4,1,0
6608,16,3,0
6608,12,2,10
6609,13,1,10
6609,13,1,10
6610,43,1,0
6611,27,2,10
6611,48,2,20
6611,44,1,10
6611,38,1,10
6612,1,1,5
6612,17,1,0
6613,52,2,20
6614,35,1,0
6615,8,1,0
6615,1,1,20
6615,17,1,0
6616,29,1,5
6616,2,2,10
6617,11,1,20
6617,18,1,0
6617,24,3,0
6618,41,3,0
6618,58,1,5
6618,10,1,0
6619,4,1,0
6620,12,1,0
6620,12,1,0
6620,11,1,0
6621,4,1,20
6621,8,1,5
6621,59,1,5
6621,54,2,5
6622,31,2,10
6622,9,1,0
6622,38,3,10
6622,41,1,5
6623,3,3,0
6623,26,3,10
6623,60,3,0
6623,10,1,10
6624,1,1,5
6624,44,1,10
6624,25,1,0
6624,44,2,0
6625,1,1,10
6625,15,1,0
6625,2,1,5
6626,24,1,5
6626,7,3,5
6626,59,1,20
6626,13,1,5
6627,48,1,0
6628,42,1,0
6628,3,2,0
6629,42,1,0
6629,45,3,20
6629,2,1,10
6630,23,2,10
6631,37,1,5
6631,14,1,20
6631,6,2,20
6632,4,1,0
6632,21,1,5
6633,2,2,0
6633,10,2,5
6634,22,2,10
6634,16,1,5
6635,46,1,20
6636,45,1,10
6637,26,1,0
6638,10,3,10
6639,8,1,10
6639,7,1,0
6639,26,1,5
6640,41,1,10
6640,19,1,5
6641,31,1,0
6642,28,1,0
6642,1,2,10
6642,1,1,5
6642,26,1,10
6643,26,1,0
6643,53,1,0
6643,4,2,0
6643,57,2,0
6644,21,1,0
6644,24,1,5
6644,29,1,10
6645,42,1,5
6646,2,1,0
6646,34,1,5
6647,39,1,0
6647,14,1,0
6647,33,1,0
6647,4,1,5
6648,1,1,5
6648,45,1,10
6649,58,1,20
6650,57,1,0
6650,11,2,10
6650,29,1,5
6650,6,2,10
6651,3,2,5
6652,32,1,5
6652,6,1,10
6652,6,1,20
6652,48,1,0
6653,48,1,10
6653,24,3,0
6653,48,1,0
6653,1,1,0
6654,6,1,0
6654,1,1,20
6654,9,1,10
6654,59,3,0
6655,44,1,0
6655,1,3,20
6655,1,1,0
6655,26,1,10
6656,18,2,0
6656,29,1,0
6656,7,1,0
6656,47,1,0
6657,17,1,0
6657,8,1,10
6657,32,1,10
6657,47,2,5
6658,11,1,0
6658,5,2,0
6658,1,3,0
6659,8,3,20
6660,49,1,10
6660,44,2,5
6661,28,1,0
6661,15,2,0
6662,14,1,20
6663,10,1,10
6663,36,1,20
6664,5,1,0
6664,35,1,0
6664,8,1,0
6664,1,1,5
6665,2,1,5
6665,12,2,0
6665,9,2,0
6666,26,1,5
6666,4,2,0
6666,6,1,0
6667,20,2,10
6668,42,1,0
6668,28,1,20
6668,37,3,0
6669,18,1,20
6669,7,2,10
6669,22,1,5
6669,8,1,0
6670,57,1,0
6670,8,1,20
6671,29,1,0
6671,12,2,5
6672,23,2,0
6673,1,3,0
6674,2,1,10
6674,5,2,5
6674,2,1,0
6675,23,3,0
6675,28,3,0
6676,7,3,10
6676,13,1,10
6676,7,2,0
6677,54,1,0
6677,41,1,0
6678,1,1,10
6678,20,1,5
6678,15,1,5
6678,21,1,0
6679,28,3,10
6679,4,1,20
6679,1,1,0
6680,27,1,0
6680,11,1,5
6680,3,1,5
6680,14,1,5
6681,7,1,10
6681,4,2,10
6681,59,1,5
6681,3,1,5
6682,21,3,5
6683,41,1,5
6683,22,3,0
6683,58,1,20
6683,1,1,10
6684,12,1,0
6684,2,2,20
6684,5,1,0
6684,50,1,5
6685,27,2,0
6685,14,1,10
6686,17,1,0
6686,38,1,10
6686,3,2,0
6686,7,3,0
6687,58,1,0
6687,18,1,5
6687,34,1,5
6687,25,1,0
6688,4,1,20
6688,9,1,5
6688,53,2,0
6689,27,1,0
6689,21,1,20
6689,2,1,10
6689,5,1,0
6690,5,1,20
6691,2,1,0
6692,29,1,0
6692,43,1,10
6692,42,1,10
6692,17,1,20
6693,59,2,20
6693,45,1,20
6693,5,2,5
6693,17,1,0
6694,39,2,5
6694,7,3,0
6694,2,1,10
6695,17,1,10
6695,35,3,20
6696,6,3,10
6697,51,2,0
6697,47,1,0
6697,1,3,20
6698,47,3,10
6698,54,3,0
6698,38,1,0
6698,18,1,20
6699,16,1,10
6699,37,1,0
6699,15,1,0
6699,49,1,20
6700,14,1,0
6700,6,3,0
6700,44,1,10
6701,46,1,10
6701,24,1,10
6701,34,1,5
6701,58,1,0
6702,28,1,20
6702,10,2,0
6702,40,1,0
6702,55,1,0
6703,12,1,0
6703,35,1,20
6703,13,1,0
6704,8,1,5
6705,9,1,20
6705,7,1,0
6705,45,2,0
6705,45,1,0
6706,21,1,0
6706,7,1,5
6706,22,1,0
6707,8,1,10
6707,5,1,20
6708,4,1,0
6708,15,1,0
6708,11,1,0
6708,18,2,0
6709,45,1,0
6709,15,1,20
6709,22,2,0
6710,40,1,10
6710,44,1,0
6710,1,1,5
6711,46,2,0
6711,33,1,0
6712,30,1,10
6712,5,1,0
6713,30,2,0
6713,15,2,0
6713,56,1,5
6713,2,3,5
6714,50,3,0
6714,47,1,5
6715,2,1,20
6715,2,1,0
6716,5,3,5
6716,1,3,10
6716,6,2,20
6717,41,1,0
6717,40,1,0
6718,2,1,0
6718,52,1,0
6719,57,3,0
6719,4,2,20
6720,25,3,0
6720,2,1,0
6720,19,1,0
6721,20,3,10
6721,4,1,5
6721,45,1,0
6722,8,1,5
6722,2,1,0
6723,17,1,0
6723,3,3,10
6723,28,1,5
6724,15,3,5
6724,38,3,20
6725,28,1,5
6725,5,1,0
6725,29,1,0
6726,6,1,0
6727,13,1,0
6728,30,1,0
6728,54,2,5
6728,28,1,0
6728,5,1,0
6729,8,1,10
6729,4,1,5
6729,14,1,0
6729,43,1,5
6730,14,1,10
6730,34,1,5
6730,14,1,10
6730,1,1,10
6731,5,1,0
6732,24,1,10
6732,21,1,10
6732,13,2,0
6732,6,1,10
6733,21,2,5
6734,13,1,0
6734,48,1,0
6734,25,1,0
6735,8,1,5
6736,41,1,20
6736,30,3,5
6736,41,1,5
6737,14,1,0
6738,23,1,10
6739,57,3,10
6740,40,1,0
6740,28,1,0
6741,4,1,5
6742,11,1,0
6743,28,3,0
6744,55,1,0
6745,47,1,20
6745,17,1,10
6745,8,1,10
6745,6,1,10
6746,45,1,10
6747,24,3,5
6747,28,1,10
6747,1,1,5
6748,59,1,0
6748,4,1,0
6749,54,2,5
6750,38,1,20
6750,49,1,0
6751,8,1,5
6751,15,1,5
6751,5,1,0
6752,44,1,0
6752,33,1,10
6753,2,1,20
6753,40,2,10
6753,6,1,5
6753,3,1,0
6754,50,1,0
6754,1,1,0
6754,36,2,10
6754,1,2,20
6755,2,1,0
6755,2,2,10
6755,57,1,20
6756,7,1,0
6757,12,2,10
6757,3,1,20
6758,14,1,20
6759,15,1,5
6759,1,1,10
6760,46,1,0
6760,40,1,0
6760,51,2,10
6761,26,1,0
6762,10,1,10
6763,20,1,5
6763,56,1,0
6763,25,2,0
6763,17,2,5
6764,4,3,0
6764,22,2,10
6765,35,1,0
6766,2,3,5
6766,58,1,0
6767,44,1,5
6767,52,1,5
6768,9,1,0
6768,2,2,0
6768,2,1,0
6768,51,1,0
6769,9,2,20
6769,58,3,20
6769,5,1,5
6770,9,1,5
6770,15,1,20
6771,10,2,10
6771,22,1,5
6771,48,1,10
6771,43,1,20
6772,42,1,0
6772,54,2,10
6772,49,1,10
6772,40,1,10
6773,51,2,0
6774,12,1,20
6774,31,1,10
6775,5,1,5
6775,2,1,5
6775,38,1,0
6776,3,2,0
6777,19,1,0
6777,10,3,20
6777,22,1,0
6778,37,1,20
6778,46,1,5
6778,1,1,20
6779,53,1,10
6779,30,2,0
6779,2,2,0
6779,4,1,10
6780,27,1,10
6780,3,1,0
6780,38,1,0
6780,2,1,10
6781,17,1,10
6781,15,1,5
6781,14,1,10
6782,6,1,0
6782,10,1,5
6782,30,1,0
6783,5,2,20
6784,52,1,0
6784,20,2,20
6785,57,1,0
6785,3,2,10
6785,8,3,5
6785,55,1,5
6786,30,3,20
6786,30,1,5
6786,2,2,5
6786,18,1,0
6787,41,3,0
6787,1,1,10
6787,8,3,5
6787,4,1,5
6788,3,1,20
6788,17,1,10
6788,9,1,10
6788,1,1,0
6789,14,1,0
6789,2,1,0
6789,17,2,0
6789,35,1,0
6790,30,1,5
6790,30,1,10
6791,56,1,0
6791,5,1,10
6792,11,1,10
6792,17,1,20
6792,23,1,5
6792,51,1,5
6793,36,1,10
6793,23,2,10
6794,52,2,20
6794,27,1,5
6794,22,1,5
6794,3,3,10
6795,52,1,20
6795,36,1,20
6795,1,1,0
6796,31,1,10
6796,6,1,0
6796,3,2,0
6797,5,1,10
6797,5,2,10
6797,41,1,5
6798,53,1,20
6799,16,3,10
6799,3,1,20
6799,56,2,10
6799,44,1,10
6800,41,2,10
6800,10,2,5
6800,17,1,0
6800,60,3,0
6801,7,1,0
6802,51,1,5
6802,13,1,10
6802,20,3,10
6802,7,1,10
6803,11,1,10
6804,55,1,0
6804,30,1,10
6805,2,1,10
6805,3,2,10
6806,42,1,10
6807,48,1,5
6807,52,1,20
6808,10,1,5
6808,37,1,20
6809,2,1,20
6809,4,1,5
6809,1,1,20
6809,18,1,0
6810,2,1,10
6810,19,1,5
6810,2,1,5
6811,4,1,10
6811,1,1,0
6812,1,2,20
6812,47,1,10
6813,27,1,0
6813,4,1,0
6814,21,1,10
6814,33,1,0
6814,5,1,0
6814,14,3,20
6815,30,1,5
6816,24,1,5
6816,22,2,0
6816,55,1,20
6816,47,3,10
6817,53,1,10
6818,33,1,0
6818,26,1,0
6818,5,1,10
6818,50,2,20
6819,14,2,0
6819,6,1,0
6819,19,1,0
6819,23,1,10
6820,15,2,10
6821,6,1,0
6821,2,1,0
6821,60,2,0
6822,2,1,20
6823,18,1,20
6823,6,1,5
6823,9,2,10
6824,1,1,0
6825,19,1,20
6825,35,2,0
6826,5,3,10
6826,24,1,20
6826,23,1,0
6826,14,1,10
6827,47,1,0
6827,36,1,0
6828,58,1,0
6828,4,2,10
6828,21,1,20
6829,4,1,0
6830,42,1,5
6830,11,2,10
6831,31,2,0
6831,1,1,0
6832,3,1,10
6832,5,1,20
6833,37,1,0
6834,2,1,10
6834,49,1,0
6835,23,3,20
6835,2,1,20
6835,45,1,5
6835,17,2,5
6836,10,1,10
6837,24,1,10
6837,1,1,0
6838,28,1,20
6838,52,3,0
6839,29,1,10
6839,13,1,20
6840,1,1,5
6840,16,-1,0
6840,16,3,10
6840,24,1,20
6841,36,1,0
6842,5,2,20
6842,38,3,5
6843,2,1,20
6843,51,1,20
6843,31,1,10
6843,52,1,20
6844,14,1,5
6844,31,2,0
6845,45,1,20
6845,3,3,0
6846,39,1,5
6846,45,1,20
6846,49,1,20
6847,7,2,10
6847,1,1,20
6847,7,1,0
6848,31,1,20
6849,4,2,20
6849,16,1,0
6850,14,1,10
6851,21,2,0
6851,1,1,10
6851,30,2,20
6852,35,1,20
6852,1,1,5
6852,48,2,5
6853,19,1,5
6853,44,1,0
6854,27,1,5
6854,37,2,10
6854,21,1,5
6855,35,2,0
6855,3,1,5
6856,2,2,0
6857,46,2,0
6857,30,1,20
6857,2,2,10
6858,16,1,5
6858,7,1,5
6859,18,1,0
6859,6,2,0
6859,40,1,10
6859,52,2,20
6860,37,1,20
6860,2,1,20
6860,16,1,0
6860,27,2,5
6861,36,1,5
6862,29,1,0
6862,7,1,20
6862,12,1,20
6862,2,1,0
6863,11,1,10
6863,41,1,10
6864,7,1,0
6864,19,2,10
6865,8,3,10
6866,15,1,5
6866,26,2,5
6866,1,2,10
6867,21,1,10
6867,33,1,10
6868,10,1,0
6868,5,3,5
6868,60,2,5
6868,15,3,10
6869,19,1,0
6869,6,1,5
6869,42,1,5
6870,40,1,0
6870,3,2,5
6870,20,1,5
6871,38,1,0
6871,11,1,0
6871,3,2,5
6871,24,1,10
6872,34,2,0
6872,14,1,10
6872,34,1,0
6872,29,1,10
6873,5,3,0
6873,51,1,0
6874,28,1,10
6875,55,1,0
6875,35,1,0
6876,46,1,5
6876,25,1,10
6876,56,1,5
6877,9,1,0
6878,36,2,20
6878,53,1,0
6878,12,1,5
6879,40,3,10
6879,9,1,10
6880,52,1,0
6880,55,1,10
6880,23,1,10
6881,49,1,0
6881,17,2,0
6882,59,1,5
6882,26,1,5
6883,17,1,0
6883,9,2,0
6884,15,1,10
6884,5,1,10
6884,1,2,10
6885,26,-1,0
6886,4,1,0
6887,1,1,5
6887,41,1,20
6888,3,2,5
6888,5,1,20
6888,5,1,0
6889,41,1,5
6889,1,2,0
6889,50,1,0
6890,55,2,20
6890,15,1,0
6890,8,1,10
6890,30,2,5
6891,49,2,10
6891,4,1,10
6891,8,1,10
6892,4,1,0
6892,4,1,5
6892,11,3,20
6893,3,1,0
6894,49,1,0
6894,54,2,10
6895,13,2,0
6896,27,1,10
6896,33,1,0
6897,32,3,0
6897,30,1,0
6897,10,1,10
6897,14,1,5
6898,1,1,0
6898,12,2,10
6898,9,1,10
6899,25,1,10
6899,49,1,0
6900,7,1,5
6900,24,1,0
6900,57,1,5
6901,17,2,5
6902,13,2,0
6902,21,3,20
6902,51,2,10
6903,1,1,10
6903,22,1,20
6903,7,2,0
6903,50,1,0
6904,4,1,5
6904,11,3,10
6904,4,1,20
6904,7,1,5
6905,56,1,0
6906,2,1,5
6907,22,1,5
6907,1,1,0
6907,15,2,10
6908,5,1,20
6908,47,3,0
6908,4,1,0
6909,14,1,20
6909,50,1,0
6909,15,2,0
6909,36,1,10
6910,6,3,5
6910,38,1,20
6911,26,1,10
6911,19,1,5
6912,15,1,10
6913,33,1,10
6913,2,3,10
6913,7,1,5
6913,7,1,20
6914,10,1,10
6915,45,1,0
6915,29,2,5
6916,57,1,0
6916,7,3,5
6916,55,2,20
6916,8,2,10
6917,7,1,5
6917,14,1,20
6918,7,1,0
6918,29,1,0
6918,12,1,5
6918,35,3,0
6919,14,1,20
6919,45,2,10
6919,27,1,10
6920,2,1,5
6920,1,1,5
6920,9,1,10
6921,2,1,0
6921,46,1,20
6921,30,3,0
6922,9,1,5
6922,30,1,0
6922,48,1,0
6922,10,1,0
6923,37,1,0
6923,6,1,5
6924,21,1,0
6924,11,2,0
6925,19,2,0
6925,2,1,20
6926,50,2,5
6927,46,1,0
6928,18,1,20
6928,4,2,5
6928,1,1,0
6928,26,3,0
6929,19,1,0
6930,3,1,5
6930,7,1,0
6931,14,1,5
6931,37,1,20
6931,1,1,0
6931,21,1,0
6932,13,2,5
6932,56,1,0
6932,6,1,10
6933,27,1,5
6933,3,2,20
6934,43,3,20
6934,2,1,5
6935,48,2,10
6936,7,1,10
6936,15,1,5
6937,4,1,0
6937,10,2,0
6938,9,2,5
6938,17,1,0
6938,8,1,0
6938,3,2,20
6939,16,2,10
6939,1,1,5
6940,1,1,5
6940,32,2,10
6941,25,1,10
6941,10,1,10
6941,16,2,0
6941,21,2,20
6942,5,1,0
6943,45,1,0
6943,25,1,0
6944,20,1,10
6944,15,1,0
6944,1,1,0
6945,46,1,5
6946,11,1,5
6946,35,1,0
6946,38,1,10
6946,5,1,5
6947,27,1,5
6947,2,1,20
6948,6,1,5
6949,24,1,0
6949,35,1,10
6949,5,1,10
6949,5,2,10
6950,46,1,5
6950,31,1,5
6950,13,1,0
6951,27,1,0
6951,54,1,5
6952,56,1,10
6952,4,1,5
6953,10,2,20
6954,17,1,0
6954,47,3,10
6955,5,2,0
6956,15,2,10
6956,1,1,20
6956,9,2,10
6956,38,1,5
6957,48,1,10
6957,6,3,10
6957,15,2,10
6958,19,1,10
6959,1,1,0
6959,27,1,0
6960,6,1,5
6960,23,1,20
6960,33,2,5
6960,20,2,5
6961,3,1,5
6962,1,1,0
6963,11,3,0
6964,5,1,5
6964,5,3,10
6964,46,1,0
6965,24,2,0
6965,15,3,0
6965,25,3,20
6966,12,2,5
6967,13,1,0
6968,4,1,0
6968,26,2,0
6968,9,2,10
6968,3,1,5
6969,4,3,10
6969,22,1,5
6969,18,3,0
6970,2,1,0
6970,16,2,0
6970,13,1,5
6971,49,1,0
6972,37,1,0
6973,9,1,0
6973,1,1,5
6973,26,1,10
6973,37,-1,10
6974,47,1,0
6974,34,1,0
6974,56,1,0
6975,40,2,20
6976,13,1,0
6976,14,1,10
6976,12,2,10
6977,37,2,5
6977,19,1,0
6977,7,1,5
6978,43,3,20
6978,7,1,10
6979,7,2,5
6979,4,1,5
6979,55,3,0
6980,26,3,0
6980,1,1,20
6980,40,1,0
6980,21,3,5
6981,7,1,20
6981,13,1,10
6981,52,1,0
6981,16,3,5
6982,38,3,10
6982,27,1,20
6982,21,1,10
6982,21,1,20
6983,29,1,5
6984,51,2,0
6984,4,1,20
6985,5,2,10
6986,6,1,10
6987,23,1,0
6987,46,1,0
6987,29,1,10
6987,13,1,0
6988,1,1,0
6988,20,1,0
6988,19,1,10
6989,14,2,5
6989,28,1,5
6989,2,1,0
6990,33,1,20
6990,7,1,0
6990,25,1,5
6991,43,3,20
6991,4,1,0
6992,13,1,5
6992,27,1,10
6992,27,1,5
6993,44,1,20
6994,20,1,5
6994,32,1,0
6995,1,2,0
6996,4,1,5
6996,59,1,5
6997,17,1,20
6998,1,2,0
6998,1,1,10
6999,37,1,10
6999,9,1,10
6999,7,3,0
7000,45,1,0
7001,37,2,0
7001,13,1,10
7002,1,2,20
7003,56,1,5
7003,51,1,5
7003,46,3,5
7004,33,1,10
7005,23,1,0
7005,43,1,10
7005,13,1,10
7005,29,1,0
7006,7,1,5
7007,58,1,10
7007,2,1,10
7008,38,1,20
7009,7,1,20
7010,36,1,0
7010,9,3,10
7010,7,2,20
7010,44,3,5
7011,10,1,0
7011,10,1,10
7012,5,1,0
7012,7,1,20
7012,20,3,0
7013,27,1,0
7013,41,2,0
7013,6,1,10
7013,8,1,10
7014,25,1,10
7014,35,2,0
7014,35,1,0
7015,9,1,5
7016,46,1,20
7016,31,1,0
7017,3,1,10
7017,33,2,0
7017,35,3,0
7018,33,1,0
7018,13,1,0
7018,24,1,0
7018,22,2,20
7019,1,2,5
7019,22,1,10
7020,12,3,0
7020,45,1,20
7021,33,1,0
7021,4,1,0
7021,3,3,10
7022,56,1,0
7022,7,2,5
7022,20,1,0
7022,20,1,5
7023,51,3,0
7023,7,2,5
7023,19,3,5
7024,7,3,0
7024,34,1,0
7024,8,1,0
7025,37,1,20
7025,2,1,20
7025,9,3,0
7026,16,2,10
7026,19,1,0
7027,10,3,20
7027,22,1,10
7027,6,1,0
7027,7,1,20
7028,8,2,5
7029,20,1,0
7029,5,1,10
7029,20,1,0
7029,16,1,5
7030,16,1,0
7030,13,1,0
7030,5,1,10
7031,28,1,20
7032,38,1,10
7033,30,1,10
7033,6,1,20
7033,29,1,0
7033,1,1,5
7034,3,1,5
7034,7,1,5
7035,25,1,20
7035,26,1,5
7036,4,2,5
7036,37,1,10
7036,35,1,5
7036,17,1,0
7037,40,1,10
7037,37,3,10
7037,31,1,0
7038,50,1,0
7039,2,1,0
7040,3,3,0
7041,16,1,0
7041,7,1,5
7042,47,2,20
7042,24,2,0
7043,30,1,0
7043,53,1,0
7043,33,1,0
7044,60,1,20
7045,38,1,10
7045,29,1,20
7045,9,2,20
7045,36,2,10
7046,14,2,5
7046,55,1,0
7046,47,1,10
7047,2,1,5
7047,58,3,5
7047,13,2,5
7047,9,3,10
7048,10,3,5
7048,5,1,20
7048,12,3,5
7048,51,1,10
7049,12,1,0
7049,60,1,10
7049,37,1,5
7050,25,1,0
7050,6,1,0
7051,5,1,5
7051,16,1,10
7051,20,1,0
7051,6,2,0
7052,32,2,20
7052,22,1,0
7052,11,1,5
7053,5,1,20
7053,17,2,20
7053,54,1,20
7053,24,1,0
7054,16,1,0
7054,37,1,5
7054,55,1,10
7055,18,1,5
7055,43,2,20
7055,2,3,5
7056,18,3,0
7056,51,1,10
7057,45,3,0
7058,48,1,0
7058,1,2,10
7058,9,1,0
7058,1,1,10
7059,45,1,0
7059,17,1,10
7059,1,1,0
7059,3,2,20
7060,52,3,10
7061,12,1,0
7061,6,3,20
7061,5,1,0
7061,13,1,10
7062,12,1,10
7062,2,1,5
7062,8,1,10
7062,37,1,0
7063,46,1,5
7063,16,3,10
7063,4,2,0
7063,15,3,0
7064,6,1,20
7064,8,1,10
7064,1,1,10
7064,58,1,5
7065,1,3,5
7065,3,1,0
7065,17,1,0
7066,13,1,10
7066,1,1,20
7067,36,1,0
7067,59,1,5
7068,1,3,0
7068,49,1,0
7068,26,1,0
7068,20,1,0
7069,51,3,0
7069,23,2,10
7069,33,2,5
7069,28,2,0
7070,27,1,10
7071,40,1,5
7071,43,2,0
7071,3,3,0
7072,11,1,0
7072,25,1,10
7073,19,3,10
7073,18,1,20
7073,1,1,10
7073,27,1,0
7074,5,1,0
7074,1,1,0
7074,41,1,10
7074,4,1,0
7075,44,1,0
7075,42,1,10
7076,43,2,0
7076,2,2,20
7076,2,1,10
7076,6,1,5
7077,15,3,5
7077,31,2,10
7078,29,3,10
7078,2,1,5
7078,1,1,5
7078,51,1,20
7079,20,1,10
7079,34,2,0
7079,5,1,0
7080,48,2,20
7080,52,2,5
7080,23,1,10
7081,48,1,5
7081,3,1,20
7082,45,1,0
7083,5,2,10
7083,37,2,20
7084,38,3,0
7084,27,1,10
7084,1,2,0
7084,1,3,5
7085,7,2,0
7086,26,1,0
7086,3,1,20
7087,2,1,5
7088,1,1,5
7088,32,3,0
7088,37,3,5
7088,9,1,20
7089,43,3,10
7089,24,1,10
7089,4,3,20
7090,24,1,5
7090,2,1,20
7090,43,2,0
7091,16,2,5
7092,45,1,5
7092,42,1,0
7092,8,1,5
7092,56,1,0
7093,5,3,10
7093,22,2,0
7093,40,1,10
7094,13,2,0
7094,22,1,20
7095,1,1,10
7095,49,1,10
7096,7,1,10
7096,36,2,5
7097,4,2,20
7098,2,1,20
7099,29,1,10
7100,38,1,0
7100,15,2,10
7100,4,3,0
7100,8,1,5
7101,1,1,20
7102,22,1,10
7102,51,2,0
7103,2,2,10
7104,57,3,10
7105,55,2,5
7106,8,1,0
7107,1,2,5
7108,59,1,0
7108,4,1,0
7109,46,1,10
7109,51,2,20
7109,2,1,0
7109,50,3,5
7110,60,1,20
7110,22,1,0
7110,8,1,0
7110,13,1,10
7111,60,1,5
7111,28,1,20
7111,46,1,5
7112,33,1,0
7113,11,1,5
7113,27,2,20
7113,2,1,10
7113,36,3,20
7114,9,1,20
7114,10,1,0
7115,44,1,0
7115,10,2,0
7116,7,1,10
7116,2,1,10
7116,2,2,5
7117,47,1,10
7118,21,3,10
7118,52,1,0
7119,56,1,0
7119,6,1,0
7119,46,1,10
7120,15,3,0
7120,31,2,0
7121,25,1,10
7121,8,1,0
7121,3,1,10
7122,13,1,10
7122,4,1,5
7123,2,1,0
7123,12,1,5
7124,1,1,0
7125,4,3,10
7126,2,2,20
7127,32,1,0
7128,2,3,0
7128,5,1,10
7128,54,1,10
7128,10,2,0
7129,52,2,0
7129,5,1,0
7130,15,2,5
7130,27,1,0
7130,15,2,5
7130,3,2,5
7131,1,2,0
7132,19,1,0
7132,5,2,0
7133,55,3,20
7133,5,1,20
7133,4,1,5
7133,3,3,20
7134,29,1,0
7134,14,2,20
7134,3,1,20
7134,1,3,0
7135,41,1,5
7135,13,1,5
7135,18,1,5
7135,6,1,10
7136,4,1,0
7137,2,1,10
7138,1,1,0
7138,27,3,20
7138,4,2,5
7139,39,2,5
7139,1,1,0
7140,4,1,10
7140,30,3,5
7141,33,2,5
7141,5,2,10
7141,3,1,20
7142,53,2,10
7142,20,1,20
7143,2,1,10
7144,12,1,20
7144,44,2,10
7145,11,1,10
7145,4,2,10
7145,11,3,0
7146,50,1,20
7147,34,2,0
7148,19,2,10
7148,59,1,0
7148,9,1,20
7148,22,2,10
7149,17,2,0
7149,26,1,5
7150,1,1,10
7150,44,2,0
7150,1,1,20
7150,15,2,5
7151,1,1,0
7151,5,1,0
7152,31,2,10
7153,37,2,10
7153,10,2,10
7153,56,1,10
7153,43,1,5
7154,21,1,20
7154,46,1,20
7154,27,1,0
7155,32,1,0
7155,52,1,10
7155,51,2,10
7155,51,1,0
7156,46,2,0
7156,51,1,0
7157,21,3,5
7157,32,1,0
7158,12,2,20
7159,11,1,20
7159,1,2,5
7160,36,2,5
7161,36,1,0
7161,30,2,10
7161,2,1,10
7162,37,2,20
7163,47,1,20
7163,48,1,20
7164,7,1,10
7165,7,1,10
7165,56,1,5
7165,4,2,0
7165,30,1,5
7166,19,2,10
7166,8,1,0
7167,33,1,5
7168,9,3,0
7168,49,1,5
7168,53,3,10
7168,47,1,5
7169,5,1,0
7169,58,2,20
7169,9,1,5
7170,20,1,0
7170,47,2,5
7170,20,1,0
7171,8,2,0
7171,7,1,5
7171,18,1,5
7171,29,1,0
7172,27,1,0
7172,1,2,20
7172,36,3,5
7173,11,1,20
7173,60,1,5
7173,5,1,10
7174,43,2,0
7174,12,3,0
7174,14,1,0
7174,35,3,0
7175,35,2,0
7175,19,1,0
7175,5,1,10
7176,44,2,5
7176,32,1,10
7176,54,2,20
7176,23,2,0
7177,9,3,20
7178,46,1,10
7178,1,1,20
7178,19,1,0
7179,28,1,5
7179,57,2,0
7180,22,1,0
7180,21,1,0
7181,29,2,0
7181,20,3,5
7182,12,3,20
7183,13,2,0
7183,1,1,0
7183,13,1,0
7184,4,1,10
7185,29,1,5
7185,17,2,10
7185,3,1,10
7185,7,1,10
7186,2,1,0
7186,12,3,0
7186,45,1,10
7187,50,1,0
7187,37,2,0
7187,42,1,5
7187,60,1,10
7188,30,1,0
7188,1,1,5
7188,6,1,5
7188,12,1,10
7189,8,2,5
7190,6,1,5
7190,24,1,0
7190,1,1,5
7190,7,1,0
7191,11,1,0
7192,26,1,0
7192,2,3,10
7193,5,2,10
7193,55,1,0
7193,5,1,20
7193,33,1,10
7194,42,1,20
7195,35,3,10
7195,5,3,0
7195,2,3,0
7196,53,1,20
7196,4,3,10
7196,1,1,5
7196,1,1,10
7197,53,1,0
7197,45,1,10
7198,2,3,0
7198,59,1,5
7198,5,1,10
7199,20,1,10
7200,34,2,0
7200,18,1,10
7201,20,1,5
7201,46,2,0
7202,20,2,5
7203,7,3,5
7203,49,1,0
7204,49,1,5
7204,3,1,0
7204,1,2,10
7205,55,3,20
7205,6,1,0
7205,40,1,5
7206,48,1,10
7206,28,1,0
7207,1,1,10
7208,1,1,5
7208,12,1,20
7208,7,1,0
7209,2,1,0
7210,2,1,0
7210,25,1,0
7210,25,2,20
7210,31,1,0
7211,59,1,0
7211,1,1,0
7212,14,3,5
7213,23,3,0
7214,9,1,0
7214,46,1,20
7215,2,1,5
7215,54,1,0
7215,35,1,0
7216,5,1,0
7216,6,2,0
7217,1,3,20
7217,52,1,0
7217,12,3,0
7217,7,2,10
7218,49,1,20
7218,12,1,5
7218,17,2,20
7219,4,1,20
7219,45,1,0
7220,5,1,0
7220,18,2,10
7220,47,1,20
7221,33,3,20
7221,39,2,5
7221,20,1,10
7222,13,1,0
7223,49,1,20
7223,9,1,0
7223,12,1,0
7224,28,1,0
7224,6,1,10
7224,22,1,20
7225,24,1,0
7225,19,1,5
7225,23,2,5
7226,36,1,5
7226,19,1,10
7226,16,3,5
7226,53,1,20
7227,6,1,10
7228,1,3,20
7228,5,1,5
7228,45,1,0
7229,6,1,10
7229,6,1,5
7229,10,1,0
7230,34,2,5
7230,3,1,5
7231,31,1,0
7232,3,3,10
7232,2,2,5
7232,12,2,10
7233,58,1,0
7233,3,1,0
7234,4,1,20
7234,19,2,5
7235,33,1,0
7235,1,1,10
7236,5,1,0
7237,45,1,0
7238,23,1,5
7239,1,1,10
7239,40,2,0
7239,2,1,0
7239,28,1,5
7240,19,1,10
7240,28,2,20
7240,26,1,20
7241,16,1,0
7242,28,1,5
7242,40,1,0
7243,31,1,20
7243,4,2,10
7243,49,1,5
7244,38,2,10
7244,4,1,10
7244,1,2,20
7244,1,1,5
7245,4,2,0
7245,27,1,10
7245,1,1,10
7245,25,1,0
7246,26,2,20
7246,2,1,5
7246,6,1,20
7246,33,1,10
7247,10,1,5
7247,8,2,10
7247,25,1,0
7247,4,1,10
7248,10,2,0
7249,4,3,5
7249,36,1,10
7250,1,1,0
7250,17,1,20
7250,53,3,20
7250,30,1,5
7251,19,1,20
7251,5,1,0
7252,22,1,5
7252,5,3,0
7252,48,1,0
7252,48,1,10
7253,34,1,20
7253,1,1,20
7254,59,1,5
7254,24,1,0
7254,52,3,0
7254,31,2,0
7255,4,2,5
7256,5,1,10
7256,3,2,10
7256,22,3,0
7257,5,2,10
7257,1,1,20
7257,57,2,0
7258,28,1,0
7259,20,1,10
7259,4,1,0
7259,46,1,0
7259,29,2,20
7260,56,1,10
7261,8,2,5
7261,33,1,10
7261,1,1,10
7262,31,1,5
7262,1,1,5
7263,56,2,5
7263,11,3,0
7264,52,1,5
7264,18,3,0
7265,40,1,5
7265,17,1,20
7265,22,1,20
7265,29,1,20
7266,50,1,20
7266,5,1,10
7267,27,1,5
7267,31,1,10
7268,9,1,10
7269,9,3,20
7270,2,1,0
7270,10,1,5
7271,13,1,10
7271,17,1,20
7271,28,1,0
7271,1,2,20
7272,1,1,0
7272,4,1,5
7273,58,1,10
7273,60,3,5
7274,39,3,0
7274,13,3,0
7274,55,1,20
7274,40,3,5
7275,57,2,20
7275,19,1,20
7275,51,1,10
7276,44,1,0
7276,32,1,5
7276,47,3,20
7276,2,2,0
7277,22,1,5
7277,3,1,5
7277,33,1,20
7278,5,1,0
7278,10,2,10
7278,3,3,0
7278,24,1,10
7279,1,2,10
7279,43,1,10
7279,18,1,0
7279,4,1,5
7280,19,1,5
7280,32,1,10
7280,30,1,10
7281,29,2,0
7281,28,1,0
7281,22,1,0
7282,9,1,0
7282,17,1,0
7282,41,1,0
7283,43,1,10
7283,41,1,0
7284,8,1,10
7285,50,3,0
7285,13,3,5
7285,12,1,5
7285,53,1,0
7286,28,1,10
7287,55,3,10
7287,2,1,20
7288,11,1,10
7288,20,1,5
7289,20,2,5
7289,38,2,5
7289,28,1,0
7290,5,1,10
7290,39,1,0
7291,36,1,5
7291,6,1,20
7291,4,1,10
7292,1,2,10
7292,28,1,5
7292,48,1,0
7293,28,2,5
7293,3,2,0
7293,52,3,10
7294,42,2,5
7295,37,1,5
7295,48,2,0
7295,12,1,0
7296,4,2,10
7296,29,2,0
7296,52,1,0
7297,5,1,0
7297,19,1,5
7297,46,3,5
7298,3,1,0
7298,10,2,0
7298,42,2,5
7298,28,1,0
7299,3,2,0
7299,21,1,0
7299,11,1,0
7300,58,2,5
7301,11,1,10
7301,30,2,0
7302,17,1,0
7302,3,1,0
7302,10,1,0
7303,51,1,0
7303,4,2,20
7303,8,2,5
7303,17,1,20
7304,4,1,0
7304,18,1,5
7304,2,1,0
7305,28,3,0
7306,45,1,10
7306,50,2,20
7307,5,1,10
7307,29,1,0
7307,1,2,5
7308,28,3,10
7308,38,2,0
7308,17,1,5
7309,35,1,0
7309,5,3,20
7309,8,2,10
7309,46,1,0
7310,1,1,0
7311,32,2,10
7311,37,1,20
7312,11,1,5
7312,19,1,20
7312,28,1,20
7313,2,1,5
7314,35,2,0
7314,15,2,20
7314,42,1,0
7315,9,2,10
7315,7,1,20
7315,34,1,10
7315,31,1,5
7316,35,1,0
7316,9,2,10
7316,57,1,0
7317,8,1,0
7317,7,2,20
7317,11,2,5
7317,1,1,10
7318,14,1,0
7318,2,1,0
7319,6,3,20
7320,7,1,20
7320,4,3,5
7321,29,1,10
7321,31,1,10
7321,12,1,0
7322,2,2,20
7323,42,2,10
7323,45,1,20
7324,59,1,10
7325,50,-1,0
7325,23,1,5
7325,10,1,0
7325,42,1,5
7326,23,1,10
7326,54,1,0
7326,33,1,0
7326,6,1,20
7327,10,1,5
7327,42,1,10
7327,58,1,0
7327,17,1,20
7328,14,1,20
7328,4,1,0
7328,27,1,0
7328,1,1,0
7329,17,1,10
7330,23,1,10
7330,5,3,0
7330,16,1,5
7330,34,1,5
7331,26,1,0
7332,5,1,0
7332,3,1,20
7332,33,3,0
7332,21,1,0
7333,5,3,0
7333,9,1,0
7333,35,3,20
7334,5,3,10
7334,25,1,0
7334,11,2,5
7334,4,1,5
7335,1,2,5
7336,25,1,5
7337,19,1,0
7337,33,2,5
7337,7,1,0
7338,24,1,0
7339,1,1,10
7339,47,1,5
7339,28,3,5
7340,29,1,5
7340,12,2,0
7340,35,1,0
7341,4,2,5
7342,8,1,20
7342,3,1,0
7342,28,1,0
7342,8,1,20
7343,9,1,0
7343,21,1,5
7344,42,1,10
7344,53,1,0
7344,43,3,10
7344,21,1,0
7345,54,2,20
7346,15,1,0
7347,9,1,20
7348,7,1,5
7348,7,2,0
7348,58,1,20
7348,43,2,20
7349,3,1,10
7349,31,1,20
7349,6,1,5
7350,4,1,0
7351,24,-1,5
7351,7,2,10
7352,41,2,0
7352,1,1,10
7352,18,3,5
7352,37,1,20
7353,19,1,0
7353,44,1,5
7353,2,1,0
7353,5,1,0
7354,1,1,5
7354,46,3,5
7354,8,1,0
7355,41,2,5
7356,3,1,0
7356,14,2,10
7356,8,2,0
7357,25,2,0
7358,46,1,0
7358,25,1,20
7359,59,1,5
7359,5,1,5
7359,22,1,20
7359,6,1,0
7360,2,1,10
7360,14,1,0
7360,4,1,10
7360,16,1,20
7361,5,1,10
7361,13,2,0
7362,13,1,0
7363,5,2,0
7363,16,1,0
7363,57,1,20
7364,19,2,0
7364,5,1,0
7364,3,1,0
7365,41,2,0
7365,1,1,0
7365,2,1,20
7366,2,1,0
7366,8,1,0
7366,40,3,0
7367,32,1,0
7367,50,1,0
7367,26,3,0
7367,1,1,0
7368,5,1,0
7369,1,3,20
7370,7,3,5
7370,53,1,20
7370,15,2,10
7371,2,2,10
7371,20,2,0
7371,14,1,10
7372,58,1,5
7372,41,3,0
7372,28,1,5
7373,56,1,10
7373,7,2,20
7374,12,1,5
7374,20,1,0
7375,52,1,0
7375,1,1,0
7375,58,1,10
7375,30,1,0
7376,24,1,20
7376,4,2,0
7376,16,1,5
7377,6,1,10
7377,19,2,10
7377,35,1,10
7378,47,1,10
7378,13,1,0
7378,1,1,10
7379,27,2,10
7380,9,1,0
7380,46,2,10
7380,23,1,20
7381,18,1,5
7381,2,2,5
7381,27,2,5
7381,2,3,5
7382,36,1,20
7382,21,3,20
7383,33,1,20
7383,4,2,0
7383,46,2,5
7383,30,1,20
7384,13,2,0
7384,3,1,10
7384,18,3,5
7384,3,1,10
7385,25,1,10
7385,10,1,0
7386,52,1,10
7387,56,1,0
7388,2,1,0
7388,7,1,0
7388,6,1,5
7388,47,1,10
7389,11,1,5
7389,10,1,20
7389,53,1,10
7390,2,2,0
7390,40,1,10
7390,45,2,10
7390,13,1,5
7391,1,3,0
7391,43,1,0
7392,4,1,5
7393,18,2,20
7394,12,2,0
7395,58,1,0
7395,26,1,0
7395,49,1,0
7395,26,3,0
7396,27,1,10
7396,17,2,0
7396,19,1,5
7396,23,3,10
7397,43,2,20
7397,42,3,0
7397,43,2,5
7398,28,1,0
7399,4,2,0
7399,57,1,10
7399,9,1,10
7400,51,1,0
7401,3,1,5
7402,41,2,10
7402,59,1,20
7402,25,1,0
7402,2,1,0
7403,11,2,0
7404,43,1,20
7404,2,1,10
7404,52,2,5
7405,17,2,10
7405,28,2,0
7405,9,1,10
7406,1,1,10
7406,3,1,0
7406,58,1,20
7407,54,1,5
7407,53,2,0
7407,44,1,20
7407,58,1,0
7408,9,1,20
7409,59,1,10
7409,47,1,5
7409,1,2,5
7410,26,1,0
7410,42,3,10
7410,34,2,20
7410,24,1,5
7411,19,2,5
7411,3,1,20
7411,31,1,5
7411,59,1,10
7412,37,1,0
7412,41,1,10
7412,20,1,20
7412,21,1,10
7413,27,1,5
7413,9,1,0
7414,42,1,0
7415,33,1,5
7415,19,1,20
7415,12,2,0
7415,6,1,10
7416,7,1,5
7416,35,1,10
7416,2,2,0
7416,32,1,20
7417,2,1,0
7417,10,2,0
7417,30,1,10
7417,27,1,20
7418,3,1,10
7418,26,1,0
7419,42,2,5
7420,52,2,5
7420,31,1,0
7420,56,2,0
7420,27,3,10
7421,3,1,5
7421,43,2,20
7422,48,1,0
7422,24,1,0
7423,19,1,20
7423,30,1,10
7424,36,2,0
7424,4,1,5
7425,51,3,5
7425,22,1,5
7425,3,1,10
7426,14,1,0
7427,55,2,5
7427,36,2,10
7427,1,3,0
7428,11,1,0
7429,14,3,0
7429,1,1,10
7430,22,1,0
7431,51,2,10
7431,55,1,5
7431,10,1,10
7432,16,1,20
7432,36,1,5
7432,1,1,0
7433,2,1,0
7433,32,1,0
7433,15,2,0
7434,3,1,5
7434,12,1,0
7434,40,2,0
7435,17,2,0
7436,1,2,0
7436,37,1,0
7437,5,1,10
7437,32,3,10
7437,2,-1,0
7438,34,1,20
7438,10,3,0
7439,4,1,0
7439,31,2,5
7439,39,1,20
7440,3,3,5
7440,54,2,20
7440,32,1,5
7441,9,1,0
7441,6,1,10
7442,4,3,0
7442,3,1,10
7443,36,1,10
7444,4,1,10
7445,1,1,10
7445,5,1,5
7445,25,2,0
7446,32,1,20
7446,21,1,5
7446,21,1,5
7446,2,1,5
7447,42,1,0
7447,17,1,10
7447,20,1,10
7447,1,3,5
7448,17,1,0
7448,47,1,0
7448,34,1,20
7449,7,1,0
7449,4,1,5
7449,57,1,5
7449,50,1,20
7450,7,1,0
7451,49,2,10
7451,60,2,5
7452,47,1,5
7453,35,1,10
7453,5,1,0
7453,7,1,0
7453,20,1,10
7454,21,1,20
7454,12,1,20
7454,7,1,10
7454,2,1,5
7455,2,1,0
7455,29,1,0
7456,23,2,20
7457,56,2,5
7458,9,1,5
7458,32,1,5
7458,1,1,0
7459,41,1,10
7460,6,3,0
7460,55,1,5
7460,1,3,5
7461,1,1,0
7461,52,2,0
7462,55,2,5
7462,3,1,20
7462,1,1,0
7463,56,1,10
7463,20,1,0
7463,30,1,0
7464,27,2,5
7465,3,1,0
7465,11,1,5
7466,3,1,10
7466,38,1,10
7466,6,1,10
7466,36,1,5
7467,29,1,10
7467,6,2,0
7467,53,1,0
7467,6,3,10
7468,21,1,5
7469,8,2,0
7469,49,1,10
7469,2,1,0
7469,4,1,0
7470,50,1,0
7470,45,2,5
7470,36,1,0
7470,59,1,0
7471,2,1,10
7471,3,3,0
7471,1,2,20
7471,16,3,0
7472,28,1,5
7472,21,1,5
7472,1,1,5
7473,47,1,10
7473,21,1,5
7474,3,1,0
7474,5,1,5
7475,15,1,5
7475,17,1,0
7475,29,1,20
7475,13,1,5
7476,46,1,10
7476,35,1,0
7476,30,2,10
7476,49,1,20
7477,50,2,20
7477,39,1,0
7477,6,2,20
7477,5,3,0
7478,3,3,10
7479,6,1,20
7480,57,1,0
7480,30,1,20
7480,8,1,5
7480,22,1,10
7481,15,1,20
7482,22,1,10
7482,13,1,20
7482,30,1,0
7482,48,1,20
7483,49,1,20
7483,45,1,20
7484,8,1,10
7485,60,3,10
7485,39,2,10
7485,42,1,10
7486,19,1,10
7486,24,1,0
7486,44,1,5
7486,3,1,10
7487,15,3,10
7487,31,1,0
7487,12,1,5
7487,46,1,0
7488,29,1,0
7488,43,2,5
7489,43,1,5
7489,24,1,0
7489,39,2,5
7489,47,2,10
7490,60,3,10
7490,37,1,0
7491,23,1,0
7491,31,2,0
7492,23,2,0
7492,5,1,20
7492,2,1,0
7492,60,1,5
7493,57,1,10
7493,8,1,20
7493,31,1,5
7494,15,1,10
7494,2,1,0
7495,47,1,10
7495,10,3,5
7495,39,2,10
7495,56,1,0
7496,35,1,20
7496,7,2,0
7496,6,1,0
7497,34,1,5
7497,10,1,0
7498,41,2,0
7498,53,1,5
7498,34,1,10
7499,45,2,5
7500,59,1,20
7500,46,1,5
7500,24,1,5
7500,3,1,10
7501,9,1,5
7501,8,2,10
7501,8,1,10
7501,34,3,0
7502,4,3,20
7502,59,1,10
7502,32,2,0
7502,4,1,5
7503,14,1,20
7503,8,1,5
7503,2,3,20
7503,16,1,0
7504,18,1,0
7504,39,1,10
7505,6,3,0
7505,30,1,10
7505,24,1,20
7505,15,1,10
7506,55,1,20
7507,54,1,0
7507,24,1,0
7508,2,1,0
7509,52,1,0
7509,12,3,5
7509,44,3,0
7509,33,1,10
7510,2,1,10
7510,42,2,20
7511,9,1,0
7512,46,1,5
7512,38,1,10
7512,18,1,20
7512,1,1,0
7513,51,2,0
7514,52,1,20
7514,58,3,5
7514,52,1,10
7515,17,1,0
7515,45,2,5
7515,23,2,0
7515,35,1,0
7516,2,1,0
7516,33,1,0
7517,3,1,0
7517,7,2,10
7517,7,3,10
7518,7,1,0
7518,2,2,10
7518,16,1,10
7519,39,1,0
7519,36,2,0
7520,6,3,10
7520,11,1,0
7521,26,1,0
7521,24,2,0
7521,2,3,10
7522,3,3,0
7522,22,1,0
7522,1,1,5
7523,54,1,5
7523,5,2,0
7523,12,1,0
7523,37,1,0
7524,11,1,5
7524,9,1,0
7524,1,2,20
7525,1,2,0
7525,4,1,20
7526,1,2,0
7526,54,1,5
7526,48,2,0
7526,56,1,0
7527,53,1,5
7527,50,2,0
7527,26,1,0
7527,34,3,0
7528,10,1,10
7528,1,1,0
7529,11,2,0
7529,33,2,0
7529,23,2,20
7530,22,2,10
7530,43,1,5
7531,7,1,0
7532,4,3,20
7532,32,1,0
7532,15,1,0
7532,53,1,0
7533,15,1,10
7533,9,1,10
7533,39,3,10
7534,7,2,0
7534,30,1,10
7534,20,1,0
7534,35,1,5
7535,49,1,0
7535,7,1,10
7536,36,1,5
7536,40,1,20
7536,38,1,0
7536,14,2,0
7537,4,2,10
7537,50,1,20
7538,25,3,0
7539,4,1,10
7539,31,2,0
7539,23,1,10
7539,38,1,10
7540,45,1,0
7540,19,1,0
7540,3,1,20
7540,32,1,0
7541,12,1,20
7541,11,2,0
7542,2,1,0
7542,42,1,0
7542,3,1,5
7543,26,1,5
7544,2,1,5
7545,2,1,0
7545,1,2,10
7546,29,1,20
7546,57,1,0
7546,13,1,10
7546,42,1,0
7547,39,1,10
7547,12,1,5
7547,9,1,0
7547,40,1,10
7548,59,1,5
7549,35,1,0
7549,50,1,0
7550,19,2,10
7550,36,1,0
7551,59,2,0
7552,21,1,10
7552,8,3,20
7552,34,1,0
7552,22,3,5
7553,3,1,0
7553,51,1,0
7553,16,1,10
7553,1,3,10
7554,21,3,0
7554,15,1,10
7554,41,1,0
7554,16,2,5
7555,1,1,0
7555,18,1,5
7555,4,1,10
7556,14,1,5
7556,42,1,20
7556,4,1,10
7556,3,2,0
7557,27,3,20
7558,15,1,10
7558,1,1,0
7559,15,2,0
7559,55,1,5
7559,17,1,0
7559,2,3,20
7560,32,2,10
7560,16,1,10
7560,38,1,0
7561,4,1,0
7561,56,1,10
7562,1,2,10
7562,48,2,5
7563,1,1,10
7563,8,1,0
7563,10,1,10
7563,46,1,10
7564,30,1,0
7564,2,1,0
7564,1,2,10
7565,3,1,0
7565,24,1,10
7565,9,1,10
7566,59,1,5
7566,40,1,10
7566,3,1,5
7567,1,1,20
7567,11,2,0
7568,32,1,0
7568,15,2,0
7568,1,1,20
7568,5,2,0
7569,7,2,10
7569,37,1,20
7570,3,1,10
7570,8,3,0
7570,21,3,0
7571,23,3,20
7571,2,1,5
7571,1,3,5
7571,34,1,0
7572,12,1,20
7573,1,1,5
7573,47,2,0
7573,1,1,0
7573,11,1,0
7574,53,2,0
7575,10,1,0
7576,28,1,0
7576,60,3,5
7577,2,2,0
7577,12,1,0
7577,11,2,10
7577,2,1,10
7578,10,1,0
7578,11,1,20
7578,57,3,10
7578,2,1,0
7579,46,1,20
7579,14,1,0
7580,1,1,20
7581,10,1,10
7581,4,3,10
7581,11,3,5
7581,38,1,5
7582,49,1,10
7582,3,1,20
7582,44,1,0
7583,29,1,10
7584,1,1,0
7584,16,1,0
7584,40,1,5
7585,28,1,5
7585,2,2,0
7586,32,1,20
7587,6,1,0
7587,50,1,20
7587,43,1,10
7588,5,3,0
7588,56,1,0
7589,36,2,0
7589,26,1,0
7589,42,2,0
7589,1,2,0
7590,2,1,5
7590,34,1,10
7590,3,1,5
7591,31,2,5
7591,17,1,10
7591,4,1,0
7592,1,2,5
7592,8,1,0
7592,2,1,10
7592,15,1,0
7593,21,1,10
7593,51,1,0
7593,58,1,5
7594,3,1,10
7594,1,2,10
7594,3,1,5
7594,57,1,5
7595,6,2,5
7595,12,1,10
7595,5,2,0
7596,20,3,0
7596,7,1,5
7596,43,1,0
7597,17,1,10
7597,16,1,0
7598,3,1,5
7598,38,2,20
7598,50,1,10
7599,3,1,20
7599,41,2,0
7600,4,1,10
7601,20,1,5
7601,27,1,5
7601,26,1,0
7602,3,1,10
7602,26,1,0
7602,34,1,0
7603,41,3,10
7603,30,2,10
7604,3,1,0
7604,4,1,20
7604,4,2,0
7605,59,2,10
7605,11,1,0
7606,38,1,0
7607,22,1,10
7607,9,1,0
7607,1,1,10
7608,51,1,20
7609,39,1,10
7609,53,1,0
7609,16,2,0
7609,26,1,5
7610,39,1,0
7610,40,2,5
7610,19,1,0
7611,2,1,5
7611,4,1,10
7611,51,-1,5
7612,2,1,10
7612,1,1,5
7612,36,1,20
7612,1,1,0
7613,4,2,5
7613,5,1,10
7614,32,1,10
7614,1,1,10
7614,3,1,0
7614,4,1,10
7615,27,2,10
7616,5,1,20
7617,45,1,0
7618,12,1,0
7619,17,1,10
7620,11,1,0
7620,13,1,10
7621,15,2,10
7621,7,1,0
7621,18,3,10
7622,12,2,5
7622,5,1,10
7622,48,1,10
7622,2,1,0
7623,1,2,5
7623,4,1,0
7624,17,1,0
7624,8,2,5
7624,58,1,20
7625,60,2,5
7625,29,1,10
7625,30,1,20
7625,46,1,0
7626,2,1,10
7627,58,3,0
7627,29,1,0
7627,27,1,20
7628,37,3,0
7629,3,1,0
7630,2,1,20
7630,38,1,0
7630,3,1,5
7631,34,1,20
7631,45,3,20
7631,7,1,0
7632,24,1,0
7632,17,2,10
7633,39,1,5
7633,27,2,0
7634,38,1,0
7635,36,1,10
7636,27,1,5
7636,11,1,5
7637,21,3,10
7638,46,1,0
7639,45,1,5
7639,21,2,5
7639,2,1,0
7639,1,3,20
7640,7,1,10
7640,58,1,20
7640,1,1,10
7640,47,3,5
7641,57,1,0
7641,4,1,20
7641,10,1,0
7642,53,1,0
7643,3,1,10
7643,41,1,5
7643,27,1,10
7644,46,1,10
7645,11,1,10
7645,2,1,0
7645,25,2,0
7646,34,1,0
7647,3,1,0
7647,6,3,0
7647,15,1,20
7647,22,3,10
7648,12,1,10
7648,24,2,0
7649,22,2,0
7649,2,2,20
7649,8,1,0
7650,12,2,10
7650,21,1,10
7650,44,1,0
7650,40,2,0
7651,41,1,20
7651,24,1,0
7651,23,1,0
7651,42,2,20
7652,4,3,10
7652,3,1,10
7652,2,1,10
7652,56,3,0
7653,47,1,5
7653,28,2,0
7653,4,1,0
7654,1,1,20
7654,27,1,0
7655,33,1,10
7655,33,1,0
7656,22,1,0
7656,1,1,10
7656,15,1,0
7656,4,1,20
7657,9,1,0
7658,52,1,10
7659,12,1,10
7659,51,1,5
7660,7,1,5
7660,7,1,0
7660,40,1,0
7660,8,2,10
7661,6,1,0
7662,30,1,10
7662,5,3,20
7662,43,2,0
7663,32,1,0
7663,9,1,0
7663,16,1,0
7663,28,2,0
7664,33,1,10
7665,3,1,5
7666,6,1,0
7666,58,1,5
7666,6,1,10
7666,4,1,0
7667,12,1,0
7668,36,1,5
7669,2,2,0
7669,10,1,20
7669,1,3,10
7669,4,1,0
7670,57,1,10
7670,19,1,10
7671,56,1,10
7671,44,1,5
7671,59,1,0
7671,7,1,5
7672,19,2,10
7672,19,1,10
7672,19,1,5
7673,1,1,10
7673,25,1,10
7673,32,3,0
7674,49,1,10
7674,40,2,0
7674,11,1,10
7674,7,1,20
7675,23,1,10
7675,54,3,0
7676,2,1,20
7677,11,1,0
7677,25,2,5
7677,3,1,0
7678,35,1,0
7678,36,1,5
7679,22,1,0
7679,3,1,0
7680,44,1,5
7680,1,1,20
7680,59,1,20
7680,20,1,0
7681,18,1,0
7682,10,1,0
7682,21,1,0
7682,48,1,20
7683,12,1,0
7683,11,2,20
7683,49,1,10
7683,7,3,0
7684,11,1,0
7684,1,1,10
7684,5,1,10
7685,5,1,10
7685,42,1,10
7685,58,1,10
7686,2,1,20
7686,8,1,0
7686,3,1,10
7687,34,2,20
7687,15,1,20
7687,12,1,10
7687,41,1,0
7688,27,1,10
7689,18,1,5
7689,3,1,10
7689,11,1,5
7690,1,1,0
7690,7,1,0
7691,52,2,0
7691,8,1,10
7691,26,1,0
7691,38,1,10
7692,10,1,10
7693,3,1,10
7693,5,1,10
7693,21,1,0
7693,1,1,0
7694,2,1,10
7694,56,3,0
7694,22,1,10
7694,6,1,20
7695,7,1,0
7696,60,1,10
7696,20,2,10
7696,2,1,5
7696,5,1,10
7697,37,2,10
7697,30,1,5
7697,16,2,0
7698,9,2,0
7699,34,1,10
7699,6,3,0
7699,11,1,5
7699,50,1,0
7700,8,1,0
7700,18,2,10
7700,4,1,10
7701,1,3,0
7701,13,2,0
7702,3,1,0
7703,39,1,20
7704,2,1,5
7704,50,2,10
7704,31,1,10
7704,1,1,0
7705,8,1,10
7705,5,1,20
7706,60,2,10
7706,12,1,10
7706,2,1,10
7707,39,2,10
7707,7,1,0
7708,5,1,5
7708,2,3,0
7709,45,1,0
7709,13,1,10
7710,59,1,0
7710,9,1,0
7711,2,1,0
7711,6,1,20
7711,3,1,5
7712,9,1,0
7713,38,2,0
7713,42,1,0
7714,31,1,10
7714,40,2,5
7715,15,2,0
7715,5,1,0
7715,10,1,10
7716,26,1,10
7716,53,1,10
7716,5,1,0
7716,29,1,0
7717,54,1,5
7717,4,1,0
7717,1,1,20
7718,14,1,0
7718,2,1,0
7718,22,1,5
7718,25,3,10
7719,48,1,5
7719,4,1,5
7719,42,3,5
7719,7,2,0
7720,39,1,0
7720,9,1,0
7720,60,1,0
7721,31,1,0
7721,58,1,0
7722,43,2,0
7722,32,1,10
7722,45,1,0
7722,21,1,0
7723,7,2,20
7723,27,1,20
7723,3,1,0
7723,11,1,10
7724,47,1,0
7724,24,1,5
7725,44,1,0
7726,51,1,10
7727,2,3,0
7727,13,1,20
7728,9,1,0
7729,31,1,10
7729,10,2,5
7729,22,1,0
7729,41,2,10
7730,22,2,10
7730,15,2,10
7730,4,1,10
7730,31,1,0
7731,7,1,20
7731,26,2,10
7732,18,1,5
7732,55,2,20
7732,2,1,10
7733,8,1,0
7733,15,1,10
7734,20,1,0
7734,4,1,0
7735,14,3,0
7735,52,1,10
7735,45,2,0
7735,5,1,10
7736,7,1,0
7736,2,1,0
7736,2,1,0
7737,6,1,0
7737,4,1,0
7737,36,2,20
7738,45,1,10
7738,35,2,10
7739,15,1,0
7740,24,1,0
7741,58,1,0
7741,15,2,0
7742,6,1,0
7742,1,2,0
7742,11,1,10
7743,2,1,5
7744,7,1,20
7744,54,1,20
7744,32,1,0
7745,12,1,5
7745,4,1,5
7746,11,1,20
7746,59,1,5
7746,58,1,20
7746,14,1,5
7747,39,1,10
7748,3,2,0
7749,23,3,0
7749,5,3,5
7749,1,1,10
7749,26,1,10
7750,13,1,0
7750,40,1,10
7750,13,2,20
7751,1,1,20
7751,8,3,10
7752,44,1,10
7752,25,1,20
7752,10,3,5
7752,7,1,0
7753,27,1,0
7753,6,1,10
7753,36,1,0
7754,1,1,0
7755,50,1,0
7755,1,2,0
7755,16,1,5
7756,33,1,20
7757,31,2,5
7757,10,2,20
7758,21,2,5
7758,18,1,5
7759,46,1,0
7760,1,1,0
7760,37,1,0
7761,12,1,20
7762,32,2,5
7762,49,1,0
7762,57,1,0
7763,6,1,10
7763,1,1,10
7763,1,1,0
7764,24,1,0
7765,15,1,0
7766,39,2,10
7766,47,1,20
7766,4,1,20
7767,2,2,5
7767,41,1,10
7767,42,1,20
7767,10,3,10
7768,6,1,5
7768,1,1,10
7769,20,1,0
7769,27,1,0
7770,24,2,0
7770,15,1,20
7770,2,1,0
7770,20,2,0
7771,11,1,0
7772,33,1,5
7772,59,1,0
7773,25,2,5
7773,18,1,20
7774,8,1,0
7774,3,3,5
7774,4,3,0
7774,3,1,10
7775,27,2,10
7775,49,1,20
7775,6,1,0
7776,9,2,20
7776,41,3,10
7777,47,1,0
7777,19,1,5
7778,17,1,10
7778,3,2,10
7779,42,1,0
7779,7,1,0
7779,22,3,10
7780,36,2,20
7780,40,3,5
7780,17,2,0
7781,5,1,0
7781,6,1,10
7781,5,2,0
7781,19,3,0
7782,18,1,0
7782,37,1,20
7783,11,1,0
7783,24,2,0
7784,9,2,0
7784,12,2,0
7784,23,1,20
7785,33,2,20
7786,27,1,0
7786,26,1,20
7786,49,1,10
7787,1,2,5
7787,1,3,20
7788,31,1,10
7788,5,2,10
7788,41,2,5
7788,31,1,5
7789,18,1,0
7789,13,1,10
7790,5,1,10
7790,12,1,5
7790,5,3,10
7790,11,1,0
7791,7,1,0
7791,57,2,10
7791,27,1,0
7791,30,1,10
7792,2,2,10
7792,26,3,5
7793,26,1,5
7794,11,3,0
7795,30,1,0
7795,1,1,20
7795,43,1,0
7795,9,2,5
7796,11,2,0
7796,29,3,20
7796,10,2,0
7797,17,3,0
7797,58,2,20
7797,10,1,5
7797,14,3,0
7798,3,1,0
7798,55,1,0
7798,32,3,20
7799,15,1,10
7800,21,1,0
7800,34,1,20
7800,11,1,0
7800,52,1,5
7801,2,1,0
7801,41,3,0
7802,7,1,10
7802,1,3,10
7803,39,2,20
7803,2,1,0
7804,13,1,10
7804,51,2,0
7804,38,1,20
7804,17,1,0
7805,11,1,0
7805,6,2,5
7805,1,2,10
7806,12,2,0
7806,17,1,0
7807,5,1,0
7807,8,1,10
7807,25,1,10
7808,15,1,5
7809,57,1,10
7809,2,1,0
7809,20,1,20
7810,17,1,10
7810,40,1,0
7811,52,2,10
7811,10,1,0
7812,41,1,10
7812,48,1,5
7812,21,3,0
7813,38,1,20
7813,2,3,10
7813,47,2,0
7813,56,1,20
7814,43,1,10
7815,2,1,20
7815,1,1,5
7815,10,2,5
7815,7,1,0
7816,23,1,0
7817,1,1,0
7817,20,2,0
7817,51,1,0
7818,19,1,5
7818,1,1,0
7818,17,1,0
7818,30,1,10
7819,8,1,20
7819,52,1,10
7819,55,1,5
7820,33,1,20
7820,21,3,0
7821,12,1,20
7821,18,1,20
7821,11,2,0
7821,23,1,20
7822,5,3,20
7822,2,1,20
7823,58,1,5
7823,7,1,0
7824,24,2,10
7824,32,3,20
7825,23,3,5
7826,33,1,10
7826,6,1,10
7827,49,1,10
7827,13,2,10
7828,22,2,5
7828,4,2,10
7828,13,1,0
7829,30,1,10
7829,25,1,0
7830,15,1,0
7830,3,1,5
7831,5,1,20
7831,54,1,0
7832,40,1,5
7833,14,2,20
7833,50,1,10
7833,4,2,5
7834,2,1,0
7834,60,2,0
7835,20,1,5
7835,55,1,10
7835,21,3,0
7836,17,1,5
7836,34,1,0
7836,17,3,5
7837,16,1,0
7837,21,3,0
7837,5,1,10
7837,14,1,0
7838,34,1,20
7839,17,1,5
7839,28,1,0
7839,58,1,5
7839,30,2,0
7840,18,3,5
7840,51,1,5
7840,41,1,0
7840,13,3,5
7841,32,1,5
7842,19,1,0
7842,26,1,0
7843,27,1,0
7843,20,2,5
7843,14,1,0
7844,8,2,10
7844,8,2,0
7845,51,1,0
7845,10,3,10
7845,20,3,5
7846,1,1,20
7846,43,1,10
7846,58,2,0
7847,9,1,0
7847,36,1,10
7848,43,1,20
7848,41,3,0
7849,40,1,10
7850,12,2,0
7850,5,1,0
7850,20,1,0
7850,47,1,5
7851,19,1,10
7851,54,1,0
7851,3,1,10
7851,8,1,0
7852,47,2,10
7852,57,1,0
7852,27,1,20
7853,21,3,0
7853,18,1,10
7853,2,3,20
7854,36,1,5
7854,2,1,5
7854,8,2,10
7854,1,1,10
7855,57,1,10
7856,20,1,5
7856,34,1,20
7856,12,2,0
7857,17,1,0
7858,57,1,20
7858,43,1,20
7859,3,1,10
7859,4,1,0
7859,36,1,10
7860,1,1,0
7861,11,1,20
7862,38,1,0
7863,1,1,5
7863,11,3,0
7863,54,1,0
7864,2,1,0
7865,6,1,10
7865,3,1,0
7866,3,1,5
7866,4,1,0
7867,54,1,10
7868,32,2,20
7868,44,1,5
7868,1,1,20
7869,3,3,0
7869,45,2,0
7870,5,1,0
7870,2,1,10
7870,9,3,0
7870,10,1,0
7871,25,1,5
7871,14,3,0
7872,7,3,0
7872,17,1,0
7872,16,2,0
7872,10,2,10
7873,34,1,5
7873,10,3,20
7873,14,1,20
7873,7,1,20
7874,16,1,5
7874,9,2,20
7875,14,1,0
7875,11,3,0
7876,22,2,5
7876,48,1,10
7877,39,2,5
7877,30,1,0
7877,29,2,0
7877,12,2,0
7878,60,1,5
7878,9,1,0
7879,2,1,20
7879,42,1,20
7879,36,1,0
7880,2,1,0
7880,21,1,0
7880,1,1,0
7880,43,1,10
7881,3,1,0
7882,5,3,20
7882,31,1,5
7882,34,3,10
7883,9,2,0
7884,26,2,0
7884,1,2,0
7884,60,1,5
7885,7,1,0
7885,42,1,10
7885,7,1,0
7886,4,1,10
7887,3,1,20
7887,59,1,20
7888,4,2,0
7889,20,1,5
7889,21,1,10
7889,22,1,0
7889,22,1,10
7890,38,1,5
7890,1,1,0
7890,21,3,20
7890,15,1,20
7891,3,1,0
7891,54,1,10
7891,4,1,10
7891,26,2,5
7892,12,1,10
7892,36,3,5
7892,50,1,20
7893,2,1,20
7893,44,3,0
7893,10,3,10
7893,3,1,0
7894,24,1,5
7895,49,1,0
7895,22,2,20
7896,29,2,0
7896,10,1,10
7897,1,1,20
7898,1,1,10
7898,25,3,20
7898,41,1,20
7899,55,2,10
7900,21,1,10
7901,1,1,20
7901,2,1,20
7901,13,2,10
7902,22,1,0
7902,6,1,0
7903,15,1,10
7903,50,1,0
7903,40,1,0
7904,55,1,0
7905,35,1,5
7905,1,1,5
7905,12,2,0
7905,14,2,20
7906,14,1,5
7907,5,2,0
7907,22,3,0
7907,2,3,10
7908,39,1,10
7908,6,2,0
7909,3,1,5
7909,14,1,0
7910,2,1,10
7911,26,1,20
7912,29,1,10
7912,7,1,20
7913,1,1,10
7914,6,1,20
7915,31,2,0
7915,4,2,10
7916,1,3,20
7916,39,1,10
7917,12,1,0
7917,30,1,0
7917,48,2,0
7918,12,1,0
7919,13,1,10
7919,51,2,5
7920,26,1,5
7920,2,1,10
7921,29,1,5
7921,3,1,10
7922,9,2,0
7922,5,1,0
7922,42,2,0
7922,30,1,10
7923,33,1,5
7924,2,1,0
7924,30,1,20
7925,9,2,20
7925,41,1,10
7925,6,1,10
7926,59,1,10
7926,11,1,5
7927,6,2,10
7927,9,2,10
7927,51,1,0
7928,58,1,20
7928,35,1,5
7929,46,1,0
7929,1,2,0
7929,37,1,20
7930,8,3,5
7930,4,2,5
7931,9,1,5
7931,26,1,0
7932,9,1,10
7932,49,1,0
7933,8,2,20
7933,37,1,10
7934,60,1,10
7934,48,1,0
7934,24,2,20
7934,52,1,10
7935,40,3,20
7935,2,1,10
7935,52,1,0
7935,1,1,0
7936,1,1,10
7936,35,2,10
7937,29,1,5
7937,55,1,0
7938,8,1,0
7938,33,1,5
7939,3,1,10
7939,6,1,0
7940,6,1,10
7941,54,1,0
7942,39,1,10
7942,46,1,0
7942,13,1,0
7943,35,1,10
7944,60,1,10
7945,12,1,20
7945,2,3,20
7946,56,1,5
7946,20,1,0
7947,32,2,0
7947,7,3,5
7948,41,1,0
7948,51,2,0
7949,26,3,5
7950,41,1,20
7951,38,1,0
7951,55,1,5
7951,1,2,20
7952,3,2,0
7952,18,1,0
7953,36,1,0
7953,7,1,5
7953,36,2,5
7953,1,1,0
7954,7,1,0
7954,39,2,5
7954,20,2,20
7955,16,2,10
7956,19,1,20
7957,13,2,0
7957,2,1,10
7958,6,1,5
7958,17,1,20
7958,37,2,0
7959,4,2,0
7959,2,1,10
7959,43,2,10
7960,16,1,0
7961,19,1,0
7961,59,3,5
7961,2,2,5
7961,17,2,20
7962,10,1,20
7963,45,1,10
7963,3,1,0
7963,56,1,0
7963,54,1,10
7964,11,1,5
7964,2,2,0
7964,43,1,10
7964,4,2,10
7965,44,1,0
7966,54,1,5
7966,18,2,5
7967,2,1,0
7967,23,1,10
7968,13,1,0
7968,21,3,10
7968,19,3,0
7968,34,1,5
7969,6,2,10
7969,45,2,10
7969,7,1,5
7970,55,2,0
7971,19,1,5
7971,25,1,10
7972,8,1,10
7972,18,1,0
7972,54,1,0
7973,4,1,10
7973,19,3,0
7973,27,1,0
7973,15,1,0
7974,3,1,0
7974,15,1,0
7974,37,1,20
7975,22,3,5
7975,55,1,0
7975,60,1,0
7975,14,3,0
7976,38,1,20
7976,44,3,0
7976,49,1,0
7977,2,1,20
7978,18,1,0
7978,3,1,10
7978,18,1,0
7978,47,1,0
7979,15,1,5
7979,34,1,0
7979,1,1,5
7979,1,3,10
7980,5,1,5
7980,9,1,20
7981,38,1,0
7982,14,2,5
7982,29,1,20
7982,2,1,10
7983,15,1,10
7983,1,1,5
7983,9,1,20
7983,1,1,5
7984,1,1,0
7984,6,1,10
7984,36,2,20
7985,14,1,20
7985,48,3,0
7985,2,1,20
7986,35,1,10
7986,13,1,0
7986,14,2,20
7987,17,1,0
7987,14,1,5
7987,42,3,0
7988,8,1,10
7989,8,1,5
7989,36,1,0
7989,22,2,10
7990,28,1,5
7990,2,2,5
7990,12,1,5
7990,49,1,20
7991,26,1,0
7991,15,1,10
7991,46,2,10
7992,26,1,10
7992,57,1,0
7992,18,1,5
7993,3,1,5
7993,14,1,10
7994,26,1,5
7995,59,1,10
7996,8,1,0
7996,10,2,5
7996,36,1,10
7997,26,3,20
7997,25,1,10
7998,9,1,5
7999,4,1,0
7999,2,2,0
7999,14,1,0
8000,5,1,0
8001,39,1,5
8002,5,1,0
8003,5,1,0
8004,28,1,5
8004,27,3,20
8004,1,1,10
8005,43,1,5
8006,3,1,0
8006,3,1,5
8007,10,1,20
8008,3,2,10
8008,28,1,10
8008,6,1,20
8009,1,1,0
8009,35,1,0
8009,44,1,10
8010,41,2,0
8010,1,1,10
8010,8,1,5
8010,57,1,0
8011,33,1,0
8012,46,1,5
8012,9,2,0
8012,1,1,20
8012,1,2,0
8013,47,1,20
8013,23,1,10
8013,43,1,10
8014,40,1,5
8014,21,3,10
8014,34,1,0
8014,51,1,20
8015,48,1,0
8015,1,1,20
8015,30,1,5
8016,59,1,10
8016,33,1,0
8017,40,1,5
8017,3,1,10
8017,47,1,10
8017,7,1,20
8018,12,1,0
8018,26,2,10
8018,6,1,5
8018,23,1,10
8019,57,1,5
8019,20,1,0
8019,12,2,0
8019,52,1,0
8020,32,1,0
8020,33,1,0
8021,6,1,10
8021,15,1,5
8021,4,1,10
8022,16,1,5
8023,1,1,0
8023,11,2,10
8023,19,1,0
8023,1,2,0
8024,6,1,0
8024,18,1,10
8024,2,3,0
8025,28,2,5
8025,2,1,10
8025,33,1,0
8026,1,1,10
8026,6,1,20
8026,9,1,0
8026,2,1,0
8027,3,2,0
8027,10,1,10
8027,15,1,5
8028,20,1,5
8028,51,1,10
8028,22,1,10
8029,29,2,10
8029,37,1,10
8029,27,1,0
8029,43,1,5
8030,33,1,0
8030,49,1,10
8031,37,1,20
8032,1,2,0
8032,4,1,20
8032,44,1,10
8033,46,3,0
8033,17,1,0
8033,6,1,10
8034,4,1,10
8035,53,3,10
8035,28,1,5
8035,40,1,0
8036,32,1,10
8036,2,3,5
8036,3,1,10
8037,46,1,5
8037,25,1,5
8037,2,2,0
8037,24,1,5
8038,3,2,0
8039,57,1,0
8039,29,1,20
8040,9,1,0
8041,9,1,0
8041,49,1,20
8042,31,1,0
8043,25,2,0
8043,13,2,5
8043,22,3,0
8044,53,1,20
8044,50,1,0
8044,4,2,0
8044,15,2,20
8045,17,1,20
8045,33,3,20
8046,1,1,0
8047,7,1,5
8048,9,1,0
8048,1,1,10
8049,25,1,0
8050,11,1,10
8050,59,1,0
8050,17,1,0
8050,15,1,20
8051,31,1,5
8052,49,1,0
8052,21,1,20
8052,15,1,0
8053,42,2,10
8053,14,2,5
8053,15,1,5
8053,11,2,10
8054,38,1,10
8055,1,3,10
8055,1,2,0
8056,8,3,0
8057,1,2,20
8057,4,1,20
8058,12,1,0
8059,2,1,5
8059,41,3,10
8059,60,1,0
8059,4,1,5
8060,29,3,0
8061,38,1,20
8061,20,1,0
8061,41,1,10
8062,19,1,0
8062,23,1,10
8062,2,1,0
8062,27,1,20
8063,3,1,0
8063,13,2,20
8063,1,1,0
8064,15,1,20
8064,19,1,10
8064,26,1,5
8065,46,1,10
8065,25,1,20
8065,22,1,5
8066,16,2,5
8066,16,1,0
8067,47,1,0
8067,2,1,0
8067,10,1,0
8068,19,1,0
8068,26,2,5
8069,17,1,0
8069,33,3,0
8069,59,3,5
8069,45,1,5
8070,48,1,0
8070,1,1,10
8070,10,1,10
8071,38,1,5
8071,25,1,0
8072,4,1,0
8072,1,1,10
8072,11,1,0
8072,22,1,20
8073,3,2,10
8073,31,1,0
8073,17,1,0
8074,50,1,0
8074,1,1,5
8075,34,1,20
8075,28,1,0
8076,6,1,0
8076,3,2,20
8076,48,1,10
8077,11,1,5
8077,1,1,0
8078,51,1,0
8078,10,1,0
8078,10,2,0
8078,8,2,0
8079,41,1,0
8079,24,1,5
8079,52,1,10
8080,53,1,10
8080,48,2,0
8081,10,1,10
8082,39,1,0
8082,53,2,5
8083,11,1,10
8083,3,2,20
8083,18,1,20
8083,56,1,20
8084,55,2,10
8084,27,3,20
8084,17,2,0
8085,9,1,10
8085,5,2,0
8085,38,1,0
8086,14,2,10
8086,4,2,0
8086,31,1,5
8086,54,2,0
8087,10,3,0
8087,31,1,5
8087,6,2,10
8088,1,1,5
8088,18,1,10
8089,32,1,5
8090,1,1,0
8090,56,1,10
8090,34,1,0
8090,21,3,0
8091,56,1,20
8092,13,1,0
8092,13,1,0
8092,3,1,20
8092,27,1,5
8093,23,1,20
8093,10,1,0
8093,8,1,0
8094,37,1,10
8095,5,1,20
8095,5,3,10
8096,6,1,0
8096,32,1,0
8096,13,2,0
8097,41,1,0
8097,42,1,0
8098,48,2,20
8098,2,2,20
8098,19,1,10
8098,18,2,10
8099,3,2,20
8100,5,1,5
8100,15,2,5
8101,31,1,0
8101,41,1,0
8102,7,2,5
8102,11,2,10
8103,39,1,0
8103,50,1,10
8103,42,2,20
8103,52,1,0
8104,31,1,0
8104,24,2,5
8105,26,2,0
8106,50,1,20
8106,12,3,10
8106,2,1,5
8107,17,1,10
8107,60,1,0
8107,36,3,5
8107,27,1,0
8108,20,2,10
8109,4,1,10
8109,5,1,10
8109,6,2,5
8110,20,1,0
8110,19,1,20
8110,8,3,10
8110,22,3,0
8111,18,1,10
8111,52,1,0
8111,37,1,0
8112,3,1,20
8112,59,2,0
8112,20,3,0
8113,55,1,20
8113,54,1,5
8113,57,1,0
8114,20,1,10
8114,39,1,5
8115,48,1,0
8115,46,1,5
8115,34,1,0
8115,50,2,20
8116,24,1,5
8116,17,3,10
8117,10,2,20
8117,10,2,10
8117,3,1,0
8118,38,1,20
8118,31,1,0
8118,1,2,0
8119,29,1,5
8120,30,2,5
8120,3,1,0
8121,40,1,20
8121,35,1,10
8121,10,3,10
8121,12,2,10
8122,25,2,10
8122,19,1,5
8122,9,1,10
8122,31,1,0
8123,42,1,0
8123,4,3,10
8123,46,1,10
8123,40,2,20
8124,4,2,10
8124,2,3,0
8124,6,1,20
8125,51,1,20
8125,2,1,0
8125,41,1,10
8126,39,1,20
8126,28,1,0
8127,2,3,20
8127,31,1,10
8128,5,1,0
8128,22,2,20
8128,51,1,20
8128,2,1,10
8129,37,1,20
8129,59,1,0
8130,23,1,10
8130,45,2,0
8130,10,1,10
8130,5,1,10
8131,17,3,0
8132,40,1,0
8132,28,2,5
8133,26,1,20
8134,5,1,0
8135,37,1,0
8135,15,1,10
8136,17,1,20
8136,27,1,20
8136,14,1,10
8137,5,1,10
8137,38,1,5
8138,14,3,0
8138,30,2,0
8138,55,1,20
8139,33,1,5
8139,16,1,10
8139,24,1,10
8139,9,2,0
8140,26,1,5
8140,13,1,0
8141,27,1,0
8141,24,1,0
8141,17,2,5
8142,57,1,0
8142,44,1,0
8142,10,1,0
8143,5,1,5
8143,53,2,10
8143,3,1,0
8143,7,1,0
8144,60,1,10
8144,17,2,0
8145,50,1,5
8146,23,1,10
8146,23,3,0
8146,3,1,10
8147,1,1,0
8148,5,2,0
8148,31,1,0
8148,56,1,0
8148,46,3,20
8149,4,1,20
8150,19,1,0
8151,38,1,0
8151,16,3,10
8151,5,1,0
8152,22,1,20
8152,57,2,0
8153,10,1,20
8154,27,2,10
8155,27,1,0
8155,11,1,5
8155,26,2,10
8156,43,1,5
8156,8,1,10
8156,17,2,10
8157,2,1,0
8157,33,2,10
8157,7,1,0
8158,22,1,5
8158,14,3,0
8159,35,1,0
8159,7,1,0
8159,54,2,10
8160,32,1,20
8160,29,2,20
8160,14,3,10
8160,2,1,10
8161,4,2,0
8162,7,1,5
8162,1,1,0
8162,28,3,20
8162,1,1,0
8163,15,1,20
8163,44,2,0
8164,3,2,0
8164,49,1,10
8165,12,1,0
8165,28,-1,0
8166,25,2,0
8166,12,1,0
8167,14,1,5
8167,3,1,10
8167,58,1,0
8168,6,1,20
8168,13,1,5
8169,3,1,0
8169,2,1,10
8169,1,1,0
8170,13,2,5
8171,1,1,0
8171,17,1,0
8171,30,1,0
8171,7,1,20
8172,2,1,10
8173,22,3,20
8174,36,1,5
8174,22,1,20
8174,1,1,10
8174,43,1,20
8175,12,1,20
8175,2,3,5
8175,41,1,5
8175,49,1,0
8176,29,3,0
8176,58,1,0
8176,15,1,10
8177,53,2,10
8177,5,2,5
8177,28,1,0
8177,10,1,10
8178,1,1,0
8178,14,1,10
8178,16,1,20
8178,1,1,10
8179,44,1,0
8179,29,1,20
8179,1,1,20
8180,1,1,5
8181,1,1,20
8182,3,1,0
8182,4,1,5
8182,7,1,0
8183,8,1,10
8183,17,1,0
8183,17,1,0
8183,53,1,5
8184,3,1,0
8184,38,1,0
8185,25,1,5
8185,24,1,0
8186,54,1,0
8186,59,1,0
8187,45,1,0
8187,24,1,10
8188,8,2,20
8188,47,2,20
8188,3,1,0
8188,9,1,0
8189,50,1,10
8190,1,1,5
8191,3,1,5
8191,5,1,0
8191,57,1,0
8192,28,1,0
8192,29,2,10
8193,43,1,20
8194,52,3,0
8194,15,1,0
8194,8,1,0
8194,1,1,10
8195,5,3,0
8196,1,3,0
8197,41,2,10
8198,2,1,5
8198,53,1,10
8198,16,1,10
8199,9,1,0
8199,5,2,20
8199,51,1,20
8200,9,1,5
8200,2,1,0
8200,2,1,10
8200,28,1,0
8201,33,1,5
8201,1,1,5
8201,33,1,20
8201,21,1,10
8202,26,1,20
8202,9,1,5
8203,29,2,20
8204,4,1,20
8205,5,2,0
8206,19,1,5
8206,34,1,0
8206,3,1,0
8206,31,1,10
8207,22,1,5
8207,4,1,0
8208,44,1,10
8209,6,-1,10
8210,17,2,5
8210,20,1,0
8210,8,1,10
8211,49,3,10
8211,1,1,10
8211,4,1,10
8211,54,1,5
8212,38,3,0
8212,17,1,0
8212,30,1,0
8213,24,1,5
8214,1,3,10
8214,18,1,10
8214,10,1,10
8214,12,1,20
8215,24,1,5
8215,4,1,10
8215,8,1,10
8216,3,1,0
8216,2,1,5
8216,32,1,0
8217,10,1,10
8217,4,1,0
8217,11,1,0
8217,24,1,5
8218,9,1,10
8218,13,1,0
8219,45,3,0
8220,52,3,0
8221,39,1,0
8221,24,1,0
8222,10,3,20
8222,54,2,10
8222,49,2,10
8223,31,3,0
8223,17,1,0
8223,3,1,0
8223,7,1,0
8224,3,1,10
8224,1,1,0
8224,4,1,20
8225,7,1,0
8225,2,2,10
8225,3,1,0
8226,32,1,0
8226,28,1,0
8227,25,1,0
8227,21,1,10
8227,6,1,0
8228,4,1,10
8229,3,1,0
8229,24,1,5
8229,3,2,20
8229,23,1,5
8230,29,1,20
8230,18,1,20
8230,2,1,5
8230,1,1,0
8231,45,1,0
8232,35,1,10
8232,40,1,0
8232,6,1,0
8232,26,1,5
8233,11,3,0
8233,17,1,0
8234,18,1,0
8234,14,1,5
8234,6,1,5
8234,7,1,5
8235,3,1,0
8235,21,3,10
8235,58,1,5
8235,13,1,0
8236,35,1,0
8236,6,1,5
8236,55,2,10
8236,11,2,20
8237,10,1,0
8237,8,3,0
8237,7,1,10
8237,3,1,0
8238,55,1,10
8239,13,1,20
8240,40,1,10
8240,39,2,10
8240,8,3,10
8240,4,1,0
8241,1,1,10
8241,46,1,0
8241,26,1,5
8242,26,1,20
8242,3,2,5
8242,3,1,20
8243,37,1,0
8243,21,1,10
8243,26,1,10
8243,15,3,0
8244,41,1,0
8244,28,1,5
8244,31,1,10
8245,36,1,0
8245,34,1,0
8246,3,1,20
8247,60,1,0
8247,5,1,5
8247,36,1,0
8248,19,2,5
8249,24,1,10
8249,27,2,0
8249,6,1,20
8249,55,1,20
8250,51,1,10
8251,58,1,0
8251,20,1,10
8251,58,1,10
8251,22,1,0
8252,1,1,0
8253,38,1,5
8253,36,1,20
8253,20,2,10
8254,9,1,20
8254,30,1,20
8255,31,1,0
8255,4,3,5
8255,45,1,10
8256,17,1,10
8256,10,3,10
8256,4,1,0
8256,19,1,0
8257,56,1,10
8257,6,2,0
8257,9,1,10
8257,10,1,0
8258,45,1,5
8258,51,1,20
8258,16,1,0
8258,25,1,10
8259,6,3,10
8259,46,1,10
8259,31,2,10
8260,36,3,20
8260,12,2,0
8260,58,2,10
8260,17,1,5
8261,33,1,10
8261,4,1,0
8261,39,2,0
8262,1,2,0
8262,45,1,20
8262,6,1,0
8263,1,1,0
8263,45,1,20
8263,51,1,0
8264,40,1,10
8264,46,1,5
8264,37,2,0
8265,14,3,20
8266,58,1,10
8266,44,1,0
8266,7,3,20
8266,1,1,0
8267,12,3,5
8267,34,1,0
8267,29,1,10
8267,4,3,0
8268,4,2,10
8268,60,1,5
8268,2,1,0
8269,1,2,20
8269,21,1,20
8269,5,2,5
8270,50,1,0
8271,40,1,10
8271,31,1,0
8272,1,1,0
8272,9,2,10
8272,38,1,0
8273,9,1,5
8274,25,1,5
8275,1,2,5
8275,26,1,0
8275,26,1,10
8275,20,1,0
8276,19,1,20
8276,1,1,5
8276,8,1,0
8276,25,2,0
8277,1,1,10
8278,39,1,0
8278,3,2,20
8278,2,1,20
8278,15,1,20
8279,55,1,0
8279,1,1,0
8280,19,1,0
8280,43,1,20
8280,4,1,5
8281,6,1,10
8281,29,1,10
8281,21,1,5
8281,29,1,5
8282,14,1,0
8283,19,1,5
8283,49,1,5
8283,49,1,0
8284,3,1,10
8284,44,2,10
8285,1,1,5
8285,37,3,5
8286,16,1,0
8286,38,1,5
8286,33,1,5
8286,38,1,0
8287,33,1,0
8287,55,1,0
8287,16,1,0
8287,28,1,20
8288,46,3,0
8288,34,1,10
8288,38,2,5
8289,56,1,20
8290,55,1,20
8291,31,1,0
8291,43,3,0
8291,51,1,5
8292,2,1,5
8293,22,1,0
8293,12,3,20
8294,2,1,5
8294,10,1,0
8294,21,3,20
8294,3,1,10
8295,1,3,0
8295,22,1,10
8296,3,1,10
8296,10,1,10
8296,8,1,0
8297,1,1,0
8298,1,2,0
8298,2,1,10
8299,10,1,5
8299,55,2,20
8299,16,1,10
8299,55,2,20
8300,5,1,10
8300,4,2,10
8300,10,3,10
8301,4,1,20
8302,50,1,10
8302,58,1,5
8303,15,1,0
8304,10,2,10
8304,1,1,0
8304,7,1,0
8304,5,3,10
8305,9,1,0
8306,9,1,5
8306,52,1,0
8307,14,1,10
8307,46,1,5
8308,38,1,10
8308,36,1,5
8308,17,1,0
8308,1,2,5
8309,2,1,10
8309,11,2,0
8309,60,1,10
8310,1,-1,0
8310,21,1,20
8310,11,1,5
8311,30,2,0
8312,57,2,20
8312,29,1,20
8312,3,1,5
8312,4,1,0
8313,35,1,20
8313,16,1,5
8313,26,1,0
8313,4,1,5
8314,4,1,5
8314,57,1,0
8314,6,1,0
8315,9,1,0
8315,9,1,20
8316,7,1,0
8316,54,2,10
8316,1,3,10
8316,6,1,10
8317,1,1,10
8317,25,2,5
8317,2,3,0
8317,8,1,0
8318,55,1,5
8318,3,3,5
8318,21,1,10
8318,4,1,5
8319,2,1,10
8319,2,1,5
8319,51,1,0
8319,7,1,20
8320,33,1,10
8321,10,1,5
8322,3,1,0
8322,5,2,5
8322,33,1,10
8322,8,1,10
8323,7,1,0
8324,43,1,0
8324,5,1,0
8325,11,1,10
8325,48,1,10
8326,14,1,20
8326,3,2,10
8326,46,3,10
8327,7,1,0
8327,6,1,10
8328,42,1,0
8328,18,3,5
8328,37,1,10
8329,15,3,0
8329,27,1,0
8329,10,2,5
8330,10,2,0
8330,11,1,5
8330,24,1,10
8331,17,1,0
8332,1,1,5
8332,3,1,10
8333,4,1,5
8333,35,1,10
8334,14,1,5
8334,3,1,10
8335,17,1,5
8335,34,1,10
8336,25,1,0
8336,1,3,5
8337,11,2,20
8337,57,2,10
8337,49,1,10
8338,2,1,10
8338,14,1,10
8338,27,1,0
8339,3,2,10
8340,4,1,10
8340,10,1,0
8340,24,2,5
8340,24,1,0
8341,11,1,0
8341,54,1,5
8341,4,2,10
8342,46,2,5
8342,30,1,10
8343,35,1,0
8343,23,1,20
8344,51,1,5
8344,10,1,5
8344,34,2,10
8344,37,1,5
8345,1,1,0
8345,3,1,0
8345,1,1,0
8346,25,3,5
8347,4,2,20
8347,17,1,10
8348,21,2,20
8348,24,1,5
8348,44,3,20
8348,34,1,0
8349,14,2,0
8350,43,1,20
8351,48,1,10
8352,15,1,10
8352,10,2,0
8352,13,1,10
8352,1,2,10
8353,46,1,0
8353,13,1,0
8353,48,1,10
8354,1,1,5
8354,14,2,10
8354,36,1,20
8355,2,2,5
8355,1,1,0
8356,1,2,20
8357,28,2,5
8358,7,2,5
8358,36,1,0
8358,11,2,20
8359,4,1,10
8359,25,1,0
8360,12,2,0
8360,17,2,5
8360,11,3,10
8360,42,1,0
8361,1,1,20
8361,2,1,0
8361,1,2,10
8361,14,1,10
8362,39,1,10
8362,37,1,20
8362,23,1,5
8362,7,2,0
8363,39,2,0
8363,29,2,20
8363,1,1,5
8363,49,1,0
8364,2,2,0
8364,6,1,20
8365,6,1,20
8366,14,2,20
8366,45,1,0
8366,2,2,0
8366,8,2,20
8367,31,2,10
8368,11,1,0
8368,51,3,0
8368,36,1,5
8368,34,2,0
8369,20,1,5
8370,34,2,10
8370,6,1,10
8370,23,1,20
8371,8,2,0
8371,20,3,5
8371,9,1,0
8372,51,1,20
8372,34,2,10
8372,9,1,5
8372,37,1,10
8373,38,3,5
8374,5,2,5
8374,13,1,10
8374,58,2,0
8375,15,1,20
8375,25,2,0
8375,33,1,0
8376,2,1,10
8377,2,2,10
8378,47,3,0
8379,25,2,0
8379,4,1,0
8379,39,1,0
8380,33,1,0
8380,6,1,10
8381,27,2,10
8381,58,1,20
8381,32,3,10
8381,1,1,10
8382,41,1,10
8382,26,1,0
8383,17,1,5
8383,14,2,0
8383,54,2,10
8384,14,3,5
8384,1,1,5
8384,17,1,5
8384,9,3,0
8385,1,1,10
8386,12,1,10
8387,2,1,10
8387,19,1,10
8388,7,1,0
8388,31,1,0
8388,5,2,10
8388,42,1,0
8389,60,1,0
8389,4,1,20
8389,34,1,20
8390,41,1,20
8390,21,1,5
8390,18,2,0
8391,3,1,5
8391,39,1,20
8391,6,1,5
8392,6,1,0
8392,3,1,10
8392,5,1,20
8392,28,1,10
8393,51,1,0
8394,45,2,0
8395,50,2,5
8395,13,1,20
8395,4,3,5
8395,8,3,0
8396,30,1,0
8396,22,1,5
8397,22,3,0
8397,40,3,0
8398,40,1,10
8398,25,1,10
8399,24,1,5
8399,27,1,5
8399,27,1,10
8399,9,1,0
8400,34,1,0
8400,52,1,10
8400,5,1,5
8400,3,2,10
8401,7,2,10
8401,15,3,5
8401,37,1,5
8401,60,1,0
8402,10,1,0
8402,34,1,0
8402,48,2,20
8402,1,1,0
8403,16,2,5
8404,22,1,0
8404,1,3,20
8404,53,1,20
8405,31,2,0
8405,17,1,10
8405,56,1,10
8405,38,1,20
8406,40,3,5
8406,35,3,0
8406,36,1,5
8407,45,3,0
8407,20,3,5
8407,2,2,10
8407,17,1,20
8408,32,1,10
8409,35,1,0
8409,9,3,10
8409,55,1,5
8409,49,2,0
8410,15,1,5
8410,1,2,5
8410,53,1,0
8411,20,1,10
8411,34,1,0
8412,44,2,0
8412,37,2,10
8412,5,1,5
8413,39,1,0
8414,30,1,0
8414,44,2,20
8414,19,3,0
8414,58,1,5
8415,49,1,0
8416,3,1,0
8417,6,1,0
8418,15,1,0
8418,5,2,0
8418,30,1,10
8419,7,1,10
8420,13,1,0
8421,11,1,10
8421,46,2,0
8421,27,1,10
8421,33,1,0
8422,54,3,10
8422,28,2,0
8422,1,2,0
8422,52,1,10
8423,50,2,20
8423,53,1,0
8424,10,1,0
8424,1,1,20
8424,19,2,0
8424,38,3,5
8425,47,1,20
8425,1,2,0
8426,20,1,20
8426,3,1,0
8427,58,1,0
8428,14,1,10
8428,6,1,5
8429,40,1,10
8429,54,1,10
8429,60,1,0
8430,19,-1,0
8430,5,1,20
8430,5,1,20
8431,51,1,0
8431,7,3,5
8431,25,1,20
8432,12,3,5
8433,2,1,20
8433,1,1,5
8434,56,1,5
8434,3,1,20
8435,36,2,5
8435,56,1,5
8435,53,1,0
8435,8,1,0
8436,13,1,0
8436,31,2,5
8436,32,1,0
8437,5,1,0
8438,2,3,0
8438,2,2,0
8439,6,1,5
8440,33,1,20
8440,2,1,5
8440,37,1,0
8441,2,1,20
8442,6,1,0
8442,20,3,0
8442,4,1,0
8442,58,1,10
8443,2,1,10
8443,17,1,10
8444,23,1,0
8444,59,1,20
8445,43,2,10
8445,13,1,10
8445,8,3,10
8445,25,2,10
8446,1,1,5
8446,6,2,10
8446,6,1,0
8446,26,1,10
8447,37,2,0
8447,36,1,10
8447,8,1,0
8447,4,1,10
8448,44,1,0
8448,7,1,0
8448,44,3,10
8448,20,1,0
8449,2,2,0
8449,5,1,0
8449,1,1,10
8449,5,1,0
8450,6,2,0
8451,3,2,5
8451,23,2,5
8452,2,1,20
8453,46,1,10
8453,29,1,20
8454,2,1,0
8454,2,2,10
8454,37,1,5
8454,1,2,0
8455,18,1,10
8455,56,1,10
8456,33,3,0
8456,6,2,20
8456,32,1,0
8456,57,1,5
8457,1,1,20
8457,15,1,5
8457,24,2,20
8458,14,1,0
8459,2,1,5
8459,3,1,10
8459,37,1,0
8459,3,1,10
8460,23,1,5
8461,55,3,10
8461,47,3,0
8462,32,3,10
8462,2,1,5
8463,8,1,20
8463,29,1,20
8463,6,1,5
8463,26,1,20
8464,14,1,10
8464,18,3,0
8464,3,1,10
8464,53,1,10
8465,54,1,0
8466,31,1,10
8467,15,2,0
8467,29,1,0
8468,29,1,0
8468,22,1,0
8468,12,2,0
8468,42,1,0
8469,45,1,20
8470,5,1,10
8470,14,1,5
8471,1,1,0
8471,23,1,5
8472,15,1,0
8472,32,2,0
8473,1,3,10
8474,5,1,10
8475,38,2,0
8475,12,1,0
8475,20,1,5
8475,13,1,0
8476,1,3,0
8477,1,1,5
8477,57,1,0
8477,2,2,0
8477,36,2,20
8478,3,1,10
8479,6,2,10
8479,7,2,0
8479,19,3,0
8479,42,1,0
8480,27,2,10
8480,13,1,0
8480,6,1,0
8480,14,2,0
8481,60,1,5
8481,8,1,5
8481,3,3,5
8482,23,3,20
8482,2,3,5
8482,16,1,10
8482,1,2,0
8483,1,1,0
8483,1,1,0
8483,5,1,0
8483,20,3,20
8484,2,1,10
8484,45,1,10
8485,20,2,20
8485,8,1,0
8485,1,1,5
8486,16,1,0
8486,1,3,20
8486,28,1,0
8486,46,1,5
8487,2,1,0
8487,3,1,20
8487,24,2,10
8488,17,1,10
8489,10,1,10
8489,2,1,0
8489,25,2,5
8489,3,1,10
8490,17,1,0
8490,22,1,0
8491,43,3,20
8491,50,2,5
8491,33,3,0
8492,53,1,10
8492,46,1,5
8492,6,1,0
8493,30,1,0
8493,53,1,20
8493,58,1,0
8493,10,1,5
8494,2,1,10
8495,17,1,20
8495,48,1,0
8496,25,1,10
8496,23,1,0
8496,1,2,5
8497,19,1,10
8497,28,3,10
8498,10,1,5
8498,17,1,0
8499,2,1,5
8499,30,2,0
8499,50,2,5
8499,15,1,0
8500,13,1,10
8500,4,2,20
8500,7,1,20
8500,52,1,0
8501,55,2,0
8501,39,3,5
8501,8,1,0
8501,9,1,0
8502,16,1,10
8503,29,1,5
8503,27,1,10
8503,20,1,5
8503,1,1,10
8504,4,1,10
8504,57,1,0
8504,51,1,10
8504,45,1,10
8505,8,1,10
8505,21,3,20
8505,24,2,0
8506,20,1,5
8506,2,2,20
8507,37,1,0
8507,28,3,10
8508,41,1,0
8508,4,2,5
8508,10,1,0
8508,41,1,20
8509,1,2,20
8509,9,1,10
8510,31,2,10
8510,2,1,5
8510,42,1,10
8511,39,2,0
8511,2,1,0
8511,19,1,5
8511,38,1,0
8512,31,1,0
8512,28,1,10
8513,1,1,0
8513,51,1,10
8513,19,1,20
8514,36,3,10
8515,30,1,5
8515,2,1,20
8516,48,3,10
8516,60,3,5
8516,2,1,5
8517,4,2,0
8517,11,2,10
8517,18,1,10
8517,26,1,0
8518,30,1,20
8519,22,2,10
8519,2,1,0
8519,23,1,0
8519,12,1,0
8520,1,1,0
8520,4,1,0
8520,13,1,10
8520,6,1,5
8521,40,1,0
8521,19,1,0
8522,7,1,0
8522,7,1,10
8522,20,2,0
8523,11,1,0
8523,28,-1,0
8523,33,1,20
8523,10,1,5
8524,27,2,10
8524,38,2,0
8524,2,1,0
8524,23,1,10
8525,41,3,0
8525,35,3,5
8525,55,1,10
8525,5,1,5
8526,16,1,10
8526,19,3,10
8527,3,1,0
8528,5,1,0
8528,33,3,0
8528,43,1,0
8529,2,2,10
8529,6,1,5
8529,34,1,20
8530,1,1,5
8530,9,1,10
8531,44,1,10
8531,38,2,0
8532,12,1,20
8532,4,1,5
8532,23,1,0
8533,8,1,10
8533,21,2,0
8533,3,1,20
8533,4,1,0
8534,30,1,0
8534,24,1,10
8535,13,1,0
8535,51,1,0
8535,15,1,0
8535,4,3,20
8536,44,3,0
8536,55,1,0
8536,46,1,0
8537,37,2,20
8537,54,1,10
8537,7,1,5
8537,3,1,5
8538,36,2,10
8538,45,1,10
8538,59,1,5
8539,14,1,5
8539,10,2,0
8539,30,3,10
8540,4,3,0
8541,1,3,0
8542,19,1,10
8542,27,1,20
8542,18,1,0
8542,4,1,0
8543,27,1,5
8543,6,1,10
8543,13,1,10
8544,8,3,0
8544,3,1,0
8545,45,2,0
8545,25,1,5
8545,28,1,20
8545,56,1,10
8546,1,2,5
8546,5,1,20
8546,5,2,0
8547,45,3,10
8547,27,1,0
8548,12,2,0
8548,4,1,20
8549,44,2,10
8549,45,1,0
8549,17,1,10
8549,52,1,10
8550,23,1,5
8550,20,2,10
8550,5,1,5
8550,2,1,20
8551,16,2,5
8551,21,1,10
8551,22,2,20
8551,38,1,0
8552,20,1,0
8552,46,2,0
8552,3,1,20
8553,33,1,20
8553,18,1,10
8553,50,3,0
8554,15,1,10
8554,35,1,0
8555,14,1,0
8555,44,3,0
8555,35,1,5
8556,33,1,0
8556,13,1,0
8556,1,1,20
8557,44,1,0
8557,26,1,0
8557,25,1,0
8558,5,1,5
8558,8,2,0
8558,46,1,0
8558,58,2,10
8559,9,1,0
8559,57,1,20
8559,15,1,20
8559,2,1,10
8560,29,1,10
8560,10,1,0
8560,1,1,0
8561,8,1,0
8561,4,3,0
8561,33,1,5
8562,45,1,0
8562,53,1,20
8563,23,3,5
8564,10,1,0
8564,19,1,0
8565,8,1,20
8565,14,1,10
8565,59,3,20
8566,48,1,20
8567,9,1,0
8568,1,1,20
8568,5,1,0
8569,34,1,10
8569,1,2,0
8570,13,2,10
8570,13,1,5
8570,24,1,10
8570,16,1,10
8571,3,1,0
8572,1,1,5
8572,9,1,5
8572,24,2,10
8573,51,1,5
8573,30,1,10
8573,48,3,10
8573,6,1,20
8574,5,1,0
8574,27,1,0
8574,1,1,0
8575,55,1,0
8575,43,1,0
8575,24,1,0
8575,19,1,5
8576,11,1,0
8576,8,1,0
8576,8,1,0
8577,15,2,20
8577,11,2,20
8578,19,1,0
8578,9,1,10
8578,56,1,5
8578,8,1,0
8579,7,1,0
8579,32,1,20
8580,2,1,0
8580,39,3,20
8580,56,1,10
8580,13,1,0
8581,9,1,10
8581,34,1,0
8581,6,1,5
8581,7,1,5
8582,58,3,10
8582,17,2,5
8582,7,1,0
8582,5,1,10
8583,35,2,0
8583,35,1,5
8584,3,1,10
8585,19,1,0
8585,58,2,0
8586,32,3,10
8586,41,1,20
8586,22,1,0
8587,2,1,5
8588,2,1,0
8588,29,1,5
8588,37,2,5
8589,44,1,0
8589,37,1,0
8589,60,2,20
8589,9,1,10
8590,32,2,5
8590,1,1,0
8590,4,1,10
8591,2,1,10
8591,8,3,10
8591,16,3,10
8592,9,1,20
8592,29,1,0
8592,1,1,5
8593,49,1,10
8593,47,1,10
8594,56,3,5
8594,53,1,0
8594,58,1,10
8594,17,2,20
8595,51,1,20
8596,7,1,0
8596,18,1,0
8596,3,1,5
8597,34,3,5
8598,51,1,20
8599,30,1,20
8599,16,1,0
8600,56,1,20
8600,4,2,0
8600,60,1,0
8600,2,1,20
8601,10,1,0
8601,3,-1,5
8601,20,1,5
8602,14,1,0
8602,43,1,20
8603,27,1,10
8603,41,2,10
8603,4,1,5
8604,9,1,0
8605,2,2,20
8605,4,1,10
8606,4,2,0
8606,18,1,10
8607,19,1,0
8607,24,1,0
8607,6,1,0
8607,28,1,0
8608,39,1,20
8608,31,2,0
8608,6,1,0
8608,8,1,0
8609,8,1,10
8609,3,1,10
8609,42,1,5
8609,55,1,0
8610,2,1,0
8610,11,1,20
8610,41,1,10
8611,5,1,10
8611,14,1,10
8612,1,1,0
8613,60,1,10
8613,10,1,10
8614,22,3,20
8614,6,1,5
8614,5,1,5
8614,25,1,0
8615,23,1,10
8615,41,2,5
8615,16,1,5
8615,2,1,0
8616,24,1,20
8616,30,1,10
8616,1,1,0
8616,21,2,0
8617,28,1,0
8618,14,2,0
8618,39,2,10
8619,7,2,0
8619,3,2,10
8619,48,3,10
8620,6,3,10
8620,15,1,0
8620,19,1,0
8621,13,1,5
8622,11,1,0
8622,23,1,10
8622,43,2,0
8622,9,2,10
8623,14,1,0
8623,24,1,0
8624,4,1,0
8625,29,1,0
8625,30,1,5
8626,9,1,5
8626,18,1,0
8626,18,1,5
8626,2,1,0
8627,1,1,0
8627,5,2,5
8627,58,3,0
8628,18,2,0
8629,25,1,20
8629,4,1,5
8629,1,1,0
8630,19,2,5
8631,1,2,5
8631,56,2,10
8631,38,2,10
8632,36,1,10
8632,23,1,0
8633,32,1,20
8634,19,1,5
8635,2,1,0
8635,26,1,10
8636,44,1,5
8636,18,1,5
8637,35,2,10
8638,4,1,10
8638,36,3,0
8639,15,1,5
8640,23,1,20
8641,5,1,20
8641,41,1,0
8642,16,1,20
8642,10,2,0
8643,2,1,0
8643,57,1,10
8644,2,2,0
8644,11,1,0
8644,4,1,10
8645,33,1,5
8646,5,2,0
8646,27,1,5
8646,26,1,0
8646,22,1,10
8647,3,1,10
8647,2,1,0
8648,23,1,0
8648,15,2,10
8648,10,1,0
8648,5,1,20
8649,7,1,0
8650,9,1,0
8650,20,1,10
8650,14,1,0
8650,19,1,0
8651,11,1,10
8652,53,1,5
8653,1,1,10
8653,2,2,20
8654,18,1,5
8654,9,1,10
8654,37,2,0
8654,14,1,10
8655,11,1,0
8655,47,1,20
8655,19,1,0
8656,56,1,0
8656,2,1,5
8656,10,3,0
8657,6,1,20
8658,18,1,5
8658,3,3,10
8658,56,1,0
8658,23,1,20
8659,1,1,20
8659,5,2,5
8659,5,1,0
8660,1,1,0
8660,30,1,20
8661,1,1,10
8661,21,1,10
8661,13,1,5
8662,2,-1,20
8662,34,1,5
8662,4,2,0
8663,43,1,10
8663,1,2,0
8663,42,1,0
8664,2,1,10
8664,49,1,0
8664,8,2,5
8665,45,3,10
8665,7,1,5
8665,53,1,0
8665,16,1,10
8666,8,2,0
8666,2,1,0
8666,13,1,10
8667,8,1,10
8667,10,1,0
8667,59,1,0
8668,3,1,0
8668,11,2,5
8668,3,1,5
8668,46,3,0
8669,6,1,0
8669,44,1,10
8669,4,1,5
8670,36,1,10
8670,33,3,10
8671,7,1,20
8671,38,1,10
8671,52,1,5
8672,1,3,20
8672,2,1,0
8673,22,2,0
8673,1,1,20
8673,3,1,20
8673,14,3,5
8674,17,2,0
8674,43,1,20
8675,2,1,0
8675,23,1,0
8675,2,2,0
8675,7,1,20
8676,38,1,10
8676,33,1,5
8676,11,3,0
8677,55,1,10
8677,11,1,5
8678,20,1,5
8679,48,2,20
8679,20,2,0
8680,6,3,20
8680,1,1,5
8681,17,1,5
8682,6,1,5
8683,1,1,0
8683,23,1,5
8683,3,-1,20
8683,25,1,10
8684,50,1,0
8685,6,1,0
8685,56,1,5
8686,10,1,0
8686,1,3,5
8686,11,2,20
8686,34,1,20
8687,11,1,10
8687,5,1,0
8688,4,1,0
8688,5,1,0
8689,39,1,20
8690,3,1,20
8691,28,3,20
8691,24,1,5
8691,23,2,20
8692,25,2,0
8692,6,1,0
8692,20,1,0
8692,5,1,10
8693,3,1,10
8693,33,1,5
8693,16,3,10
8694,18,1,0
8695,1,1,0
8695,46,1,10
8695,1,1,10
8695,4,1,10
8696,26,1,0
8696,16,1,5
8697,19,1,0
8697,38,2,10
8697,22,1,10
8698,25,1,10
8698,39,1,10
8698,46,1,5
8699,39,3,20
8699,3,1,0
8699,7,1,0
8700,15,1,5
8700,54,1,0
8700,12,1,10
8700,6,1,0
8701,59,1,0
8701,43,1,20
8701,30,1,10
8702,6,1,20
8702,35,1,0
8702,49,2,0
8703,54,1,20
8703,34,3,5
8703,23,1,5
8703,59,1,0
8704,40,2,10
8704,7,1,0
8704,46,1,20
8705,39,3,0
8706,35,3,5
8707,27,2,20
8707,54,3,0
8707,14,1,10
8708,42,1,0
8708,50,1,5
8708,29,1,0
8709,5,1,0
8709,47,2,20
8710,50,1,0
8710,32,1,20
8710,59,3,0
8710,10,2,10
8711,11,1,10
8712,57,1,10
8713,53,2,5
8713,15,2,5
8713,2,1,0
8713,1,1,10
8714,4,1,5
8714,2,2,20
8715,31,1,10
8715,1,1,10
8716,40,1,10
8717,2,1,0
8717,9,1,10
8718,10,1,10
8719,7,3,10
8719,30,-1,0
8719,23,2,20
8720,16,2,0
8720,4,1,5
8721,13,1,10
8721,35,1,0
8721,23,1,0
8722,1,3,0
8722,58,2,10
8722,2,1,10
8723,1,1,0
8723,4,1,10
8724,54,2,0
8724,13,1,5
8725,28,2,5
8725,6,1,0
8726,15,2,0
8726,26,2,20
8726,55,1,20
8727,12,1,5
8727,12,1,20
8727,2,1,5
8727,40,1,5
8728,55,2,0
8728,1,2,10
8728,44,1,10
8729,4,1,10
8730,54,2,0
8731,22,1,0
8732,46,2,0
8733,25,2,10
8734,32,1,5
8735,50,1,20
8735,7,1,0
8736,19,1,20
8736,49,2,0
8736,37,1,0
8737,2,1,20
8737,5,1,20
8738,27,1,20
8738,4,1,0
8738,7,2,0
8738,7,1,10
8739,5,2,20
8739,32,1,0
8739,8,1,0
8739,45,1,10
8740,60,1,0
8740,12,2,20
8740,49,1,5
8741,18,1,0
8741,29,1,0
8742,55,1,10
8742,23,1,5
8742,59,3,0
8742,6,1,20
8743,58,1,0
8744,4,1,10
8744,51,2,20
8744,32,1,10
8745,52,1,0
8745,37,1,5
8745,8,1,10
8745,4,2,10
8746,60,1,10
8746,35,1,10
8747,46,1,0
8747,25,2,0
8747,1,1,10
8748,49,1,0
8748,32,1,0
8748,47,1,0
8748,8,1,10
8749,15,1,0
8749,46,3,5
8749,47,3,0
8749,39,2,0
8750,12,1,10
8750,40,1,0
8751,17,3,5
8751,2,2,20
8752,11,2,0
8753,30,1,20
8753,32,1,0
8753,19,2,5
8754,48,1,0
8755,20,1,0
8756,41,1,0
8756,52,1,0
8756,4,1,20
8757,3,2,10
8757,46,1,5
8758,16,2,0
8759,2,1,20
8759,1,1,0
8759,29,1,0
8759,34,1,0
8760,1,1,0
8761,49,2,0
8761,37,2,10
8761,31,1,0
8762,45,1,10
8762,55,2,20
8762,57,3,20
8762,39,1,20
8763,5,1,20
8764,53,2,0
8765,11,1,0
8765,15,2,0
8765,1,1,5
8766,32,2,20
8766,2,1,0
8766,54,1,5
8767,9,2,5
8767,18,1,5
8767,40,1,0
8767,13,1,0
8768,1,1,0
8768,7,1,0
8768,14,2,20
8768,39,1,0
8769,28,2,0
8770,30,1,0
8770,1,2,20
8770,56,1,10
8771,2,1,20
8771,16,1,0
8771,2,1,20
8772,6,2,0
8772,7,1,5
8772,1,2,20
8772,28,1,0
8773,21,1,10
8773,18,3,0
8773,15,1,20
8774,45,2,0
8774,8,1,0
8774,4,1,20
8774,44,1,20
8775,44,2,0
8776,37,1,0
8776,3,1,20
8776,1,3,0
8776,22,1,0
8777,4,1,0
8777,31,2,0
8777,42,1,0
8778,3,1,0
8778,15,1,10
8778,23,1,0
8778,15,1,5
8779,53,1,5
8779,54,1,0
8779,44,1,0
8779,1,1,0
8780,55,2,5
8780,37,2,0
8780,31,1,10
8781,13,1,0
8781,60,2,0
8781,2,1,0
8781,52,1,5
8782,54,1,10
8783,23,2,10
8784,31,1,10
8784,6,2,0
8785,2,1,0
8785,8,1,5
8785,43,1,10
8785,10,1,0
8786,34,1,0
8786,1,2,0
8786,47,1,0
8786,39,1,0
8787,23,1,10
8788,21,3,0
8788,44,1,0
8788,2,1,20
8789,12,1,10
8789,55,1,5
8790,9,1,0
8791,52,1,0
8792,10,1,5
8792,40,1,10
8792,52,2,5
8792,1,1,10
8793,14,1,10
8794,1,1,0
8794,7,1,5
8794,52,1,20
8795,32,2,20
8795,22,2,0
8795,19,1,20
8795,27,1,10
8796,46,3,0
8797,44,1,5
8798,56,2,5
8798,4,1,10
8798,2,1,0
8798,39,1,0
8799,58,1,10
8799,1,1,10
8799,10,1,0
8799,7,1,10
8800,3,1,0
8801,6,3,10
8801,2,1,5
8801,38,1,20
8802,55,1,0
8802,1,2,10
8803,36,1,0
8804,25,3,0
8804,13,1,20
8804,10,2,10
8805,32,1,0
8805,1,1,10
8805,1,1,10
8805,33,1,20
8806,34,1,0
8806,4,2,20
8807,12,1,0
8807,39,1,5
8807,1,1,20
8807,14,2,10
8808,18,1,20
8808,30,1,0
8808,27,1,10
8808,2,1,5
8809,19,2,0
8809,46,1,0
8809,34,1,0
8809,7,1,20
8810,6,1,5
8811,27,1,5
8811,13,1,10
8812,4,1,20
8812,1,2,10
8812,49,1,10
8813,45,2,0
8813,48,1,10
8813,19,2,10
8814,4,3,0
8815,18,1,10
8815,14,1,0
8815,29,1,20
8815,59,1,20
8816,5,2,0
8816,35,3,10
8817,16,2,0
8818,38,1,10
8818,3,1,10
8818,15,2,0
8818,10,1,0
8819,15,1,0
8819,52,1,20
8820,21,1,5
8820,21,1,5
8820,1,1,0
8821,17,1,10
8822,30,1,0
8822,8,1,0
8823,55,1,5
8823,42,1,0
8824,58,1,10
8824,10,2,5
8824,19,1,10
8825,26,1,0
8825,13,1,20
8825,5,1,0
8825,9,2,0
8826,28,1,20
8826,4,1,0
8826,6,1,5
8826,33,1,5
8827,2,1,20
8827,1,2,0
8827,15,1,0
8827,21,1,20
8828,8,1,0
8828,4,1,0
8828,36,1,5
8829,44,1,10
8829,56,1,5
8829,13,1,0
8830,2,1,5
8831,35,1,10
8832,58,1,20
8832,7,1,0
8833,7,1,5
8833,3,1,5
8834,1,2,10
8834,45,1,10
8834,25,2,10
8835,1,1,0
8836,4,1,5
8836,2,2,0
8836,4,1,5
8837,3,1,10
8837,10,1,20
8837,32,1,5
8838,7,2,0
8838,11,1,5
8838,3,2,0
8838,2,1,0
8839,12,1,0
8839,16,1,0
8840,35,1,0
8841,4,1,0
8842,10,1,0
8842,22,1,10
8842,35,1,0
8843,37,1,5
8844,44,1,0
8844,49,3,0
8844,22,1,20
8845,1,1,5
8845,21,1,10
8846,2,1,10
8847,29,1,0
8847,5,1,10
8848,15,1,0
8849,22,1,0
8849,50,1,0
8849,1,1,5
8850,7,2,0
8850,2,1,0
8850,33,1,10
8850,19,1,20
8851,11,2,10
8851,4,1,0
8851,41,1,10
8852,33,1,0
8853,3,1,0
8853,17,1,20
8854,40,1,0
8854,1,1,5
8854,28,1,5
8855,27,2,10
8855,16,1,0
8855,21,1,0
8855,57,1,0
8856,51,2,0
8856,10,2,20
8857,13,2,5
8857,1,1,0
8857,9,2,0
8857,6,1,0
8858,59,1,0
8858,44,2,0
8858,9,1,5
8858,9,1,10
8859,29,1,0
8859,17,1,10
8859,57,3,10
8859,1,1,5
8860,35,2,5
8860,25,2,20
8860,24,1,0
8861,45,1,0
8861,43,1,0
8862,5,1,0
8862,42,2,0
8862,15,1,5
8862,5,1,10
8863,58,1,0
8863,20,2,5
8863,24,1,10
8864,55,2,10
8864,32,1,0
8865,8,1,5
8866,5,1,0
8867,51,1,5
8868,11,3,0
8868,20,2,10
8868,19,2,0
8868,16,1,5
8869,29,1,10
8869,9,1,10
8870,3,1,20
8870,2,1,0
8870,32,1,5
8870,54,1,5
8871,3,1,0
8871,2,1,10
8871,7,1,10
8872,12,1,20
8872,42,3,5
8873,34,1,20
8873,14,1,10
8873,19,1,0
8874,56,1,20
8874,25,1,0
8874,11,1,10
8874,19,3,0
8875,47,1,5
8875,4,2,0
8875,15,1,20
8876,15,1,0
8877,2,1,10
8878,46,1,0
8878,18,1,5
8879,5,3,5
8879,18,1,10
8880,2,1,20
8881,5,1,5
8881,1,1,0
8881,1,1,0
8881,17,1,0
8882,40,1,0
8883,7,1,20
8883,35,1,0
8883,7,2,10
8883,35,1,0
8884,42,3,10
8884,1,1,0
8884,38,1,20
8885,41,1,0
8885,49,1,10
8885,4,1,0
8885,45,1,0
8886,6,2,0
8886,24,3,0
8886,3,1,5
8887,35,1,0
8887,7,3,0
8887,3,2,20
8887,16,1,5
8888,4,3,5
8888,1,1,0
8888,19,3,20
8888,38,1,0
8889,31,1,10
8889,7,2,5
8889,7,3,0
8889,27,1,10
8890,38,2,0
8890,48,1,20
8891,10,1,10
8891,11,1,10
8891,4,1,10
8892,50,1,0
8892,19,2,5
8892,18,1,10
8893,25,1,10
8893,34,2,0
8893,38,1,0
8894,46,3,0
8894,2,2,10
8894,55,1,10
8894,3,3,0
8895,10,1,0
8895,6,1,5
8895,8,1,0
8896,3,1,20
8896,1,1,0
8897,24,1,10
8897,6,2,0
8897,1,2,0
8897,30,1,10
8898,2,1,5
8898,47,3,0
8898,53,2,10
8898,18,1,0
8899,1,1,0
8899,30,2,10
8899,53,2,0
8899,1,2,0
8900,14,3,0
8900,2,3,0
8900,1,3,0
8901,57,2,0
8901,30,1,0
8902,1,1,0
8902,3,1,0
8902,5,1,0
8902,14,1,20
8903,6,1,20
8903,10,2,20
8904,10,1,10
8904,48,1,0
8904,21,1,20
8904,8,1,10
8905,14,1,0
8906,25,1,0
8906,1,1,0
8906,14,1,20
8907,2,1,10
8907,15,1,10
8907,32,2,0
8908,60,1,0
8908,50,1,0
8908,12,3,5
8908,1,1,10
8909,43,1,10
8909,6,1,0
8909,25,3,0
8909,8,1,10
8910,18,1,5
8910,6,1,10
8911,46,1,10
8911,52,2,0
8911,59,1,10
8911,23,1,10
8912,2,2,0
8913,6,1,0
8913,12,2,5
8913,34,2,10
8913,3,1,10
8914,13,1,0
8915,9,1,10
8916,56,1,10
8916,28,2,20
8917,8,1,5
8917,7,2,0
8918,56,1,0
8918,28,1,20
8919,26,1,10
8919,2,1,0
8919,6,1,10
8920,2,1,5
8920,5,1,10
8920,1,1,20
8920,60,1,20
8921,1,1,0
8921,12,2,10
8921,13,1,5
8922,22,1,0
8922,2,1,0
8922,12,1,0
8922,21,1,0
8923,8,2,0
8923,56,1,5
8924,22,2,0
8924,6,3,20
8925,12,1,0
8925,60,1,0
8925,39,3,0
8925,6,3,10
8926,35,3,5
8927,18,1,0
8927,5,1,10
8927,2,1,0
8927,15,2,0
8928,48,1,0
8928,2,3,0
8928,4,1,20
8929,10,1,10
8929,10,1,10
8929,54,1,10
8929,3,1,10
8930,7,1,5
8930,46,1,20
8930,34,2,0
8931,6,2,0
8931,1,2,10
8931,8,1,20
8932,7,1,0
8932,17,1,5
8932,58,3,10
8933,20,1,0
8933,44,1,5
8933,3,1,5
8933,15,1,20
8934,4,1,0
8934,20,2,0
8935,26,1,0
8935,1,1,10
8935,45,1,0
8935,19,1,0
8936,40,1,20
8936,7,1,20
8936,1,1,5
8937,3,3,0
8937,4,1,0
8937,44,1,0
8937,2,3,20
8938,16,1,0
8938,13,1,0
8938,53,1,20
8938,11,1,5
8939,2,1,10
8940,39,1,0
8940,4,1,0
8940,6,2,0
8941,29,1,10
8942,2,2,10
8942,3,2,5
8942,41,1,5
8943,11,2,0
8943,1,1,0
8943,55,1,10
8943,51,1,0
8944,30,3,10
8945,23,1,0
8946,1,2,10
8946,9,3,0
8947,4,1,5
8947,2,1,0
8947,31,1,0
8948,58,1,0
8948,8,1,0
8948,9,1,10
8949,23,1,0
8949,3,3,20
8949,35,1,5
8950,23,1,0
8951,57,1,0
8951,31,1,0
8951,18,1,0
8952,1,1,0
8952,32,1,10
8952,19,1,0
8952,1,1,10
8953,7,2,5
8954,13,1,10
8955,33,1,5
8956,36,1,0
8956,48,1,5
8956,1,3,0
8957,23,3,5
8957,42,1,10
8958,45,1,5
8958,30,3,0
8958,57,1,5
8959,49,1,0
8959,9,1,0
8959,35,1,10
8960,5,1,0
8960,25,1,0
8960,5,1,5
8961,19,1,20
8961,23,2,20
8961,59,1,20
8962,3,1,0
8963,15,1,10
8963,43,2,5
8963,47,1,10
8963,4,1,20
8964,1,2,10
8964,1,1,0
8964,49,1,0
8965,11,1,5
8965,39,2,20
8965,2,1,20
8965,3,1,0
8966,6,2,10
8966,43,2,0
8966,1,3,0
8967,29,1,5
8967,12,1,10
8967,32,1,10
8967,50,1,0
8968,47,1,5
8968,14,1,0
8968,9,1,0
8968,6,3,10
8969,22,3,10
8970,6,1,20
8970,55,1,0
8970,47,2,0
8971,6,2,0
8972,1,3,0
8973,46,1,0
8973,4,1,10
8973,30,1,0
8973,3,2,0
8974,16,2,5
8974,25,1,20
8974,47,1,10
8974,31,1,10
8975,1,1,20
8975,11,3,5
8975,17,1,5
8976,1,1,20
8976,15,1,0
8976,35,1,5
8977,1,1,20
8978,7,1,10
8978,30,1,10
8978,3,1,20
8978,5,1,10
8979,11,1,0
8979,6,1,5
8979,4,3,0
8980,11,1,0
8980,45,1,20
8980,27,1,10
8981,10,1,10
8981,14,1,10
8981,4,1,20
8982,30,3,5
8982,44,3,0
8982,60,3,10
8982,2,1,10
8983,45,1,0
8983,48,2,5
8983,25,2,0
8984,15,1,0
8984,2,1,0
8985,4,2,0
8985,49,3,10
8985,16,1,0
8985,23,1,10
8986,7,1,5
8986,18,2,0
8986,57,1,10
8987,10,1,0
8987,5,1,20
8988,2,1,10
8988,41,1,5
8989,13,1,0
8990,1,2,0
8991,1,1,10
8991,7,1,0
8992,39,1,10
8992,6,1,10
8992,5,3,10
8992,12,3,5
8993,31,1,10
8993,20,1,10
8993,24,1,20
8994,36,2,10
8994,24,1,10
8994,2,1,0
8994,44,1,0
8995,9,1,5
8996,2,1,5
8997,1,1,0
8997,5,1,10
8998,44,1,10
8998,5,1,5
8998,14,2,5
8999,2,1,10
8999,1,1,5
8999,10,1,5
8999,5,1,0
9000,42,1,10
9000,33,1,10
9000,19,1,20
9001,1,1,0
9001,51,2,5
9002,27,1,20
9003,17,3,0
9003,5,2,20
9004,2,1,10
9004,32,2,5
9004,6,2,20
9005,1,2,20
9005,55,1,20
9005,13,1,10
9006,55,1,20
9006,33,1,10
9006,47,3,20
9007,3,1,20
9007,26,2,10
9007,20,1,5
9007,2,1,0
9008,1,2,5
9009,12,1,0
9009,42,1,0
9009,59,1,10
9009,43,1,10
9010,23,1,0
9010,60,1,10
9011,36,3,0
9012,3,1,0
9012,58,3,0
9013,54,1,0
9014,51,1,5
9014,34,1,0
9014,43,1,5
9015,60,1,0
9016,2,1,0
9016,59,3,10
9017,23,1,10
9017,28,1,10
9017,5,1,0
9017,15,1,10
9018,42,1,10
9018,8,3,0
9018,10,3,10
9019,20,3,0
9019,6,1,0
9019,25,3,0
9020,58,3,10
9021,17,1,0
9021,45,2,5
9021,43,2,0
9022,19,1,0
9022,27,2,0
9022,7,2,20
9022,16,1,0
9023,25,1,5
9023,6,1,10
9023,45,1,0
9024,35,1,0
9025,46,1,10
9026,3,1,0
9026,16,1,0
9026,8,1,10
9026,4,1,0
9027,55,1,10
9027,10,1,5
9027,13,1,0
9027,45,1,0
9028,57,1,10
9028,5,1,0
9029,11,1,5
9030,3,1,0
9030,56,1,5
9031,35,1,0
9031,1,1,0
9031,13,1,10
9031,2,1,0
9032,30,1,5
9032,1,1,20
9032,4,1,0
9032,2,2,20
9033,14,1,5
9034,34,1,0
9034,11,1,10
9034,4,2,20
9035,3,3,0
9035,3,2,5
9036,5,1,0
9036,2,2,5
9036,54,1,10
9036,3,2,5
9037,60,1,5
9038,24,3,5
9038,22,1,0
9038,8,1,0
9038,10,1,0
9039,49,2,10
9040,1,1,10
9040,29,1,0
9040,7,1,0
9040,55,1,5
9041,54,1,0
9041,2,1,5
9041,7,1,20
9042,37,1,10
9043,15,2,0
9043,41,1,0
9043,17,1,0
9043,18,1,10
9044,12,1,10
9044,29,1,0
9044,7,1,5
9045,14,1,20
9046,11,3,0
9046,31,1,20
9046,28,1,0
9046,3,1,5
9047,8,1,5
9047,26,1,20
9047,26,2,10
9048,49,2,10
9048,13,1,0
9048,3,1,20
9049,28,3,5
9049,48,1,10
9049,9,3,0
9050,35,1,0
9050,26,3,10
9051,37,2,20
9051,2,1,5
9051,30,1,0
9051,26,1,0
9052,46,1,20
9052,4,1,10
9053,51,3,10
9053,42,1,10
9053,7,1,20
9053,52,1,0
9054,48,1,0
9054,58,1,0
9055,2,1,10
9055,11,1,0
9055,32,1,0
9055,1,2,0
9056,17,1,5
9056,8,1,0
9057,17,1,0
9057,46,3,0
9057,3,2,20
9057,4,3,5
9058,13,1,10
9058,1,2,10
9059,1,1,10
9059,44,2,0
9059,44,1,0
9059,44,1,10
9060,7,1,0
9061,41,1,5
9061,57,1,20
9061,11,1,0
9062,14,1,10
9062,8,3,20
9062,21,1,0
9063,31,1,5
9064,47,2,20
9064,17,1,5
9065,1,1,0
9065,23,3,20
9065,51,1,0
9066,10,1,0
9067,1,3,5
9068,3,2,10
9069,12,1,0
9069,24,1,5
9069,26,1,10
9070,2,1,0
9070,17,1,0
9070,31,1,0
9070,2,2,0
9071,3,3,20
9071,1,2,20
9071,2,1,5
9071,16,1,10
9072,50,1,10
9072,57,1,5
9072,9,1,10
9072,26,3,10
9073,5,1,0
9074,47,1,0
9074,14,3,0
9075,37,2,10
9076,2,1,20
9076,1,1,10
9076,52,1,5
9076,6,1,0
9077,47,1,0
9077,27,1,0
9078,58,2,10
9078,37,1,5
9079,16,1,5
9080,3,1,5
9080,14,1,10
9081,4,1,0
9081,13,1,0
9081,3,1,0
9081,5,1,5
9082,1,3,0
9082,51,1,0
9082,21,1,0
9083,2,1,5
9084,45,1,10
9085,57,3,20
9085,2,2,0
9086,50,1,0
9086,47,3,10
9086,3,2,0
9086,12,1,5
9087,1,1,5
9087,47,1,0
9087,32,1,20
9088,38,1,0
9088,26,2,10
9089,60,1,0
9089,19,2,0
9089,13,2,0
9089,34,1,10
9090,11,1,0
9091,1,1,10
9091,22,1,10
9091,6,1,0
9091,47,1,0
9092,38,1,5
9093,10,1,0
9094,35,2,0
9094,7,3,20
9094,26,1,5
9095,3,1,5
9096,39,1,0
9096,34,3,10
9096,11,1,0
9097,21,2,5
9097,6,2,10
9097,41,1,10
9097,56,1,0
9098,1,1,0
9098,11,1,0
9098,53,1,10
9098,36,2,5
9099,24,2,0
9099,29,2,0
9099,22,1,10
9099,4,1,20
9100,26,1,20
9100,3,1,0
9101,2,1,0
9102,6,1,20
9102,25,2,10
9102,10,1,5
9103,3,1,10
9103,19,1,20
9104,3,2,0
9105,21,1,10
9105,1,1,20
9106,2,1,5
9106,35,1,0
9106,4,1,10
9107,13,1,0
9107,33,1,0
9107,39,1,20
9108,3,1,5
9108,12,1,0
9109,8,2,20
9109,46,1,0
9109,1,1,0
9110,3,1,0
9110,9,1,20
9110,1,1,0
9110,2,1,20
9111,18,1,20
9111,29,1,5
9111,9,1,10
9112,7,1,20
9112,40,1,0
9112,46,3,20
9112,14,2,10
9113,2,1,5
9113,7,1,20
9113,12,1,10
9114,3,2,5
9114,32,1,0
9114,55,1,5
9115,18,1,0
9115,26,3,0
9116,21,1,5
9116,6,1,10
9116,29,1,10
9117,6,2,0
9118,44,1,0
9119,6,1,20
9119,17,1,5
9119,11,1,0
9119,1,3,0
9120,14,1,20
9120,55,2,10
9120,53,2,0
9121,13,1,5
9121,1,1,5
9121,5,2,10
9121,12,1,5
9122,21,1,20
9122,41,1,0
9122,35,1,0
9123,3,2,0
9123,45,1,0
9124,48,1,10
9125,7,1,0
9126,52,1,5
9127,40,1,0
9128,2,2,5
9128,22,1,10
9129,41,2,20
9130,3,1,10
9130,13,1,0
9131,44,1,10
9131,2,1,10
9131,55,1,10
9131,58,1,10
9132,11,1,5
9132,11,2,10
9132,53,1,10
9132,42,1,0
9133,11,2,20
9133,6,1,0
9134,4,1,5
9135,14,1,10
9135,1,2,0
9136,17,2,0
9137,5,1,0
9137,12,2,5
9137,6,3,20
9137,3,3,20
9138,37,1,5
9138,25,1,0
9138,31,1,10
9139,23,1,20
9140,42,1,0
9140,47,2,10
9140,25,1,10
9141,11,1,0
9141,17,2,5
9141,55,1,0
9141,60,3,5
9142,30,2,0
9142,4,1,0
9142,40,2,5
9142,5,3,5
9143,4,2,20
9143,51,1,5
9143,2,2,10
9143,15,2,0
9144,40,1,0
9144,26,1,5
9144,51,1,20
9144,15,1,20
9145,1,1,5
9145,1,1,5
9145,55,3,20
9145,43,1,20
9146,9,2,5
9146,1,2,0
9146,14,1,10
9147,2,2,5
9147,6,1,20
9147,28,1,5
9147,44,1,5
9148,16,1,20
9148,12,1,5
9148,47,1,20
9149,1,1,5
9149,4,1,10
9150,60,1,5
9151,32,1,0
9151,9,1,0
9152,28,1,5
9152,43,1,10
9152,36,1,20
9152,6,1,0
9153,12,1,5
9153,4,1,0
9153,1,1,0
9153,58,1,5
9154,32,1,10
9154,25,1,5
9154,9,1,0
9155,26,1,0
9155,21,1,10
9155,55,1,0
9156,20,3,10
9156,27,1,0
9156,20,3,10
9156,12,3,0
9157,1,1,0
9157,25,1,10
9158,33,1,0
9158,19,1,10
9158,31,2,5
9158,3,3,5
9159,7,1,10
9159,50,1,5
9159,58,2,20
9160,2,1,0
9160,6,1,20
9160,35,1,10
9160,5,1,5
9161,47,2,20
9161,4,1,5
9162,51,2,0
9162,43,1,0
9163,6,1,5
9164,22,3,20
9164,16,1,0
9164,32,1,5
9164,11,1,10
9165,13,-1,5
9165,24,1,0
9165,16,1,20
9165,39,1,0
9166,7,2,10
9166,11,1,0
9166,51,1,10
9167,5,1,20
9167,12,1,10
9167,5,1,5
9167,4,1,0
9168,27,1,20
9168,30,2,20
9168,57,2,5
9168,12,1,0
9169,18,1,10
9169,21,1,0
9170,7,2,0
9170,32,2,20
9170,56,2,10
9170,4,2,0
9171,56,1,5
9171,7,1,20
9171,26,1,20
9172,16,2,0
9172,14,1,10
9173,1,3,0
9173,10,2,0
9173,2,1,0
9173,42,1,10
9174,6,2,20
9174,46,1,10
9175,5,1,20
9176,11,3,5
9177,1,1,0
9177,40,1,10
9178,48,1,5
9179,18,1,10
9180,24,1,20
9180,4,1,10
9180,11,1,0
9180,1,1,0
9181,54,1,10
9181,46,2,0
9182,46,1,5
9182,5,2,0
9182,19,2,10
9182,9,1,20
9183,5,2,0
9183,6,1,0
9184,45,1,10
9185,8,2,0
9186,36,2,10
9187,28,2,10
9187,2,2,5
9187,4,1,0
9187,48,1,10
9188,8,1,10
9189,5,3,0
9189,15,1,0
9190,56,3,5
9190,20,1,10
9191,3,1,10
9191,4,2,0
9191,1,1,0
9192,16,1,5
9192,11,1,5
9192,20,1,5
9192,4,3,5
9193,3,1,5
9194,54,1,20
9194,23,2,10
9195,32,1,0
9195,15,1,20
9195,12,1,20
9196,1,1,20
9196,9,1,10
9196,57,1,20
9197,3,1,0
9197,25,1,20
9197,5,1,10
9197,53,1,10
9198,2,1,20
9198,14,1,10
9199,1,1,10
9199,3,1,0
9199,48,1,0
9199,2,1,0
9200,41,1,5
9201,4,1,0
9201,3,1,5
9202,52,1,20
9202,16,2,5
9203,9,1,20
9203,53,1,5
9203,40,1,5
9203,23,1,0
9204,7,1,0
9204,53,1,0
9205,14,1,20
9206,2,1,10
9206,52,1,0
9207,28,1,0
9208,50,3,5
9209,17,1,0
9209,33,3,10
9209,1,2,10
9210,7,1,10
9210,14,2,10
9211,3,1,20
9211,52,1,0
9212,21,2,20
9213,6,2,0
9213,23,1,10
9213,1,1,10
9214,39,1,10
9214,14,1,10
9214,4,1,0
9214,43,1,0
9215,24,1,0
9215,2,1,0
9215,14,1,10
9216,42,2,10
9216,7,1,5
9216,27,1,10
9217,2,1,5
9218,2,3,20
9218,19,2,5
9218,19,2,20
9218,1,1,5
9219,58,1,0
9219,15,1,0
9220,5,1,0
9220,56,1,5
9220,53,1,20
9220,47,1,0
9221,1,1,0
9222,5,1,20
9222,8,1,10
9222,44,1,5
9223,51,3,0
9223,1,1,5
9223,39,1,10
9223,1,1,10
9224,4,1,20
9224,3,1,0
9225,33,3,10
9225,7,1,10
9225,6,1,10
9225,18,2,0
9226,21,1,0
9227,2,1,0
9228,6,2,0
9228,13,3,0
9229,40,1,10
9229,2,1,20
9229,53,3,10
9230,23,1,5
9230,17,1,10
9230,35,1,0
9231,4,2,0
9231,1,1,0
9231,45,2,10
9232,20,3,0
9232,59,1,5
9233,26,2,10
9233,33,2,0
9233,50,1,10
9233,32,1,0
9234,12,2,20
9234,7,1,0
9234,16,2,20
9234,17,1,0
9235,16,1,0
9235,15,1,10
9236,56,1,0
9236,29,1,20
9236,8,2,10
9236,47,1,0
9237,43,3,0
9238,7,2,0
9238,33,1,10
9238,23,3,20
9238,11,1,10
9239,15,2,0
9239,25,1,20
9239,50,2,10
9239,29,1,5
9240,55,3,10
9240,25,1,0
9241,39,1,0
9241,37,1,0
9241,48,2,10
9242,8,1,5
9242,10,1,0
9242,17,1,10
9242,17,1,10
9243,32,1,0
9243,4,1,20
9244,4,1,0
9244,4,1,20
9245,29,1,5
9245,4,1,20
9245,26,1,5
9246,47,1,0
9246,23,1,0
9247,16,1,10
9247,2,1,0
9247,29,1,10
9248,15,1,5
9248,17,2,0
9248,18,1,10
9248,29,1,0
9249,55,1,5
9249,8,1,0
9250,18,2,0
9250,5,2,20
9250,46,2,20
9251,1,2,5
9251,6,1,0
9252,56,1,20
9252,5,1,0
9253,59,1,5
9254,12,3,10
9254,12,3,0
9255,26,1,20
9255,52,-1,20
9255,35,2,10
9256,14,1,20
9257,24,1,20
9258,3,2,0
9258,14,1,5
9259,45,1,10
9259,33,1,10
9259,12,1,5
9259,58,1,20
9260,4,1,0
9261,56,2,0
9261,18,2,0
9261,19,1,10
9262,40,1,5
9262,16,1,0
9263,41,1,10
9263,41,2,0
9264,30,1,0
9264,6,1,10
9265,54,2,0
9265,6,2,10
9266,13,2,5
9266,44,1,0
9267,43,1,0
9267,7,1,0
9268,16,1,0
9268,1,3,10
9268,39,1,10
9269,5,1,10
9269,6,3,20
9269,46,1,20
9269,4,1,20
9270,19,2,5
9270,13,1,5
9270,14,1,10
9271,4,1,5
9271,27,3,20
9272,29,2,10
9272,9,1,10
9273,42,2,10
9273,31,1,0
9274,3,1,20
9274,42,2,0
9274,1,1,20
9274,23,1,0
9275,4,2,20
9275,8,1,10
9275,45,1,0
9276,3,1,10
9276,6,1,10
9277,9,1,0
9277,19,1,0
9277,8,1,0
9278,33,1,5
9279,12,2,0
9279,18,1,5
9280,2,3,0
9280,26,3,5
9281,39,3,10
9281,2,1,10
9282,28,1,20
9283,31,3,0
9283,14,1,0
9283,4,2,5
9284,9,1,10
9284,16,2,0
9284,42,1,5
9285,2,1,5
9285,5,2,10
9285,29,1,0
9286,1,1,5
9286,22,2,20
9287,7,1,0
9288,51,1,0
9288,2,1,10
9289,6,2,10
9289,52,1,10
9289,21,1,20
9289,40,2,0
9290,3,1,0
9291,44,1,0
9292,16,1,0
9293,24,1,0
9293,3,1,0
9293,54,1,0
9294,6,3,5
9294,47,2,5
9295,10,1,10
9295,3,1,0
9295,5,1,10
9295,22,1,20
9296,58,1,10
9296,47,2,10
9296,36,1,10
9297,57,2,20
9297,10,2,0
9298,26,1,20
9298,16,1,5
9299,10,1,20
9299,52,2,20
9300,1,1,0
9300,2,1,0
9301,12,3,10
9302,3,1,20
9303,16,1,10
9303,16,2,0
9304,5,1,10
9304,35,1,20
9305,24,1,10
9305,57,1,5
9305,43,2,10
9305,51,2,5
9306,44,3,10
9306,19,1,20
9307,2,2,10
9307,3,1,5
9307,37,1,0
9308,23,1,0
9308,2,2,10
9309,39,3,10
9309,8,1,10
9309,1,1,5
9310,6,1,5
9310,48,1,0
9310,36,2,5
9310,5,1,0
9311,47,1,0
9311,50,2,5
9312,4,1,0
9312,27,1,0
9312,42,1,0
9312,24,1,0
9313,10,1,0
9313,43,2,10
9314,37,1,0
9314,7,1,5
9314,1,3,10
9314,16,1,5
9315,16,1,5
9315,57,1,0
9316,30,3,20
9316,11,1,0
9316,4,2,20
9316,49,1,0
9317,12,1,10
9317,1,1,5
9317,17,1,0
9317,52,1,10
9318,54,1,20
9318,3,1,10
9318,56,1,5
9319,47,2,5
9319,1,1,0
9320,5,1,0
9320,39,1,5
9321,40,1,0
9321,11,3,10
9321,3,2,10
9322,2,2,20
9323,12,1,5
9323,10,2,0
9324,45,2,5
9324,50,1,10
9324,26,2,0
9325,6,1,10
9325,43,1,20
9325,15,1,10
9326,21,1,0
9326,51,1,0
9326,54,1,5
9327,10,1,20
9328,51,1,5
9328,48,1,0
9329,56,1,10
9329,27,1,5
9329,7,1,0
9330,53,1,20
9330,13,2,20
9330,35,3,0
9330,33,3,20
9331,25,2,0
9332,18,1,5
9333,32,1,5
9333,52,1,10
9333,2,3,10
9333,4,1,5
9334,26,1,5
9334,29,1,0
9334,36,2,5
9335,6,1,5
9335,4,1,0
9336,3,3,10
9337,33,1,0
9337,50,2,0
9337,6,1,0
9338,46,1,0
9338,59,1,0
9338,1,1,5
9338,14,3,5
9339,11,1,0
9339,22,1,0
9339,38,2,0
9340,5,1,20
9340,38,1,20
9340,1,1,0
9341,59,1,10
9342,16,1,5
9342,56,1,0
9342,34,1,0
9343,5,-1,10
9344,51,1,0
9344,22,1,5
9345,50,1,0
9345,31,1,0
9345,37,1,5
9346,13,1,5
9346,21,1,20
9346,39,1,0
9347,24,3,20
9347,21,1,20
9347,29,3,10
9347,25,1,10
9348,31,1,5
9348,2,1,0
9348,20,1,0
9349,14,1,10
9349,24,1,5
9349,50,1,5
9350,4,1,20
9350,5,2,10
9350,35,3,5
9351,50,3,0
9351,2,1,5
9351,5,2,10
9351,21,1,5
9352,3,1,0
9352,4,1,5
9352,14,2,20
9353,36,2,10
9353,11,1,20
9353,4,3,20
9353,2,2,5
9354,20,1,0
9354,23,2,5
9355,60,1,10
9355,5,2,10
9356,17,2,5
9356,8,1,5
9356,18,1,0
9357,54,2,0
9358,3,2,10
9358,2,1,0
9358,2,1,0
9358,9,1,20
9359,23,2,20
9359,45,2,20
9360,7,1,20
9360,37,2,5
9360,23,2,10
9360,22,1,0
9361,10,3,0
9361,50,1,5
9362,49,1,20
9362,2,1,5
9363,9,1,10
9364,7,3,10
9364,52,1,10
9365,4,1,10
9365,39,1,0
9366,2,1,20
9366,6,1,20
9367,10,2,20
9368,10,1,20
9368,42,2,0
9368,10,1,10
9368,39,1,20
9369,27,1,0
9369,2,1,5
9370,47,3,0
9370,54,1,10
9371,35,1,5
9371,15,2,5
9372,14,1,10
9373,1,3,0
9373,20,2,20
9373,44,1,0
9373,15,2,20
9374,5,1,0
9374,6,3,5
9374,21,3,5
9375,6,1,10
9375,52,1,0
9375,22,1,5
9375,55,1,0
9376,49,1,0
9376,12,2,5
9376,56,2,5
9376,30,3,5
9377,6,1,20
9377,44,1,10
9378,38,2,5
9378,10,1,0
9378,7,1,0
9379,10,1,20
9379,10,1,0
9380,26,1,5
9381,20,1,10
9381,3,1,10
9381,57,1,0
9381,29,1,0
9382,9,1,5
9383,14,2,0
9383,10,1,5
9383,1,3,0
9384,26,1,0
9384,1,1,5
9385,2,2,5
9385,3,2,0
9385,1,2,10
9385,16,2,0
9386,9,2,20
9386,4,1,5
9387,56,2,20
9387,2,1,20
9388,3,1,0
9388,2,1,10
9388,14,1,20
9388,53,1,0
9389,7,1,10
9390,30,2,0
9390,34,2,10
9390,55,1,20
9390,4,2,10
9391,13,1,0
9391,46,1,0
9391,3,1,10
9392,41,1,20
9392,12,1,10
9393,11,2,0
9393,12,1,20
9394,14,3,0
9394,1,2,0
9394,1,2,10
9395,42,1,0
9395,17,2,0
9395,46,1,0
9396,10,1,20
9396,12,1,0
9396,58,1,0
9396,6,1,20
9397,60,1,5
9397,1,2,10
9398,24,1,0
9398,6,1,0
9398,13,1,0
9398,30,1,10
9399,47,1,5
9399,4,3,0
9400,39,1,20
9400,10,1,20
9400,8,1,10
9401,50,1,10
9401,10,1,20
9401,6,1,10
9401,19,1,10
9402,9,1,10
9403,24,1,20
9403,5,1,0
9403,5,2,20
9404,58,1,20
9404,38,1,0
9404,23,1,20
9405,41,1,5
9406,4,1,0
9406,33,1,20
9406,21,1,0
9406,54,2,5
9407,14,2,20
9408,23,1,5
9409,14,1,0
9410,8,1,5
9410,40,1,0
9411,34,3,5
9412,44,1,5
9412,32,1,0
9412,9,3,5
9412,39,2,0
9413,60,1,10
9414,31,1,0
9414,5,1,0
9415,22,1,20
9416,26,1,0
9416,8,3,0
9417,7,1,5
9417,41,1,5
9418,40,1,10
9418,12,1,20
9418,3,1,20
9419,13,2,0
9419,5,1,20
9419,2,1,0
9420,3,1,10
9420,4,1,10
9420,39,1,0
9421,25,1,5
9422,10,1,0
9422,2,1,0
9422,1,1,0
9422,40,1,0
9423,49,2,20
9423,3,3,0
9423,1,2,10
9424,34,1,0
9425,33,1,5
9425,35,1,20
9425,21,1,5
9425,56,1,0
9426,6,1,0
9426,33,1,10
9426,15,1,0
9427,39,1,10
9427,2,1,0
9427,56,3,0
9427,12,1,20
9428,1,1,0
9428,60,3,10
9429,21,1,5
9429,58,1,0
9429,7,2,5
9429,14,1,10
9430,1,2,20
9430,42,1,10
9431,11,1,0
9431,24,2,0
9431,47,1,0
9432,24,1,0
9432,2,1,5
9433,8,1,0
9433,30,1,5
9434,6,1,0
9434,26,1,5
9434,15,1,10
9434,12,1,20
9435,34,1,0
9435,38,1,5
9435,3,1,10
9436,43,1,0
9436,48,1,0
9436,6,1,0
9437,33,1,0
9437,11,1,0
9437,50,1,0
9437,41,1,10
9438,45,2,20
9439,2,1,10
9439,47,2,20
9440,6,1,10
9440,47,1,0
9441,16,2,5
9441,44,1,10
9441,42,1,0
9442,1,1,5
9442,22,1,5
9442,26,3,10
9442,10,1,20
9443,53,2,20
9444,2,1,10
9444,48,1,20
9445,15,1,5
9445,5,1,0
9445,33,1,5
9445,20,1,5
9446,3,1,20
9446,10,1,0
9446,9,1,20
9447,18,1,0
9447,9,1,10
9447,10,2,0
9447,1,2,10
9448,48,2,0
9448,1,1,10
9448,15,1,10
9449,34,1,0
9449,9,2,0
9450,43,1,5
9450,44,1,0
9451,14,1,10
9451,24,1,20
9451,47,1,0
9451,54,1,0
9452,45,3,0
9453,1,1,0
9453,8,1,0
9453,4,2,0
9454,56,1,10
9454,10,2,10
9454,16,3,0
9455,3,1,5
9456,9,1,10
9456,17,1,0
9456,7,2,10
9457,47,2,0
9457,3,1,0
9458,52,1,0
9458,51,1,0
9458,10,1,10
9459,43,1,0
9460,52,1,0
9460,52,2,0
9460,19,1,10
9461,14,2,20
9462,16,1,10
9462,9,1,0
9463,19,2,10
9463,42,1,0
9463,31,1,20
9463,51,2,0
9464,5,2,0
9464,21,1,20
9464,1,1,0
9464,6,3,10
9465,1,1,5
9465,2,1,0
9466,41,3,0
9466,16,1,5
9466,23,2,5
9466,18,2,10
9467,34,3,10
9467,10,2,10
9467,1,1,20
9467,29,1,5
9468,18,1,0
9468,4,1,0
9469,9,1,0
9469,37,1,10
9470,18,1,10
9470,31,2,0
9471,20,1,20
9471,7,1,0
9472,8,1,0
9472,22,1,0
9473,30,1,5
9473,25,1,10
9473,24,1,20
9473,48,1,0
9474,40,1,10
9475,1,1,0
9475,16,1,0
9475,17,1,5
9475,10,1,5
9476,1,2,0
9476,55,2,0
9476,53,1,10
9477,3,1,10
9477,1,1,5
9477,45,1,0
9478,33,1,0
9478,38,1,0
9478,23,3,10
9478,22,1,5
9479,1,2,20
9479,34,1,0
9480,33,1,10
9481,45,1,0
9481,33,3,5
9482,16,2,5
9482,2,1,5
9482,19,1,10
9483,28,1,0
9483,1,1,0
9484,42,1,5
9484,29,1,20
9484,44,1,10
9485,55,1,5
9485,42,1,5
9485,12,1,20
9485,1,1,20
9486,2,1,20
9487,27,1,0
9487,33,1,10
9487,38,1,0
9488,57,1,10
9488,34,1,0
9488,60,1,20
9489,14,-1,20
9489,5,1,10
9490,19,1,10
9490,1,3,0
9490,22,1,20
9490,13,1,10
9491,9,1,5
9491,3,1,10
9492,15,1,10
9492,39,1,5
9493,16,1,20
9493,7,1,0
9493,49,1,0
9494,24,3,10
9494,33,1,0
9494,1,1,5
9494,30,1,5
9495,11,1,0
9495,35,3,20
9495,25,2,0
9496,20,1,0
9496,3,1,5
9496,30,1,5
9497,1,2,0
9498,14,3,0
9498,27,1,5
9498,6,1,20
9498,1,2,20
9499,7,1,5
9499,11,2,10
9499,19,2,0
9500,13,3,10
9500,30,3,5
9500,22,2,10
9500,6,3,20
9501,1,1,0
9502,13,3,0
9502,9,1,10
9503,10,3,0
9503,18,1,0
9503,37,1,0
9503,1,1,0
9504,53,1,0
9504,47,1,10
9504,36,1,0
9505,3,1,10
9505,55,2,10
9505,10,1,20
9506,38,2,0
9506,3,1,10
9506,36,1,10
9507,14,3,10
9507,37,1,0
9508,1,1,0
9508,5,1,5
9508,31,1,0
9509,16,1,5
9510,2,1,20
9511,58,1,0
9511,4,2,5
9511,4,1,5
9512,28,1,0
9512,4,1,0
9512,15,1,5
9513,50,1,0
9513,12,1,20
9514,48,3,20
9515,55,3,0
9515,16,2,0
9515,33,2,5
9515,15,1,0
9516,14,1,0
9516,2,1,0
9516,8,3,10
9517,18,1,0
9517,4,1,20
9518,4,1,0
9518,11,3,5
9518,6,1,10
9518,7,3,10
9519,3,1,0
9520,8,2,20
9520,45,1,10
9521,30,1,0
9521,5,1,0
9522,6,1,0
9522,11,1,5
9523,8,2,20
9524,6,1,0
9524,60,2,0
9525,9,1,0
9525,8,1,5
9526,6,1,20
9526,4,2,20
9527,6,1,0
9527,21,1,10
9528,35,3,5
9528,53,2,10
9529,10,1,5
9529,8,2,5
9529,19,1,20
9530,2,1,0
9530,8,2,0
9530,53,3,0
9530,43,1,10
9531,10,1,10
9531,21,1,0
9531,30,1,10
9531,10,1,5
9532,1,1,0
9533,25,1,20
9533,41,1,0
9534,47,1,10
9534,3,2,10
9534,7,1,0
9535,4,2,5
9535,2,1,10
9535,1,1,0
9536,31,1,5
9536,44,1,0
9536,10,1,10
9536,50,1,0
9537,56,1,20
9537,20,1,10
9538,1,3,10
9539,4,1,5
9540,26,1,0
9540,19,1,20
9540,18,1,0
9541,25,1,0
9542,29,1,10
9542,8,3,0
9543,26,1,10
9543,57,2,5
9543,4,1,20
9543,1,1,0
9544,1,2,0
9545,3,1,5
9545,57,2,0
9545,28,1,20
9545,5,1,0
9546,46,2,0
9546,1,1,0
9547,5,1,0
9548,5,1,0
9549,7,1,20
9550,42,1,0
9550,19,1,20
9550,24,2,5
9550,30,1,0
9551,39,1,0
9552,12,1,20
9553,3,2,0
9553,30,1,0
9553,33,1,5
9553,42,2,20
9554,2,1,20
9554,37,1,10
9554,19,1,0
9554,5,1,10
9555,4,2,5
9556,14,1,10
9557,5,1,0
9557,29,1,20
9557,15,1,0
9558,11,2,20
9558,1,1,20
9559,15,1,5
9560,36,3,20
9560,47,2,5
9561,17,3,5
9561,10,1,10
9561,21,3,20
9562,11,1,10
9562,11,1,0
9562,1,1,0
9563,30,2,0
9563,24,1,5
9563,33,1,20
9564,14,3,0
9564,1,2,0
9564,14,1,0
9564,8,2,5
9565,3,1,20
9565,33,2,0
9566,49,1,20
9567,43,1,10
9567,53,1,0
9567,18,1,0
9568,6,2,0
9568,46,1,10
9568,1,2,10
9569,6,1,5
9569,49,1,0
9569,28,3,20
9569,46,1,5
9570,35,1,5
9570,43,2,5
9571,10,1,5
9571,40,2,5
9571,1,1,10
9572,6,2,0
9572,53,1,20
9572,35,3,0
9572,4,1,10
9573,28,1,5
9573,13,2,0
9573,50,2,0
9574,22,1,5
9574,1,1,10
9574,42,1,20
9575,48,1,5
9575,22,1,20
9576,53,1,10
9576,8,1,10
9577,39,1,10
9577,43,1,5
9578,34,1,0
9578,1,1,20
9578,15,3,5
9578,26,1,5
9579,57,1,10
9579,44,1,20
9580,49,3,20
9580,43,1,10
9580,13,1,20
9580,35,2,5
9581,42,1,10
9582,35,1,10
9582,10,1,0
9582,14,1,10
9582,3,1,10
9583,3,1,0
9583,7,1,0
9583,49,3,10
9583,3,2,0
9584,6,1,0
9585,57,1,10
9585,25,2,5
9585,33,3,5
9586,2,3,0
9586,25,1,10
9586,12,1,5
9586,3,1,20
9587,13,1,10
9588,23,1,0
9588,33,3,5
9588,2,2,20
9589,9,-1,0
9589,50,1,5
9589,57,1,20
9589,37,1,10
9590,24,1,0
9590,6,1,0
9590,49,1,10
9590,53,1,5
9591,58,1,10
9591,30,1,0
9591,44,1,0
9591,57,3,0
9592,28,2,0
9592,25,1,5
9592,28,3,10
9593,21,1,0
9594,5,2,0
9595,16,1,10
9595,32,1,5
9595,34,1,0
9595,16,3,5
9596,55,2,0
9596,1,1,5
9596,35,1,0
9597,60,1,0
9597,49,1,20
9598,2,1,5
9599,45,1,0
9600,50,1,0
9600,4,2,0
9601,22,1,0
9601,14,1,0
9602,26,1,5
9603,57,1,0
9604,43,2,20
9604,13,3,0
9604,3,2,20
9605,2,3,10
9606,14,3,10
9606,9,2,5
9607,50,1,20
9607,20,1,5
9608,1,1,0
9608,14,1,5
9608,16,2,5
9608,24,1,5
9609,1,3,5
9610,12,1,0
9610,11,1,0
9610,6,2,20
9611,13,1,0
9611,43,1,0
9611,14,1,0
9612,57,3,0
9612,37,1,20
9612,8,1,5
9612,10,1,20
9613,1,1,5
9614,1,3,0
9614,10,1,0
9614,23,3,0
9614,1,1,10
9615,9,2,0
9615,16,2,0
9616,31,2,10
9616,7,3,5
9616,31,1,20
9616,53,1,5
9617,2,3,0
9618,57,1,20
9618,19,1,10
9618,55,1,10
9619,54,1,0
9619,6,1,10
9619,47,2,10
9619,24,1,0
9620,58,2,20
9620,46,2,0
9620,18,1,10
9621,1,1,5
9622,17,1,5
9622,5,1,0
9622,2,2,0
9623,17,2,0
9624,46,1,5
9624,26,1,10
9625,24,1,0
9625,8,1,0
9626,16,1,0
9626,8,1,5
9626,9,1,10
9626,24,1,10
9627,18,2,0
9628,32,2,0
9628,12,1,0
9629,27,1,0
9629,55,1,0
9629,19,1,0
9630,52,2,5
9630,4,1,10
9631,6,1,20
9632,36,1,0
9632,59,1,10
9632,48,1,0
9633,40,2,20
9633,50,1,0
9633,19,1,0
9634,38,2,10
9634,28,1,10
9634,13,3,0
9635,1,3,0
9636,32,2,0
9636,46,2,10
9636,19,1,0
9636,2,3,0
9637,12,1,5
9637,11,1,10
9637,25,2,10
9638,39,1,0
9638,17,1,10
9639,13,1,5
9639,49,1,10
9639,21,1,10
9639,7,1,0
9640,41,1,10
9640,7,2,0
9640,47,1,5
9641,29,1,5
9641,1,3,20
9642,38,1,0
9642,13,1,20
9643,2,3,20
9644,16,1,0
9644,21,1,10
9644,42,2,5
9645,40,1,10
9645,10,1,10
9645,33,1,5
9645,19,2,20
9646,55,2,0
9646,59,1,10
9647,9,3,5
9647,2,3,10
9647,2,1,0
9648,8,1,0
9649,20,2,0
9650,32,1,10
9650,48,3,0
9650,5,1,10
9650,42,1,5
9651,2,2,0
9651,1,3,0
9651,38,1,0
9651,9,1,5
9652,25,1,0
9653,53,1,10
9653,10,1,0
9653,15,1,5
9654,9,1,20
9654,11,2,10
9655,32,1,10
9655,40,1,10
9655,51,2,0
9655,6,3,10
9656,17,1,5
9656,41,1,20
9656,59,2,0
9656,20,3,20
9657,17,1,0
9657,48,1,10
9657,41,1,10
9657,21,1,0
9658,3,1,10
9659,51,2,0
9660,10,1,0
9660,7,1,0
9661,24,1,20
9662,3,1,0
9662,58,1,20
9663,40,1,10
9664,6,1,0
9665,38,1,0
9665,58,1,20
9666,1,1,0
9666,3,1,5
9667,6,1,10
9667,58,1,10
9667,12,1,10
9667,34,2,20
9668,17,1,5
9668,16,3,5
9669,45,2,0
9669,6,1,20
9669,2,1,0
9670,32,1,10
9670,35,2,0
9670,23,1,0
9670,29,1,10
9671,6,1,5
9671,19,2,10
9671,49,2,10
9672,3,3,10
9672,2,2,10
9672,22,1,10
9673,30,1,0
9673,38,1,5
9673,39,3,0
9673,45,1,0
9674,41,1,20
9675,4,3,0
9675,47,2,0
9676,18,1,20
9676,21,1,20
9676,3,2,10
9676,23,2,10
9677,42,1,10
9677,6,1,0
9678,49,1,0
9678,3,1,0
9679,15,2,0
9680,16,1,5
9680,37,1,10
9680,30,2,20
9681,15,2,0
9682,43,2,5
9682,47,1,20
9683,32,2,10
9684,55,1,5
9684,33,2,0
9684,40,1,10
9685,15,1,20
9685,38,-1,0
9685,16,1,10
9686,2,1,0
9686,4,1,0
9686,44,1,0
9687,7,3,0
9687,4,1,0
9687,14,3,0
9687,27,1,20
9688,30,2,0
9688,52,1,0
9689,1,1,10
9690,20,1,0
9690,6,2,0
9690,9,3,10
9690,1,1,5
9691,29,2,0
9691,56,1,0
9691,2,2,20
9691,2,1,0
9692,36,1,0
9692,55,1,10
9692,13,1,0
9692,14,1,0
9693,51,1,0
9693,10,1,5
9694,55,2,0
9694,9,1,10
9694,1,2,10
9695,33,1,0
9695,48,1,5
9696,3,1,5
9697,10,1,5
9698,2,1,5
9698,2,1,20
9699,6,1,0
9699,2,2,10
9700,59,2,20
9701,2,1,10
9701,36,1,20
9702,16,1,10
9702,58,1,10
9703,4,1,5
9703,8,1,5
9703,4,1,10
9703,3,3,10
9704,16,3,10
9704,32,1,0
9705,6,2,0
9705,27,1,5
9705,51,1,5
9705,23,3,10
9706,20,2,5
9707,3,1,10
9707,7,1,20
9707,14,1,20
9707,31,2,10
9708,11,1,0
9708,20,1,5
9708,36,1,0
9709,4,2,0
9710,7,3,0
9710,11,1,0
9711,34,2,0
9711,32,2,10
9711,53,3,10
9711,21,1,20
9712,20,3,0
9712,4,1,5
9712,30,2,10
9712,14,1,0
9713,36,1,5
9713,12,1,20
9714,41,1,20
9714,25,2,10
9715,2,1,20
9715,43,1,0
9715,15,2,10
9716,1,3,0
9716,27,1,0
9717,7,2,20
9717,40,1,10
9717,28,1,0
9718,32,1,5
9719,51,1,5
9720,7,1,10
9720,3,2,0
9720,37,1,10
9721,48,3,10
9721,39,1,5
9722,1,1,5
9722,8,2,5
9722,53,2,20
9723,55,3,10
9724,19,1,0
9724,20,1,20
9725,18,1,5
9725,4,1,0
9725,3,1,20
9725,41,1,0
9726,1,1,5
9726,30,1,5
9727,44,1,20
9727,42,1,20
9728,56,1,5
9729,3,3,5
9729,56,1,10
9729,5,2,0
9729,2,1,0
9730,22,1,10
9731,17,1,0
9731,54,1,0
9731,42,1,20
9731,3,1,20
9732,18,1,0
9732,55,1,10
9733,43,1,0
9733,40,2,0
9733,22,1,0
9733,38,3,0
9734,27,3,0
9734,60,3,20
9734,3,1,0
9734,20,-1,10
9735,49,1,20
9735,27,1,0
9735,53,1,10
9736,12,3,0
9737,35,2,5
9737,39,1,10
9737,21,1,0
9738,7,1,10
9739,54,3,5
9739,17,1,0
9740,11,1,10
9741,10,2,10
9742,50,1,5
9742,48,1,0
9742,15,3,0
9743,8,1,5
9743,59,1,0
9743,4,1,0
9743,5,1,0
9744,25,2,0
9744,5,1,10
9744,49,1,10
9744,6,2,20
9745,6,1,10
9746,23,3,5
9746,16,1,0
9747,25,1,0
9747,8,1,0
9747,26,1,5
9747,1,1,0
9748,19,1,0
9748,30,1,5
9749,20,1,0
9749,12,1,5
9749,8,1,0
9749,11,1,0
9750,26,1,10
9751,2,1,5
9751,54,1,0
9751,2,3,10
9752,6,2,10
9753,21,2,0
9753,44,3,5
9754,57,1,5
9754,33,2,5
9755,31,1,20
9755,2,1,10
9755,57,1,5
9755,27,1,10
9756,19,1,10
9756,37,1,0
9756,3,1,10
9756,2,1,5
9757,38,2,10
9758,46,3,5
9758,1,1,10
9758,1,1,0
9758,1,1,0
9759,18,1,5
9759,44,-1,0
9759,40,1,5
9759,10,1,10
9760,5,1,10
9760,35,1,0
9760,9,1,0
9761,1,2,5
9761,3,3,0
9762,42,1,10
9762,18,1,0
9762,52,1,10
9763,4,1,10
9763,6,2,10
9763,24,1,10
9763,32,3,10
9764,23,2,0
9764,5,2,0
9764,2,1,20
9765,14,1,5
9765,26,1,10
9766,3,1,0
9766,15,1,10
9767,43,1,5
9767,21,1,0
9767,3,2,10
9767,57,1,0
9768,3,1,0
9768,16,3,20
9769,54,1,10
9769,2,3,0
9770,13,1,5
9770,27,3,10
9770,1,1,0
9771,31,1,10
9771,10,3,10
9771,2,2,0
9771,23,2,0
9772,6,2,10
9773,4,1,5
9773,46,2,10
9773,13,1,10
9773,40,1,0
9774,46,1,5
9774,5,1,20
9774,54,1,5
9774,27,1,10
9775,14,1,0
9775,57,2,10
9775,1,1,0
9776,11,1,0
9776,1,1,0
9776,50,2,10
9777,58,1,5
9777,38,1,0
9777,12,1,0
9777,45,3,10
9778,28,1,10
9778,43,2,5
9778,20,1,10
9779,6,1,10
9779,48,1,0
9780,2,1,0
9780,36,1,5
9781,29,2,10
9781,3,3,10
9781,8,1,0
9781,10,1,10
9782,51,1,0
9782,9,3,5
9782,13,1,5
9782,4,1,10
9783,19,1,0
9783,33,1,0
9784,7,1,10
9785,47,2,0
9785,17,1,0
9785,5,3,10
9786,7,1,20
9786,3,2,20
9786,28,1,0
9787,56,2,0
9787,56,2,20
9787,10,2,10
9787,29,3,10
9788,49,1,0
9788,18,3,5
9789,3,2,5
9789,54,3,5
9789,11,1,20
9790,7,1,0
9791,3,1,5
9792,54,1,0
9792,33,1,10
9792,6,2,5
9792,37,2,5
9793,40,1,10
9793,59,2,10
9793,5,2,10
9794,12,2,0
9794,1,1,20
9794,8,1,10
9794,6,3,0
9795,8,1,10
9795,12,1,0
9795,30,1,10
9795,26,1,10
9796,15,1,20
9796,12,1,0
9796,6,2,20
9797,2,1,0
9797,26,1,20
9797,46,1,0
9798,27,1,10
9799,51,1,5
9799,26,2,0
9799,9,1,0
9800,55,1,10
9800,2,1,10
9800,43,1,10
9801,27,1,5
9802,35,1,10
9802,5,1,10
9803,43,1,0
9803,3,1,0
9803,51,1,20
9804,30,2,0
9804,54,1,0
9804,23,1,5
9805,4,1,20
9805,6,2,0
9806,19,1,20
9806,22,2,10
9806,42,1,5
9807,48,3,0
9807,34,1,10
9808,5,1,0
9808,1,3,20
9809,15,1,5
9809,1,1,5
9809,26,1,10
9810,48,1,0
9810,20,2,10
9811,12,1,0
9811,29,1,0
9811,34,1,0
9811,46,1,10
9812,6,1,5
9812,15,1,0
9813,12,1,0
9813,11,1,5
9813,5,1,20
9814,38,3,0
9814,2,2,5
9814,22,2,10
9815,10,1,10
9816,1,1,20
9816,6,1,20
9816,4,1,0
9816,1,1,0
9817,50,1,10
9817,1,2,0
9818,1,1,10
9818,13,3,0
9819,16,2,0
9819,55,1,10
9819,26,1,5
9820,4,3,10
9820,29,3,10
9820,11,3,0
9820,13,1,0
9821,13,1,0
9822,49,1,5
9822,35,1,20
9823,5,1,10
9823,7,3,5
9824,4,1,20
9824,32,1,0
9824,20,1,20
9824,52,1,0
9825,8,1,0
9825,50,1,0
9826,4,1,0
9826,1,1,0
9827,1,2,5
9827,48,3,0
9828,59,2,0
9828,13,2,0
9828,4,1,10
9829,15,1,20
9830,20,1,10
9830,8,1,20
9831,21,1,5
9832,31,1,20
9832,31,1,5
9832,16,1,0
9832,7,1,5
9833,6,2,20
9833,16,1,5
9833,49,2,0
9833,6,3,20
9834,52,1,0
9834,48,2,5
9835,19,2,20
9835,31,2,10
9836,11,1,0
9837,3,2,0
9837,23,1,0
9837,13,1,0
9837,38,1,20
9838,11,1,0
9838,22,1,0
9838,17,1,10
9839,2,2,0
9839,31,1,10
9839,35,2,5
9839,1,1,20
9840,12,1,0
9840,7,2,0
9840,10,2,0
9841,7,1,0
9842,8,1,10
9842,8,2,0
9842,16,1,5
9843,56,1,20
9844,37,1,0
9845,6,1,10
9845,11,1,5
9846,59,1,10
9847,50,1,10
9847,5,2,5
9847,15,2,20
9848,19,1,10
9848,27,1,20
9849,18,2,0
9849,3,1,0
9850,55,1,0
9850,8,1,0
9850,10,1,20
9851,20,1,0
9852,1,1,0
9852,18,2,10
9853,20,1,0
9853,17,2,20
9853,12,1,0
9853,48,1,10
9854,14,1,0
9854,10,2,5
9854,42,1,5
9854,35,3,5
9855,9,3,20
9855,21,2,20
9855,13,1,0
9856,22,1,0
9856,2,1,0
9856,44,3,10
9856,11,1,20
9857,1,1,0
9857,1,1,20
9857,36,1,20
9857,25,2,0
9858,34,1,5
9859,34,1,0
9860,2,2,5
9861,19,1,5
9861,51,3,5
9861,42,1,0
9861,9,2,10
9862,23,1,10
9862,16,1,0
9862,42,2,0
9862,55,1,5
9863,25,1,0
9863,11,1,10
9864,9,1,0
9864,7,1,0
9864,7,1,20
9864,15,1,0
9865,1,1,10
9865,17,2,10
9866,3,2,0
9866,7,1,0
9866,45,1,10
9867,18,1,5
9867,22,1,10
9867,37,1,20
9867,11,1,20
9868,2,1,0
9868,6,2,0
9868,12,1,5
9868,13,1,20
9869,3,2,0
9869,47,1,0
9870,46,1,0
9870,2,1,10
9870,14,1,5
9870,4,1,0
9871,4,2,10
9871,57,1,10
9871,4,1,0
9872,12,1,0
9872,40,1,10
9873,1,1,0
9873,28,1,0
9873,30,1,10
9874,43,1,10
9874,11,1,0
9875,23,2,10
9876,23,2,5
9876,29,2,20
9876,27,1,20
9876,39,1,5
9877,2,1,20
9877,2,1,5
9878,8,1,10
9878,43,2,5
9878,3,1,0
9878,1,2,0
9879,13,1,20
9879,4,1,0
9879,1,1,5
9879,25,2,0
9880,9,1,10
9881,12,1,20
9881,5,1,5
9882,34,1,5
9882,22,2,0
9883,10,1,20
9883,44,2,10
9884,5,1,5
9885,15,1,10
9885,21,2,0
9886,57,3,0
9886,12,1,0
9887,32,1,0
9887,9,1,5
9888,1,3,10
9888,13,1,0
9888,10,2,10
9889,53,1,0
9889,21,2,5
9889,3,1,5
9889,22,3,0
9890,20,3,10
9890,25,1,10
9891,54,1,0
9891,28,1,0
9891,21,1,10
9891,31,1,0
9892,25,3,10
9893,3,1,20
9893,60,1,0
9893,60,2,0
9893,41,1,0
9894,2,1,20
9895,15,1,0
9895,42,1,0
9895,22,-1,0
9896,3,1,20
9897,1,1,0
9898,10,1,0
9898,6,2,20
9899,1,1,0
9900,25,1,0
9900,32,1,10
9900,37,3,5
9901,15,1,5
9901,60,1,0
9902,50,1,10
9903,31,1,10
9903,3,1,0
9903,38,2,0
9903,4,1,10
9904,4,1,0
9904,39,2,5
9904,31,3,20
9904,8,1,20
9905,9,3,10
9905,10,1,20
9906,45,1,0
9907,1,1,5
9908,29,1,20
9908,8,1,10
9908,2,1,0
9908,5,3,10
9909,16,1,0
9910,1,1,0
9910,7,1,20
9910,60,1,10
9910,22,1,10
9911,2,1,0
9912,33,1,0
9912,41,1,5
9913,17,1,5
9913,29,1,0
9914,16,1,5
9914,6,1,0
9915,48,2,0
9915,1,3,5
9915,50,1,20
9916,46,1,0
9916,1,2,5
9917,27,2,0
9918,47,3,20
9918,20,1,0
9919,37,1,10
9919,22,1,20
9919,1,1,10
9920,6,3,0
9920,39,1,10
9921,9,2,0
9921,43,1,5
9921,4,1,10
9921,15,1,5
9922,2,1,0
9922,3,1,10
9922,28,1,0
9923,21,1,20
9923,25,1,0
9923,23,2,20
9924,43,1,0
9924,33,1,0
9924,4,1,5
9924,26,2,10
9925,2,1,0
9925,25,1,5
9925,6,1,10
9925,2,2,10
9926,19,2,5
9927,28,3,5
9927,52,1,0
9927,1,1,10
9927,28,1,0
9928,31,3,0
9928,23,1,0
9929,19,1,5
9930,1,1,10
9930,40,1,0
9930,22,1,0
9930,14,1,0
9931,29,1,10
9931,33,1,10
9932,4,1,20
9932,46,1,0
9933,8,1,0
9933,21,1,5
9934,60,2,5
9934,1,1,0
9935,7,1,10
9935,30,1,20
9936,30,3,0
9936,2,1,0
9936,40,1,0
9937,17,1,20
9937,9,2,0
9937,9,2,10
9937,38,3,10
9938,19,2,10
9938,38,1,0
9939,29,3,20
9939,2,2,5
9939,1,1,0
9940,11,1,10
9940,57,1,0
9940,4,1,5
9940,3,2,0
9941,7,1,20
9941,34,1,10
9942,29,1,20
9942,39,2,0
9942,1,1,0
9942,48,3,5
9943,14,3,0
9943,15,1,0
9944,43,1,5
9945,55,1,0
9945,1,2,5
9946,6,1,20
9946,1,3,0
9946,3,1,10
9946,11,3,10
9947,2,1,0
9947,5,1,10
9947,35,2,0
9948,46,1,10
9948,9,1,5
9949,16,3,0
9949,3,-1,10
9949,6,2,5
9950,10,1,0
9950,4,2,0
9950,32,1,5
9951,58,1,0
9951,49,1,0
9951,3,1,5
9952,60,3,0
9952,1,1,0
9952,2,1,20
9952,42,1,20
9953,37,2,10
9953,56,1,0
9954,2,2,10
9954,50,3,5
9954,50,1,10
9954,55,1,0
9955,48,3,20
9955,1,1,0
9955,22,1,0
9955,3,2,10
9956,17,1,5
9956,3,1,0
9956,11,1,5
9957,49,1,0
9957,8,3,10
9957,5,1,10
9957,18,1,0
9958,13,2,0
9959,57,1,20
9959,27,1,10
9960,26,1,0
9960,6,2,10
9960,5,1,5
9961,1,1,0
9962,42,1,20
9962,1,1,0
9962,34,1,20
9963,19,1,5
9964,3,1,10
9964,7,2,0
9964,4,1,10
9964,26,3,10
9965,26,2,0
9965,2,1,20
9965,7,1,0
9965,5,1,20
9966,46,1,20
9967,53,3,0
9968,5,1,5
9968,37,2,0
9968,1,1,5
9969,8,3,5
9969,9,3,5
9970,38,1,0
9970,4,1,10
9971,48,1,0
9971,46,2,0
9971,46,2,10
9971,48,3,0
9972,18,2,20
9972,5,2,10
9972,56,1,5
9972,3,1,10
9973,29,1,5
9974,6,3,20
9974,31,1,5
9975,52,1,5
9975,12,1,0
9976,40,2,20
9976,18,1,0
9976,39,1,0
9976,20,1,10
9977,10,1,10
9978,16,3,10
9978,8,1,0
9978,28,2,5
9979,58,1,20
9980,13,2,0
9980,24,1,0
9981,5,1,5
9981,22,1,0
9982,11,3,0
9983,55,1,0
9983,37,1,20
9983,25,1,20
9983,19,1,5
9984,21,1,20
9984,2,1,0
9984,1,2,0
9985,25,2,10
9985,26,1,5
9985,5,1,5
9985,39,1,10
9986,2,3,10
9986,35,1,0
9987,21,1,20
9987,9,1,0
9988,50,1,5
9988,37,1,0
9989,54,1,10
9989,8,1,0
9989,26,2,0
9989,36,2,10
9990,20,1,0
9990,48,1,10
9990,9,1,10
9990,28,3,10
9991,25,1,20
9991,28,2,10
9991,18,1,0
9991,39,1,0
9992,34,1,10
9992,23,1,10
9993,1,1,5
9994,10,1,0
9995,4,1,0
9996,1,3,5
9997,43,1,0
9997,8,1,5
9997,58,1,5
9997,32,1,20
9998,2,1,5
9998,4,1,10
9998,40,1,10
9998,18,1,5
9999,1,2,10
9999,13,1,10
9999,27,2,10
10000,16,2,0
10000,31,3,10
10000,4,1,10
10001,13,1,0
10002,5,1,5
10002,18,2,10
10002,6,1,5
10002,38,2,20
10003,1,2,10
10003,59,1,20
10004,2,1,5
10004,35,3,5
10004,25,1,0
10004,42,1,10
10005,51,1,10
10006,25,1,5
10006,7,2,10
10006,8,1,5
10006,12,1,5
10007,13,1,5
10007,43,1,5
10008,51,1,20
10008,23,1,20
10009,8,1,0
10009,20,2,0
10009,33,1,10
10009,54,2,0
10010,11,1,10
10010,49,1,5
10011,27,1,10
10012,47,1,0
10013,45,1,10
10013,7,2,5
10014,22,1,5
10014,3,1,5
10014,29,1,20
10015,5,3,10
10015,6,1,0
10015,7,1,0
10015,59,1,10
10016,19,1,10
10017,10,1,10
10018,18,1,10
10018,34,1,5
10018,18,3,5
10018,11,1,0
10019,10,1,20
10019,15,1,0
10019,3,3,0
10019,7,1,10
10020,17,1,20
10020,5,1,20
10020,38,1,0
10020,2,2,0
10021,38,2,20
10022,36,3,0
10022,50,1,0
10022,15,3,10
10023,6,1,0
10023,30,2,0
10023,49,1,5
10023,1,1,5
10024,12,1,10
10024,1,1,10
10024,3,1,0
10025,28,1,10
10025,31,1,10
10025,34,1,10
10025,49,2,20
10026,1,2,0
10026,32,1,10
10027,6,1,0
10027,38,3,20
10027,40,1,0
10028,6,2,5
10028,38,1,10
10028,1,3,5
10029,55,1,10
10029,41,1,0
10030,19,1,0
10030,31,2,10
10031,37,3,20
10031,20,1,0
10031,1,1,10
10032,35,1,10
10033,57,1,10
10034,1,2,10
10034,12,2,10
10034,8,1,20
10035,14,1,10
10035,23,1,5
10036,40,1,0
10037,14,1,0
10037,15,1,10
10037,19,1,0
10038,57,1,0
10039,30,1,0
10039,16,1,10
10039,58,1,0
10039,58,1,0
10040,3,3,10
10040,46,1,10
10041,52,1,5
10042,47,1,0
10042,47,1,20
10042,53,3,0
10042,5,1,10
10043,11,1,5
10043,35,1,10
10043,5,1,0
10044,7,3,0
10044,5,1,0
10044,19,1,5
10044,32,2,10
10045,58,2,0
10046,3,2,10
10046,1,1,0
10046,11,1,0
10047,1,1,10
10047,5,1,0
10047,7,1,10
10047,12,1,10
10048,2,1,0
10048,4,1,0
10048,39,1,0
10049,51,1,0
10049,25,2,0
10050,3,1,0
10050,16,1,5
10051,25,3,0
10051,60,1,10
10051,48,2,10
10051,56,1,10
10052,40,1,10
10053,9,2,0
10054,1,2,20
10054,20,1,0
10055,25,2,10
10055,39,1,0
10055,8,1,10
10055,42,1,0
10056,43,1,0
10056,41,2,0
10056,2,1,10
10056,37,2,0
10057,54,2,0
10057,59,1,20
10057,7,1,5
10058,16,3,20
10058,3,1,10
10059,7,1,0
10059,41,2,5
10060,31,3,0
10060,3,1,0
10060,54,1,20
10060,28,1,10
10061,23,2,0
10062,4,1,5
10062,5,3,10
10062,1,1,10
10063,27,2,10
10063,58,3,0
10063,10,1,0
10064,16,2,5
10065,3,3,20
10065,2,1,0
10066,10,1,10
10066,1,2,0
10066,1,3,0
10066,42,2,0
10067,4,1,20
10067,36,2,20
10067,27,1,5
10068,3,2,0
10068,47,1,0
10069,16,2,10
10069,14,1,10
10069,2,1,0
10069,9,1,0
10070,38,1,20
10071,48,1,0
10071,13,1,5
10071,45,1,0
10071,42,1,20
10072,4,1,0
10072,6,1,0
10072,35,1,20
10072,1,1,0
10073,21,1,0
10073,8,1,0
10073,5,1,0
10073,17,1,5
10074,45,1,0
10074,19,1,10
10074,56,1,0
10074,53,1,10
10075,5,3,0
10075,15,1,0
10075,13,1,10
10076,2,1,20
10076,4,1,5
10076,20,1,10
10076,30,1,0
10077,22,1,0
10077,13,2,0
10078,42,1,10
10078,45,1,20
10078,30,1,10
10078,5,1,0
10079,10,1,0
10079,33,1,5
10080,3,1,10
10080,1,1,0
10080,33,2,0
10081,50,3,5
10082,3,1,0
10082,2,2,20
10082,21,1,5
10083,54,2,20
10083,46,1,0
10083,1,1,20
10084,2,1,20
10084,25,1,20
10084,12,3,10
10085,3,3,0
10085,12,1,10
10085,3,1,0
10085,2,1,5
10086,40,1,20
10086,10,1,0
10087,3,2,20
10087,23,1,10
10088,35,3,0
10088,6,1,20
10088,22,1,20
10089,1,1,10
10090,12,3,10
10091,46,1,10
10091,43,3,0
10092,28,3,0
10093,55,2,20
10093,18,1,5
10093,12,1,0
10094,9,2,0
10094,23,3,0
10094,1,1,20
10095,19,1,10
10095,8,1,20
10095,7,2,20
10096,21,1,10
10096,2,1,5
10096,11,1,5
10097,24,3,20
10097,30,1,0
10098,10,1,0
10098,12,1,0
10099,46,1,5
10100,26,1,10
10100,45,1,5
10100,14,1,10
10100,9,2,20
10101,36,3,0
10101,36,2,10
10101,56,1,0
10102,12,1,0
10102,35,1,0
10102,36,2,0
10103,6,1,20
10103,7,2,20
10104,1,1,20
10105,5,2,5
10106,59,1,5
10107,38,1,20
10108,1,2,10
10108,26,1,0
10109,3,2,0
10109,17,1,0
10109,10,1,5
10110,57,1,5
10110,20,1,5
10111,28,1,5
10111,35,1,10
10111,53,1,10
10112,26,1,0
10113,17,1,20
10113,59,1,0
10113,5,1,5
10113,59,1,5
10114,50,2,0
10115,7,1,20
10116,5,2,0
10116,39,3,20
10116,8,1,0
10116,14,1,5
10117,2,1,0
10117,60,1,0
10117,35,1,0
10118,24,1,0
10119,19,1,0
10119,16,1,0
10119,18,1,20
10120,8,1,10
10120,29,1,20
10120,44,1,0
10120,5,1,20
10121,6,1,0
10121,9,1,5
10121,52,1,20
10121,30,3,10
10122,16,1,5
10123,14,1,0
10123,3,1,0
10123,35,3,5
10123,36,1,20
10124,7,1,10
10124,52,1,10
10124,23,1,0
10125,44,1,20
10125,50,1,10
10125,36,1,0
10125,51,1,20
10126,14,1,0
10126,44,1,5
10126,39,1,10
10127,40,1,0
10127,2,1,5
10127,25,1,0
10128,1,1,10
10129,10,2,0
10129,4,1,20
10129,11,3,5
10129,25,1,0
10130,9,2,10
10130,14,1,5
10130,9,1,0
10131,2,1,20
10131,47,1,0
10131,23,1,20
10131,1,1,5
10132,39,2,0
10132,32,1,0
10132,13,1,0
10133,17,2,5
10134,22,1,20
10134,1,2,0
10134,5,2,0
10134,1,1,10
10135,18,3,10
10135,2,1,5
10135,2,2,0
10135,19,3,0
10136,9,1,10
10136,1,1,10
10136,24,2,0
10137,38,1,10
10137,40,2,0
10138,4,3,20
10138,2,1,5
10139,3,2,20
10139,38,1,5
10139,14,1,5
10140,15,1,5
10140,35,1,0
10141,22,3,10
10141,4,1,5
10141,47,1,10
10142,9,1,10
10143,5,1,10
10144,43,2,20
10144,38,1,0
10145,8,1,5
10145,31,1,5
10146,25,1,20
10146,1,1,10
10147,13,2,10
10147,14,1,0
10148,20,1,5
10148,29,1,10
10148,4,1,20
10149,18,1,0
10149,2,1,0
10149,23,1,0
10150,18,2,20
10150,7,1,10
10151,17,2,0
10152,36,1,0
10153,10,1,20
10153,9,2,10
10154,28,1,0
10154,6,3,0
10155,23,1,0
10155,1,1,0
10155,35,1,0
10155,56,1,0
10156,7,1,5
10156,18,2,0
10156,2,1,0
10157,2,1,10
10158,15,1,5
10158,3,1,0
10158,44,1,5
10159,60,2,5
10159,34,1,0
10159,35,1,5
10159,44,1,0
10160,9,1,5
10161,55,1,5
10161,2,1,20
10162,24,1,10
10162,16,3,0
10163,9,1,0
10163,44,1,0
10163,3,2,0
10164,1,1,5
10165,24,2,20
10165,51,1,20
10166,37,1,20
10166,40,1,5
10166,23,3,10
10167,24,1,10
10167,36,1,0
10167,48,1,5
10168,2,1,5
10168,4,1,0
10168,30,2,0
10169,60,2,10
10170,46,1,0
10170,41,1,5
10170,9,1,20
10171,18,1,0
10171,17,2,0
10172,26,1,0
10172,14,1,20
10173,24,2,5
10174,49,1,20
10174,14,1,0
10175,1,1,5
10175,7,1,0
10175,32,1,20
10175,49,1,10
10176,9,1,0
10177,1,2,0
10177,54,1,0
10178,55,1,5
10178,54,1,0
10178,57,1,0
10179,41,2,20
10179,42,1,20
10180,6,2,5
10181,56,1,0
10181,31,1,5
10181,3,1,5
10181,43,1,0
10182,3,1,0
10182,26,1,5
10182,4,1,0
10183,34,1,0
10183,60,1,0
10183,15,1,0
10183,8,1,0
10184,26,1,20
10185,33,1,0
10185,37,1,0
10185,5,1,0
10186,4,1,0
10186,38,1,0
10186,14,3,10
10186,33,1,20
10187,31,3,5
10187,28,1,5
10188,17,1,0
10189,4,2,0
10189,60,1,0
10189,23,1,10
10190,28,1,20
10191,44,1,5
10191,2,2,20
10191,4,2,5
10192,17,1,5
10193,7,1,5
10193,7,1,20
10193,4,2,10
10194,25,2,0
10194,24,1,5
10194,47,1,10
10195,20,1,0
10195,32,1,0
10196,14,1,0
10197,11,1,20
10197,47,2,0
10197,60,3,20
10197,1,1,0
10198,29,1,5
10198,6,1,0
10198,6,1,5
10198,28,1,0
10199,2,1,10
10199,58,1,10
10199,58,1,10
10200,9,1,0
10200,30,1,5
10201,2,3,10
10201,1,1,0
10201,5,1,0
10202,1,1,5
10202,1,1,0
10202,2,1,20
10203,1,1,0
10203,6,1,0
10204,37,1,0
10205,38,1,0
10206,5,1,20
10206,6,1,0
10206,21,3,0
10206,33,1,5
10207,3,3,0
10208,24,1,0
10208,1,1,5
10208,5,2,0
10208,4,1,0
10209,8,1,0
10209,36,2,5
10210,19,3,5
10211,40,2,5
10211,47,1,5
10212,24,1,10
10212,29,1,0
10213,1,1,10
10214,39,1,5
10215,7,2,10
10215,34,1,10
10216,31,1,5
10216,2,1,20
10216,37,1,0
10217,29,1,20
10217,18,1,10
10217,46,3,10
10218,6,3,5
10219,19,1,0
10219,5,1,5
10219,32,1,5
10220,57,1,20
10221,1,1,0
10221,7,1,5
10221,30,1,0
10222,35,1,5
10222,49,1,10
10223,41,1,10
10223,39,1,20
10224,43,1,10
10225,17,2,0
10226,18,3,10
10226,4,1,0
10226,3,1,20
10227,56,1,10
10227,4,1,0
10228,5,1,0
10228,4,1,0
10229,29,1,10
10229,1,1,10
10229,33,1,0
10230,47,2,20
10230,14,1,10
10231,17,1,0
10231,2,2,0
10231,2,1,10
10231,39,2,20
10232,32,1,5
10232,35,2,0
10232,37,1,10
10232,11,1,5
10233,34,2,10
10233,13,1,0
10234,1,2,0
10234,5,1,20
10235,11,1,5
10235,1,1,10
10236,19,2,10
10236,20,2,0
10236,10,1,0
10237,27,2,5
10237,10,2,10
10238,54,1,0
10239,54,1,5
10239,18,1,10
10239,2,1,20
10239,7,1,5
10240,26,1,10
10240,9,1,0
10241,42,1,10
10241,14,2,20
10242,9,1,5
10242,25,3,10
10242,36,1,5
10243,6,1,0
10243,40,1,0
10244,7,1,0
10244,21,1,0
10244,15,1,20
10245,18,2,0
10246,3,1,0
10246,20,2,20
10246,4,2,10
10247,8,3,10
10248,47,1,0
10248,36,1,5
10248,30,1,10
10248,33,1,20
10249,38,1,0
10249,1,1,0
10249,7,1,5
10249,4,1,0
10250,46,2,0
10250,28,2,20
10250,17,1,10
10251,45,1,20
10251,1,1,0
10252,1,1,0
10252,3,1,5
10252,7,2,5
10253,13,1,0
10253,3,1,0
10253,21,2,5
10254,26,1,10
10254,19,3,0
10254,13,1,0
10255,35,1,0
10255,38,1,5
10255,8,1,5
10256,2,3,10
10256,10,1,0
10256,30,3,20
10257,1,1,0
10257,11,2,10
10257,38,1,10
10258,21,1,10
10258,46,2,10
10258,3,1,0
10258,19,1,0
10259,32,3,0
10259,13,1,0
10260,15,2,10
10260,18,2,0
10260,3,2,0
10260,19,1,0
10261,6,1,10
10261,13,1,0
10261,5,1,10
10262,12,1,20
10262,34,1,5
10262,17,3,5
10262,41,1,10
10263,41,2,5
10263,3,1,0
10263,1,1,5
10264,8,2,20
10264,20,1,10
10264,9,1,0
10264,1,2,5
10265,19,1,10
10266,18,1,0
10267,34,1,20
10267,6,1,5
10267,1,2,20
10267,31,3,0
10268,32,1,20
10269,1,2,5
10269,12,1,10
10269,6,1,0
10270,59,1,0
10270,22,2,0
10271,5,1,5
10272,24,1,0
10272,4,2,10
10272,25,3,0
10272,48,1,5
10273,20,1,5
10274,20,1,0
10274,1,1,20
10274,26,1,10
10274,1,1,0
10275,23,1,0
10275,22,1,0
10276,7,2,20
10276,56,1,5
10277,4,1,20
10277,8,1,5
10278,46,2,5
10278,56,1,0
10279,53,1,20
10279,40,1,0
10279,3,1,20
10280,1,3,10
10280,12,1,10
10281,36,1,5
10281,60,1,5
10281,44,2,0
10282,49,2,10
10282,13,1,10
10283,7,1,5
10283,15,1,0
10284,15,1,5
10285,25,2,0
10285,1,1,20
10286,22,1,10
10286,3,1,10
10287,2,1,20
10287,16,1,20
10288,22,3,0
10288,32,1,20
10288,9,1,20
10288,53,1,0
10289,1,1,0
10289,55,1,0
10290,33,1,0
10290,12,1,0
10291,40,1,0
10291,22,1,20
10291,34,2,10
10292,2,2,5
10292,10,1,5
10293,9,2,10
10293,23,2,10
10293,36,3,0
10293,4,1,0
10294,36,2,5
10294,25,2,10
10294,30,1,10
10295,13,1,10
10296,4,2,20
10296,15,1,5
10296,9,1,5
10296,15,2,0
10297,29,1,20
10297,3,1,20
10298,57,1,0
10298,7,1,0
10298,50,1,10
10298,16,1,5
10299,27,2,10
10299,20,1,5
10300,37,1,5
10300,5,1,5
10301,48,1,0
10302,11,2,10
10303,14,1,5
10303,31,1,0
10303,5,1,20
10303,46,3,20
10304,59,1,0
10304,5,3,5
10304,13,2,20
10304,51,1,10
10305,48,1,5
10305,38,1,10
10305,9,1,10
10305,27,2,20
10306,26,2,0
10306,38,1,10
10307,33,1,0
10307,47,1,5
10308,37,1,0
10309,32,1,20
10309,13,1,0
10310,5,3,0
10310,3,3,0
10310,2,1,0
10310,3,1,0
10311,8,1,10
10311,48,2,0
10312,7,1,5
10312,4,1,20
10312,35,1,20
10312,27,1,0
10313,48,1,10
10314,21,1,20
10315,23,3,10
10315,3,1,5
10315,40,1,5
10315,13,1,5
10316,25,1,0
10316,47,1,5
10316,19,1,0
10316,51,1,5
10317,25,1,10
10317,24,2,0
10317,7,1,10
10318,2,2,10
10318,32,1,20
10318,14,1,0
10319,8,3,5
10319,42,2,0
10319,29,1,10
10319,16,1,0
10320,44,1,0
10321,28,1,0
10321,1,1,0
10322,57,1,0
10322,17,1,0
10323,31,1,0
10324,8,1,0
10324,2,1,0
10324,1,3,10
10325,24,1,0
10326,11,1,10
10326,1,1,0
10327,38,1,0
10327,22,1,10
10327,26,2,20
10327,3,1,20
10328,16,1,20
10328,17,1,5
10328,7,1,5
10329,56,1,0
10329,42,1,0
10330,22,2,5
10330,5,3,0
10330,1,2,10
10330,45,3,0
10331,3,1,0
10331,48,3,0
10332,6,1,5
10332,20,1,0
10333,15,3,5
10334,1,1,0
10334,60,2,20
10335,55,1,5
10335,19,1,0
10335,22,1,5
10335,45,3,0
10336,59,1,0
10336,48,1,0
10336,1,1,0
10337,14,1,20
10337,45,3,0
10337,31,1,5
10337,22,1,0
10338,22,1,20
10338,47,1,10
10338,58,1,5
10338,51,1,10
10339,9,2,0
10339,13,1,10
10339,48,1,5
10339,30,1,10
10340,1,1,5
10341,32,1,5
10341,31,2,10
10341,10,1,0
10342,17,2,10
10342,1,1,0
10343,6,1,0
10343,23,2,0
10343,2,-1,10
10344,4,1,0
10344,40,2,10
10345,3,2,0
10345,4,1,20
10345,23,1,5
10345,2,1,0
10346,12,1,10
10346,42,1,0
10346,16,3,5
10346,1,1,0
10347,26,1,20
10348,8,2,0
10348,1,3,0
10348,51,1,10
10348,4,3,5
10349,13,1,10
10350,11,1,5
10350,11,1,5
10351,10,3,20
10351,5,3,5
10352,12,1,5
10353,2,3,5
10353,49,1,5
10354,39,1,0
10354,28,1,10
10355,56,3,20
10355,48,1,0
10356,18,1,5
10356,36,1,5
10356,2,1,0
10357,48,1,0
10357,59,1,10
10357,27,2,5
10358,15,1,10
10358,45,2,0
10358,3,1,10
10359,34,1,5
10359,2,1,0
10359,4,1,0
10359,17,2,10
10360,4,1,10
10360,39,1,0
10361,23,2,5
10361,31,1,0
10361,16,1,10
10361,34,2,10
10362,37,1,20
10362,37,1,0
10362,59,1,5
10362,18,2,10
10363,18,1,0
10364,28,1,20
10364,10,1,0
10364,22,1,20
10365,1,3,10
10365,36,2,10
10365,2,1,20
10365,27,2,10
10366,42,2,10
10366,25,1,10
10366,3,2,0
10367,16,1,10
10367,18,1,0
10367,19,1,0
10368,10,2,5
10369,57,2,10
10369,9,1,5
10369,2,1,0
10370,41,1,0
10371,9,1,0
10372,2,2,0
10372,1,2,0
10373,1,1,0
10373,15,2,5
10373,46,2,0
10373,7,1,20
10374,21,1,20
10374,4,1,10
10374,22,1,10
10374,44,1,0
10375,30,2,10
10375,15,1,0
10375,33,1,5
10375,27,1,0
10376,18,1,5
10376,2,1,10
10376,22,1,0
10376,1,1,5
10377,1,2,5
10377,5,1,0
10377,1,1,0
10378,4,1,20
10378,22,1,0
10378,12,2,10
10379,25,1,10
10379,2,1,5
10379,36,1,10
10380,5,1,10
10380,39,1,20
10380,29,3,10
10380,43,1,10
10381,34,1,20
10381,1,1,20
10382,40,1,0
10382,30,1,0
10383,30,1,10
10383,19,3,10
10383,28,2,0
10383,30,1,20
10384,44,2,10
10384,6,1,0
10384,45,1,5
10384,21,1,10
10385,41,1,5
10385,11,1,5
10386,2,1,10
10386,2,1,0
10386,47,1,0
10386,23,2,0
10387,57,1,0
10388,57,1,0
10388,31,1,0
10389,36,3,0
10389,3,3,20
10390,2,1,0
10390,25,1,0
10391,16,2,10
10391,18,1,0
10391,47,2,0
10392,1,1,5
10392,44,1,0
10392,50,1,20
10392,1,1,0
10393,9,1,0
10394,52,1,0
10395,12,1,0
10395,30,1,5
10395,12,1,20
10396,4,2,0
10396,58,1,0
10396,22,1,0
10397,40,2,20
10397,6,1,0
10397,8,2,0
10398,23,1,10
10398,44,3,0
10398,8,1,0
10398,6,1,10
10399,47,3,0
10399,53,1,0
10399,49,1,5
10399,44,1,10
10400,4,1,20
10400,38,3,5
10400,10,1,5
10400,16,1,10
10401,46,2,0
10401,17,1,20
10401,7,1,0
10402,35,2,10
10402,1,1,20
10402,3,1,5
10403,7,1,10
10403,38,1,10
10404,4,3,10
10405,1,1,5
10405,43,1,20
10405,27,1,0
10406,56,3,0
10406,2,1,0
10406,36,1,0
10406,16,1,0
10407,52,1,0
10408,45,2,10
10408,1,1,0
10408,15,1,20
10409,27,1,0
10409,56,3,0
10409,27,1,10
10410,20,1,0
10410,12,1,5
10410,11,1,10
10410,7,1,10
10411,2,1,5
10411,2,3,0
10411,49,1,0
10412,11,1,0
10413,12,1,0
10414,9,1,5
10414,36,1,5
10414,47,1,10
10415,10,1,0
10415,5,1,5
10416,27,2,20
10416,41,2,20
10416,28,2,5
10417,21,1,20
10418,38,2,10
10419,43,3,0
10419,20,1,10
10419,20,1,10
10419,12,1,10
10420,2,1,0
10420,4,1,0
10420,6,1,0
10420,26,1,5
10421,12,1,10
10421,15,2,5
10421,5,2,5
10421,6,1,10
10422,27,1,0
10422,57,1,0
10423,1,1,0
10424,12,1,0
10425,21,1,20
10425,39,1,20
10426,23,2,10
10426,22,1,0
10426,4,3,10
10426,4,1,5
10427,2,1,5
10427,59,1,0
10428,2,1,5
10428,9,1,10
10428,13,2,20
10428,6,3,0
10429,20,1,10
10429,38,1,10
10430,56,1,0
10431,3,1,5
10431,32,1,5
10431,6,3,10
10432,53,1,0
10432,22,1,0
10432,12,2,10
10433,1,1,10
10433,60,1,20
10433,39,1,10
10434,28,1,20
10435,5,1,10
10436,26,1,10
10436,1,1,0
10437,8,1,5
10437,56,1,20
10437,54,1,0
10438,14,3,0
10438,43,1,0
10439,5,1,5
10440,27,1,20
10440,4,1,10
10440,3,1,20
10441,46,1,10
10441,31,3,0
10442,25,2,10
10442,55,2,20
10442,14,1,20
10443,2,3,5
10444,1,1,10
10444,6,1,20
10444,5,3,10
10444,5,1,5
10445,25,1,5
10445,31,2,0
10445,41,1,0
10445,2,1,5
10446,48,1,0
10446,21,1,0
10446,34,1,10
10446,29,1,0
10447,20,1,10
10448,4,3,0
10448,53,2,20
10448,7,3,10
10448,35,1,5
10449,17,1,10
10450,20,1,0
10450,1,1,10
10450,26,-1,20
10450,1,2,0
10451,36,2,10
10451,28,3,10
10451,9,1,20
10451,37,1,5
10452,46,2,20
10452,2,3,0
10453,41,2,0
10453,52,1,0
10453,34,2,20
10453,13,2,10
10454,5,1,0
10454,24,2,0
10455,2,2,0
10455,51,1,5
10456,7,2,5
10457,7,1,0
10457,7,2,5
10457,8,1,5
10457,40,1,0
10458,8,3,20
10458,57,3,0
10458,41,2,10
10459,6,1,10
10459,31,1,10
10460,60,1,5
10460,21,1,0
10461,42,1,20
10461,6,1,5
10461,42,1,0
10461,42,1,20
10462,22,1,0
10462,4,3,0
10462,10,3,5
10462,55,1,10
10463,21,1,0
10463,34,1,10
10463,1,2,0
10463,33,1,10
10464,18,2,0
10465,2,3,20
10465,3,1,5
10465,19,2,5
10466,5,1,10
10466,17,2,5
10467,39,2,20
10468,7,1,0
10468,37,3,5
10468,1,1,20
10468,33,1,5
10469,2,2,5
10469,43,2,20
10470,31,1,10
10470,58,2,0
10470,49,2,0
10471,41,1,0
10471,54,1,0
10471,8,1,0
10472,20,3,0
10472,7,1,10
10472,6,1,10
10472,46,1,20
10473,19,1,0
10474,53,1,20
10474,19,1,20
10474,23,1,5
10474,43,-1,0
10475,5,1,10
10475,21,3,10
10475,25,1,0
10475,1,2,0
10476,43,3,0
10476,2,2,5
10476,46,1,0
10476,7,1,0
10477,7,2,10
10477,13,1,20
10478,25,1,0
10478,2,1,10
10479,20,1,10
10480,19,1,10
10481,34,1,0
10482,40,2,20
10482,20,3,5
10483,23,1,0
10483,17,1,0
10483,12,3,10
10484,25,1,0
10485,5,1,10
10486,34,3,0
10487,23,1,0
10487,15,1,20
10487,3,1,0
10488,51,1,0
10488,34,1,5
10488,36,1,5
10489,30,1,10
10489,49,1,5
10489,32,3,20
10489,33,1,20
10490,29,2,10
10490,53,1,10
10490,33,1,10
10490,30,1,10
10491,12,1,0
10491,5,1,0
10491,13,1,0
10491,3,2,5
10492,6,3,10
10492,49,1,0
10493,32,1,0
10493,20,2,0
10493,3,1,10
10494,1,1,20
10494,56,3,0
10494,17,1,20
10495,45,2,10
10495,24,1,20
10496,15,2,0
10496,10,1,5
10496,5,1,20
10496,18,1,0
10497,3,1,20
10497,31,1,0
10498,60,1,5
10498,30,1,5
10498,5,1,5
10498,50,1,10
10499,15,1,5
10499,47,1,0
10500,10,3,10
10500,14,1,0
10500,3,1,5
10500,2,2,5
10501,3,1,5
10501,47,1,5
10501,7,1,0
10502,38,1,0
10503,13,1,5
10504,7,1,10
10504,22,1,20
10504,58,2,20
10505,23,2,0
10505,45,1,10
10506,17,1,5
10506,15,1,20
10507,33,2,0
10507,11,1,5
10508,52,1,0
10509,48,3,0
10510,19,1,0
10510,14,1,10
10510,1,1,5
10511,6,3,10
10512,5,2,10
10512,55,1,0
10513,9,1,10
10514,6,1,10
10514,60,2,20
10514,31,2,5
10515,2,1,20
10516,18,1,10
10516,40,1,0
10517,6,2,10
10518,38,1,10
10519,7,1,20
10519,37,1,0
10519,41,1,0
10520,2,1,10
10520,1,1,10
10520,44,2,0
10521,22,1,10
10521,46,1,10
10521,45,1,5
10521,55,1,0
10522,16,2,0
10522,50,2,10
10522,14,3,0
10522,7,2,10
10523,37,1,20
10523,49,1,10
10523,43,1,5
10524,54,2,5
10524,30,1,5
10525,47,1,5
10525,11,1,10
10525,2,1,5
10526,60,1,10
10526,57,3,10
10526,15,1,5
10527,34,1,20
10527,29,3,10
10527,7,1,10
10528,1,1,10
10528,5,1,20
10528,37,2,0
10529,7,1,0
10530,6,1,5
10530,23,1,20
10531,8,3,10
10531,25,1,10
10531,56,1,10
10532,8,1,5
10532,4,1,10
10532,4,1,0
10532,15,1,0
10533,3,2,5
10533,38,2,10
10533,7,1,10
10534,16,1,5
10534,10,2,0
10534,10,1,10
10534,44,1,20
10535,15,1,0
10535,12,1,10
10535,48,2,0
10536,30,1,0
10537,7,2,10
10537,19,1,0
10537,42,2,20
10538,5,2,20
10538,51,3,20
10539,19,2,0
10539,13,1,10
10539,11,1,0
10539,42,1,10
10540,5,1,0
10540,1,1,10
10540,23,1,20
10541,5,1,20
10541,20,1,5
10541,7,1,0
10542,26,1,5
10542,60,1,0
10543,12,1,20
10544,26,1,0
10544,3,3,0
10544,36,1,0
10545,39,2,0
10545,21,2,10
10546,39,1,10
10546,10,2,0
10546,50,1,0
10547,45,1,20
10547,22,1,5
10548,29,1,10
10549,59,1,0
10550,57,1,10
10551,33,1,5
10552,16,2,20
10553,3,1,0
10553,56,1,10
10553,36,1,10
10553,2,1,5
10554,13,1,10
10554,11,2,10
10555,10,3,0
10555,25,1,0
10556,21,3,0
10556,6,1,5
10557,19,1,0
10557,52,2,0
10558,30,2,10
10558,42,3,0
10558,1,2,10
10558,41,2,5
10559,39,1,0
10559,29,1,5
10560,33,1,5
10560,36,1,0
10560,13,2,10
10560,1,2,0
10561,30,1,5
10561,1,1,0
10561,29,1,10
10562,40,1,10
10562,38,1,0
10562,23,1,0
10562,47,3,10
10563,48,1,0
10563,9,2,0
10563,38,1,5
10564,10,1,0
10564,50,1,5
10565,4,2,0
10566,53,1,5
10566,3,2,0
10566,48,3,10
10567,10,1,10
10568,4,1,20
10568,14,1,10
10568,13,1,10
10569,4,1,10
10569,28,2,0
10569,59,1,0
10570,1,2,0
10570,46,2,10
10571,7,1,0
10571,28,1,20
10572,29,1,20
10572,1,1,20
10573,3,3,10
10574,2,1,20
10574,28,2,5
10574,23,2,5
10574,15,1,10
10575,32,1,0
10576,32,1,10
10576,7,1,10
10577,11,1,0
10577,40,2,10
10577,23,1,0
10577,8,2,5
10578,18,1,0
10579,15,3,0
10580,54,1,10
10581,25,1,0
10581,50,1,0
10581,5,1,5
10581,44,1,5
10582,3,1,0
10582,21,3,10
10582,44,1,10
10583,55,1,10
10584,2,1,0
10584,21,3,0
10584,6,1,10
10585,38,1,5
10585,36,1,10
10585,57,2,0
10585,1,2,10
10586,31,2,0
10587,2,2,5
10588,48,1,0
10588,13,1,5
10589,6,1,20
10590,54,1,0
10590,2,1,10
10590,59,2,0
10590,29,1,10
10591,12,3,0
10591,2,3,5
10592,9,1,10
10592,41,1,10
10592,13,1,20
10592,6,1,0
10593,2,1,0
10593,2,3,10
10593,48,1,5
10594,2,1,10
10594,25,1,5
10595,27,2,0
10595,6,3,0
10595,18,1,10
10596,19,1,0
10596,6,1,20
10596,4,1,10
10596,13,2,20
10597,9,3,10
10597,8,1,20
10597,24,1,10
10597,5,1,10
10598,7,1,5
10598,6,3,5
10598,32,1,0
10599,10,1,5
10599,6,1,20
10599,26,1,0
10599,7,1,5
10600,27,1,0
10600,11,2,0
10600,10,2,0
10600,4,3,20
10601,8,1,0
10601,20,2,5
10601,8,1,10
10601,39,1,0
10602,1,3,0
10602,3,2,10
10602,7,1,5
10603,46,1,0
10604,32,2,5
10604,44,1,0
10605,17,1,20
10605,48,1,0
10605,54,1,5
10605,3,1,0
10606,10,2,5
10606,14,1,0
10607,21,1,10
10608,9,2,10
10608,42,1,10
10608,50,3,5
10608,1,1,0
10609,25,1,5
10609,23,1,10
10609,49,1,10
10609,30,1,10
10610,10,1,0
10610,21,1,0
10610,31,2,5
10611,9,1,5
10611,2,1,10
10611,29,3,0
10612,21,2,0
10612,42,1,0
10612,2,1,0
10613,52,1,0
10613,7,1,20
10613,23,2,20
10613,12,1,10
10614,5,2,10
10615,24,1,0
10615,22,1,10
10615,3,1,0
10616,4,3,10
10616,18,1,5
10616,3,1,0
10617,1,2,0
10617,21,1,10
10618,3,2,10
10619,14,2,0
10619,2,3,20
10619,24,3,5
10620,46,1,5
10620,2,2,5
10621,52,2,5
10621,36,1,0
10621,45,1,0
10622,46,1,0
10623,7,1,10
10623,1,3,5
10623,42,1,0
10623,1,1,10
10624,33,1,5
10624,14,3,0
10624,27,1,5
10625,4,1,5
10625,58,1,10
10625,49,1,20
10626,8,2,5
10626,26,2,5
10627,3,1,5
10627,1,3,5
10627,50,2,10
10628,2,1,5
10628,6,1,0
10628,39,1,10
10629,1,2,5
10629,46,1,10
10629,53,1,0
10629,36,1,0
10630,6,3,10
10631,35,1,10
10631,2,1,20
10631,4,1,5
10631,48,1,0
10632,59,2,0
10632,1,2,10
10632,3,1,10
10633,10,1,10
10633,3,1,10
10633,13,1,0
10633,9,1,10
10634,53,1,10
10634,51,1,10
10634,15,2,0
10634,8,1,20
10635,27,2,20
10636,2,1,5
10636,27,2,0
10636,6,3,20
10637,24,3,0
10637,13,1,10
10637,15,1,0
10637,6,1,0
10638,52,1,0
10638,29,2,10
10638,5,1,0
10639,4,2,20
10640,4,1,0
10640,8,1,5
10641,15,1,10
10641,47,1,0
10641,54,1,10
10641,6,1,0
10642,25,2,5
10642,5,2,20
10642,5,1,0
10643,4,1,0
10644,31,1,10
10644,25,1,10
10644,52,3,10
10644,25,1,0
10645,7,1,0
10645,5,1,10
10645,34,1,5
10645,8,2,0
10646,2,2,5
10646,4,1,5
10646,2,1,10
10647,10,2,10
10648,14,1,0
10649,25,1,20
10650,1,2,0
10651,21,1,10
10651,8,3,0
10651,49,2,0
10651,29,1,10
10652,22,2,10
10653,12,1,0
10653,17,1,20
10653,1,2,20
10654,31,1,0
10655,55,1,10
10655,57,1,20
10655,13,2,0
10656,35,1,5
10656,16,3,5
10656,15,1,10
10656,7,1,5
10657,35,1,20
10657,34,1,10
10657,26,1,10
10658,29,1,10
10658,4,1,10
10659,22,1,0
10659,57,2,20
10660,53,1,5
10661,11,1,10
10662,5,1,0
10662,1,1,5
10662,6,1,5
10663,18,2,10
10664,4,1,10
10664,10,1,0
10664,26,3,10
10664,17,1,0
10665,7,3,10
10666,8,2,20
10667,23,1,5
10668,28,1,0
10669,37,2,10
10669,46,1,10
10670,31,1,5
10671,18,1,0
10671,5,1,5
10672,57,2,5
10673,20,1,0
10673,4,1,0
10674,29,1,20
10675,6,1,10
10675,11,2,10
10676,57,2,10
10676,6,3,10
10677,43,1,10
10678,2,1,0
10678,40,1,10
10678,12,1,10
10679,17,1,5
10680,45,2,10
10680,29,1,0
10681,21,1,0
10681,26,2,10
10681,48,2,10
10682,48,3,10
10682,7,1,10
10682,48,1,0
10682,1,1,0
10683,15,1,10
10684,38,2,20
10685,50,1,10
10685,44,1,0
10685,5,1,5
10685,24,2,0
10686,19,1,10
10686,51,3,10
10686,9,3,0
10686,53,1,0
10687,33,2,0
10687,6,1,5
10688,18,1,0
10688,25,1,5
10688,12,3,5
10689,16,1,5
10689,1,3,0
10690,30,1,0
10691,32,1,0
10691,60,2,0
10691,6,2,5
10692,2,1,0
10693,15,1,10
10693,1,1,5
10693,10,1,0
10693,10,1,0
10694,22,1,0
10694,20,1,5
10695,47,1,20
10696,32,1,10
10696,54,1,10
10696,14,1,10
10697,37,1,0
10697,20,1,0
10698,10,2,5
10698,15,1,0
10698,32,1,20
10698,6,1,0
10699,22,1,20
10699,51,2,20
10699,1,2,10
10699,28,1,5
10700,24,2,10
10701,56,1,0
10702,43,2,5
10702,51,1,10
10702,47,1,0
10703,3,1,0
10704,9,1,0
10704,50,1,0
10705,12,1,5
10705,35,1,0
10706,17,1,0
10706,9,1,10
10706,9,1,5
10706,9,1,0
10707,2,2,5
10707,31,-1,0
10708,28,1,0
10708,10,1,0
10708,9,1,0
10709,12,1,0
10709,47,1,0
10709,2,3,10
10710,28,1,5
10710,2,1,0
10710,54,1,0
10711,8,1,10
10711,54,1,20
10712,1,1,0
10712,49,2,10
10712,1,1,0
10712,14,1,5
10713,19,1,20
10713,58,3,10
10714,36,1,20
10714,38,1,20
10715,10,3,0
10716,28,2,10
10716,12,1,5
10716,30,2,0
10717,19,1,10
10718,55,1,0
10719,4,1,20
10719,4,3,0
10719,6,1,20
10719,5,1,0
10720,11,1,0
10720,52,1,0
10720,8,1,0
10720,2,-1,20
10721,17,2,0
10722,1,2,10
10722,6,1,5
10722,2,1,0
10722,28,1,20
10723,42,1,5
10724,5,1,0
10724,16,2,10
10725,9,1,20
10725,4,1,10
10725,1,1,10
10725,29,1,20
10726,6,1,0
10726,6,3,0
10726,48,1,0
10726,13,2,5
10727,14,2,5
10727,37,1,20
10727,43,1,0
10727,28,1,20
10728,1,2,0
10728,3,1,20
10728,24,1,5
10728,9,2,0
10729,35,1,0
10730,22,1,0
10731,13,1,0
10731,45,2,0
10731,17,1,0
10732,27,1,5
10732,5,3,10
10732,8,2,0
10733,17,1,0
10733,9,1,10
10733,46,2,5
10734,5,3,0
10734,49,1,5
10735,6,2,5
10736,9,2,5
10737,32,2,0
10737,6,2,0
10738,16,1,0
10738,8,2,5
10739,40,1,20
10739,1,3,0
10739,2,2,0
10739,25,1,5
10740,24,2,10
10740,14,1,5
10741,11,1,5
10742,46,1,20
10742,20,3,10
10743,29,2,0
10743,44,1,5
10743,32,3,10
10743,32,1,5
10744,2,1,5
10745,4,1,0
10745,1,2,0
10746,13,2,10
10746,5,1,0
10747,23,1,0
10748,8,1,20
10749,1,1,5
10750,52,2,0
10750,3,3,5
10750,40,1,0
10751,13,1,0
10751,1,2,0
10752,4,3,20
10752,12,1,0
10753,28,1,20
10753,9,1,0
10753,37,1,10
10753,4,1,0
10754,59,-1,20
10754,33,2,0
10755,29,2,5
10756,3,1,10
10756,15,3,0
10757,19,1,5
10757,37,1,5
10758,35,3,20
10759,50,1,10
10759,38,1,5
10760,21,1,20
10760,5,1,0
10761,14,1,5
10761,46,1,10
10761,40,3,5
10762,10,1,20
10763,1,-1,10
10764,53,1,0
10764,1,1,5
10764,14,1,5
10765,20,1,0
10765,13,1,0
10765,5,1,0
10765,31,3,10
10766,14,2,5
10766,59,1,0
10766,14,2,10
10767,53,1,0
10767,3,1,5
10767,17,3,0
10767,1,1,10
10768,51,2,0
10768,6,2,0
10769,2,1,10
10770,53,1,0
10770,43,2,0
10771,35,1,0
10771,4,1,5
10771,15,1,10
10771,45,1,10
10772,35,1,0
10772,2,1,20
10772,29,1,0
10772,41,1,5
10773,1,3,0
10773,33,3,0
10773,50,1,20
10774,16,1,10
10775,36,2,5
10775,7,1,5
10775,26,2,10
10775,35,2,20
10776,27,1,10
10777,3,1,0
10777,33,1,5
10778,34,1,20
10779,46,1,5
10779,52,2,5
10779,2,1,20
10779,25,1,0
10780,11,1,20
10780,15,1,10
10780,15,1,0
10781,10,1,20
10782,35,1,20
10782,46,2,0
10782,29,2,0
10782,2,1,10
10783,2,2,0
10784,14,2,0
10784,1,1,10
10784,44,2,0
10785,7,1,10
10785,21,1,0
10786,59,1,0
10787,9,2,0
10787,35,2,5
10788,50,3,0
10788,12,1,5
10788,9,1,0
10788,35,3,10
10789,1,2,10
10789,1,1,10
10789,22,1,5
10790,1,2,0
10790,13,1,10
10791,55,1,20
10791,2,1,10
10791,23,1,5
10791,1,1,10
10792,4,1,5
10792,24,1,0
10793,19,2,10
10793,25,2,10
10794,7,2,0
10794,10,1,5
10794,47,1,20
10795,7,1,20
10795,28,1,0
10795,6,1,10
10796,39,2,0
10796,37,1,5
10796,50,1,20
10797,5,1,20
10797,18,3,5
10797,3,1,0
10798,15,1,5
10798,30,1,0
10799,5,2,0
10799,18,2,0
10799,58,1,20
10800,4,1,20
10801,7,1,20
10801,7,1,0
10802,39,1,5
10803,52,2,0
10803,40,2,0
10803,22,3,20
10803,2,1,20
10804,10,3,10
10804,5,1,0
10804,14,1,10
10804,12,3,5
10805,42,2,0
10805,32,1,10
10806,36,1,0
10807,58,1,0
10807,23,1,10
10807,36,2,0
10807,2,1,5
10808,2,3,0
10808,6,1,0
10808,29,1,5
10808,10,1,10
10809,51,1,20
10810,2,1,10
10811,15,1,0
10811,9,1,0
10812,10,1,0
10812,35,1,10
10813,19,1,5
10814,4,1,5
10814,2,1,20
10814,10,1,5
10815,11,1,5
10815,56,2,20
10815,11,1,20
10815,8,1,10
10816,1,1,0
10816,19,1,5
10817,8,2,0
10817,30,1,20
10817,3,1,10
10818,39,3,0
10818,26,1,10
10818,8,1,0
10819,34,1,20
10819,42,2,0
10820,39,1,5
10820,59,3,0
10820,34,3,10
10820,11,1,10
10821,2,1,20
10821,31,1,10
10821,34,1,20
10821,17,2,0
10822,9,1,5
10822,36,1,0
10822,8,1,5
10823,2,1,20
10823,7,1,20
10823,35,1,0
10823,10,1,0
10824,6,2,20
10825,17,1,0
10825,43,2,5
10826,15,1,0
10827,24,2,10
10827,17,2,5
10828,22,2,0
10828,32,1,5
10828,48,1,5
10828,10,1,10
10829,53,1,5
10829,8,1,0
10829,54,1,0
10830,5,1,20
10830,3,1,0
10831,25,1,10
10831,46,1,20
10832,52,1,10
10832,43,1,0
10832,5,3,20
10833,53,1,10
10834,51,2,0
10834,1,1,10
10834,6,2,5
10835,3,2,0
10835,45,1,10
10835,22,1,0
10835,1,3,0
10836,7,2,0
10836,11,2,0
10837,9,1,0
10837,47,1,0
10838,16,2,10
10838,6,1,0
10839,11,2,20
10840,6,1,10
10840,32,1,0
10840,6,2,5
10841,1,1,5
10841,19,2,5
10841,17,1,0
10841,14,2,5
10842,25,2,20
10843,18,1,0
10843,34,1,10
10843,24,2,0
10844,3,3,5
10844,15,1,0
10844,19,1,0
10845,35,1,10
10845,8,2,10
10845,1,2,0
10846,7,1,0
10846,42,1,10
10846,40,2,10
10847,2,1,10
10847,1,1,10
10847,9,3,5
10848,11,1,0
10848,23,1,0
10849,56,1,20
10849,47,1,10
10849,52,1,10
10850,2,1,0
10850,29,2,20
10850,25,1,0
10851,56,3,20
10852,52,1,0
10852,58,1,5
10853,11,1,0
10853,53,1,0
10853,2,1,0
10853,24,2,0
10854,13,1,0
10854,32,3,10
10854,53,1,0
10854,3,1,0
10855,28,1,0
10856,52,1,10
10857,9,1,0
10857,19,1,0
10858,12,1,5
10858,9,1,0
10858,25,1,5
10859,57,2,20
10859,4,1,20
10860,1,1,5
10860,16,1,20
10860,38,1,0
10861,49,1,10
10861,59,1,10
10861,52,1,20
10861,1,1,0
10862,4,1,10
10862,42,1,5
10862,1,2,0
10863,25,1,10
10863,18,1,0
10863,6,1,10
10864,14,1,0
10865,39,2,5
10865,12,3,0
10865,6,2,5
10866,5,2,5
10867,8,1,0
10868,5,1,20
10869,1,1,0
10870,31,1,0
10871,14,3,5
10872,49,1,10
10872,22,1,10
10872,10,2,10
10873,58,1,10
10873,40,2,10
10873,7,1,10
10874,7,1,0
10874,60,1,0
10874,1,2,10
10874,40,1,5
10875,3,-1,10
10876,48,1,5
10876,28,2,0
10877,9,1,20
10877,2,2,10
10877,7,1,10
10877,4,1,5
10878,2,1,10
10878,33,1,0
10878,40,1,0
10878,2,3,10
10879,2,3,10
10879,4,1,0
10879,22,3,10
10880,7,2,0
10880,19,2,0
10881,59,3,10
10881,9,1,5
10882,3,1,10
10883,1,2,10
10883,13,2,10
10883,18,1,0
10883,4,1,0
10884,15,3,5
10884,44,1,0
10884,12,2,20
10884,25,1,20
10885,25,1,0
10885,13,2,10
10886,8,3,0
10886,30,2,0
10886,9,1,0
10887,45,1,0
10887,27,1,5
10887,1,1,0
10887,1,1,0
10888,8,1,5
10889,13,1,0
10890,5,1,5
10890,53,3,0
10890,2,1,20
10890,22,1,20
10891,33,1,5
10891,13,2,5
10891,30,1,0
10892,39,1,10
10892,3,1,5
10892,8,1,20
10892,12,1,0
10893,25,1,10
10893,25,1,20
10893,1,1,5
10894,46,1,10
10894,2,1,5
10894,33,1,10
10895,3,2,10
10895,6,2,0
10895,60,2,5
10896,15,1,10
10896,28,1,0
10896,31,1,20
10897,1,1,10
10898,58,1,20
10898,2,1,10
10898,36,1,10
10899,30,1,0
10899,9,2,0
10899,60,1,20
10899,4,3,0
10900,30,1,10
10900,1,1,5
10901,12,2,5
10902,41,1,0
10902,45,2,0
10903,48,1,20
10903,8,2,10
10904,2,2,0
10905,1,1,0
10905,9,1,5
10905,8,1,20
10906,6,1,10
10907,1,1,20
10908,20,1,5
10909,1,1,10
10909,13,1,10
10910,1,1,5
10910,1,2,5
10911,54,3,20
10912,33,1,10
10912,25,2,5
10913,19,1,5
10913,60,1,20
10913,52,1,0
10914,14,1,20
10914,5,2,0
10914,35,1,10
10914,46,2,10
10915,3,2,0
10916,1,1,10
10916,2,1,5
10916,27,1,10
10917,18,1,20
10917,56,1,0
10917,54,1,0
10918,13,2,0
10918,2,1,0
10918,9,1,10
10919,36,1,10
10920,6,1,0
10921,1,2,10
10921,5,1,10
10921,33,1,0
10922,31,1,5
10922,16,1,20
10923,14,1,10
10923,8,2,0
10923,12,2,0
10924,11,1,10
10925,3,1,0
10925,11,1,10
10925,9,2,5
10925,29,1,0
10926,6,1,5
10927,18,3,0
10927,39,2,10
10927,2,1,0
10928,6,2,0
10928,35,1,0
10929,27,2,0
10929,1,1,10
10930,11,1,5
10930,16,1,0
10930,12,1,0
10931,25,1,10
10931,11,1,0
10931,2,1,5
10932,1,1,10
10932,35,2,5
10932,1,1,5
10933,41,2,10
10933,8,1,0
10933,46,1,5
10933,11,2,10
10934,18,2,20
10934,5,1,10
10935,26,1,10
10935,40,1,0
10935,8,2,5
10935,54,1,5
10936,1,2,5
10936,3,2,0
10936,12,1,0
10936,9,1,0
10937,37,1,20
10938,3,1,5
10938,22,2,0
10938,6,1,10
10939,18,1,0
10940,11,3,5
10941,20,3,0
10941,3,1,5
10942,28,1,5
10942,37,1,10
10943,9,1,10
10943,36,1,10
10943,7,1,0
10944,35,1,5
10944,25,1,5
10944,17,3,0
10945,5,1,10
10946,9,2,10
10946,1,1,20
10946,24,3,0
10946,9,2,10
10947,4,1,10
10947,3,1,10
10948,44,1,10
10949,53,1,20
10949,22,1,5
10949,15,2,20
10949,58,2,0
10950,10,3,5
10950,57,1,10
10950,41,1,20
10950,3,3,10
10951,29,1,0
10951,55,2,0
10952,7,1,20
10953,11,2,0
10953,12,2,0
10954,3,1,0
10954,43,1,5
10954,34,1,5
10955,11,1,0
10955,23,2,5
10955,39,1,0
10955,7,1,5
10956,25,3,0
10956,40,2,10
10957,60,1,20
10957,50,1,20
10957,21,1,0
10957,1,1,5
10958,44,1,10
10959,57,1,0
10960,1,1,0
10961,14,1,0
10961,4,1,10
10961,39,2,0
10962,5,2,10
10962,16,1,5
10962,25,1,10
10963,59,1,0
10963,49,1,0
10963,15,2,0
10963,23,1,20
10964,2,1,10
10964,1,1,0
10964,2,1,20
10964,36,1,10
10965,48,1,0
10966,26,2,10
10966,12,1,5
10966,15,1,0
10967,58,1,10
10967,22,1,10
10967,30,1,20
10968,9,1,5
10968,2,1,0
10968,49,1,5
10968,15,1,0
10969,2,1,20
10970,5,1,0
10970,1,1,0
10970,1,1,0
10971,9,2,0
10971,27,1,20
10972,1,1,5
10972,14,1,0
10973,18,1,0
10973,51,2,5
10973,5,1,10
10974,8,1,0
10975,32,1,10
10975,33,1,5
10976,17,1,5
10976,1,2,0
10976,25,1,0
10977,47,1,0
10977,1,1,10
10977,55,1,0
10978,11,1,5
10978,20,1,0
10978,1,3,0
10979,30,1,0
10979,51,-1,10
10980,4,1,10
10980,3,1,10
10981,11,1,0
10981,57,1,20
10981,47,1,20
10982,5,1,10
10983,33,1,0
10983,2,1,20
10984,2,1,10
10984,11,2,10
10985,46,1,5
10985,3,1,10
10986,3,3,5
10987,42,2,20
10987,1,1,10
10988,40,2,10
10988,31,3,10
10988,22,2,0
10988,17,1,0
10989,13,1,0
10990,29,1,5
10990,2,1,0
10990,8,1,5
10990,14,1,0
10991,35,2,5
10991,2,1,0
10992,56,1,10
10992,59,1,10
10992,14,3,10
10992,25,3,0
10993,19,1,0
10993,17,1,10
10993,4,1,20
10994,5,3,10
10994,15,1,20
10994,18,1,20
10995,36,3,5
10995,5,1,0
10995,48,1,10
10995,6,2,10
10996,1,1,0
10997,7,1,5
10997,52,1,10
10997,14,1,5
10997,12,1,0
10998,1,2,10
10998,1,2,0
10998,5,1,0
10998,12,1,0
10999,51,2,10
10999,14,2,10
11000,2,1,10
11001,56,2,0
11001,23,2,0
11002,36,2,0
11002,9,3,0
11002,4,3,0
11003,4,1,10
11004,2,1,20
11004,47,1,0
11004,8,1,0
11005,5,1,0
11005,46,2,0
11005,11,1,0
11005,8,2,0
11006,25,1,10
11006,8,1,5
11007,27,1,20
11008,35,1,5
11009,37,1,20
11009,1,1,0
11009,7,1,0
11009,41,3,0
11010,41,1,0
11010,58,2,5
11011,10,1,20
11012,46,1,5
11012,1,3,0
11012,34,3,0
11012,17,1,0
11013,53,1,0
11014,26,2,0
11015,46,1,10
11015,58,2,0
11015,49,1,5
11015,13,1,10
11016,3,1,10
11017,2,2,10
11017,33,2,0
11017,9,1,0
11017,9,1,0
11018,12,1,20
11018,29,1,0
11018,37,1,0
11018,13,1,0
11019,5,1,0
11020,2,1,0
11021,20,2,0
11021,38,2,10
11021,1,1,0
11021,23,2,0
11022,27,1,0
11022,46,1,0
11023,6,1,10
11024,4,1,0
11024,1,1,0
11024,43,1,5
11024,9,1,0
11025,9,1,20
11026,57,1,0
11026,60,1,0
11026,13,1,0
11027,11,1,0
11027,3,1,0
11028,21,1,10
11028,11,1,0
11028,2,1,0
11029,30,1,0
11029,4,2,0
11029,18,1,0
11029,16,2,10
11030,10,2,20
11030,1,1,5
11030,60,1,0
11031,31,1,20
11032,2,1,5
11032,47,1,0
11033,2,3,0
11033,8,2,10
11034,55,1,0
11035,29,2,5
11035,2,1,10
11035,17,1,0
11036,31,1,10
11036,26,2,0
11037,14,1,10
11037,20,1,0
11037,10,1,10
11037,8,3,0
11038,5,1,0
11038,8,1,5
11038,32,1,20
11038,53,1,5
11039,20,1,0
11039,1,3,10
11040,23,1,10
11041,58,2,0
11041,49,1,0
11041,46,1,0
11042,41,1,20
11042,7,1,20
11042,60,1,0
11042,29,1,5
11043,26,1,20
11043,16,1,0
11043,11,2,0
11043,5,1,0
11044,23,2,0
11044,2,1,20
11045,44,2,0
11045,24,1,0
11045,2,1,0
11045,22,2,0
11046,40,2,5
11046,2,1,0
11047,51,1,0
11047,27,3,10
11048,26,1,0
11049,14,1,0
11050,33,1,0
11051,3,1,10
11051,40,3,20
11051,35,3,10
11051,5,2,0
11052,46,1,5
11053,38,1,20
11053,2,1,10
11053,3,1,0
11053,14,3,10
11054,8,1,10
11054,1,1,0
11054,52,1,10
11054,21,1,0
11055,27,3,0
11056,22,1,5
11056,1,1,0
11056,27,2,0
11056,6,2,5
11057,11,3,10
11057,37,3,10
11058,39,1,10
11058,41,1,10
11058,6,3,5
11059,13,1,5
11060,31,1,0
11060,33,2,0
11060,43,1,5
11061,39,1,10
11061,7,1,5
11062,53,1,0
11062,1,1,0
11063,14,1,0
11063,4,1,10
11063,10,3,10
11064,32,1,0
11064,5,3,0
11065,48,1,5
11066,3,1,20
11066,31,1,0
11067,24,1,0
11067,2,1,0
11068,17,1,20
11068,59,1,0
11069,3,1,10
11069,13,2,0
11070,35,1,5
11071,19,1,0
11071,2,1,5
11072,10,1,5
11073,19,1,0
11073,3,1,0
11073,13,1,20
11074,24,1,5
11075,1,2,20
11075,1,3,0
11076,24,2,20
11076,5,1,0
11076,10,1,5
11077,6,2,0
11077,53,1,20
11077,9,1,0
11077,19,1,5
11078,7,1,0
11078,19,1,0
11078,56,1,20
11078,2,1,5
11079,29,1,0
11079,10,1,0
11079,14,1,5
11080,27,1,0
11080,18,1,20
11080,53,1,0
11081,46,2,20
11081,1,1,5
11082,4,1,0
11082,2,1,10
11082,2,2,20
11083,2,1,0
11083,23,1,10
11083,17,1,20
11084,32,1,5
11084,14,1,10
11084,31,1,20
11084,35,1,0
11085,2,1,0
11085,59,1,10
11086,25,3,0
11086,46,3,10
11086,22,3,0
11087,46,1,10
11087,1,1,0
11088,27,3,10
11088,11,2,0
11088,13,2,20
11089,27,3,10
11089,47,2,10
11089,55,1,20
11089,54,3,0
11090,9,2,0
11090,14,1,20
11090,4,1,10
11091,6,1,10
11092,27,1,5
11092,22,1,10
11093,45,1,5
11093,17,1,0
11093,1,1,0
11094,26,2,0
11095,3,1,10
11095,21,1,0
11095,47,1,5
11096,18,1,20
11096,1,1,20
11096,23,1,0
11096,1,2,5
11097,9,1,0
11098,2,1,0
11098,21,1,0
11098,59,2,5
11099,6,1,5
11099,19,1,0
11099,14,1,0
11100,37,1,0
11101,6,1,10
11101,25,1,0
11102,28,2,10
11103,6,1,0
11104,7,1,0
11104,49,3,0
11104,19,1,5
11105,49,1,0
11105,30,3,20
11106,1,1,5
11107,2,1,0
11107,6,1,10
11107,26,2,5
11108,3,1,10
11109,2,1,5
11109,3,1,5
11109,45,1,5
11109,3,1,0
11110,13,1,5
11110,19,2,20
11110,9,2,10
11111,15,1,0
11112,53,1,0
11112,27,1,0
11112,56,1,10
11113,10,-1,0
11113,15,1,5
11114,32,1,5
11114,25,3,0
11114,38,2,0
11115,44,1,10
11115,12,1,0
11116,2,1,10
11116,23,1,0
11116,7,1,10
11117,5,1,10
11117,2,1,20
11118,14,1,0
11118,1,2,0
11118,4,1,0
11118,15,1,20
11119,37,1,0
11119,10,1,5
11119,8,1,0
11119,5,2,0
11120,33,1,20
11120,2,1,0
11121,29,1,0
11121,5,1,5
11122,11,1,5
11123,4,1,20
11124,2,2,10
11124,9,1,10
11124,11,1,10
11124,13,1,10
11125,11,2,5
11126,9,2,0
11126,1,2,10
11127,60,3,5
11128,38,1,5
11129,52,1,0
11129,18,2,10
11129,40,1,0
11129,54,2,20
11130,13,1,10
11130,42,2,10
11130,34,1,5
11130,7,1,0
11131,20,1,5
11131,16,1,5
11131,3,1,10
11131,20,1,0
11132,60,1,10
11132,48,1,10
11132,4,2,0
11133,53,1,10
11133,2,2,10
11133,1,2,0
11134,7,2,10
11134,5,1,10
11134,27,2,0
11134,14,2,10
11135,39,3,0
11135,13,1,0
11136,44,2,0
11136,4,2,0
11137,11,3,20
11138,16,1,10
11138,6,1,10
11138,37,1,0
11139,36,3,5
11139,22,1,0
11139,17,2,5
11140,17,1,20
11140,22,1,10
11140,7,1,0
11141,11,1,5
11141,2,2,5
11141,36,1,5
11142,45,2,0
11142,6,1,0
11142,50,1,0
11142,27,2,20
11143,8,1,5
11143,48,1,5
11144,18,1,0
11144,14,2,20
11145,21,1,5
11146,49,2,5
11147,9,1,10
11148,23,1,5
11149,19,1,0
11150,50,1,5
11151,4,1,0
11152,31,2,0
11153,29,1,0
11153,2,1,20
11153,25,2,20
11153,34,2,10
11154,30,1,0
11155,12,3,0
11155,25,1,0
11155,1,1,0
11155,6,1,0
11156,13,1,5
11157,13,1,5
11157,8,1,5
11158,51,1,0
11158,42,1,0
11158,39,1,0
11158,36,1,0
11159,14,2,20
11159,14,2,10
11159,18,1,0
11159,24,1,0
11160,25,1,20
11161,24,2,0
11161,33,2,0
11161,25,1,10
11161,45,2,0
11162,6,1,5
11162,53,1,0
11162,17,2,0
11162,50,1,10
11163,10,2,5
11163,1,3,20
11163,10,2,0
11163,55,1,0
11164,16,1,0
11165,35,1,0
11165,27,1,20
11165,3,1,5
11165,52,2,5
11166,15,1,0
11166,56,2,5
11166,6,1,10
11166,1,2,10
11167,26,1,20
11168,39,1,0
11168,9,1,5
11168,26,1,10
11168,4,3,0
11169,24,1,10
11169,4,1,0
11170,1,3,10
11170,6,1,0
11170,18,1,0
11170,39,2,0
11171,13,2,10
11171,10,1,0
11172,25,1,0
11172,51,1,5
11172,59,1,5
11173,7,1,0
11173,28,1,0
11173,60,1,0
11173,29,1,0
11174,1,1,0
11174,29,1,0
11175,3,2,0
11175,44,1,0
11175,22,1,10
11175,46,1,0
11176,34,1,0
11176,7,1,0
11176,39,1,5
11177,25,1,20
11177,26,3,10
11178,46,1,0
11179,14,1,0
11179,51,2,20
11180,16,1,10
11181,2,1,0
11181,27,3,10
11181,4,1,0
11182,24,2,20
11182,7,1,10
11182,22,2,20
11182,55,1,10
11183,56,2,5
11183,7,1,20
11183,5,1,0
11183,17,2,20
11184,8,1,0
11185,29,1,0
11185,8,3,0
11185,13,2,0
11186,6,2,0
11186,28,1,5
11187,10,1,0
11188,2,1,0
11188,59,1,10
11188,1,1,0
11188,20,1,10
11189,5,1,10
11189,23,2,0
11189,35,1,0
11190,1,2,0
11190,23,1,20
11190,19,1,5
11190,14,3,20
11191,26,1,20
11192,60,2,5
11192,47,1,0
11192,18,1,0
11193,22,2,5
11193,29,1,20
11193,55,1,0
11193,5,2,0
11194,54,1,10
11194,14,1,10
11195,54,2,20
11195,9,1,5
11195,38,2,5
11195,9,1,10
11196,17,1,5
11197,4,1,0
11198,23,1,0
11198,55,1,0
11198,46,1,10
11198,43,1,20
11199,1,1,20
11200,7,3,0
11201,51,2,10
11202,31,1,5
11202,28,1,20
11203,51,2,20
11203,13,1,0
11203,7,3,10
11204,14,3,5
11204,15,1,5
11204,5,1,0
11204,48,2,5
11205,1,1,0
11205,27,1,0
11205,5,1,10
11206,3,2,5
11206,16,3,10
11206,20,1,10
11207,36,2,0
11208,1,2,5
11209,12,1,10
11209,1,1,0
11209,59,2,10
11209,47,1,20
11210,58,1,5
11211,14,2,0
11212,6,1,10
11212,2,1,0
11212,40,1,20
11212,37,2,0
11213,6,1,0
11213,56,2,0
11213,18,1,20
11214,4,1,5
11214,3,1,5
11215,5,1,10
11215,35,1,5
11215,17,1,0
11216,1,1,0
11216,11,2,20
11217,41,1,20
11217,4,1,0
11217,22,1,0
11217,3,2,0
11218,10,1,20
11218,1,1,5
11218,32,1,10
11219,14,3,5
11219,3,1,5
11219,1,2,5
11220,7,1,0
11220,57,1,0
11221,38,1,0
11222,13,1,0
11222,5,1,5
11222,38,1,20
11222,8,1,0
11223,19,2,0
11223,25,1,10
11224,21,1,10
11224,6,1,5
11224,53,3,10
11225,8,1,0
11225,29,2,0
11225,13,1,10
11225,47,1,0
11226,7,1,0
11226,12,1,5
11227,19,2,10
11227,10,1,0
11227,35,2,0
11228,44,1,10
11228,51,1,10
11228,17,1,5
11228,15,1,20
11229,27,1,0
11230,45,1,5
11230,13,2,20
11230,4,1,5
11230,3,1,10
11231,3,2,0
11232,16,2,0
11232,4,2,0
11232,33,2,0
11233,1,1,20
11233,28,1,5
11233,1,2,5
11233,3,1,0
11234,1,2,20
11234,54,1,0
11235,16,3,0
11236,7,3,5
11236,51,3,20
11236,1,2,10
11237,51,1,0
11237,37,1,0
11238,8,1,5
11238,50,2,0
11238,49,1,0
11239,53,1,0
11239,41,1,0
11239,5,1,20
11240,20,1,20
11240,45,1,5
11240,1,1,10
11240,27,1,20
11241,52,1,5
11241,30,1,0
11241,17,1,0
11241,35,1,0
11242,22,1,10
11242,11,2,0
11242,5,1,10
11242,7,1,5
11243,39,1,20
11244,44,1,0
11244,18,2,10
11244,7,1,5
11244,13,2,10
11245,16,2,10
11246,3,1,5
11246,4,1,0
11246,3,1,5
11246,9,1,0
11247,1,1,5
11247,29,1,0
11247,48,2,5
11247,21,3,0
11248,18,1,0
11248,37,3,0
11249,10,1,5
11249,18,1,0
11249,7,2,20
11250,1,1,0
11250,45,1,5
11251,23,1,10
11251,40,1,5
11252,16,1,10
11252,42,1,10
11252,19,2,10
11253,13,3,0
11254,3,1,5
11254,33,1,0
11254,30,2,5
11254,46,1,0
11255,1,1,5
11255,5,1,20
11256,1,1,20
11256,14,3,0
11257,17,1,10
11257,8,1,5
11257,4,2,0
11258,3,1,10
11258,44,1,0
11258,26,1,5
11259,4,2,0
11259,25,1,0
11259,2,1,10
11259,13,1,0
11260,5,2,10
11260,55,1,5
11261,20,1,0
11262,5,2,5
11263,4,1,5
11264,23,2,0
11264,15,1,5
11264,25,1,5
11264,1,1,0
11265,2,2,5
11266,3,1,0
11266,51,3,10
11267,52,1,10
11267,37,1,5
11267,3,1,10
11268,1,1,5
11268,33,2,5
11268,34,2,20
11269,6,1,0
11269,9,1,0
11269,54,2,0
11270,1,1,5
11270,17,1,5
11270,41,1,0
11270,1,3,20
11271,11,3,5
11271,27,2,5
11271,59,2,0
11271,7,3,5
11272,10,2,5
11272,14,1,10
11272,26,1,20
11273,59,-1,5
11273,43,1,0
11273,34,1,5
11273,29,1,10
11274,6,3,5
11274,20,2,10
11275,4,2,10
11275,51,1,5
11276,4,1,0
11276,9,1,10
11277,55,2,0
11277,35,1,0
11277,25,2,10
11277,11,3,20
11278,43,2,10
11278,1,1,0
11279,49,1,5
11279,43,2,0
11280,53,1,20
11280,1,1,10
11280,40,3,20
11280,1,1,10
11281,38,3,5
11281,7,1,10
11282,1,1,5
11282,1,1,10
11283,52,2,0
11283,3,1,20
11283,10,1,0
11283,32,1,0
11284,2,1,0
11284,23,2,0
11285,25,2,0
11285,11,1,10
11285,4,1,5
11285,53,1,0
11286,13,1,5
11286,33,1,20
11286,1,2,0
11286,17,1,0
11287,53,1,0
11287,14,2,0
11287,58,1,0
11288,13,1,10
11288,5,1,10
11288,56,1,0
11289,18,1,0
11290,3,1,0
11290,8,3,20
11290,34,1,20
11291,37,1,10
11291,39,2,0
11291,50,1,10
11292,4,2,0
11292,19,1,20
11293,59,2,5
11294,8,1,0
11295,58,1,10
11296,1,2,0
11296,13,3,0
11297,52,1,10
11298,1,1,5
11298,15,2,20
11298,49,1,20
11299,25,3,0
11299,25,1,5
11299,5,1,0
11300,27,2,5
11300,16,3,0
11301,2,1,10
11302,3,2,0
11302,54,2,0
11302,53,1,0
11303,1,1,10
11304,4,3,5
11304,1,1,0
11304,5,3,10
11305,20,1,0
11306,2,2,0
11307,57,2,5
11307,7,1,0
11308,49,1,5
11308,29,2,5
11309,7,1,5
11309,24,1,5
11309,2,1,0
11310,40,1,5
11310,22,1,0
11310,37,1,0
11310,26,1,0
11311,10,2,5
11311,44,1,5
11311,24,1,0
11312,10,1,0
11312,17,3,0
11313,47,2,0
11313,18,2,10
11313,20,2,5
11314,2,1,20
11314,9,1,10
11314,46,2,0
11314,43,1,10
11315,8,1,0
11315,43,1,0
11316,45,1,5
11316,1,1,10
11316,34,1,0
11316,31,2,20
11317,33,3,10
11317,7,1,0
11318,5,1,0
11319,28,2,0
11319,20,1,0
11319,24,1,0
11319,3,2,0
11320,32,1,0
11320,34,1,20
11320,11,1,10
11321,30,1,0
11322,15,1,5
11322,35,1,0
11323,51,1,10
11323,3,1,10
11323,15,2,0
11324,12,1,0
11324,2,3,0
11324,1,2,10
11324,9,1,0
11325,31,1,5
11326,35,3,0
11327,56,1,5
11327,4,1,10
11328,14,1,10
11328,22,1,20
11328,4,1,20
11328,6,1,5
11329,15,2,0
11329,8,1,0
11329,2,2,10
11330,26,1,20
11331,43,2,20
11331,8,1,10
11331,4,1,5
11331,49,1,5
11332,18,1,0
11332,53,1,10
11332,25,1,10
11332,48,1,0
11333,47,1,20
11334,51,1,20
11334,1,2,10
11335,34,1,20
11335,53,1,20
11336,55,3,0
11337,60,1,10
11337,18,3,20
11337,6,1,5
11338,47,1,0
11339,9,1,10
11339,1,1,10
11339,44,1,10
11340,27,1,0
11341,58,2,5
11341,20,2,10
11341,42,1,10
11342,5,1,20
11342,1,3,5
11343,36,1,10
11343,48,1,0
11344,50,1,10
11344,35,1,0
11345,52,1,0
11345,34,1,0
11345,2,1,10
11345,39,2,0
11346,3,3,10
11346,1,2,5
11347,1,1,5
11347,1,1,10
11347,43,1,20
11347,36,2,20
11348,14,1,0
11348,38,1,20
11348,2,1,5
11348,58,1,20
11349,30,1,0
11349,53,3,0
11349,33,1,0
11350,17,1,20
11350,7,1,20
11350,15,2,20
11351,55,1,0
11351,25,2,10
11351,7,1,5
11352,9,2,20
11352,12,1,0
11353,9,1,10
11353,3,2,10
11353,15,1,20
11353,5,3,0
11354,18,2,0
11354,25,2,20
11355,35,1,0
11355,13,1,10
11355,6,2,0
11355,1,1,0
11356,7,1,5
11356,5,2,20
11356,29,2,10
11356,7,1,0
11357,48,1,0
11357,18,1,20
11357,1,1,10
11358,6,1,10
11359,17,1,10
11359,3,3,0
11359,16,3,0
11359,9,1,20
11360,14,1,10
11360,57,1,10
11360,6,1,5
11361,10,1,10
11362,3,1,10
11362,16,1,0
11362,7,1,5
11363,14,2,0
11364,24,2,10
11364,28,2,5
11364,10,1,0
11364,47,1,0
11365,8,1,0
11365,10,1,5
11366,18,1,10
11366,57,1,0
11366,37,1,20
11366,33,1,20
11367,13,1,5
11368,43,1,0
11369,23,1,20
11370,59,1,10
11370,57,2,0
11371,31,2,5
11371,31,1,20
11372,8,1,5
11372,30,1,0
11373,6,1,10
11373,25,1,5
11373,19,3,5
11374,48,1,5
11374,22,1,5
11374,10,1,5
11374,5,1,0
11375,7,1,10
11375,37,2,20
11375,47,1,20
11376,43,2,10
11376,58,1,20
11376,17,1,0
11377,20,1,0
11377,13,1,0
11377,32,3,0
11377,38,1,20
11378,35,1,20
11378,1,1,20
11378,23,2,5
11378,43,1,0
11379,26,2,20
11379,60,3,10
11379,1,1,10
11380,40,1,5
11380,2,2,10
11381,1,1,5
11381,28,2,0
11381,4,1,5
11381,6,1,5
11382,41,1,20
11383,53,1,5
11384,2,1,10
11384,30,1,10
11384,9,1,0
11385,6,3,0
11385,2,1,0
11385,21,1,5
11385,38,1,0
11386,59,2,10
11386,2,1,20
11387,28,2,0
11387,22,1,5
11388,17,1,0
11388,12,1,20
11388,11,1,20
11388,48,2,10
11389,53,1,0
11389,33,1,20
11389,30,1,10
11390,4,1,20
11390,14,1,0
11390,6,1,5
11391,1,1,10
11391,8,1,0
11391,6,2,0
11391,48,1,5
11392,21,1,0
11392,2,1,20
11393,3,1,0
11393,4,3,5
11394,48,1,5
11395,43,2,10
11396,3,1,10
11396,25,1,5
11397,23,1,0
11397,22,1,0
11397,19,1,0
11397,5,1,0
11398,7,1,10
11398,1,1,0
11398,9,1,10
11399,53,2,10
11400,32,1,0
11400,33,1,10
11401,12,1,10
11401,16,1,0
11401,2,1,20
11401,40,1,20
11402,47,1,20
11402,2,1,20
11402,21,1,5
11403,3,1,0
11403,4,1,20
11403,8,2,0
11404,25,2,0
11404,32,1,0
11404,12,1,20
11404,3,1,20
11405,10,1,5
11405,15,1,10
11405,4,3,20
11405,39,1,20
11406,11,3,5
11406,26,1,0
11406,51,1,5
11406,6,1,10
11407,39,1,0
11408,32,1,5
11408,40,1,20
11408,43,1,10
11409,11,2,10
11409,58,1,5
11409,9,2,10
11409,22,3,10
11410,8,1,0
11410,13,1,0
11411,3,1,0
11411,7,1,20
11412,16,1,0
11413,9,1,10
11414,5,3,10
11415,17,3,5
11416,4,1,10
11417,4,1,0
11417,32,1,10
11417,50,1,10
11417,27,1,5
11418,37,1,5
11418,46,1,20
11418,38,3,0
11419,60,1,5
11419,26,1,5
11419,1,1,5
11419,4,1,5
11420,31,1,20
11421,3,1,0
11421,24,1,10
11421,7,3,0
11422,10,1,0
11423,3,2,0
11423,17,2,0
11423,29,1,20
11424,23,1,5
11424,43,2,5
11424,34,1,10
11425,17,1,10
11425,11,2,10
11425,53,2,20
11425,29,1,10
11426,55,2,0
11427,12,1,0
11427,17,1,5
11427,10,1,20
11428,46,1,0
11428,9,1,20
11429,13,1,0
11429,12,1,0
11429,54,1,0
11429,17,1,10
11430,23,2,5
11430,27,3,10
11431,26,1,10
11431,45,1,0
11432,9,1,10
11432,3,3,0
11433,19,1,10
11433,56,1,0
11433,5,1,10
11433,24,1,5
11434,43,1,0
11434,18,2,5
11434,39,1,5
11434,26,2,5
11435,9,1,0
11436,53,1,20
11436,7,1,10
11436,15,2,0
11436,48,1,0
11437,15,1,10
11438,37,1,0
11439,15,1,0
11439,19,2,5
11440,43,1,20
11440,32,1,0
11441,46,1,20
11442,13,2,10
11442,7,1,0
11442,50,1,10
11443,6,1,0
11443,2,1,0
11443,21,1,0
11444,25,1,5
11444,1,2,10
11445,4,1,5
11445,1,1,10
11445,50,3,5
11445,8,1,0
11446,56,3,10
11446,52,1,20
11446,53,1,5
11446,41,1,20
11447,1,1,5
11447,41,1,0
11447,3,1,0
11448,51,1,20
11448,13,1,10
11449,10,1,0
11449,57,1,20
11449,15,1,0
11449,34,2,10
11450,2,1,0
11450,39,1,5
11450,60,1,0
11451,12,3,5
11452,7,1,0
11452,12,1,10
11453,2,1,0
11453,22,1,20
11454,7,1,0
11454,2,2,5
11454,59,2,0
11455,10,1,5
11455,1,3,5
11456,2,2,0
11457,40,2,0
11457,1,2,0
11458,54,1,5
11458,30,1,0
11459,60,2,20
11459,50,1,0
11460,32,1,5
11460,9,2,20
11461,16,1,10
11461,26,2,0
11462,4,1,0
11463,25,1,10
11463,28,3,0
11463,2,1,5
11463,31,1,10
11464,24,1,20
11464,13,1,10
11465,50,1,10
11465,55,1,10
11465,44,1,10
11465,53,1,0
11466,37,1,10
11466,58,2,5
11466,20,1,10
11467,5,1,20
11467,7,1,0
11468,1,2,10
11468,9,1,10
11468,60,1,0
11468,44,1,20
11469,6,1,0
11469,2,1,0
11469,38,1,20
11470,36,1,10
11470,52,2,0
11470,30,1,20
11470,2,2,20
11471,59,3,20
11471,59,3,0
11472,6,2,10
11472,1,2,5
11472,43,2,0
11472,20,2,0
11473,4,1,10
11473,25,1,0
11473,4,3,20
11473,15,1,10
11474,55,1,20
11474,9,1,20
11475,3,1,0
11475,10,1,5
11475,51,1,0
11475,46,2,0
11476,1,1,5
11476,2,1,0
11476,2,1,10
11477,57,1,5
11478,14,1,0
11478,1,2,10
11478,17,1,0
11478,31,1,5
11479,1,1,0
11479,31,3,0
11480,24,1,0
11481,49,2,20
11481,28,2,0
11481,36,1,0
11482,18,1,10
11482,2,1,5
11482,35,3,5
11483,9,1,20
11483,56,1,0
11483,51,2,0
11483,33,1,10
11484,5,1,10
11485,45,1,20
11486,4,1,0
11486,10,1,0
11486,11,1,0
11486,2,1,0
11487,38,1,20
11488,2,2,10
11488,10,1,10
11488,7,3,20
11488,14,1,10
11489,4,1,20
11490,33,2,5
11491,28,3,10
11492,45,1,10
11492,8,1,10
11492,4,1,0
11493,1,2,20
11493,54,1,5
11493,2,2,5
11493,42,1,0
11494,34,3,0
11494,2,1,0
11494,3,1,0
11494,12,2,5
11495,33,1,5
11496,10,2,0
11497,28,1,5
11497,50,1,5
11498,43,1,0
11498,17,1,0
11498,37,1,0
11498,1,1,0
11499,58,1,10
11499,5,3,5
11500,24,3,10
11500,1,1,0
11500,16,1,0
11501,10,1,0
11502,19,1,0
11502,11,1,0
11503,1,1,10
11504,37,1,10
11504,17,1,20
11505,10,1,5
11506,6,1,0
11506,17,1,5
11507,38,1,5
11508,17,1,0
11509,24,1,0
11509,13,1,20
11509,7,1,10
11509,3,1,10
11510,8,1,20
11511,60,2,20
11511,59,1,10
11511,26,1,10
11512,28,1,20
11512,18,1,5
11512,48,1,0
11513,5,3,0
11514,2,1,0
11514,16,1,20
11515,3,2,20
11516,53,1,0
11516,58,2,10
11516,25,1,20
11517,16,2,5
11517,58,2,0
11517,2,1,0
11518,10,2,10
11518,29,1,0
11519,19,1,0
11520,5,1,10
11520,15,2,10
11520,1,2,0
11520,39,1,0
11521,48,1,5
11521,53,3,5
11521,32,1,0
11522,32,1,20
11522,41,1,5
11522,15,1,20
11523,38,1,0
11524,16,1,5
11524,33,1,0
11524,34,1,0
11525,4,1,5
11526,12,1,0
11526,1,1,10
11527,44,1,0
11527,8,2,10
11527,7,2,20
11528,32,1,10
11529,37,1,5
11530,11,3,0
11531,2,1,20
11531,18,1,0
11532,26,1,0
11532,59,2,5
11532,4,1,20
11533,52,2,5
11534,18,1,20
11535,30,1,0
11535,11,1,0
11535,13,1,0
11535,33,2,0
11536,29,1,0
11537,7,1,0
11537,29,1,0
11537,56,1,0
11538,4,1,0
11538,18,3,10
11539,5,1,10
11539,6,1,0
11539,5,1,10
11539,22,1,10
11540,5,2,0
11540,15,3,10
11540,43,1,5
11540,51,1,0
11541,24,2,0
11541,10,3,0
11541,14,1,5
11541,5,1,0
11542,4,1,10
11542,2,1,0
11542,3,1,0
11543,6,3,10
11544,20,1,0
11544,7,1,10
11544,43,1,5
11545,4,1,0
11546,55,1,10
11546,8,1,20
11546,31,1,10
11546,49,2,5
11547,2,3,10
11547,2,2,0
11547,16,3,0
11547,1,1,20
11548,15,1,0
11548,38,3,10
11548,44,3,0
11548,17,1,0
11549,19,2,10
11549,1,1,10
11550,12,1,5
11550,1,3,0
11550,34,1,5
11550,27,3,10
11551,47,1,0
11551,12,1,0
11551,59,1,0
11552,30,1,10
11553,12,1,5
11553,28,1,0
11553,48,1,5
11553,16,3,20
11554,1,1,20
11555,2,2,0
11555,39,1,0
11555,15,1,5
11556,54,1,20
11556,24,1,10
11556,43,2,0
11556,46,1,20
11557,16,2,5
11557,1,1,10
11557,2,1,10
11557,21,3,10
11558,2,3,0
11558,40,1,20
11559,1,2,0
11560,18,1,10
11560,37,1,10
11560,54,1,20
11560,35,3,20
11561,40,1,10
11561,24,1,0
11561,22,1,20
11562,44,2,20
11562,26,1,10
11562,29,1,10
11563,38,1,10
11563,44,1,0
11563,1,1,10
11564,35,1,10
11564,3,1,10
11564,2,3,0
11565,11,1,20
11565,26,1,5
11565,34,1,0
11565,58,1,10
11566,37,1,0
11566,9,1,10
11566,38,2,0
11567,31,1,20
11567,46,2,0
11568,22,1,0
11568,7,2,10
11568,1,1,5
11568,24,1,0
11569,13,3,10
11569,28,3,10
11569,3,1,10
11569,5,3,10
11570,6,1,0
11571,3,1,20
11571,37,3,0
11571,12,1,0
11571,2,2,5
11572,1,1,0
11573,30,1,5
11573,9,1,0
11574,33,1,0
11574,12,1,0
11574,22,1,5
11574,49,1,0
11575,31,1,10
11576,9,1,10
11577,44,1,5
11578,6,1,5
11578,17,1,5
11578,37,1,0
11578,48,2,5
11579,23,2,0
11580,1,1,5
11581,4,1,0
11582,18,1,5
11582,12,3,10
11582,14,1,0
11582,9,2,10
11583,3,1,0
11584,1,1,5
11585,12,1,5
11585,3,1,0
11585,22,1,0
11586,9,1,5
11587,56,1,10
11587,55,1,20
11587,7,3,10
11588,20,1,20
11589,2,3,0
11590,6,1,20
11590,1,1,0
11590,3,1,20
11590,2,3,20
11591,5,1,0
11591,43,1,5
11591,48,2,0
11591,44,1,5
11592,23,2,10
11592,1,1,10
11593,1,2,0
11594,19,1,0
11594,1,1,0
11595,2,1,10
11596,2,1,10
11596,18,2,20
11597,48,3,0
11597,48,1,0
11597,37,2,0
11598,16,1,20
11598,20,1,0
11599,24,2,20
11600,39,1,0
11600,54,1,5
11601,27,1,20
11601,5,1,0
11602,15,1,0
11602,1,1,5
11602,55,1,0
11602,34,1,0
11603,41,2,10
11603,47,1,0
11604,11,3,5
11604,15,1,20
11604,15,1,10
11605,8,1,10
11606,54,1,0
11606,17,1,5
11606,28,1,10
11606,41,3,0
11607,18,1,0
11607,14,1,0
11608,14,1,20
11608,2,1,0
11608,40,1,0
11609,54,2,0
11609,2,1,10
11610,23,3,20
11611,9,1,10
11611,44,3,0
11611,21,2,10
11611,35,2,0
11612,44,1,0
11612,12,1,10
11612,10,1,0
11612,29,2,0
11613,9,2,5
11613,29,3,5
11613,27,1,0
11613,60,1,0
11614,12,1,5
11615,29,1,20
11615,20,1,0
11615,10,1,0
11616,35,1,10
11616,32,1,5
11617,8,2,20
11618,53,1,0
11618,19,2,0
11619,18,1,10
11619,36,3,5
11619,47,1,0
11619,21,2,10
11620,10,1,0
11620,43,1,10
11620,5,1,10
11620,8,1,0
11621,3,1,10
11622,24,1,0
11622,18,3,10
11623,5,1,0
11624,11,1,10
11625,28,3,10
11625,14,1,10
11626,34,1,0
11626,45,1,10
11626,8,1,5
11626,8,1,20
11627,12,1,20
11628,36,1,0
11628,16,1,0
11628,9,1,5
11629,18,2,0
11629,5,2,20
11630,2,1,20
11631,9,1,10
11631,2,1,0
11631,10,1,5
11631,10,1,0
11632,51,1,0
11632,55,1,10
11632,4,1,5
11632,16,2,0
11633,9,3,10
11633,7,1,0
11633,7,1,20
11633,55,1,0
11634,28,1,10
11634,48,1,0
11634,12,1,0
11634,8,1,5
11635,35,1,0
11635,8,3,20
11635,11,1,20
11635,52,3,0
11636,46,1,5
11636,4,1,0
11637,12,1,5
11638,15,2,0
11638,28,1,5
11638,1,3,0
11638,11,3,0
11639,2,2,10
11639,28,1,10
11639,40,2,0
11640,23,1,5
11640,17,1,10
11641,9,1,5
11641,22,1,0
11642,17,2,0
11642,28,3,20
11642,6,1,0
11642,14,2,0
11643,20,1,10
11643,40,1,10
11643,60,1,5
11643,13,1,20
11644,29,1,0
11644,8,1,10
11645,29,1,10
11645,3,1,20
11646,6,1,0
11646,17,3,5
11646,8,1,0
11646,4,2,5
11647,35,1,5
11647,22,1,5
11647,51,1,0
11647,1,1,10
11648,4,1,5
11648,21,1,0
11648,14,1,0
11649,60,1,20
11649,23,2,20
11650,2,3,0
11650,15,2,10
11650,4,1,5
11650,5,3,5
11651,8,1,5
11651,38,1,10
11651,22,1,10
11652,28,1,5
11652,11,2,0
11652,33,1,10
11652,38,1,0
11653,14,1,10
11653,3,1,0
11654,51,1,0
11654,20,3,0
11654,10,1,5
11655,18,1,0
11655,33,1,10
11656,37,-1,5
11657,2,1,20
11657,50,1,0
11657,41,1,10
11657,45,1,0
11658,29,1,10
11658,23,1,5
11658,1,1,20
11658,31,2,5
11659,10,2,5
11660,38,1,5
11660,43,3,10
11660,28,1,10
11661,27,1,20
11661,49,1,0
11661,49,1,0
11662,3,1,20
11662,6,3,0
11662,12,1,5
11662,52,1,20
11663,44,1,0
11664,4,1,5
11664,5,1,5
11665,4,1,20
11665,42,3,5
11665,9,1,0
11666,39,3,10
11667,1,3,0
11668,53,1,20
11669,4,1,0
11669,4,-1,10
11669,16,1,0
11669,46,1,10
11670,22,2,10
11670,14,1,20
11670,14,1,0
11671,9,1,10
11671,10,1,20
11671,29,2,0
11672,18,1,10
11673,53,2,0
11673,12,2,10
11674,2,1,0
11674,10,1,0
11674,11,1,10
11675,14,3,20
11675,37,2,10
11675,13,2,0
11675,11,1,0
11676,23,1,0
11676,38,2,0
11677,36,2,0
11678,34,2,20
11678,44,2,0
11678,5,1,5
11678,4,1,20
11679,10,3,5
11680,49,1,5
11681,2,3,0
11681,2,1,10
11681,28,1,5
11681,30,1,0
11682,26,1,0
11682,8,2,0
11683,33,1,0
11684,47,1,10
11684,22,1,0
11684,2,2,0
11684,34,1,0
11685,29,1,0
11686,8,2,0
11686,10,1,10
11686,59,1,5
11686,13,2,5
11687,2,1,20
11687,7,1,10
11687,13,1,0
11687,20,2,0
11688,15,1,0
11688,39,1,0
11689,45,1,20
11689,34,1,0
11689,12,1,0
11689,7,1,0
11690,50,1,10
11690,19,1,5
11690,6,1,5
11690,2,3,10
11691,6,2,20
11691,52,2,10
11691,50,1,20
11691,39,1,5
11692,27,1,0
11692,16,1,20
11692,56,1,10
11692,16,1,0
11693,42,3,20
11693,15,2,20
11693,55,2,20
11693,15,1,5
11694,1,1,0
11695,14,2,10
11695,35,1,5
11696,12,3,10
11697,20,1,10
11698,5,2,5
11698,5,1,0
11698,38,2,0
11698,42,2,0
11699,4,3,5
11700,25,1,10
11700,16,1,0
11700,1,1,5
11700,3,2,10
11701,9,1,10
11701,24,1,5
11701,33,1,0
11701,17,1,10
11702,1,1,0
11702,30,1,20
11702,55,1,0
11702,17,2,5
11703,31,1,0
11703,9,1,20
11703,25,1,10
11703,39,2,10
11704,14,1,0
11704,34,2,5
11704,32,1,20
11705,16,1,0
11705,50,1,10
11705,1,1,10
11705,41,3,0
11706,36,3,0
11706,3,1,0
11706,9,1,20
11707,9,1,0
11707,54,1,20
11707,24,1,10
11707,1,3,10
11708,45,1,0
11708,28,3,5
11708,1,3,5
11709,30,1,5
11709,7,2,0
11710,27,1,5
11710,35,2,10
11711,32,1,0
11711,59,1,0
11712,28,1,0
11712,1,3,0
11712,5,1,5
11712,2,1,10
11713,38,3,0
11714,29,1,0
11714,11,1,10
11714,1,1,0
11715,18,1,10
11715,49,1,20
11715,15,1,0
11715,50,1,10
11716,48,2,0
11716,54,3,5
11717,7,1,20
11717,8,1,10
11718,29,1,5
11718,25,1,20
11718,31,1,0
11718,32,2,0
11719,16,3,10
11720,23,1,20
11720,12,3,10
11721,16,1,5
11721,5,1,10
11721,4,2,5
11721,7,1,0
11722,15,1,10
11722,5,2,0
11722,11,1,20
11722,5,1,0
11723,7,1,0
11723,24,1,5
11723,5,1,0
11723,10,1,0
11724,58,2,0
11724,25,2,5
11724,28,1,10
11725,40,1,5
11725,33,1,10
11725,1,1,5
11725,2,1,10
11726,14,1,20
11726,2,2,5
11727,3,2,20
11727,48,3,10
11727,59,1,0
11728,36,1,5
11728,1,1,10
11729,2,1,0
11729,36,3,5
11729,51,1,10
11730,36,3,20
11730,27,1,10
11731,3,1,10
11731,29,1,5
11732,52,2,10
11732,7,1,10
11732,36,2,0
11732,1,1,10
11733,24,1,0
11734,41,1,0
11734,5,2,20
11735,48,1,0
11735,9,2,0
11735,3,1,0
11735,3,1,0
11736,10,1,10
11736,32,3,5
11736,3,1,20
11736,7,1,10
11737,56,1,0
11738,8,2,0
11738,41,1,10
11738,6,1,0
11739,6,1,0
11740,53,2,0
11740,10,2,0
11740,20,3,5
11740,19,1,0
11741,43,3,10
11742,46,1,10
11742,9,1,10
11742,7,1,0
11743,14,1,0
11743,1,2,10
11743,55,1,10
11744,5,1,5
11744,3,1,0
11745,39,3,0
11746,50,1,10
11746,9,2,0
11747,44,3,0
11747,54,2,0
11748,8,1,0
11748,13,1,0
11748,13,1,10
11749,53,3,10
11749,11,3,20
11749,1,2,10
11749,3,1,20
11750,4,1,10
11750,20,1,10
11750,3,2,0
11750,1,3,0
11751,42,1,0
11751,12,1,0
11751,58,1,20
11751,23,2,0
11752,9,2,0
11752,9,2,0
11753,60,2,0
11753,46,1,0
11753,6,1,5
11753,41,1,20
11754,34,1,20
11755,25,1,5
11755,16,1,10
11755,8,1,0
11755,10,1,10
11756,2,2,10
11756,40,1,5
11757,17,1,0
11757,15,2,0
11757,2,1,0
11757,38,1,20
11758,25,3,5
11758,51,1,20
11759,12,1,10
11759,48,1,5
11760,3,1,0
11761,16,2,0
11762,1,1,20
11762,33,1,5
11762,11,1,0
11762,22,2,20
11763,10,1,0
11763,17,1,0
11763,5,2,10
11763,10,2,5
11764,31,1,0
11764,7,2,0
11765,52,1,0
11765,32,1,0
11765,5,1,0
11766,58,1,0
11766,57,1,5
11766,13,1,0
11766,6,3,0
11767,29,1,0
11767,25,1,5
11767,54,1,5
11767,13,1,10
11768,35,1,0
11768,45,1,10
11768,31,1,0
11768,13,1,5
11769,37,2,10
11769,59,1,5
11769,8,1,20
11769,34,1,0
11770,33,1,20
11771,11,1,0
11771,4,2,0
11771,17,2,20
11772,24,2,10
11773,9,2,0
11773,18,1,5
11774,21,1,20
11774,26,3,0
11775,29,1,10
11776,46,1,0
11776,1,1,10
11776,22,1,10
11777,11,1,0
11777,1,1,10
11778,18,2,10
11778,9,2,5
11778,52,3,0
11779,1,1,20
11779,2,1,5
11780,60,1,0
11780,6,2,20
11780,2,1,10
11781,2,1,10
11781,6,1,10
11781,60,1,10
11782,2,2,10
11782,37,1,5
11782,4,1,10
11783,5,1,0
11783,7,1,10
11783,18,1,0
11784,1,1,0
11784,12,2,10
11785,10,3,0
11785,10,1,0
11786,25,1,5
11786,9,1,0
11786,9,3,5
11787,8,1,0
11787,5,1,5
11787,5,2,10
11788,5,1,0
11788,5,1,10
11788,32,1,10
11788,5,2,20
11789,55,1,10
11789,26,1,0
11790,56,3,5
11791,8,1,10
11791,19,1,0
11791,58,2,5
11792,45,2,0
11792,3,1,0
11792,14,1,10
11793,5,1,20
11793,41,1,5
11794,15,2,10
11794,47,1,0
11795,35,1,20
11795,13,1,5
11795,10,1,5
11795,55,1,20
11796,27,1,0
11796,27,1,0
11796,7,1,0
11796,25,1,20
11797,22,3,5
11797,3,1,20
11797,3,1,20
11797,22,1,10
11798,43,2,0
11798,9,1,0
11798,20,1,5
11798,11,1,0
11799,19,2,0
11799,51,1,0
11800,43,1,10
11801,50,2,0
11802,6,1,5
11802,21,1,10
11802,1,1,20
11802,1,3,20
11803,5,1,10
11803,1,3,0
11804,7,2,0
11805,24,2,5
11805,41,1,10
11806,1,3,10
11806,2,1,20
11807,3,1,20
11807,50,1,0
11807,4,1,10
11808,50,2,0
11809,42,1,10
11809,8,1,5
11809,32,3,10
11810,33,1,5
11810,42,1,10
11810,4,1,10
11811,5,2,5
11812,11,1,0
11812,26,1,20
11813,29,3,0
11813,6,1,0
11813,11,2,0
11813,40,2,0
11814,15,2,0
11814,25,3,20
11815,42,1,10
11815,5,2,0
11815,4,1,5
11816,15,3,0
11816,2,1,10
11816,20,3,0
11816,29,1,0
11817,21,2,0
11818,45,1,20
11818,7,1,0
11819,8,1,0
11819,2,1,5
11819,2,1,0
11819,20,1,10
11820,2,1,10
11821,15,3,10
11822,5,1,20
11822,30,1,0
11822,16,1,5
11823,17,2,0
11824,51,1,0
11824,27,1,10
11825,11,1,10
11825,36,1,0
11826,31,1,10
11827,42,1,5
11827,34,1,5
11828,6,2,0
11829,53,3,20
11829,8,1,0
11829,43,1,20
11830,60,1,10
11830,19,1,10
11830,32,1,5
11830,55,2,10
11831,29,1,20
11831,12,2,0
11831,4,2,10
11831,10,1,5
11832,14,1,10
11832,5,1,0
11832,27,1,5
11832,10,3,0
11833,12,1,5
11833,33,2,10
11834,23,1,5
11834,15,1,0
11834,6,1,0
11835,31,1,5
11836,25,1,0
11836,53,1,10
11836,15,1,5
11837,5,2,5
11837,1,3,0
11837,34,3,5
11838,3,2,0
11839,5,1,0
11839,50,1,0
11839,26,2,0
11840,20,1,10
11840,33,2,0
11841,21,2,0
11841,2,1,0
11841,18,2,10
11842,24,1,0
11842,12,3,0
11843,5,1,0
11843,26,1,0
11843,4,1,5
11844,45,1,0
11845,5,2,10
11845,33,1,20
11845,45,1,10
11846,44,1,0
11847,27,1,10
11847,2,1,20
11847,1,2,5
11848,41,1,0
11848,10,1,0
11848,4,1,0
11849,1,2,10
11849,30,1,10
11849,52,1,0
11850,39,1,20
11850,47,1,5
11851,1,1,0
11851,27,1,0
11851,8,1,5
11851,12,2,10
11852,1,2,0
11852,40,3,20
11853,3,3,20
11854,11,1,0
11854,2,1,0
11854,1,1,20
11854,35,1,20
11855,5,3,10
11855,1,2,5
11855,10,1,0
11856,11,1,10
11857,58,1,0
11857,54,1,5
11857,45,1,0
11858,2,1,10
11858,15,1,5
11858,39,1,0
11858,2,1,10
11859,58,1,0
11859,32,1,10
11860,48,1,5
11860,40,1,10
11860,31,1,0
11860,3,1,0
11861,45,2,0
11862,39,2,5
11862,4,2,5
11862,45,1,10
11863,1,2,20
11864,3,1,20
11864,5,1,5
11865,21,1,0
11865,32,2,10
11865,1,1,10
11865,6,2,20
11866,15,2,5
11866,7,2,20
11867,9,1,0
11867,14,1,0
11867,60,1,10
11867,27,1,10
11868,1,1,0
11869,3,3,10
11869,41,1,0
11869,1,2,0
11870,9,3,20
11871,4,2,5
11871,52,2,0
11871,25,1,5
11872,51,1,5
11872,19,1,10
11873,35,1,0
11873,20,1,5
11873,17,3,0
11873,8,1,20
11874,13,1,20
11874,3,1,5
11875,20,1,0
11875,20,1,10
11875,22,2,5
11876,15,1,0
11877,10,1,0
11877,7,1,0
11877,5,1,0
11878,33,1,10
11878,56,1,10
11878,52,1,0
11878,27,3,0
11879,13,1,20
11879,35,1,10
11880,36,1,0
11880,53,1,0
11880,1,1,5
11881,20,1,10
11881,4,1,10
11882,1,1,0
11883,45,3,10
11884,38,1,0
11885,55,3,0
11885,52,1,0
11886,12,1,0
11886,11,1,10
11886,13,1,0
11886,59,1,20
11887,2,1,5
11887,1,2,0
11887,28,1,10
11888,11,1,20
11888,20,1,20
11888,20,1,10
11889,2,1,0
11890,10,1,20
11891,10,1,10
11891,18,3,10
11891,59,1,5
11892,3,1,5
11892,49,1,0
11893,13,1,0
11894,42,1,0
11894,4,1,0
11894,6,1,10
11895,33,1,5
11895,32,2,5
11895,21,2,20
11896,6,1,20
11896,6,1,0
11896,2,2,20
11896,43,1,5
11897,8,1,10
11897,50,1,0
11898,1,2,5
11898,36,1,0
11898,32,1,0
11898,37,2,20
11899,19,1,10
11900,3,1,10
11900,3,1,5
11900,30,1,20
11901,43,1,10
11901,58,3,0
11902,44,1,0
11903,36,1,0
11903,5,1,20
11904,14,2,0
11905,26,1,0
11905,47,1,0
11905,1,1,20
11905,11,1,10
11906,26,2,10
11907,34,1,0
11907,6,1,0
11908,20,1,5
11908,2,1,0
11909,56,1,20
11909,39,2,0
11910,8,3,0
11910,24,1,0
11910,8,1,20
11910,37,1,10
11911,37,1,10
11911,15,1,0
11911,5,2,20
11911,10,1,0
11912,43,1,0
11912,24,1,10
11912,56,1,10
11912,1,3,20
11913,54,2,0
11913,1,3,5
11914,15,1,20
11914,18,1,0
11915,44,1,0
11916,1,1,0
11916,32,1,20
11917,24,2,5
11917,55,1,0
11917,5,1,20
11918,2,1,10
11918,59,1,20
11919,3,1,5
11919,6,1,0
11920,13,1,0
11920,52,1,0
11921,10,1,10
11921,15,1,10
11921,8,2,5
11921,55,1,0
11922,24,2,0
11922,56,3,10
11922,41,1,10
11922,55,1,0
11923,13,1,0
11923,37,1,0
11923,45,2,0
11924,30,1,20
11924,16,1,10
11925,41,1,20
11925,1,1,0
11926,7,1,10
11926,49,1,10
11926,6,2,10
11926,55,1,0
11927,26,1,20
11927,9,1,5
11927,23,3,0
11928,25,2,10
11929,25,2,0
11929,39,2,10
11929,3,1,0
11930,11,1,0
11930,38,2,0
11931,3,1,0
11931,2,1,0
11931,19,1,5
11931,18,1,5
11932,2,1,10
11932,32,2,5
11932,12,1,10
11933,4,2,20
11933,9,2,0
11934,6,1,10
11934,30,1,5
11934,26,1,0
11934,55,1,0
11935,8,1,10
11936,53,1,0
11936,16,1,5
11937,8,1,0
11937,17,1,0
11937,58,1,0
11938,1,1,20
11938,1,1,5
11939,4,1,10
11939,41,1,0
11940,5,1,0
11940,6,2,0
11940,1,1,10
11941,2,1,20
11942,39,1,10
11943,24,2,20
11944,5,1,0
11945,21,1,10
11945,5,2,0
11945,51,1,0
11946,3,1,20
11947,40,3,20
11948,16,1,10
11948,35,2,5
11948,2,1,5
11949,2,2,10
11949,40,1,10
11950,38,1,10
11950,48,3,0
11950,31,1,0
11951,35,1,10
11951,17,3,5
11951,1,2,0
11951,4,2,5
11952,1,2,10
11953,15,1,5
11954,3,1,0
11955,17,1,5
11956,16,1,0
11956,52,1,10
11956,9,2,0
11956,27,2,0
11957,33,1,10
11957,49,2,10
11957,1,1,0
11958,32,1,0
11958,53,1,0
11958,33,1,5
11958,18,1,5
11959,14,3,0
11959,50,2,0
11959,4,2,20
11960,5,2,10
11960,3,1,5
11961,32,1,10
11962,3,1,0
11962,1,3,0
11962,22,1,5
11963,51,1,10
11964,9,1,10
11964,15,1,0
11964,51,1,0
11964,47,3,10
11965,18,1,20
11965,13,1,10
11965,1,1,5
11966,27,1,0
11967,2,1,5
11967,29,1,0
11967,9,1,0
11968,42,1,0
11968,57,1,10
11969,7,1,20
11970,7,1,0
11970,37,1,5
11970,25,1,10
11971,14,3,0
11971,17,1,20
11971,20,3,0
11972,16,1,10
11972,17,1,20
11973,42,1,0
11973,1,1,0
11973,20,1,0
11974,4,1,0
11974,20,1,5
11975,37,1,5
11976,4,1,10
11976,18,1,20
11976,6,1,10
11976,32,1,10
11977,17,2,10
11977,5,2,10
11977,1,1,10
11978,60,1,0
11979,16,2,20
11979,23,1,10
11980,51,1,5
11980,2,1,0
11981,27,1,20
11981,1,1,0
11982,41,2,10
11982,11,1,0
11983,32,1,10
11984,56,3,10
11984,2,1,0
11984,2,2,20
11984,26,1,0
11985,3,1,0
11985,41,1,10
11986,54,1,5
11986,27,1,5
11986,9,1,0
11987,51,1,0
11987,7,1,0
11988,47,1,0
11988,18,1,0
11988,40,1,0
11988,32,3,0
11989,24,2,0
11989,20,3,0
11990,42,2,5
11990,4,2,0
11990,60,3,5
11990,33,2,0
11991,50,2,0
11991,32,1,10
11991,17,1,0
11992,40,1,5
11992,12,1,10
11992,3,2,5
11992,6,1,20
11993,2,1,0
11993,37,1,0
11993,16,1,0
11993,7,1,5
11994,16,2,0
11995,47,1,10
11995,53,1,10
11995,8,1,20
11996,17,1,5
11996,8,1,0
11996,21,1,0
11996,1,1,5
11997,18,1,0
11997,23,1,0
11998,40,1,20
11998,18,1,5
11999,10,1,0
12000,55,1,5
12001,3,1,5
12002,33,2,0
12002,6,1,5
12003,1,2,20
12003,1,1,0
12003,36,3,5
12004,36,1,5
12004,53,1,10
12004,11,3,5
12004,56,1,20
12005,1,1,10
12005,8,1,10
12006,48,1,0
12006,9,1,5
12006,36,1,10
12007,8,1,20
12008,3,1,20
12008,7,1,20
12008,39,1,10
12009,21,1,0
12009,8,1,5
12010,42,1,10
12010,5,1,10
12011,31,3,0
12012,3,1,0
12012,9,3,0
12012,7,3,10
12012,14,2,10
12013,16,1,10
12014,40,1,0
12014,16,1,20
12014,46,1,0
12015,52,3,0
12015,24,1,10
12015,15,1,10
12015,11,1,0
12016,30,2,10
12016,8,1,10
12016,18,3,5
12017,35,1,0
12018,4,1,20
12018,1,1,0
12018,18,1,20
12018,17,1,20
12019,49,1,0
12019,10,2,5
12019,1,1,5
12020,16,2,0
12020,16,1,0
12020,49,3,10
12021,54,1,5
12021,54,1,20
12021,2,3,0
12022,3,1,0
12022,49,1,20
12023,1,1,20
12024,3,1,10
12024,57,1,0
12024,5,1,5
12024,49,2,0
12025,33,1,0
12026,7,1,20
12026,10,1,0
12027,5,1,5
12027,53,1,10
12028,12,1,0
12029,45,1,0
12029,16,1,10
12030,25,2,5
12030,55,2,10
12030,8,2,0
12031,21,2,5
12031,57,2,10
12032,4,1,10
12032,3,1,20
12033,4,1,0
12033,48,2,5
12033,6,1,0
12033,13,1,0
12034,53,1,10
12035,29,1,20
12035,9,1,0
12035,1,2,5
12036,2,2,20
12037,27,1,0
12038,5,1,20
12038,18,2,0
12038,41,1,0
12039,19,1,10
12039,3,1,0
12039,48,1,10
12040,9,2,10
12040,46,1,5
12040,55,1,5
12040,3,2,0
12041,57,1,10
12041,59,1,10
12041,3,1,0
12042,59,1,0
12042,52,1,10
12042,38,3,20
12042,2,1,10
12043,60,1,0
12043,3,1,0
12043,15,1,0
12043,17,1,10
12044,40,1,10
12044,27,1,0
12044,45,1,20
12044,37,1,10
12045,2,1,0
12045,18,1,0
12046,27,1,0
12047,19,1,10
12048,18,1,10
12048,42,2,0
12048,52,1,5
12049,33,1,20
12050,53,1,10
12051,3,2,20
12051,58,1,0
12052,1,1,0
12053,19,1,10
12054,43,1,10
12055,39,1,0
12056,47,3,0
12057,37,1,20
12057,21,2,0
12057,46,1,0
12058,50,1,0
12059,28,1,5
12060,42,1,5
12060,43,2,20
12061,1,1,10
12061,47,3,10
12062,15,1,20
12062,2,1,0
12063,4,1,20
12063,6,2,0
12064,7,1,0
12064,49,1,0
12064,54,2,0
12064,34,1,0
12065,43,1,0
12065,6,1,20
12065,5,1,5
12065,3,1,5
12066,15,2,10
12066,24,1,5
12066,9,1,20
12066,9,2,0
12067,20,1,20
12067,42,1,0
12067,1,1,5
12068,20,3,10
12069,27,1,0
12069,29,2,10
12070,8,1,0
12070,21,1,0
12070,28,2,10
12071,1,1,5
12071,2,2,20
12072,1,3,0
12072,5,2,10
12072,2,1,10
12073,13,1,5
12073,15,1,20
12073,34,1,10
12073,45,1,10
12074,16,1,5
12074,8,1,0
12075,48,3,0
12075,55,1,10
12076,21,1,0
12076,13,3,20
12077,39,1,0
12078,22,2,0
12079,8,1,5
12079,7,1,5
12080,34,1,0
12080,23,1,0
12080,58,1,10
12081,44,1,5
12081,3,2,0
12081,57,2,10
12081,55,3,10
12082,41,2,0
12082,8,1,5
12082,9,2,0
12083,1,1,10
12083,3,1,0
12084,16,2,0
12084,3,2,0
12085,5,1,0
12085,14,1,20
12085,26,1,0
12086,45,1,0
12086,2,3,10
12086,2,1,20
12086,5,1,0
12087,24,1,0
12087,33,1,10
12087,48,1,0
12087,28,1,10
12088,30,1,0
12088,51,3,20
12088,35,3,0
12088,3,2,10
12089,55,1,5
12090,38,1,0
12090,4,2,5
12091,29,1,10
12091,8,1,10
12092,32,1,0
12092,49,1,5
12092,4,1,0
12093,12,1,20
12093,15,1,10
12094,8,1,10
12094,34,1,0
12095,1,2,0
12095,1,1,5
12095,59,2,0
12096,24,1,0
12096,2,1,10
12096,10,2,0
12097,12,1,0
12098,56,1,0
12098,2,1,0
12098,1,1,0
12098,44,1,5
12099,16,2,10
12100,3,1,0
12100,7,1,0
12100,1,2,10
12101,13,1,10
12101,27,1,5
12101,40,1,0
12102,1,1,5
12102,8,1,5
12102,20,1,0
12102,49,1,5
12103,1,2,20
12104,1,1,0
12104,1,2,20
12104,36,1,0
12104,26,3,5
12105,2,1,10
12105,15,1,0
12106,13,1,0
12106,16,1,20
12107,10,2,0
12107,8,1,0
12107,4,2,10
12108,21,1,10
12108,26,2,5
12109,34,1,0
12109,9,1,10
12110,18,1,20
12110,19,2,5
12111,9,1,0
12111,55,1,20
12112,33,3,5
12113,32,1,0
12113,6,1,10
12113,28,2,0
12113,41,2,0
12114,47,1,20
12114,1,1,5
12115,26,1,10
12115,34,1,10
12115,4,1,5
12115,30,1,10
12116,18,1,0
12116,44,1,5
12117,1,2,0
12118,19,1,5
12118,6,1,5
12118,54,1,0
12118,53,1,0
12119,13,1,0
12119,44,1,0
12120,11,1,10
12120,37,1,20
12120,5,3,0
12120,23,2,5
12121,47,3,0
12121,14,1,20
12122,42,1,0
12122,12,2,0
12123,6,1,5
12123,50,1,5
12123,8,1,0
12123,6,3,0
12124,46,2,0
12125,53,1,0
12126,29,1,0
12126,49,1,10
12126,8,1,20
12126,12,1,0
12127,54,1,0
12128,58,2,0
12128,8,1,10
12128,1,1,0
12129,8,1,20
12130,36,1,0
12130,21,1,0
12130,23,3,20
12130,2,1,0
12131,16,1,0
12131,48,1,0
12131,8,1,20
12131,1,1,0
12132,9,1,0
12133,6,1,0
12133,48,1,5
12133,35,1,0
12134,14,1,5
12134,19,1,10
12134,4,1,0
12134,7,1,0
12135,1,1,10
12135,18,1,0
12136,46,1,0
12137,29,2,10
12137,5,1,20
12137,11,1,5
12138,21,1,10
12138,13,1,10
12138,46,1,10
12138,14,2,10
12139,12,1,10
12140,7,1,20
12140,8,1,10
12140,47,1,5
12140,50,2,0
12141,46,2,10
12142,2,1,5
12142,6,3,20
12142,29,2,10
12143,38,1,5
12143,6,1,10
12144,6,2,10
12144,3,2,5
12144,2,2,20
12145,39,1,5
12145,48,1,5
12145,49,1,10
12145,1,1,5
12146,30,1,10
12146,12,1,5
12146,39,1,5
12147,30,1,0
12147,30,2,5
12148,2,3,5
12148,51,1,5
12148,48,1,0
12148,11,1,0
12149,4,1,0
12150,1,2,0
12150,48,2,0
12150,16,1,0
12150,15,1,10
12151,20,1,0
12151,2,1,10
12151,28,1,0
12152,39,1,20
12152,6,1,0
12153,48,1,10
12153,2,1,5
12154,57,2,0
12155,5,1,5
12156,5,1,5
12156,38,3,10
12157,54,1,0
12157,55,2,20
12158,17,1,5
12158,8,3,20
12159,53,3,10
12159,59,1,10
12160,12,1,5
12160,49,1,20
12161,19,2,10
12161,58,1,5
12162,55,1,0
12162,53,2,10
12163,48,1,5
12164,27,1,10
12164,9,1,0
12164,4,1,10
12164,56,1,0
12165,5,2,20
12165,22,1,0
12165,41,1,20
12166,36,1,10
12166,13,1,20
12166,40,3,0
12167,41,1,0
12167,44,3,10
12168,1,1,0
12168,53,1,5
12169,25,1,20
12169,8,1,0
12169,11,1,5
12169,5,1,5
12170,1,3,0
12170,24,3,0
12171,21,1,10
12171,30,1,0
12172,25,1,20
12172,41,3,5
12173,5,1,20
12173,31,1,5
12174,50,1,5
12175,42,1,0
12176,18,1,0
12177,46,1,0
12177,9,1,20
12177,26,1,0
12178,46,1,10
12178,55,2,10
12178,3,1,10
12179,2,1,10
12180,19,1,5
12180,13,1,10
12180,10,1,0
12180,11,1,0
12181,12,2,10
12182,30,1,5
12182,25,1,5
12183,11,1,0
12183,48,1,5
12184,11,1,0
12184,1,1,5
12184,3,2,0
12184,1,1,0
12185,18,1,10
12185,13,1,5
12186,3,1,10
12187,27,2,0
12187,13,3,10
12188,23,1,5
12189,2,3,0
12190,2,2,20
12190,37,1,10
12190,58,1,10
12191,27,1,20
12191,7,2,10
12191,10,3,10
12191,2,1,20
12192,59,1,0
12193,46,1,5
12193,27,2,10
12193,1,3,0
12194,4,1,10
12194,2,2,20
12195,36,1,0
12195,47,2,5
12195,19,3,0
12196,30,1,20
12196,38,2,0
12197,10,1,20
12197,59,1,20
12197,16,3,5
12198,43,2,0
12199,1,1,0
12199,2,3,10
12199,5,1,0
12199,4,1,5
12200,57,1,10
12201,31,1,0
12201,28,2,20
12202,21,1,0
12203,54,1,0
12203,17,1,10
12203,18,1,10
12203,1,1,10
12204,39,1,0
12204,38,2,0
12205,1,1,0
12205,20,1,5
12205,34,1,0
12205,3,1,5
12206,49,3,0
12206,11,2,0
12206,40,2,5
12206,22,1,5
12207,22,3,10
12207,8,1,0
12208,18,1,0
12208,55,1,5
12208,6,1,0
12209,44,1,10
12209,13,1,0
12209,42,1,10
12210,38,1,0
12210,41,1,0
12210,36,1,0
12211,17,2,10
12211,44,2,10
12211,7,2,0
12211,45,1,0
12212,2,1,10
12213,57,2,0
12213,9,1,5
12214,32,1,10
12214,54,1,5
12214,11,1,10
12215,52,1,5
12216,44,1,20
12216,8,2,0
12216,1,1,5
12217,43,1,0
12217,33,1,20
12217,1,1,0
12217,1,1,10
12218,1,3,0
12219,44,1,5
12219,1,1,10
12220,29,1,0
12220,2,1,0
12220,36,1,20
12221,6,1,0
12221,14,1,0
12221,48,1,0
12221,1,1,0
12222,2,1,10
12222,6,1,5
12222,1,3,0
12223,34,3,0
12223,18,1,20
12224,29,2,10
12224,24,1,20
12224,6,1,5
12224,52,1,5
12225,10,2,10
12225,16,1,10
12225,8,1,0
12225,3,2,5
12226,19,1,10
12227,2,3,0
12227,36,1,0
12228,12,1,10
12229,46,1,0
12229,1,2,20
12230,21,1,0
12230,28,3,20
12230,8,2,0
12231,3,3,0
12231,9,1,20
12231,17,1,20
12231,5,1,10
12232,53,1,20
12232,12,2,0
12232,10,2,0
12233,31,1,10
12233,58,1,0
12233,15,1,0
12233,57,1,10
12234,4,1,0
12234,31,1,10
12235,29,1,5
12235,22,2,0
12235,24,1,0
12236,3,1,10
12236,59,1,10
12236,7,1,0
12237,44,1,0
12238,51,1,0
12238,51,1,10
12238,6,2,0
12238,4,1,0
12239,14,1,0
12239,1,1,20
12239,10,1,10
12240,4,1,5
12241,55,1,20
12241,56,1,5
12241,13,1,5
12241,59,1,0
12242,1,3,0
12242,38,1,0
12242,2,1,0
12243,5,2,0
12243,7,2,0
12244,2,1,0
12245,39,1,10
12245,54,1,10
12245,13,1,5
12245,11,2,5
12246,6,2,10
12246,1,1,0
12246,2,1,5
12246,2,1,10
12247,55,1,10
12247,46,1,5
12247,34,1,20
12247,22,1,0
12248,55,2,0
12248,13,1,0
12248,25,1,5
12249,15,2,10
12249,52,2,0
12250,7,1,10
12251,32,1,20
12251,28,2,20
12251,12,3,0
12251,29,1,10
12252,19,1,10
12252,1,1,5
12253,35,2,20
12253,5,2,0
12254,38,1,0
12254,6,1,0
12254,16,1,0
12254,7,2,10
12255,2,1,0
12255,1,1,5
12255,53,2,10
12256,3,1,0
12256,18,1,0
12257,2,1,10
12257,48,1,10
12258,22,1,0
12258,6,1,10
12258,56,1,10
12258,13,2,10
12259,7,1,0
12259,44,1,0
12259,40,1,20
12259,9,1,0
12260,6,2,0
12260,60,1,5
12260,30,1,10
12261,22,1,0
12261,23,1,10
12262,2,1,10
12262,48,1,0
12262,20,1,0
12263,34,3,5
12264,4,1,20
12265,58,1,20
12266,17,1,5
12266,34,2,5
12266,5,1,5
12266,30,1,0
12267,2,1,0
12267,57,1,20
12267,27,1,0
12268,4,1,10
12268,42,3,0
12268,46,1,0
12268,12,2,5
12269,52,1,5
12269,59,1,0
12269,21,1,5
12270,23,1,0
12271,1,1,0
12271,23,3,10
12272,3,1,0
12273,36,1,20
12274,14,1,20
12274,19,1,0
12274,49,2,5
12275,26,2,10
12275,18,3,0
12275,3,3,20
12276,56,2,5
12276,9,2,0
12276,58,2,20
12276,51,1,20
12277,1,1,10
12278,7,1,5
12278,4,3,10
12278,21,3,5
12279,3,2,0
12279,15,3,20
12279,41,2,5
12280,45,1,20
12281,37,2,0
12281,18,3,0
12282,25,1,0
12282,35,1,5
12282,8,2,10
12283,3,1,0
12283,4,1,20
12284,12,1,0
12284,1,1,5
12284,46,1,10
12284,29,1,10
12285,11,1,0
12285,10,1,5
12285,14,1,0
12286,18,1,0
12286,11,1,10
12286,59,1,10
12287,1,2,10
12287,31,1,10
12287,24,2,10
12288,12,1,0
12288,1,3,5
12288,35,1,0
12289,1,1,10
12289,33,1,10
12289,29,1,5
12290,7,1,0
12290,4,2,10
12290,21,1,20
12291,8,1,10
12292,40,1,5
12292,6,1,0
12292,55,2,10
12293,2,1,5
12293,6,1,10
12293,17,1,10
12294,16,3,0
12295,49,1,5
12296,1,1,0
12296,40,2,20
12296,3,1,0
12297,5,1,20
12297,1,1,20
12297,29,1,0
12298,13,1,0
12298,6,2,5
12298,44,2,0
12299,55,1,10
12300,20,1,5
12300,41,1,10
12300,2,1,20
12301,31,1,5
12301,16,1,0
12302,35,1,0
12302,3,1,0
12303,52,1,20
12303,48,1,20
12303,12,1,5
12304,2,3,0
12304,9,2,20
12304,40,1,0
12305,2,1,20
12305,17,2,0
12306,1,1,10
12306,40,1,0
12306,1,2,5
12306,29,1,10
12307,9,3,20
12307,52,1,0
12307,8,3,5
12308,20,1,0
12309,24,1,0
12310,43,3,0
12310,42,1,0
12310,11,2,20
12310,1,1,20
12311,36,1,0
12311,41,1,0
12312,30,1,0
12312,10,1,20
12312,47,1,20
12313,60,1,0
12313,11,1,20
12313,32,1,20
12314,31,1,0
12314,6,1,0
12315,11,2,0
12315,43,1,0
12316,32,1,10
12316,48,1,5
12316,58,2,0
12317,14,3,0
12318,33,2,10
12318,50,1,0
12318,48,1,0
12318,18,1,5
12319,11,1,0
12319,51,1,10
12320,53,2,0
12320,50,1,5
12321,25,2,0
12322,15,1,20
12322,35,3,0
12322,19,2,5
12322,12,1,20
12323,18,1,5
12323,24,3,20
12323,10,1,10
12323,1,1,5
12324,37,1,5
12324,21,2,20
12324,1,1,0
12324,19,2,20
12325,11,1,5
12325,17,2,20
12325,18,1,10
12325,60,1,0
12326,10,1,0
12327,1,1,0
12328,24,1,0
12328,8,1,20
12328,36,1,0
12328,45,2,0
12329,15,3,20
12329,35,2,0
12329,49,1,5
12329,59,1,0
12330,29,2,10
12330,51,1,5
12330,4,1,10
12330,7,1,0
12331,5,1,0
12331,30,1,0
12331,34,1,0
12331,53,2,10
12332,31,2,5
12332,1,1,0
12332,44,1,0
12333,5,1,0
12333,27,2,0
12333,53,3,10
12334,31,2,0
12335,14,2,10
12335,13,1,0
12335,1,2,0
12335,37,1,0
12336,1,1,0
12337,51,1,10
12337,17,1,20
12337,1,2,0
12337,21,1,10
12338,11,1,0
12338,23,1,0
12338,1,1,0
12339,28,1,20
12339,17,2,0
12340,31,1,10
12341,2,1,20
12341,58,1,20
12341,12,1,20
12341,30,1,10
12342,2,2,20
12343,20,1,0
12344,1,1,0
12344,18,2,0
12345,24,2,0
12345,48,2,5
12345,28,2,5
12346,12,3,10
12346,43,2,10
12347,15,1,5
12347,19,1,0
12347,8,1,5
12348,20,1,10
12348,32,1,0
12349,12,3,20
12349,2,1,20
12350,46,1,0
12350,36,1,20
12350,5,3,0
12351,15,1,5
12352,34,1,10
12352,27,1,10
12353,19,1,5
12354,1,1,0
12354,55,1,20
12354,32,1,10
12355,41,2,5
12355,59,1,0
12356,8,1,0
12357,1,1,10
12358,1,1,0
12358,26,1,10
12358,19,2,10
12358,7,1,0
12359,1,1,10
12359,50,1,5
12360,46,1,5
12361,9,1,5
12361,25,2,0
12362,1,2,20
12362,5,1,10
12362,42,2,0
12362,9,2,10
12363,40,2,10
12363,41,3,5
12364,2,1,5
12365,11,2,0
12365,9,2,20
12365,9,1,5
12365,26,2,0
12366,9,1,0
12366,12,1,0
12366,44,3,5
12367,38,1,10
12367,27,1,5
12367,12,2,0
12367,1,1,5
12368,2,1,0
12369,46,1,5
12369,11,2,10
12369,49,1,0
12369,29,1,0
12370,6,1,20
12371,57,1,10
12372,35,1,10
12373,50,2,5
12374,52,1,5
12374,22,1,5
12374,44,1,10
12375,11,2,0
12375,43,2,0
12375,43,3,0
12375,11,1,5
12376,57,1,0
12377,15,1,10
12377,15,2,5
12377,27,1,10
12378,57,2,10
12378,48,1,10
12379,47,2,5
12380,38,1,0
12380,26,2,0
12380,19,1,0
12380,36,3,10
12381,5,1,0
12381,2,1,10
12381,1,1,20
12381,3,1,5
12382,39,1,5
12382,4,2,20
12382,2,1,0
12383,40,3,10
12383,10,2,0
12384,12,1,0
12384,23,1,20
12385,35,1,0
12385,20,1,10
12386,1,1,10
12387,5,2,0
12388,32,1,0
12389,10,1,10
12389,5,1,20
12389,58,1,0
12390,3,1,20
12390,57,3,20
12390,13,1,0
12391,1,2,5
12391,12,1,10
12392,52,1,0
12392,47,2,10
12392,2,1,5
12392,42,1,0
12393,5,1,20
12393,9,1,10
12394,29,2,5
12395,49,2,10
12396,47,1,0
12397,16,1,5
12397,59,1,5
12398,18,3,0
12398,14,3,0
12398,37,2,0
12398,37,1,0
12399,52,1,0
12400,56,1,0
12400,43,1,0
12400,9,2,5
12400,8,1,5
12401,29,2,0
12401,49,1,10
12402,30,2,0
12402,2,2,0
12402,26,1,5
12403,12,2,5
12403,47,1,5
12403,54,1,0
12403,21,3,0
12404,3,1,5
12404,59,1,10
12404,44,3,20
12405,8,1,0
12405,46,2,20
12405,58,1,5
12406,36,3,10
12406,13,1,10
12406,35,1,5
12407,1,1,0
12408,13,1,10
12409,56,1,20
12409,55,1,20
12410,23,1,5
12410,26,1,5
12411,36,1,0
12412,32,3,0
12413,39,1,20
12413,56,1,0
12413,37,2,10
12414,17,2,5
12414,16,2,20
12415,46,1,0
12415,2,1,0
12415,41,1,0
12416,11,1,10
12416,36,1,10
12417,21,1,20
12418,10,2,0
12419,52,-1,0
12419,1,1,0
12419,5,1,10
12420,16,1,0
12420,24,1,10
12421,31,1,0
12421,10,1,10
12421,18,2,10
12422,10,1,5
12422,2,2,0
12423,37,1,0
12423,10,1,10
12423,20,3,10
12423,3,1,10
12424,14,2,20
12424,41,3,20
12424,17,1,10
12424,46,1,10
12425,50,1,10
12425,3,1,5
12425,44,1,5
12425,3,3,0
12426,33,1,20
12427,11,1,5
12428,18,2,10
12428,10,1,5
12429,33,1,0
12430,2,1,10
12430,28,3,5
12430,5,1,5
12430,22,1,10
12431,41,1,10
12432,1,2,0
12432,22,3,5
12432,37,1,5
12433,15,1,0
12434,9,1,0
12434,47,1,0
12435,2,1,10
12435,1,1,5
12436,27,1,10
12436,46,2,10
12436,50,1,5
12437,23,1,5
12438,23,1,0
12438,41,1,0
12439,54,2,10
12439,46,1,0
12439,1,1,5
12440,35,2,10
12441,4,1,0
12441,9,2,10
12442,5,1,20
12442,57,1,0
12442,6,1,5
12443,9,1,10
12443,39,1,5
12444,3,1,10
12445,44,1,0
12445,6,1,20
12445,3,2,0
12445,7,1,10
12446,14,1,20
12447,12,1,5
12447,35,1,20
12447,10,1,0
12448,17,2,0
12448,52,1,0
12448,6,1,0
12449,52,1,0
12450,57,1,0
12450,39,1,10
12450,38,1,0
12451,1,1,10
12452,18,1,5
12452,10,1,10
12453,13,1,10
12454,3,3,10
12455,2,1,0
12455,5,1,20
12455,47,1,0
12456,16,1,0
12457,6,2,0
12457,3,1,10
12457,1,1,10
12458,30,1,20
12458,43,1,0
12458,13,3,0
12459,16,1,5
12459,25,1,10
12459,11,2,0
12460,18,1,5
12460,15,2,20
12460,5,1,5
12461,20,2,5
12461,15,2,0
12462,45,1,5
12462,8,1,0
12462,32,1,5
12462,8,1,0
12463,19,1,0
12463,30,1,20
12463,49,1,20
12464,8,1,0
12465,27,1,5
12465,4,2,5
12465,5,1,0
12466,14,1,10
12467,28,2,0
12467,4,1,5
12467,59,2,5
12468,53,1,0
12469,7,3,10
12469,14,3,10
12470,4,2,0
12470,3,2,5
12470,38,1,5
12470,2,1,0
12471,6,1,5
12471,3,1,20
12472,3,2,20
12473,43,2,5
12474,20,1,5
12474,19,3,10
12474,56,1,10
12475,5,3,0
12475,25,1,0
12475,1,2,20
12475,53,2,5
12476,8,2,0
12476,12,1,10
12476,48,1,5
12477,19,1,10
12478,53,1,20
12478,27,2,5
12478,8,1,10
12478,36,1,10
12479,1,1,20
12479,56,1,20
12479,55,1,10
12479,50,1,0
12480,46,2,0
12481,16,2,5
12481,5,2,5
12481,4,1,5
12482,5,1,10
12482,46,1,0
12482,7,1,0
12483,9,1,0
12483,1,2,0
12483,4,1,0
12483,48,1,0
12484,34,1,10
12484,39,1,0
12484,21,2,10
12484,3,1,0
12485,1,1,0
12485,17,1,20
12485,17,1,20
12486,5,1,0
12486,28,1,5
12487,16,1,10
12487,19,3,10
12488,16,1,5
12488,31,3,0
12488,1,1,0
12489,9,2,5
12489,35,2,20
12490,4,1,10
12490,1,1,0
12491,4,3,5
12491,29,1,0
12491,4,2,0
12491,2,2,0
12492,22,3,0
12493,18,1,0
12494,46,1,5
12494,6,1,10
12495,45,1,0
12495,1,3,0
12495,18,1,0
12495,11,1,5
12496,19,1,0
12496,57,1,20
12496,33,1,5
12497,49,1,5
12497,2,3,20
12497,14,2,0
12498,20,3,20
12499,21,1,20
12499,2,1,10
12499,1,1,20
12500,42,1,0
12500,17,3,5
12501,6,1,0
12502,3,1,20
12503,59,1,0
12503,31,3,0
12503,39,1,0
12503,33,3,0
12504,21,1,5
12504,3,2,10
12504,14,1,0
12504,27,1,0
12505,44,1,20
12505,57,1,0
12506,21,1,0
12506,43,2,10
12506,2,1,0
12506,1,1,0
12507,6,2,5
12507,1,1,20
12508,37,3,10
12508,33,1,0
12509,6,1,0
12510,2,1,10
12510,51,1,0
12511,13,1,10
12512,1,3,10
12512,1,2,0
12512,36,1,5
12512,13,2,10
12513,16,3,0
12513,6,1,5
12513,1,3,0
12513,2,2,10
12514,1,3,10
12514,8,1,5
12514,19,1,0
12514,18,1,0
12515,5,1,10
12515,58,2,5
12515,7,1,10
12515,33,1,10
12516,14,1,10
12516,26,1,5
12516,1,1,20
12517,2,2,20
12517,18,1,5
12517,3,1,20
12518,28,2,5
12518,9,1,10
12518,40,1,0
12518,4,2,0
12519,37,1,20
12519,16,1,10
12519,14,1,0
12520,3,1,0
12520,15,1,0
12520,29,1,0
12521,3,2,10
12522,2,1,20
12523,5,1,0
12523,35,2,10
12523,4,3,10
12524,42,2,5
12524,41,1,0
12524,5,1,10
12524,10,1,10
12525,32,2,10
12525,10,1,5
12526,32,1,5
12526,33,1,20
12526,12,1,0
12526,55,1,0
12527,4,1,10
12528,23,1,5
12528,4,1,5
12528,12,1,10
12528,4,1,10
12529,12,1,0
12529,26,2,10
12529,54,3,10
12529,2,1,0
12530,25,1,10
12530,7,2,0
12530,7,1,20
12530,26,2,10
12531,20,1,0
12531,25,1,10
12532,28,1,20
12533,1,1,20
12533,48,1,20
12533,22,1,20
12534,7,3,10
12534,12,1,5
12534,43,1,0
12534,57,1,5
12535,22,1,20
12535,29,1,20
12535,39,3,20
12535,52,1,10
12536,19,3,10
12536,3,2,20
12537,44,1,5
12538,46,1,5
12539,56,1,0
12540,7,1,0
12540,16,1,5
12540,38,1,20
12541,3,1,5
12541,9,1,5
12542,51,1,5
12543,60,1,0
12543,37,3,10
12543,55,1,0
12543,40,1,0
12544,30,1,5
12544,33,1,5
12545,5,3,20
12546,50,1,0
12546,9,1,0
12547,44,3,10
12548,32,1,20
12548,2,2,10
12548,36,1,10
12548,26,2,10
12549,18,1,20
12549,42,3,10
12549,21,3,10
12550,50,1,20
12550,20,1,10
12550,10,1,0
12551,1,2,20
12551,18,1,20
12551,30,2,5
12551,18,1,10
12552,51,1,20
12552,32,1,0
12552,4,1,20
12552,5,1,5
12553,8,2,10
12553,11,1,0
12554,10,2,0
12555,8,2,10
12555,22,1,20
12556,12,2,5
12556,58,1,0
12556,16,3,5
12556,4,1,5
12557,31,1,0
12557,23,2,0
12557,1,1,20
12558,22,1,10
12559,19,1,10
12559,10,1,5
12560,51,2,10
12560,56,1,10
12561,11,1,10
12561,25,1,5
12561,11,2,10
12561,13,1,10
12562,51,1,10
12562,12,2,10
12562,31,1,0
12562,2,3,10
12563,4,1,0
12564,40,3,0
12565,23,1,0
12565,9,1,0
12565,14,1,10
12566,30,1,10
12566,37,1,10
12566,42,1,5
12566,15,1,0
12567,33,1,10
12567,1,1,0
12567,15,1,20
12567,30,2,10
12568,18,1,20
12568,28,1,5
12568,40,1,0
12569,39,1,10
12569,16,1,10
12569,2,2,10
12570,24,1,5
12570,60,1,10
12571,55,2,0
12571,33,3,20
12572,2,1,10
12572,53,1,0
12572,29,1,10
12572,15,1,10
12573,36,3,0
12573,1,1,0
12573,10,2,20
12574,4,3,0
12574,40,2,0
12574,25,1,0
12575,34,1,5
12575,18,1,0
12575,3,2,20
12575,3,1,0
12576,12,3,0
12577,22,2,0
12578,2,1,0
12578,1,1,5
12578,14,1,5
12579,13,1,10
12579,41,2,20
12580,1,1,10
12581,14,1,10
12581,28,2,0
12581,54,1,0
12581,3,1,0
12582,56,1,20
12582,12,1,10
12582,2,1,10
12582,31,1,0
12583,9,1,5
12584,36,1,10
12584,31,1,10
12584,46,3,20
12585,19,1,5
12585,21,2,0
12585,5,1,5
12585,39,2,0
12586,32,1,20
12586,40,2,5
12586,10,1,0
12587,3,1,0
12587,13,1,0
12587,1,1,5
12588,22,1,5
12588,35,1,10
12589,50,1,0
12590,32,1,0
12590,1,1,0
12590,4,3,20
12590,17,1,20
12591,43,1,20
12591,34,1,5
12591,23,1,10
12592,49,1,0
12592,35,2,10
12592,4,1,5
12592,9,1,10
12593,51,1,0
12593,24,3,10
12593,20,1,10
12593,3,1,10
12594,15,3,0
12594,10,2,20
12594,48,1,10
12595,21,1,5
12595,48,1,0
12595,17,1,10
12595,3,2,0
12596,54,1,0
12596,19,1,0
12597,30,1,0
12597,6,1,5
12598,6,3,5
12598,47,1,0
12599,3,2,20
12599,15,2,10
12600,52,1,0
12600,36,1,20
12600,27,1,0
12600,6,1,20
12601,7,1,0
12601,7,2,20
12601,9,1,10
12601,5,1,0
12602,3,1,5
12602,59,1,10
12602,52,1,0
12602,1,1,5
12603,10,2,0
12603,47,1,5
12604,4,1,10
12604,17,1,10
12604,20,2,5
12605,7,1,0
12605,31,2,0
12605,2,1,0
12605,59,2,10
12606,13,1,5
12606,7,1,5
12606,35,1,5
12606,43,1,10
12607,41,3,0
12607,38,3,5
12607,27,1,20
12608,45,1,5
12608,2,1,20
12608,7,1,0
12608,27,2,0
12609,4,3,20
12609,58,3,10
12609,54,1,0
12610,2,1,0
12610,2,1,5
12610,20,3,5
12611,43,1,10
12611,31,1,0
12611,9,1,10
12612,8,1,10
12612,44,3,10
12613,15,1,10
12613,27,1,20
12613,54,1,10
12614,20,1,0
12614,29,1,10
12614,36,2,5
12615,57,1,5
12615,22,2,0
12615,54,1,0
12616,5,1,0
12616,46,3,5
12617,1,1,20
12618,6,1,0
12618,3,1,10
12618,15,3,0
12618,35,1,20
12619,1,1,0
12620,20,3,0
12620,58,1,5
12620,43,1,0
12621,32,2,5
12621,1,1,0
12621,28,1,0
12622,37,2,0
12622,17,1,5
12622,13,1,0
12623,25,1,10
12623,45,1,20
12623,28,1,20
12624,47,1,20
12624,1,2,0
12624,49,3,0
12624,17,1,0
12625,28,3,20
12626,38,2,0
12626,11,3,20
12626,21,1,0
12627,49,1,10
12627,11,1,5
12628,4,2,0
12628,29,1,10
12628,26,1,10
12628,32,1,0
12629,11,2,5
12629,3,2,20
12629,8,1,20
12629,40,1,0
12630,22,1,10
12631,16,2,20
12631,34,2,5
12631,12,3,0
12631,1,1,5
12632,29,2,0
12632,50,1,10
12632,9,1,0
12633,1,1,0
12634,4,1,10
12634,3,1,20
12634,17,1,0
12634,28,1,0
12635,57,1,0
12635,54,1,10
12636,14,2,5
12636,48,1,10
12636,5,2,0
12636,21,2,10
12637,16,2,0
12637,11,3,10
12638,27,1,10
12638,18,3,0
12639,16,1,20
12639,14,1,10
12639,41,1,0
12640,4,1,0
12640,17,1,0
12641,44,1,10
12641,8,1,10
12641,10,1,20
12641,9,1,20
12642,14,1,10
12643,28,2,0
12644,30,2,0
12644,57,3,0
12645,28,1,0
12645,9,1,0
12646,9,1,10
12646,12,3,10
12646,23,1,10
12646,45,1,0
12647,1,2,0
12647,60,1,10
12647,34,1,10
12647,40,2,5
12648,18,1,10
12648,7,1,5
12648,53,1,0
12649,17,1,0
12649,25,2,5
12649,1,3,5
12649,8,1,0
12650,7,1,20
12650,5,2,20
12650,11,2,0
12651,4,1,0
12652,47,1,10
12652,42,1,20
12653,55,1,10
12653,6,1,0
12653,49,1,5
12653,9,1,0
12654,30,3,5
12654,2,1,20
12654,53,1,0
12655,1,1,10
12655,45,1,0
12655,49,1,0
12655,37,1,5
12656,13,1,0
12656,6,2,0
12656,5,3,0
12656,19,1,20
12657,34,1,5
12657,53,1,0
12657,4,2,0
12657,53,3,0
12658,20,2,20
12658,19,2,10
12658,21,3,5
12659,1,1,20
12659,55,1,0
12659,16,1,5
12660,4,1,0
12660,25,3,20
12660,8,1,0
12660,18,1,0
12661,19,2,0
12661,38,1,5
12662,12,3,5
12662,14,2,20
12662,12,2,5
12662,26,1,0
12663,50,1,10
12663,6,2,20
12664,5,3,10
12665,22,1,0
12665,10,2,10
12666,2,1,10
12667,54,2,0
12668,8,1,10
12668,17,1,10
12668,26,1,0
12668,37,1,10
12669,4,1,0
12669,57,1,10
12670,23,1,0
12671,1,1,5
12672,13,1,20
12673,1,1,10
12673,5,1,10
12674,14,2,5
12674,31,1,0
12675,60,1,0
12676,3,2,20
12676,17,1,10
12676,32,2,10
12677,13,1,0
12677,26,2,0
12677,4,1,20
12678,5,2,10
12678,30,1,0
12679,27,1,5
12679,6,1,0
12680,19,3,10
12680,23,1,5
12680,36,2,5
12681,1,3,0
12682,22,1,5
12683,2,1,5
12684,7,1,0
12684,1,1,10
12684,33,1,20
12684,1,3,5
12685,5,1,0
12686,1,1,10
12687,51,1,0
12687,9,3,0
12687,48,1,0
12688,20,1,10
12689,20,1,0
12689,2,2,0
12690,1,2,10
12690,24,1,0
12691,5,1,20
12691,4,1,0
12691,20,1,5
12691,8,2,5
12692,19,2,0
12692,24,2,10
12692,2,2,10
12692,60,1,0
12693,1,1,0
12693,3,1,5
12694,42,1,20
12695,1,1,20
12695,31,1,0
12695,48,1,10
12696,22,1,20
12696,26,1,10
12697,44,1,0
12697,3,1,5
12698,36,3,20
12698,19,1,10
12698,4,1,20
12698,35,1,20
12699,7,1,10
12699,1,2,10
12699,41,1,20
12700,23,2,0
12701,30,2,0
12701,24,1,5
12701,1,1,5
12702,4,1,5
12702,27,1,0
12702,33,2,10
12703,8,2,5
12704,5,1,5
12705,8,1,5
12706,8,1,20
12706,23,1,5
12706,36,1,0
12707,33,2,10
12707,4,3,0
12707,46,1,5
12707,25,1,10
12708,6,2,10
12708,21,1,10
12708,5,1,10
12708,9,1,0
12709,33,1,0
12709,4,1,5
12709,27,1,5
12709,30,1,0
12710,57,1,20
12710,52,1,10
12710,24,1,10
12711,29,1,0
12711,54,1,0
12711,12,1,20
12711,58,2,10
12712,3,1,5
12713,19,1,10
12714,57,1,20
12715,24,1,10
12715,32,1,0
12715,2,3,20
12715,53,1,0
12716,44,1,10
12717,6,1,0
12718,59,1,10
12718,18,2,0
12719,35,1,20
12719,31,3,0
12720,27,1,10
12720,41,3,5
12720,2,1,5
12721,26,2,10
12721,17,3,0
12722,56,3,5
12722,2,2,20
12723,25,1,0
12723,2,1,0
12723,52,1,10
12724,58,1,0
12724,51,3,0
12724,35,3,0
12725,42,1,5
12726,32,1,10
12727,51,1,0
12728,15,3,0
12729,6,1,5
12729,24,1,0
12730,23,2,5
12731,18,2,10
12732,47,1,0
12732,17,1,20
12732,42,1,20
12733,7,1,0
12733,34,1,5
12733,12,1,0
12733,1,1,0
12734,10,1,0
12735,49,3,5
12736,7,1,0
12737,6,3,5
12737,34,1,0
12737,1,1,10
12737,11,1,5
12738,25,1,20
12738,2,3,0
12738,13,1,20
12738,24,1,10
12739,35,2,5
12739,4,2,20
12740,29,2,0
12740,59,1,0
12741,49,1,5
12742,30,1,0
12743,15,1,5
12743,3,1,20
12744,6,1,10
12744,50,1,10
12744,5,3,5
12745,6,1,10
12746,1,2,0
12747,41,2,20
12748,32,3,0
12749,5,1,20
12749,40,1,20
12749,25,1,0
12750,26,1,0
12750,60,1,0
12750,60,1,0
12750,18,1,0
12751,21,1,0
12751,49,1,10
12752,3,1,20
12753,15,3,20
12753,21,3,5
12753,1,1,10
12753,1,3,0
12754,39,1,10
12755,45,1,0
12755,23,1,0
12755,20,1,0
12756,12,3,0
12757,23,1,0
12757,57,1,0
12757,31,1,20
12758,6,3,0
12758,7,1,0
12759,31,1,0
12759,11,1,0
12759,34,2,10
12760,2,1,20
12760,7,1,5
12760,12,1,20
12760,19,-1,10
12761,16,1,0
12761,29,1,0
12761,5,3,0
12761,15,2,20
12762,1,3,0
12762,38,1,10
12763,11,3,0
12764,2,1,10
12764,17,1,20
12764,42,2,5
12765,5,1,0
12766,12,1,10
12766,1,1,20
12766,3,1,0
12766,4,1,0
12767,21,2,0
12767,28,1,0
12767,36,2,20
12767,8,1,0
12768,22,3,0
12769,58,3,0
12770,1,1,10
12770,59,2,20
12770,21,1,0
12771,35,2,0
12772,10,1,10
12773,5,1,20
12773,29,1,0
12773,3,1,0
12773,41,1,0
12774,46,2,20
12774,38,1,0
12775,33,1,20
12775,16,2,5
12775,12,2,20
12775,23,2,0
12776,6,2,5
12776,7,3,0
12776,15,3,0
12776,37,1,0
12777,21,2,5
12777,52,1,5
12777,15,1,0
12778,44,1,20
12779,58,1,10
12780,10,2,5
12780,1,2,0
12780,1,1,5
12780,57,2,0
12781,33,3,5
12781,2,3,10
12781,14,2,10
12782,11,1,0
12782,36,2,10
12783,25,1,0
12783,37,1,10
12783,41,1,5
12784,8,3,0
12784,1,2,20
12785,5,3,5
12786,41,2,0
12786,56,1,10
12787,1,2,0
12787,33,2,5
12788,36,2,10
12789,5,2,0
12789,7,2,0
12790,24,3,5
12791,2,2,0
12791,51,2,10
12791,1,1,5
12792,4,1,5
12792,45,2,0
12793,15,1,0
12794,57,1,5
12794,1,2,0
12794,25,1,10
12794,32,2,10
12795,2,1,5
12795,16,2,5
12796,18,2,10
12797,33,1,5
12797,2,1,10
12798,10,1,5
12799,18,2,0
12799,56,1,0
12799,29,1,0
12800,60,1,10
12801,1,1,0
12802,49,1,10
12802,43,1,0
12803,1,3,10
12803,32,1,0
12803,34,1,5
12804,27,1,5
12804,6,1,0
12805,15,2,10
12805,2,1,20
12805,53,2,5
12805,34,1,5
12806,53,1,5
12806,5,1,5
12806,19,1,5
12807,7,2,20
12807,25,1,5
12807,27,3,20
12807,56,1,10
12808,12,1,10
12808,45,1,20
12809,47,3,0
12809,16,2,5
12809,6,3,5
12810,13,1,0
12811,38,2,0
12811,32,1,5
12811,45,2,10
12811,53,2,0
12812,23,1,10
12812,17,1,0
12812,2,1,5
12813,12,1,0
12813,14,2,0
12813,46,1,5
12814,53,2,0
12814,23,1,0
12814,52,2,10
12815,3,3,0
12815,28,3,10
12815,18,1,0
12815,14,1,0
12816,9,2,5
12816,38,1,5
12816,1,1,10
12817,10,3,10
12817,4,1,20
12817,6,1,10
12817,1,1,0
12818,30,1,0
12818,2,1,10
12818,1,1,20
12819,10,1,0
12819,4,1,5
12820,30,1,0
12820,29,3,10
12821,20,3,0
12821,55,2,10
12821,41,1,5
12822,22,2,20
12823,50,1,5
12824,7,1,10
12824,15,1,10
12824,18,2,5
12824,3,3,5
12825,46,1,20
12826,4,1,0
12827,13,2,0
12827,35,1,20
12827,4,1,0
12827,8,1,0
12828,17,1,5
12828,52,1,0
12828,1,1,10
12828,2,2,0
12829,50,1,0
12829,9,2,0
12829,51,1,5
12829,10,1,10
12830,9,1,0
12830,26,2,0
12831,1,1,0
12831,16,2,10
12831,2,1,0
12832,1,1,20
12832,2,1,0
12832,12,1,20
12833,45,2,20
12833,12,1,5
12833,27,1,0
12833,40,2,10
12834,19,2,20
12834,21,2,0
12835,23,1,0
12835,2,1,0
12835,59,1,10
12835,16,1,20
12836,1,3,20
12836,16,1,0
12836,2,1,0
12836,45,2,5
12837,4,1,0
12837,22,1,5
12837,5,2,10
12837,4,3,10
12838,52,1,5
12838,36,3,20
12838,2,2,20
12838,8,1,5
12839,15,2,5
12840,1,1,0
12840,11,1,10
12840,48,1,5
12841,50,1,0
12841,12,1,0
12841,54,1,0
12841,8,1,0
12842,14,1,0
12842,35,1,20
12843,46,1,0
12843,2,3,5
12844,5,2,0
12844,10,1,5
12845,13,1,5
12846,49,1,10
12846,10,3,0
12846,56,-1,5
12847,2,2,0
12847,42,1,0
12847,20,2,0
12847,29,3,20
12848,11,1,10
12849,4,1,0
12849,3,3,10
12850,3,1,5
12850,35,1,10
12850,8,2,5
12850,12,1,0
12851,34,1,10
12852,8,1,10
12853,44,1,10
12853,12,1,10
12854,21,2,10
12854,2,1,0
12855,1,2,0
12855,45,1,10
12856,14,3,20
12856,17,1,10
12856,1,1,10
12856,9,1,0
12857,40,1,10
12857,32,1,10
12858,4,1,10
12858,4,2,0
12858,28,1,0
12859,13,1,10
12860,1,1,0
12860,38,1,20
12861,8,1,0
12862,1,1,10
12862,3,1,0
12863,28,1,5
12863,7,3,0
12864,21,1,20
12865,12,1,0
12865,17,1,5
12865,55,2,0
12866,3,1,10
12866,1,2,5
12866,25,1,0
12866,3,3,10
12867,17,1,0
12867,1,2,0
12867,58,2,10
12868,44,1,10
12868,35,1,20
12868,28,1,20
12869,20,1,20
12869,53,1,0
12869,28,1,20
12870,53,1,20
12870,18,3,10
12870,32,1,20
12870,1,1,10
12871,20,1,10
12872,40,1,20
12872,17,1,0
12872,49,1,0
12872,7,1,10
12873,36,2,10
12874,3,1,10
12875,4,1,10
12875,1,1,0
12875,59,1,0
12876,45,1,20
12877,5,2,0
12878,7,1,20
12879,22,1,0
12879,39,1,10
12879,39,2,20
12879,5,1,10
12880,43,1,10
12881,1,1,20
12881,10,2,20
12881,22,1,0
12882,38,1,0
12882,35,2,10
12882,3,1,10
12882,14,3,0
12883,44,1,0
12883,40,1,20
12883,5,1,20
12883,1,1,0
12884,1,1,10
12884,9,1,0
12885,6,2,20
12886,10,1,5
12886,2,1,0
12886,13,3,0
12886,1,1,0
12887,1,1,0
12887,21,1,0
12888,43,2,10
12889,2,1,10
12890,7,1,20
12890,22,1,5
12890,45,1,0
12891,12,1,20
12891,46,2,0
12892,2,1,0
12893,27,1,0
12893,20,1,0
12893,31,1,10
12893,3,1,0
12894,34,1,10
12894,1,1,20
12894,13,1,20
12895,11,1,10
12895,21,2,5
12896,29,1,10
12897,30,1,10
12897,16,1,0
12897,29,1,10
12898,23,1,10
12899,16,1,0
12900,11,1,10
12900,59,1,10
12901,8,2,0
12902,35,1,20
12902,38,1,20
12902,8,1,5
12903,59,1,0
12903,10,1,5
12903,5,2,0
12903,59,2,0
12904,27,3,10
12904,35,1,0
12904,49,1,10
12905,8,1,0
12905,35,1,5
12906,7,1,20
12906,4,1,10
12906,1,1,10
12907,8,2,0
12907,60,3,10
12908,30,1,20
12908,48,1,0
12908,3,-1,10
12908,6,1,0
12909,10,1,0
12910,29,1,20
12911,4,1,20
12911,9,1,5
12912,40,1,0
12912,39,1,20
12912,4,1,20
12913,8,2,20
12913,8,1,5
12914,9,1,0
12914,19,1,0
12915,24,1,5
12915,18,2,5
12915,1,1,10
12915,3,1,5
12916,1,1,0
12916,2,1,0
12917,43,1,20
12917,13,3,20
12917,2,1,0
12917,56,1,5
12918,10,1,0
12919,30,1,0
12919,29,1,10
12919,2,1,0
12920,44,1,20
12920,38,2,0
12921,34,2,0
12921,24,1,0
12922,34,2,0
12922,25,2,5
12923,2,1,0
12923,17,2,10
12923,22,1,0
12924,52,1,5
12924,47,1,20
12924,17,1,10
12924,21,1,5
12925,36,3,20
12925,44,1,0
12925,21,1,10
12925,2,1,10
12926,9,1,0
12927,59,1,10
12927,32,1,0
12928,27,1,20
12929,1,1,20
12929,3,2,0
12930,33,3,0
12930,25,1,5
12931,37,3,0
12931,1,3,20
12932,18,1,0
12932,37,1,20
12932,12,1,0
12932,48,1,10
12933,1,1,0
12933,41,1,10
12933,49,1,0
12933,1,1,5
12934,20,1,20
12934,9,2,0
12934,9,1,5
12934,7,1,20
12935,7,1,0
12936,1,2,10
12936,1,1,0
12937,14,3,0
12938,35,3,0
12938,7,1,10
12938,26,1,10
12939,11,1,10
12939,20,1,10
12940,31,2,10
12941,9,1,0
12941,8,1,10
12942,44,1,0
12942,14,1,0
12942,31,2,20
12942,17,1,10
12943,9,2,10
12944,2,1,20
12945,20,1,20
12945,31,2,0
12945,38,2,20
12946,5,1,5
12947,14,2,0
12947,30,2,20
12948,21,2,5
12949,56,2,5
12949,32,1,5
12949,1,1,20
12950,34,1,20
12950,16,1,5
12951,37,1,10
12951,1,2,10
12951,39,1,0
12952,6,3,10
12953,2,1,10
12953,3,1,0
12953,57,1,5
12954,15,1,10
12954,20,2,0
12954,15,1,10
12954,6,1,20
12955,43,1,0
12955,39,1,10
12955,4,1,10
12956,19,1,10
12956,4,1,0
12957,6,1,10
12957,7,1,20
12957,10,1,0
12958,47,2,10
12958,17,1,10
12958,7,2,0
12959,51,1,10
12960,12,3,0
12960,2,1,5
12961,22,2,20
12962,22,1,5
12963,13,2,5
12964,14,1,0
12965,32,3,0
12965,23,1,10
12965,19,1,10
12966,7,2,0
12966,59,1,5
12967,24,1,10
12967,56,1,10
12967,17,3,0
12967,2,1,0
12968,3,2,5
12968,28,3,20
12969,6,1,10
12970,7,1,0
12970,18,1,20
12970,11,1,10
12971,16,1,5
12971,4,1,5
12971,8,3,10
12971,8,3,20
12972,11,2,5
12972,6,2,0
12972,12,1,5
12972,23,1,0
12973,8,1,0
12973,24,2,5
12973,4,2,20
12973,43,1,0
12974,2,1,5
12974,13,2,0
12974,15,1,0
12974,50,1,10
12975,46,2,0
12975,6,1,0
12975,2,1,0
12975,47,1,10
12976,51,3,0
12976,56,1,0
12976,13,1,0
12976,32,2,0
12977,46,3,10
12977,50,1,10
12978,6,1,20
12978,21,1,0
12979,43,3,0
12979,1,2,5
12979,54,2,5
12980,43,1,0
12981,11,1,5
12981,7,1,0
12982,10,1,0
12982,17,1,10
12982,27,1,10
12983,46,1,0
12983,52,1,5
12984,54,3,10
12984,57,1,0
12984,55,1,5
12985,2,2,0
12985,21,2,5
12986,51,1,0
12987,22,1,0
12987,4,1,10
12987,5,2,0
12988,18,1,5
12988,10,1,10
12988,1,1,10
12989,14,2,5
12990,15,2,20
12991,32,1,0
12991,52,1,0
12991,3,1,0
12992,36,1,5
12993,51,1,10
12993,5,1,10
12994,13,1,20
12994,10,1,0
12994,10,1,10
12994,47,1,0
12995,2,1,0
12995,7,1,10
12996,14,1,5
12996,55,1,0
12996,3,1,10
12996,8,1,0
12997,30,1,0
12997,33,3,0
12997,44,2,10
12997,7,2,0
12998,27,1,0
12998,15,3,0
12998,57,2,5
12998,39,2,20
12999,8,1,0
12999,26,1,10
12999,54,1,0
12999,53,1,0
13000,46,1,5
13000,4,1,0
13000,15,1,10
13000,8,3,10
13001,1,3,10
13001,25,1,0
13001,39,2,5
13001,15,1,5
13002,52,3,0
13002,20,1,0
13003,40,1,0
13004,1,1,10
13004,16,1,10
13004,7,1,20
13005,14,2,0
13006,43,2,5
13006,6,1,5
13006,43,1,0
13007,47,1,5
13007,7,1,20
13008,18,1,5
13008,17,1,10
13008,3,1,5
13009,52,1,10
13009,30,1,0
13010,31,1,0
13011,37,1,0
13012,3,2,10
13013,35,3,5
13013,5,1,0
13013,47,1,0
13014,11,1,10
13014,47,1,5
13015,27,1,20
13015,13,1,20
13015,15,2,0
13015,24,1,0
13016,1,3,20
13016,4,1,5
13016,38,1,0
13016,19,1,5
13017,21,2,0
13017,15,1,20
13018,58,1,10
13018,19,1,0
13018,49,1,10
13019,11,1,10
13020,9,1,20
13020,4,1,5
13021,1,1,0
13021,25,1,10
13022,18,1,0
13022,18,1,0
13023,11,2,5
13024,13,2,0
13024,30,1,0
13024,8,2,20
13025,1,2,5
13026,21,2,5
13026,20,3,5
13026,16,3,10
13026,21,1,0
13027,2,1,0
13027,23,1,5
13027,26,1,20
13027,39,3,20
13028,51,1,10
13028,31,3,0
13029,16,3,5
13030,10,2,0
13030,6,1,5
13031,5,2,0
13031,58,2,5
13032,21,1,10
13032,46,1,0
13032,1,3,5
13032,9,1,20
13033,8,3,10
13033,16,1,0
13033,31,1,0
13033,39,3,5
13034,12,1,0
13034,38,1,0
13034,1,1,10
13035,21,1,0
13035,12,1,20
13035,32,2,0
13036,18,3,0
13036,57,1,5
13037,37,1,0
13038,33,3,10
13038,56,1,10
13038,2,1,0
13039,14,2,0
13039,29,1,20
13039,3,2,10
13040,14,1,10
13040,10,2,20
13040,9,1,10
13040,5,1,10
13041,45,1,10
13042,7,1,0
13042,19,1,0
13043,13,1,0
13044,24,1,0
13044,59,1,10
13044,37,2,5
13044,14,1,20
13045,21,2,10
13045,11,1,5
13046,58,3,10
13047,15,1,20
13047,23,1,10
13047,2,1,5
13047,10,1,10
13048,46,1,20
13049,27,1,10
13049,2,2,5
13050,34,1,5
13050,36,1,0
13050,18,1,0
13051,42,2,20
13051,20,1,5
13052,14,1,0
13052,1,3,0
13052,1,1,10
13053,1,1,5
13053,16,3,0
13053,35,2,0
13054,3,1,5
13054,54,1,0
13055,56,1,10
13055,45,2,20
13055,1,1,0
13055,24,3,20
13056,56,1,0
13056,6,1,0
13057,38,1,5
13057,55,1,10
13057,13,3,10
13058,29,1,5
13058,57,1,5
13059,2,1,0
13060,1,2,20
13060,59,1,10
13061,12,1,10
13061,10,3,10
13061,1,1,20
13061,11,1,10
13062,20,1,20
13062,1,1,0
13062,10,1,10
13062,14,1,0
13063,18,1,0
13064,2,1,0
13064,6,1,5
13064,17,3,0
13065,51,2,5
13065,1,2,5
13066,29,1,0
13066,14,1,20
13066,46,1,10
13066,17,1,5
13067,52,2,0
13067,6,1,10
13067,3,2,5
13068,12,1,0
13068,10,2,5
13068,5,1,5
13069,8,1,5
13069,19,3,20
13069,11,3,10
13069,4,1,20
13070,52,2,0
13071,3,1,5
13071,10,1,0
13071,23,1,0
13071,7,1,10
13072,31,3,20
13072,1,3,0
13072,8,1,0
13072,57,1,10
13073,28,1,0
13073,5,1,10
13073,6,2,10
13073,48,1,5
13074,40,1,5
13075,41,1,20
13075,45,2,10
13075,2,1,10
13076,17,2,5
13076,40,2,0
13076,9,3,0
13077,59,1,0
13077,48,2,20
13078,14,1,0
13079,60,1,5
13079,35,2,0
13080,9,1,0
13080,20,1,0
13080,45,1,10
13081,60,1,0
13081,4,1,0
13082,25,1,10
13082,36,1,20
13083,29,1,20
13083,42,1,0
13083,33,3,0
13084,27,3,5
13084,44,3,0
13084,13,3,5
13085,21,2,0
13085,21,1,10
13085,19,2,5
13085,5,1,0
13086,19,2,20
13086,16,1,0
13087,6,2,5
13087,1,1,0
13087,50,1,10
13088,5,1,0
13088,16,1,0
13089,20,1,20
13089,4,3,10
13090,16,1,0
13090,3,1,0
13090,1,1,10
13090,8,1,5
13091,43,1,20
13092,2,1,10
13092,38,1,0
13092,3,1,0
13092,50,1,20
13093,16,3,5
13093,24,1,0
13093,18,1,0
13093,10,1,0
13094,45,2,5
13094,54,2,5
13095,20,1,20
13095,35,1,20
13095,24,1,5
13096,34,2,20
13096,2,1,10
13096,42,1,20
13096,55,1,10
13097,10,1,20
13097,25,3,0
13097,9,1,10
13097,25,1,5
13098,20,1,0
13098,7,1,20
13099,28,3,5
13099,5,1,0
13099,34,1,5
13099,47,1,0
13100,8,1,5
13100,60,3,5
13100,19,2,10
13101,9,1,10
13102,44,1,5
13103,22,1,5
13104,10,1,10
13104,37,1,0
13104,41,1,0
13104,5,2,5
13105,1,3,0
13105,23,1,10
13105,26,2,0
13106,57,1,20
13107,25,1,10
13107,16,3,0
13108,2,2,0
13108,9,3,0
13108,35,1,0
13109,16,1,20
13109,43,1,5
13110,1,2,0
13110,6,3,20
13110,37,1,0
13110,47,1,20
13111,8,2,5
13111,7,1,0
13112,47,1,0
13112,1,3,20
13113,44,2,0
13114,38,1,5
13115,16,2,20
13115,25,1,20
13116,60,2,20
13116,27,1,0
13116,9,1,0
13117,10,1,0
13117,32,1,0
13117,30,1,0
13118,60,2,0
13118,34,1,0
13118,36,1,0
13118,14,1,0
13119,6,3,20
13119,56,2,10
13120,1,1,0
13120,4,1,5
13120,35,2,0
13120,1,3,0
13121,11,2,0
13121,60,2,5
13121,59,1,20
13122,40,1,0
13123,37,3,5
13123,45,1,0
13123,41,1,20
13123,2,1,0
13124,1,1,0
13124,34,3,0
13124,47,1,20
13124,24,1,0
13125,22,1,5
13125,34,1,20
13125,32,2,0
13126,13,1,5
13126,19,1,0
13126,55,1,0
13127,16,1,10
13127,1,1,5
13128,6,3,0
13128,10,2,0
13128,13,3,10
13129,1,1,0
13129,19,3,20
13129,8,2,10
13129,1,1,0
13130,20,1,20
13131,5,1,0
13131,28,1,0
13131,31,1,0
13132,14,1,20
13132,29,1,0
13133,15,1,5
13133,22,1,0
13133,2,1,5
13133,19,2,0
13134,12,1,5
13135,9,1,0
13136,10,3,0
13136,3,2,5
13136,60,2,20
13137,33,3,10
13138,1,1,5
13138,33,1,5
13139,43,2,5
13140,20,1,10
13140,32,3,0
13140,32,1,20
13141,50,1,0
13141,42,1,0
13142,14,2,10
13142,1,1,5
13142,11,1,0
13142,13,1,10
13143,25,1,10
13143,40,1,10
13143,2,1,0
13143,16,1,0
13144,8,1,20
13144,39,1,20
13144,14,2,0
13145,12,1,10
13145,3,1,10
13146,2,2,0
13147,58,3,10
13147,3,1,20
13147,1,2,10
13147,2,1,20
13148,57,1,10
13149,3,1,10
13149,36,3,10
13149,1,2,20
13149,52,1,10
13150,28,1,0
13150,6,1,20
13151,22,2,0
13152,48,2,5
13152,45,1,10
13153,7,1,0
13154,4,1,5
13154,27,2,20
13155,35,2,0
13155,34,2,0
13155,19,1,10
13155,48,1,10
13156,33,2,5
13157,11,2,10
13157,1,1,0
13157,5,1,20
13157,1,1,20
13158,3,2,5
13159,39,1,10
13159,30,1,10
13159,18,1,10
13159,55,1,5
13160,27,1,10
13160,4,1,10
13160,29,1,0
13161,20,1,0
13162,30,1,0
13162,8,2,0
13162,24,1,10
13162,47,2,5
13163,20,1,0
13163,6,1,0
13164,6,1,0
13165,50,1,0
13165,58,1,0
13165,6,1,0
13166,3,1,5
13167,54,1,5
13167,42,1,10
13167,19,2,0
13167,3,1,10
13168,14,1,10
13169,3,1,0
13170,34,1,5
13170,20,1,10
13170,5,1,10
13171,5,1,0
13171,11,2,0
13171,29,2,5
13171,2,2,5
13172,58,2,5
13173,17,2,20
13173,5,1,20
13174,6,2,10
13175,12,1,0
13175,59,1,5
13175,22,1,10
13176,21,1,20
13176,1,2,5
13176,7,1,5
13176,1,1,10
13177,43,2,5
13177,60,1,0
13177,35,2,0
13178,40,1,0
13178,27,1,10
13178,46,1,0
13179,14,3,0
13179,36,2,0
13180,2,2,0
13180,21,2,0
13180,16,2,20
13180,17,2,20
13181,10,1,5
13181,1,1,5
13182,14,2,0
13182,58,3,0
13182,34,1,0
13182,54,1,10
13183,34,1,20
13183,6,2,10
13183,9,1,0
13183,10,1,10
13184,26,1,5
13184,5,1,10
13185,5,2,0
13185,3,2,0
13186,3,1,0
13186,9,2,10
13186,15,1,5
13187,55,2,10
13187,39,1,5
13187,2,1,0
13188,60,1,10
13188,3,1,10
13189,53,1,20
13190,44,1,0
13191,9,1,0
13191,31,2,0
13192,58,3,0
13192,11,1,0
13193,13,1,0
13194,2,3,0
13194,18,1,0
13194,3,1,20
13194,44,1,0
13195,4,1,20
13195,2,1,0
13196,4,1,0
13196,1,1,10
13196,9,3,0
13196,32,3,20
13197,55,1,0
13197,14,1,0
13197,18,1,0
13197,2,1,0
13198,51,2,0
13199,16,2,20
13200,3,3,0
13200,5,2,5
13201,37,3,0
13201,3,1,0
13202,1,1,10
13202,38,2,0
13202,35,1,0
13203,28,1,5
13204,56,2,10
13204,6,1,20
13204,18,1,20
13205,9,3,10
13206,6,2,10
13207,52,1,5
13207,3,3,10
13207,16,1,10
13208,9,-1,0
13208,15,1,10
13209,12,2,0
13209,28,1,5
13209,17,1,5
13209,48,2,5
13210,31,1,5
13210,2,1,10
13210,2,2,10
13211,4,1,0
13212,57,1,0
13212,41,3,0
13212,8,1,0
13212,8,1,0
13213,19,1,0
13213,5,1,20
13213,27,3,0
13213,41,1,0
13214,2,1,10
13214,42,1,0
13215,47,3,0
13215,27,3,10
13215,1,2,5
13215,40,1,10
13216,48,2,20
13217,5,1,20
13217,4,1,10
13217,3,2,10
13217,48,1,5
13218,1,1,0
13218,28,1,10
13218,14,1,0
13219,8,1,0
13219,57,1,5
13219,32,1,10
13220,14,1,0
13220,23,2,0
13221,5,2,10
13221,48,1,0
13221,31,2,10
13221,17,-1,5
13222,2,3,10
13222,32,2,0
13222,11,1,5
13223,34,3,10
13223,3,1,0
13224,11,1,5
13224,6,2,0
13225,8,1,0
13226,44,1,0
13226,2,3,10
13226,53,2,0
13227,16,1,0
13228,38,3,0
13229,2,2,0
13229,46,1,20
13229,43,1,0
13230,23,2,0
13231,2,1,0
13231,39,1,0
13232,3,1,5
13232,33,1,5
13232,3,1,0
13232,9,1,5
13233,22,1,10
13233,9,1,0
13233,32,1,0
13234,2,1,10
13235,3,2,0
13236,8,1,0
13236,22,1,10
13237,33,1,20
13237,31,1,20
13237,28,1,0
13238,15,1,5
13238,1,1,20
13239,36,1,5
13239,1,1,20
13240,1,1,0
13240,2,2,5
13241,19,1,0
13241,12,1,0
13241,25,1,0
13242,45,1,0
13242,11,3,0
13242,1,1,10
13242,3,1,5
13243,4,1,0
13243,20,1,0
13243,56,1,0
13244,59,1,5
13244,27,1,10
13245,40,2,5
13245,25,1,10
13245,19,1,10
13245,4,1,5
13246,32,2,20
13246,51,1,0
13246,5,3,10
13247,35,3,10
13247,4,1,0
13247,51,2,20
13247,43,2,0
13248,15,1,20
13248,24,3,0
13249,49,1,10
13249,9,1,0
13250,1,1,5
13250,8,1,20
13250,1,3,10
13251,33,1,10
13251,7,1,0
13252,4,1,0
13252,3,1,0
13252,5,1,0
13252,2,1,5
13253,31,2,0
13254,37,1,5
13254,13,1,5
13254,1,2,0
13254,4,1,0
13255,12,1,0
13255,12,2,5
13255,1,1,0
13256,4,1,20
13256,22,2,5
13256,5,1,5
13256,1,1,0
13257,12,2,5
13257,35,1,0
13257,15,1,5
13257,3,1,0
13258,12,1,10
13258,32,1,0
13258,36,1,5
13258,1,2,5
13259,24,2,0
13259,6,1,5
13260,29,2,20
13260,44,3,5
13260,9,1,0
13261,31,1,10
13261,44,1,0
13261,16,1,5
13261,38,3,0
13262,12,2,20
13262,18,1,0
13262,42,1,0
13263,38,1,20
13264,2,1,10
13264,39,1,10
13264,18,1,5
13265,9,1,0
13265,37,1,10
13265,10,2,20
13266,5,1,10
13267,35,1,0
13267,4,1,10
13267,9,1,10
13268,3,1,0
13268,26,1,5
13268,19,1,5
13268,33,1,5
13269,7,1,0
13269,38,3,0
13269,3,1,10
13270,11,2,0
13270,60,1,0
13270,7,1,10
13271,21,2,0
13272,53,2,0
13272,48,1,10
13272,21,2,10
13273,19,1,20
13273,3,3,0
13274,30,1,10
13274,3,1,5
13274,5,1,0
13275,28,2,10
13275,6,1,0
13276,29,1,20
13276,48,1,0
13276,17,2,10
13277,11,1,5
13277,2,1,0
13277,8,1,5
13278,37,1,10
13279,39,3,10
13279,26,1,5
13279,49,2,5
13279,49,1,5
13280,23,1,5
13280,32,1,10
13280,19,1,0
13280,53,2,5
13281,5,1,20
13282,52,2,0
13283,13,1,0
13283,38,1,20
13283,43,1,0
13283,4,1,0
13284,52,1,10
13284,2,1,10
13284,36,1,10
13285,56,1,10
13285,57,1,20
13286,2,1,0
13286,40,2,10
13287,5,1,20
13287,23,3,5
13288,12,1,10
13289,29,1,0
13289,18,2,0
13289,22,2,10
13290,4,1,5
13290,10,1,20
13290,42,1,0
13290,2,2,0
13291,26,1,0
13291,7,1,20
13292,32,1,0
13292,36,2,10
13293,2,1,10
13294,42,1,0
13294,1,1,0
13294,58,2,10
13294,55,3,5
13295,2,1,20
13296,54,2,0
13296,1,1,10
13297,18,1,0
13297,35,2,0
13297,4,1,0
13298,24,1,0
13298,37,1,0
13298,1,2,20
13298,13,1,0
13299,39,2,10
13299,9,3,5
13299,8,1,0
13300,1,1,0
13301,21,1,10
13301,7,3,0
13302,6,1,10
13302,18,3,10
13302,33,1,10
13302,27,1,0
13303,43,2,20
13304,6,1,0
13304,2,2,10
13304,37,1,10
13304,32,3,10
13305,28,1,10
13306,59,1,0
13306,20,1,10
13306,38,1,10
13306,8,2,20
13307,3,2,5
13308,2,2,0
13308,13,1,0
13308,18,1,0
13309,40,2,0
13309,10,1,0
13310,17,1,10
13310,37,1,10
13310,1,2,20
13310,21,1,10
13311,48,2,20
13311,5,1,10
13312,1,2,10
13312,18,2,5
13313,2,1,20
13313,11,1,10
13314,23,1,0
13314,6,1,10
13314,18,1,0
13315,5,1,10
13316,1,1,10
13316,30,2,0
13316,40,1,5
13317,54,2,0
13317,6,1,10
13318,4,1,20
13319,4,2,5
13320,3,3,0
13320,58,2,0
13320,15,1,20
13321,25,1,0
13321,18,2,10
13321,1,1,0
13322,44,1,0
13322,22,1,0
13323,3,2,10
13323,59,1,0
13323,57,2,5
13324,44,3,10
13325,57,1,10
13325,44,1,5
13325,23,2,20
13326,1,2,0
13326,28,1,10
13327,11,3,0
13327,2,1,0
13327,13,3,10
13328,27,1,10
13329,22,3,5
13329,4,2,10
13329,34,1,5
13330,1,1,5
13330,33,2,0
13330,25,1,5
13330,13,1,0
13331,2,1,10
13331,4,1,20
13331,2,3,20
13332,29,2,20
13333,27,1,5
13333,7,1,0
13333,23,2,0
13333,52,2,10
13334,16,1,0
13334,33,2,10
13335,19,2,20
13335,37,1,0
13336,9,1,10
13337,10,1,5
13337,1,2,10
13337,7,3,10
13337,1,1,0
13338,13,1,0
13338,12,1,0
13339,27,1,0
13340,3,1,0
13340,10,1,0
13340,44,3,5
13341,5,1,0
13341,15,1,0
13341,7,1,0
13341,6,1,5
13342,57,3,0
13342,57,1,0
13342,1,1,20
13343,5,1,0
13344,49,1,10
13344,24,1,10
13344,40,1,0
13345,15,1,0
13345,37,1,10
13345,5,1,0
13346,26,1,5
13347,53,2,0
13347,41,1,0
13347,51,1,0
13347,2,1,0
13348,57,1,0
13348,24,2,5
13349,12,2,0
13349,37,1,0
13350,18,1,0
13351,60,2,5
13351,19,1,5
13352,46,1,10
13352,10,1,10
13352,25,1,0
13353,23,1,0
13353,29,1,0
13353,5,1,5
13353,18,2,5
13354,5,1,0
13354,2,2,10
13355,33,1,10
13355,5,1,10
13355,34,2,5
13356,1,3,10
13356,21,1,0
13357,20,3,20
13357,16,1,10
13357,29,1,0
13357,9,1,5
13358,38,3,5
13359,57,2,0
13359,22,2,20
13359,58,1,20
13359,23,1,0
13360,31,1,20
13360,9,1,10
13361,50,1,0
13361,2,1,0
13361,8,1,5
13362,1,1,5
13362,54,3,0
13362,1,1,5
13363,30,1,0
13363,13,1,0
13364,1,2,20
13365,37,1,20
13365,40,2,0
13365,7,2,20
13365,7,1,10
13366,1,1,10
13366,26,1,5
13366,22,1,5
13367,29,1,20
13368,1,3,20
13368,27,1,10
13368,6,1,10
13368,11,2,10
13369,48,1,0
13369,29,1,0
13369,12,2,0
13369,47,1,5
13370,41,2,10
13371,1,1,0
13371,16,1,0
13371,10,2,20
13371,29,2,20
13372,6,1,0
13372,20,1,0
13372,39,2,0
13373,18,3,0
13373,31,1,0
13373,11,2,0
13373,44,1,10
13374,3,1,5
13374,32,2,10
13374,32,1,5
13375,1,1,10
13375,9,1,20
13375,34,1,0
13375,1,1,20
13376,2,1,0
13376,17,1,0
13376,5,3,10
13376,24,2,10
13377,10,1,10
13377,41,1,10
13377,31,3,0
13378,17,1,20
13378,17,1,0
13378,21,1,5
13378,4,1,10
13379,6,2,20
13380,21,1,5
13380,13,1,5
13380,2,1,0
13380,3,2,5
13381,10,1,10
13381,11,1,10
13382,46,1,0
13382,47,1,0
13382,28,3,5
13382,36,1,0
13383,60,1,10
13383,3,1,0
13383,40,1,10
13384,14,1,0
13384,40,3,5
13384,1,1,10
13385,3,1,0
13385,30,1,10
13385,43,2,10
13385,27,2,0
13386,5,2,5
13386,55,1,20
13387,32,2,5
13387,16,1,0
13387,58,1,10
13387,6,3,0
13388,23,2,0
13388,1,1,10
13388,10,1,0
13389,11,1,5
13389,1,1,0
13390,30,1,20
13391,26,1,10
13392,39,3,0
13392,2,1,0
13392,16,1,0
13393,1,1,20
13394,4,1,5
13394,16,1,5
13394,16,2,10
13395,49,1,10
13396,40,2,20
13397,3,2,5
13398,13,1,5
13398,15,1,10
13399,51,2,5
13399,4,1,10
13399,35,1,20
13400,9,2,5
13401,6,1,0
13401,3,1,5
13402,25,1,10
13403,24,3,5
13403,28,1,20
13403,55,1,0
13404,2,1,0
13404,11,1,5
13405,12,2,0
13405,41,1,20
13405,34,1,20
13405,3,1,0
13406,15,3,0
13406,4,1,10
13406,42,1,20
13406,58,1,0
13407,56,1,0
13408,2,2,5
13409,26,1,0
13409,40,1,10
13410,19,2,10
13411,57,1,0
13411,22,1,5
13411,6,3,0
13411,4,1,10
13412,1,1,0
13412,41,2,5
13412,11,1,5
13412,1,1,20
13413,1,1,0
13414,2,1,20
13414,39,1,0
13415,14,1,5
13415,1,1,0
13416,6,2,10
13416,3,1,10
13417,2,1,0
13417,19,1,0
13418,12,1,10
13418,19,1,0
13418,17,1,5
13419,28,2,5
13419,15,1,5
13419,14,2,5
13420,23,1,0
13420,32,1,20
13420,23,1,0
13420,46,1,0
13421,12,1,0
13421,14,1,0
13422,46,1,0
13422,2,2,0
13422,53,1,0
13422,24,2,0
13423,14,3,0
13424,31,1,20
13425,1,1,20
13425,23,1,0
13426,45,1,0
13426,22,2,10
13426,12,1,20
13427,9,1,20
13427,2,1,10
13428,19,1,10
13428,43,1,5
13429,1,1,10
13429,10,1,5
13429,40,1,5
13430,7,1,0
13430,4,1,10
13430,46,1,0
13431,2,2,20
13432,4,2,5
13433,55,1,0
13433,2,1,0
13433,34,3,0
13433,43,1,0
13434,1,1,10
13434,13,1,5
13434,22,1,20
13434,32,1,0
13435,15,1,5
13435,20,1,10
13435,15,1,10
13436,2,2,10
13436,4,1,0
13436,47,1,5
13436,26,2,0
13437,7,2,5
13437,13,2,10
13438,44,1,20
13438,7,1,0
13438,3,1,10
13439,33,1,10
13439,39,3,10
13439,9,1,10
13440,15,2,5
13441,25,1,10
13441,6,1,10
13441,19,2,5
13442,34,1,5
13442,23,2,5
13442,33,1,0
13442,12,2,0
13443,4,1,10
13443,18,1,20
13443,5,1,10
13444,32,1,0
13444,1,1,20
13444,54,3,10
13445,21,2,0
13445,3,1,0
13445,36,1,10
13446,1,1,10
13446,59,2,10
13447,42,1,5
13447,6,1,0
13448,20,1,0
13448,33,1,20
13448,12,1,0
13449,4,1,0
13449,7,1,5
13449,33,1,20
13450,43,1,5
13450,2,1,0
13451,1,1,0
13451,23,1,10
13452,17,1,20
13452,57,2,5
13452,14,3,5
13453,1,1,0
13453,10,2,0
13453,2,1,20
13453,20,1,0
13454,14,2,0
13454,2,1,10
13454,42,1,10
13455,2,2,0
13455,23,1,0
13456,12,1,20
13457,39,1,5
13457,24,2,0
13457,13,1,5
13458,42,2,5
13458,17,1,0
13459,3,1,20
13459,59,1,5
13459,12,2,0
13459,4,1,0
13460,17,1,0
13460,30,1,20
13460,48,2,10
13461,1,1,0
13462,40,1,10
13462,2,2,5
13463,33,1,10
13463,48,1,5
13464,5,1,0
13464,35,1,10
13464,6,1,0
13465,5,1,10
13465,2,1,0
13465,2,1,0
13465,21,1,0
13466,33,1,0
13467,14,1,5
13467,41,1,5
13467,23,1,5
13468,35,1,5
13468,24,1,5
13468,57,1,20
13468,28,1,0
13469,2,3,5
13469,52,1,10
13469,2,1,0
13469,11,1,10
13470,8,1,0
13470,11,3,5
13471,59,2,5
13471,31,3,0
13471,4,1,10
13471,1,1,10
13472,52,1,5
13472,46,2,5
13472,12,1,0
13473,9,1,20
13473,14,1,5
13473,21,1,10
13474,3,3,0
13474,4,1,10
13474,2,1,5
13475,1,2,10
13475,10,1,10
13476,8,2,20
13476,8,1,0
13476,15,1,0
13476,40,1,10
13477,17,1,0
13478,44,1,0
13478,27,2,20
13478,23,1,0
13478,60,2,0
13479,28,1,20
13479,2,1,0
13479,4,2,0
13480,3,1,0
13480,20,1,20
13480,2,1,0
13480,48,1,0
13481,12,1,0
13481,2,2,0
13481,1,1,10
13482,19,1,20
13482,11,1,10
13482,34,2,0
13483,3,1,0
13483,6,1,0
13483,13,1,0
13484,43,1,0
13484,14,3,0
13484,4,1,10
13485,1,1,5
13486,24,1,5
13486,6,1,10
13487,23,2,20
13487,40,2,10
13488,40,1,0
13488,45,1,10
13489,31,2,10
13490,59,2,5
13491,25,2,5
13491,39,1,10
13491,44,1,0
13491,6,2,5
13492,11,1,20
13492,36,1,10
13493,43,2,10
13494,13,1,20
13494,18,2,10
13494,43,1,10
13494,43,1,0
13495,42,-1,5
13495,9,1,0
13496,25,1,0
13496,54,2,10
13496,8,1,0
13497,23,1,0
13497,59,1,0
13497,6,2,5
13497,49,2,0
13498,10,1,0
13498,2,2,5
13499,14,1,0
13499,3,1,0
13499,60,1,10
13499,1,1,5
13500,38,1,10
13500,44,1,10
13500,8,1,10
13500,50,2,5
13501,23,1,10
13501,51,1,0
13501,2,1,0
13502,11,1,0
13502,4,1,0
13502,16,2,20
13503,16,2,0
13503,8,1,0
13503,33,3,0
13504,50,2,10
13504,27,1,5
13505,45,1,0
13505,28,2,10
13505,45,1,20
13505,23,1,20
13506,4,1,10
13507,5,2,0
13507,11,1,0
13507,4,1,10
13507,4,1,10
13508,57,1,5
13508,9,1,20
13508,59,1,20
13508,51,2,10
13509,26,1,10
13509,13,1,0
13510,15,1,20
13511,2,1,10
13511,2,1,0
13512,14,2,5
13512,50,3,20
13512,55,1,5
13513,3,1,20
13513,26,1,0
13513,44,1,10
13513,28,1,10
13514,8,1,20
13515,56,3,10
13515,59,1,5
13515,15,1,0
13515,3,1,10
13516,6,1,20
13516,50,1,20
13516,40,2,0
13516,12,1,10
13517,17,2,10
13518,46,1,0
13518,12,1,10
13518,43,1,0
13519,33,2,20
13520,37,2,10
13520,1,1,20
13520,22,1,0
13521,55,1,0
13522,55,1,10
13523,52,2,5
13523,23,1,10
13524,51,3,0
13524,19,1,0
13524,1,1,0
13524,36,1,0
13525,23,1,0
13525,41,1,5
13525,12,3,0
13525,35,3,5
13526,10,1,0
13526,40,1,10
13527,10,1,10
13527,24,1,20
13528,26,1,0
13528,4,1,0
13529,23,1,20
13529,38,2,20
13529,8,1,5
13529,43,2,20
13530,27,2,10
13531,26,1,0
13531,30,1,10
13531,38,1,0
13531,38,1,0
13532,14,1,0
13532,39,1,10
13532,24,1,0
13533,17,3,0
13533,48,1,0
13534,17,3,0
13534,17,1,0
13534,2,1,10
13534,47,2,0
13535,37,1,20
13535,48,1,0
13536,60,1,10
13537,7,2,10
13537,44,1,0
13537,32,1,20
13537,14,1,10
13538,56,1,20
13538,8,1,0
13539,3,3,10
13539,5,1,0
13539,32,1,5
13539,42,1,20
13540,24,1,5
13540,17,2,0
13540,18,1,0
13540,1,2,0
13541,43,1,10
13542,14,1,0
13542,5,1,0
13542,1,2,20
13543,8,1,0
13543,3,1,10
13543,47,2,20
13543,55,1,20
13544,11,1,0
13545,9,2,10
13546,53,1,5
13546,6,1,10
13547,9,1,20
13547,4,1,10
13548,11,2,20
13549,2,1,0
13550,15,2,0
13551,37,1,5
13551,34,1,0
13551,1,1,20
13551,52,1,10
13552,30,1,10
13552,3,-1,20
13552,1,1,5
13553,1,1,0
13554,1,2,20
13555,11,1,10
13555,45,1,5
13555,5,1,10
13556,28,3,10
13556,8,2,5
13556,26,1,0
13557,16,2,20
13557,17,1,5
13558,35,3,0
13558,18,1,5
13558,7,1,20
13558,1,1,10
13559,59,3,20
13559,22,1,20
13560,44,2,20
13561,1,1,5
13561,9,1,0
13562,1,1,5
13563,38,1,0
13564,15,2,0
13565,30,1,0
13565,23,1,20
13565,49,1,0
13565,15,3,10
13566,12,2,5
13566,9,1,0
13566,52,1,0
13567,33,1,10
13567,55,2,0
13568,1,1,5
13568,26,2,20
13569,5,1,0
13570,57,1,5
13570,35,1,0
13570,20,1,0
13571,30,2,0
13571,1,1,0
13571,26,1,0
13572,26,2,20
13572,27,2,10
13572,7,2,0
13572,11,3,10
13573,2,1,0
13573,18,2,20
13573,26,1,20
13574,16,1,5
13574,43,2,0
13575,29,2,20
13575,32,1,10
13575,30,1,5
13576,1,1,0
13577,4,1,20
13578,53,1,0
13579,14,2,0
13580,14,1,5
13580,13,1,0
13580,6,1,5
13581,41,1,10
13582,32,1,10
13583,26,3,20
13583,1,1,10
13583,28,1,0
13583,41,1,5
13584,5,2,10
13584,17,3,5
13584,43,2,0
13585,1,1,20
13585,23,2,0
13585,4,1,20
13586,58,1,0
13587,16,2,0
13587,9,1,20
13587,40,1,0
13587,43,2,20
13588,53,1,5
13588,20,1,0
13589,5,1,0
13589,55,2,20
13590,29,3,20
13590,1,2,20
13590,1,1,20
13590,53,1,20
13591,9,1,20
13592,11,1,5
13592,12,1,10
13592,4,1,10
13592,56,1,0
13593,29,1,10
13594,52,1,20
13594,2,1,0
13595,1,1,0
13595,45,1,10
13595,4,2,0
13595,12,2,0
13596,47,1,0
13596,3,1,5
13597,38,1,10
13597,1,1,0
13597,5,1,10
13598,23,1,0
13598,27,1,20
13598,13,1,0
13599,55,2,10
13599,47,1,10
13599,7,2,0
13600,54,2,0
13600,15,1,0
13600,3,1,0
13601,1,3,10
13601,44,1,5
13601,39,1,5
13601,28,1,0
13602,6,2,20
13602,6,2,5
13602,3,1,0
13602,34,3,5
13603,7,1,5
13603,19,1,20
13603,5,3,0
13604,33,1,20
13604,3,1,0
13604,19,2,10
13605,29,3,20
13605,58,2,0
13606,5,-1,5
13606,55,1,10
13606,58,1,10
13607,55,1,20
13607,39,1,0
13607,8,1,10
13608,17,1,20
13608,1,1,10
13608,13,1,5
13609,3,2,10
13609,1,1,0
13609,31,1,0
13609,21,2,0
13610,11,1,0
13610,44,1,5
13611,1,3,20
13611,6,3,10
13611,24,3,10
13611,3,1,20
13612,43,2,0
13612,33,3,20
13612,38,1,0
13612,34,1,10
13613,39,1,0
13613,32,1,20
13613,8,1,0
13613,54,1,0
13614,9,1,5
13615,6,1,0
13615,7,1,5
13615,1,2,10
13615,1,1,0
13616,1,1,10
13616,11,1,0
13616,21,1,5
13617,27,1,0
13617,34,2,0
13617,4,2,20
13617,9,2,20
13618,1,2,10
13619,24,2,5
13619,32,1,20
13619,7,1,0
13619,44,1,20
13620,1,3,5
13621,3,1,20
13621,27,1,5
13621,40,1,0
13622,44,1,0
13622,2,1,10
13622,4,1,0
13622,44,1,5
13623,38,2,0
13624,2,1,5
13624,21,2,0
13624,8,2,20
13625,10,2,0
13625,43,3,10
13625,19,3,5
13625,52,1,10
13626,43,1,0
13626,7,3,20
13626,55,2,10
13627,4,1,10
13627,44,2,20
13627,21,1,0
13627,2,2,0
13628,9,1,10
13628,59,1,0
13629,8,2,0
13629,1,3,10
13629,13,2,0
13630,46,1,10
13630,10,2,5
13630,32,1,10
13630,6,2,20
13631,50,1,10
13631,56,1,10
13632,56,2,5
13632,6,3,10
13633,24,2,5
13633,11,1,10
13633,12,1,5
13634,36,3,0
13635,12,1,5
13635,31,2,0
13635,60,1,5
13635,3,1,20
13636,20,2,5
13636,46,1,10
13637,59,3,0
13638,58,1,10
13639,53,1,20
13639,39,3,20
13639,42,1,0
13639,36,2,10
13640,38,1,5
13640,13,1,5
13640,52,3,20
13640,20,2,0
13641,1,1,10
13641,12,1,10
13642,34,1,0
13642,31,1,0
13642,15,1,5
13642,10,1,5
13643,1,2,20
13643,52,2,0
13643,2,1,20
13644,5,3,0
13644,10,1,10
13644,24,1,5
13644,24,3,0
13645,15,1,5
13645,14,1,0
13645,12,1,20
13646,11,1,0
13646,27,1,20
13646,16,1,5
13647,2,1,5
13647,42,2,20
13647,13,1,5
13647,7,1,10
13648,23,2,5
13649,4,2,10
13650,1,1,0
13650,1,1,0
13651,34,1,20
13652,52,1,5
13652,19,2,5
13653,46,2,10
13653,47,3,20
13653,48,3,5
13653,15,2,5
13654,16,1,20
13655,8,1,5
13655,17,1,20
13655,2,2,20
13656,21,2,5
13656,13,3,10
13656,7,1,5
13656,26,2,20
13657,57,3,0
13657,59,2,20
13657,52,2,5
13657,1,1,10
13658,13,1,0
13658,48,1,0
13658,23,1,0
13658,1,1,20
13659,10,3,0
13659,25,2,5
13659,10,1,0
13660,25,1,10
13660,6,1,5
13660,59,1,0
13661,8,1,0
13661,5,1,0
13661,12,3,0
13662,23,1,10
13663,36,2,0
13663,32,2,5
13663,2,3,0
13663,19,1,10
13664,23,1,0
13664,59,1,0
13664,39,1,5
13664,17,1,0
13665,2,1,0
13665,26,1,0
13665,8,1,5
13666,1,1,20
13666,2,1,0
13666,14,1,0
13667,37,3,0
13667,46,2,5
13667,4,1,5
13668,14,1,20
13669,27,1,10
13670,10,1,10
13670,36,1,0
13670,1,1,0
13671,36,1,0
13672,35,3,5
13673,1,1,10
13673,5,1,10
13674,27,1,0
13674,16,2,20
13675,7,3,5
13675,5,1,0
13676,21,1,0
13677,7,1,20
13677,11,2,20
13677,1,2,5
13678,16,1,0
13678,7,1,0
13678,42,1,0
13678,16,1,10
13679,8,1,0
13680,10,1,0
13680,4,1,0
13680,5,1,0
13681,1,2,0
13682,29,3,5
13682,19,1,5
13683,4,2,0
13683,20,1,20
13683,26,1,20
13683,57,1,10
13684,5,1,10
13684,6,1,0
13684,17,1,5
13684,20,1,5
13685,6,1,0
13686,39,1,0
13686,34,1,0
13686,1,1,5
13686,53,1,5
13687,12,1,5
13687,31,1,0
13687,15,1,10
13688,14,2,10
13688,11,1,10
13688,1,3,0
13689,52,1,0
13689,27,1,0
13689,1,2,0
13689,46,1,5
13690,38,1,0
13691,5,1,10
13692,9,2,0
13692,2,3,0
13692,13,2,0
13692,19,2,10
13693,19,1,0
13693,31,1,10
13694,47,1,20
13694,3,3,10
13694,35,1,5
13694,58,1,0
13695,15,1,10
13696,10,1,0
13696,4,1,5
13697,4,3,5
13697,2,1,0
13697,52,2,0
13697,22,1,5
13698,2,1,0
13698,42,1,0
13698,39,1,0
13698,2,1,0
13699,18,2,10
13699,29,2,0
13699,51,1,5
13699,42,1,5
13700,22,1,5
13700,33,3,10
13701,15,1,20
13701,26,2,5
13701,12,1,0
13702,15,1,0
13703,45,2,10
13704,2,1,20
13704,22,1,5
13705,7,1,0
13705,29,-1,0
13705,5,1,5
13706,46,1,10
13706,17,2,0
13706,37,1,0
13706,2,2,0
13707,4,1,0
13708,5,2,0
13709,41,1,5
13709,11,1,10
13709,1,1,20
13709,41,2,0
13710,51,1,0
13710,40,1,0
13710,41,1,5
13710,36,1,0
13711,60,2,5
13712,2,3,0
13712,27,1,10
13712,36,2,0
13712,1,1,10
13713,33,1,10
13713,9,3,0
13713,49,1,0
13713,51,1,0
13714,3,2,5
13715,12,1,0
13715,1,1,0
13715,11,1,10
13716,2,3,0
13716,13,3,0
13717,3,1,0
13717,20,1,10
13718,24,1,5
13718,12,2,0
13718,39,3,0
13718,8,1,0
13719,7,1,0
13719,5,1,20
13720,47,1,5
13720,29,1,10
13720,23,2,20
13720,44,2,0
13721,3,1,10
13722,3,1,20
13722,2,2,5
13722,19,3,5
13722,28,3,10
13723,41,3,10
13723,11,2,10
13723,51,1,5
13724,35,1,10
13725,9,1,10
13726,45,1,0
13726,4,2,0
13727,17,1,0
13727,19,1,10
13727,6,2,20
13727,45,3,0
13728,2,3,10
13728,41,1,0
13729,11,1,20
13729,3,1,0
13730,13,1,0
13730,4,1,0
13731,38,2,10
13732,2,1,10
13732,31,1,10
13733,7,3,0
13733,56,2,0
13733,21,1,0
13733,41,1,10
13734,25,1,5
13734,7,1,20
13734,50,1,10
13735,5,1,10
13736,8,1,5
13736,5,1,10
13736,1,1,20
13737,39,2,10
13737,3,2,0
13737,18,1,0
13738,19,2,10
13739,33,1,10
13739,47,1,10
13739,46,3,5
13740,31,1,0
13741,20,1,20
13741,58,1,10
13741,31,1,0
13742,44,1,0
13742,52,1,0
13742,5,2,0
13743,9,1,5
13744,18,1,10
13744,11,2,5
13744,44,2,10
13744,5,1,10
13745,39,3,5
13746,19,1,0
13746,30,1,0
13747,3,2,20
13747,53,1,0
13748,12,2,10
13748,31,2,0
13748,49,1,10
13748,10,1,0
13749,35,1,5
13749,2,1,0
13750,7,1,0
13751,15,1,0
13751,4,1,0
13751,4,1,20
13751,32,1,10
13752,40,2,0
13753,43,1,20
13753,3,1,0
13753,25,2,0
13754,30,2,5
13754,27,1,5
13754,8,1,0
13754,50,1,10
13755,27,1,0
13756,1,1,20
13756,6,1,0
13756,23,1,10
13756,13,1,20
13757,28,3,0
13758,7,2,0
13758,18,3,5
13759,29,1,5
13759,32,1,0
13760,3,2,10
13760,17,2,0
13760,55,1,0
13760,6,2,10
13761,29,1,20
13761,1,1,5
13762,25,1,0
13762,5,2,10
13762,25,2,0
13762,16,1,0
13763,29,2,10
13764,11,1,0
13764,38,1,10
13765,3,1,20
13765,1,1,0
13766,9,3,10
13767,52,3,0
13767,58,1,0
13767,13,1,0
13767,1,2,0
13768,13,2,5
13768,26,1,5
13769,54,1,0
13769,46,1,10
13769,3,1,5
13770,41,1,10
13770,4,2,0
13770,50,1,5
13771,6,1,20
13771,25,1,0
13772,40,1,0
13773,15,1,20
13773,3,1,5
13773,8,1,0
13774,10,1,10
13775,4,2,0
13775,48,3,0
13775,13,3,0
13775,24,1,10
13776,47,1,5
13776,60,3,0
13777,13,3,0
13778,56,1,0
13778,5,3,0
13779,5,1,10
13779,14,1,0
13780,2,2,10
13780,25,1,0
13781,25,3,0
13781,1,2,20
13781,1,1,0
13782,8,1,10
13782,2,2,5
13782,3,1,0
13782,55,1,10
13783,33,2,5
13784,47,1,0
13784,49,1,5
13784,5,2,20
13785,11,1,20
13785,15,1,0
13785,6,3,0
13785,13,1,0
13786,5,1,0
13786,19,1,10
13786,59,2,10
13787,43,1,0
13787,43,3,10
13788,42,1,20
13788,50,1,5
13788,43,1,5
13788,56,1,0
13789,5,2,0
13789,28,1,0
13790,50,2,5
13790,48,1,5
13790,9,1,10
13791,1,2,20
13791,49,2,5
13791,30,1,0
13792,33,1,0
13792,9,1,0
13793,1,2,10
13793,23,1,10
13793,23,2,20
13793,2,1,10
13794,47,1,20
13795,5,1,20
13795,17,1,0
13795,41,1,5
13796,41,1,5
13796,50,2,0
13796,36,1,5
13796,30,1,0
13797,7,1,0
13798,9,1,0
13798,36,1,0
13798,37,1,0
13799,12,2,20
13800,38,3,0
13800,55,1,5
13800,32,2,5
13801,35,1,10
13801,54,1,20
13801,47,3,0
13801,3,1,5
13802,23,2,5
13802,30,1,0
13803,38,1,20
13804,2,2,0
13805,23,2,20
13805,33,2,0
13805,5,1,0
13805,24,1,20
13806,5,1,5
13806,7,1,10
13806,7,1,10
13807,12,3,0
13807,20,1,5
13807,3,3,10
13807,7,2,0
13808,3,2,20
13808,29,3,5
13809,16,1,5
13809,49,1,0
13810,4,1,10
13810,31,1,10
13810,1,1,5
13811,58,1,5
13811,2,1,10
13811,20,1,20
13811,4,1,5
13812,23,1,0
13813,10,2,5
13813,13,1,0
13814,6,1,10
13814,6,2,0
13814,1,1,0
13814,6,3,0
13815,54,1,20
13816,18,1,10
13816,19,1,20
13816,6,3,20
13816,1,1,0
13817,3,3,5
13817,22,1,0
13817,1,2,10
13818,9,1,10
13818,43,1,10
13818,3,2,0
13818,26,1,5
13819,1,1,20
13819,52,1,10
13819,16,3,0
13820,13,1,20
13820,8,2,20
13820,21,1,0
13820,12,1,0
13821,13,1,0
13821,2,1,10
13821,6,2,5
13822,39,2,5
13823,16,2,5
13823,37,3,10
13823,56,1,10
13823,4,3,0
13824,53,1,5
13825,26,1,0
13825,30,3,0
13825,51,2,5
13826,3,1,0
13826,18,1,0
13826,1,1,0
13827,28,1,10
13827,15,1,0
13827,18,1,20
13827,28,3,0
13828,31,2,0
13828,5,2,5
13828,21,1,0
13829,45,2,10
13830,44,1,0
13830,16,1,0
13830,10,1,10
13831,3,1,0
13831,56,1,0
13831,15,3,5
13832,37,2,10
13832,1,3,0
13833,1,2,10
13833,15,1,0
13833,43,1,10
13833,19,1,5
13834,19,3,20
13834,14,2,20
13834,2,3,5
13835,8,2,5
13836,31,3,10
13836,14,1,10
13836,7,1,5
13837,15,1,20
13837,40,3,0
13837,7,1,0
13838,13,1,20
13838,6,2,0
13838,16,2,20
13838,60,1,0
13839,13,1,10
13839,6,2,5
13840,37,2,0
13840,55,1,10
13840,34,1,5
13840,46,1,5
13841,11,2,5
13841,50,1,10
13841,34,1,20
13841,32,1,5
13842,5,2,0
13843,31,1,5
13843,1,1,10
13843,59,3,10
13843,16,1,10
13844,10,3,0
13844,52,2,20
13844,48,1,10
13845,32,1,10
13845,55,1,0
13845,3,3,10
13845,2,1,10
13846,35,1,5
13846,8,1,0
13846,10,2,20
13847,45,1,0
13847,14,1,20
13848,11,1,20
13848,11,1,0
13848,43,1,0
13849,55,1,5
13849,53,1,0
13850,31,1,5
13851,18,1,10
13851,10,3,5
13851,14,2,0
13851,12,2,20
13852,32,2,0
13853,60,1,0
13853,50,1,20
13854,26,1,0
13854,48,2,5
13855,47,1,10
13856,53,1,5
13856,7,3,0
13857,15,1,0
13858,30,1,0
13858,37,1,10
13859,9,2,10
13859,3,1,5
13859,29,1,10
13860,7,1,0
13860,10,1,5
13861,23,1,0
13861,59,2,5
13862,12,1,0
13863,9,1,0
13863,28,1,5
13864,14,2,5
13864,20,1,0
13864,4,2,0
13865,55,1,20
13865,3,1,0
13865,21,1,0
13865,3,2,5
13866,35,1,0
13867,51,1,10
13867,11,3,5
13867,19,1,20
13868,3,1,10
13868,53,1,10
13868,52,3,0
13868,13,1,10
13869,55,3,10
13869,46,2,10
13870,20,1,20
13870,8,1,5
13870,4,2,0
13871,41,2,0
13871,17,1,0
13871,2,1,5
13872,40,1,0
13872,11,3,10
13873,46,3,0
13873,10,1,5
13873,3,1,10
13873,39,1,0
13874,2,1,0
13874,13,1,5
13875,27,1,10
13875,46,1,0
13875,6,3,5
13876,2,2,0
13877,46,1,20
13877,42,2,0
13878,10,1,10
13878,1,1,0
13879,7,1,0
13879,59,1,10
13879,6,1,0
13879,35,1,0
13880,3,1,10
13880,8,1,5
13880,28,3,10
13880,53,2,10
13881,7,3,0
13882,6,3,0
13882,23,2,0
13883,37,1,10
13883,32,2,10
13883,3,2,10
13883,29,1,0
13884,6,1,0
13884,8,2,20
13884,41,3,20
13885,5,1,0
13885,2,2,0
13885,19,1,0
13886,15,2,20
13886,1,2,5
13886,1,2,0
13886,42,1,10
13887,4,1,20
13888,7,1,0
13888,58,1,0
13888,30,1,20
13889,7,1,0
13889,53,2,5
13889,35,1,5
13890,47,2,5
13891,15,1,0
13891,6,1,0
13891,33,1,20
13891,17,2,5
13892,8,2,0
13892,28,1,20
13893,8,3,5
13893,5,1,0
13894,20,1,5
13895,16,1,20
13895,39,1,0
13895,19,1,20
13896,16,1,10
13896,33,1,10
13897,52,2,20
13897,10,1,5
13897,1,3,0
13898,23,2,0
13898,35,1,10
13898,4,1,0
13899,15,1,20
13899,2,3,5
13899,2,1,5
13899,14,2,20
13900,35,1,10
13901,5,1,0
13902,15,1,10
13902,33,1,5
13903,48,2,5
13903,38,2,5
13904,6,1,5
13904,40,1,5
13904,6,1,20
13905,19,3,20
13906,32,1,5
13906,19,1,10
13907,3,3,0
13907,41,3,0
13908,34,2,0
13908,9,1,5
13908,3,1,5
13909,14,1,10
13910,1,1,0
13910,8,1,5
13910,2,1,0
13910,30,1,0
13911,21,1,10
13911,1,1,0
13912,15,3,0
13912,28,2,5
13913,48,1,5
13913,49,1,5
13914,39,1,0
13914,3,1,0
13914,27,1,5
13914,31,3,0
13915,14,1,0
13915,4,3,10
13916,22,2,0
13916,4,3,5
13917,14,2,0
13917,10,1,10
13917,7,1,0
13918,4,2,20
13918,21,1,5
13918,9,1,0
13918,4,2,0
13919,21,1,0
13920,31,1,10
13920,3,1,10
13920,33,2,0
13920,10,1,10
13921,20,2,0
13921,6,1,10
13921,1,1,10
13922,5,1,20
13922,12,1,10
13922,3,1,0
13923,34,1,0
13923,53,1,20
13924,12,1,0
13924,19,2,0
13924,30,1,10
13925,38,1,5
13925,14,1,10
13925,2,1,5
13925,59,1,10
13926,2,1,0
13926,13,1,0
13927,2,2,5
13927,37,2,20
13928,26,1,20
13928,29,1,20
13929,46,1,20
13929,5,1,0
13929,10,1,0
13930,18,1,0
13930,9,1,5
13930,1,1,0
13930,9,1,0
13931,32,1,10
13931,28,1,10
13931,22,1,20
13932,38,1,0
13932,41,1,0
13933,1,1,20
13933,37,1,20
13933,6,3,0
13933,29,3,20
13934,2,2,0
13934,41,1,5
13934,60,1,10
13934,6,1,20
13935,37,2,5
13935,18,3,5
13936,8,2,0
13937,8,2,10
13938,22,1,0
13938,11,2,0
13938,55,1,10
13938,1,3,5
13939,33,2,0
13939,4,2,0
13939,7,1,20
13940,15,3,20
13940,21,1,10
13940,59,1,0
13940,26,1,5
13941,12,1,5
13941,8,2,20
13941,11,1,0
13941,13,1,5
13942,2,1,10
13942,7,1,0
13942,2,1,0
13943,30,1,0
13943,14,1,0
13944,5,1,10
13944,17,1,20
13944,20,1,0
13944,18,2,10
13945,1,1,5
13945,42,1,5
13945,26,1,0
13946,3,3,0
13947,34,3,5
13948,6,1,0
13948,42,3,0
13949,1,1,20
13950,8,1,0
13951,14,1,0
13952,11,1,0
13953,13,2,0
13954,7,2,0
13954,53,2,0
13954,1,1,5
13954,7,1,5
13955,45,1,5
13956,9,1,0
13956,51,1,0
13957,2,1,5
13957,4,2,20
13957,4,1,0
13958,38,3,0
13958,10,1,10
13959,55,3,0
13960,20,1,0
13960,58,3,5
13961,1,2,10
13961,6,1,10
13961,33,1,10
13962,51,1,0
13962,19,3,10
13962,16,1,0
13963,11,1,10
13963,21,1,20
13963,8,1,10
13963,5,1,20
13964,1,3,0
13964,2,1,0
13964,22,1,5
13965,1,1,0
13966,11,3,0
13966,1,2,10
13966,4,2,10
13966,2,1,5
13967,1,1,20
13968,58,1,5
13968,56,2,10
13968,1,1,0
13969,36,1,10
13969,18,1,5
13969,9,1,0
13970,4,1,20
13970,22,1,10
13970,27,2,5
13970,50,3,0
13971,26,1,20
13971,25,1,0
13971,30,1,5
13971,24,1,0
13972,45,2,10
13972,43,1,0
13972,22,1,5
13972,55,2,20
13973,8,1,0
13973,26,1,0
13973,39,2,5
13974,32,1,10
13975,46,1,0
13975,25,2,10
13975,10,1,0
13975,40,1,20
13976,34,1,10
13977,8,1,10
13977,52,1,10
13977,28,1,0
13978,1,2,5
13979,1,1,10
13979,52,1,5
13979,60,1,10
13980,2,2,20
13980,13,1,10
13980,3,2,5
13980,25,1,0
13981,9,2,0
13981,15,2,10
13981,2,2,10
13981,1,1,5
13982,5,1,0
13982,1,1,10
13983,38,1,0
13983,49,1,10
13983,3,1,0
13983,46,2,0
13984,14,1,0
13984,50,2,5
13984,46,1,20
13984,7,3,0
13985,9,3,0
13985,7,2,5
13985,44,1,10
13985,2,1,0
13986,51,2,0
13986,13,2,0
13986,24,1,5
13987,17,1,0
13987,46,2,10
13987,2,1,5
13988,19,1,0
13988,34,2,0
13988,25,1,0
13988,23,2,20
13989,7,1,5
13990,11,1,0
13990,53,2,10
13991,7,1,10
13991,10,2,0
13991,2,2,10
13991,39,2,0
13992,1,1,0
13992,17,1,5
13992,34,2,0
13992,3,1,20
13993,20,1,5
13994,15,1,0
13994,25,3,0
13994,14,2,20
13994,47,2,20
13995,7,1,10
13996,29,1,0
13996,2,3,20
13996,49,1,10
13996,45,1,0
13997,23,1,0
13997,10,3,5
13998,52,1,0
13999,29,3,0
13999,35,1,10
13999,40,2,5
13999,13,1,10
14000,15,3,0
14001,1,1,0
14001,35,2,0
14001,23,3,5
14001,52,1,10
14002,46,1,10
14002,4,1,0
14002,49,2,20
14003,17,1,0
14004,14,3,5
14004,3,1,20
14005,1,1,0
14006,1,1,5
14006,16,1,0
14006,28,1,5
14007,60,1,0
14007,16,1,0
14008,8,2,5
14008,43,1,10
14009,6,1,20
14009,1,2,0
14010,20,2,5
14010,19,1,0
14010,53,1,10
14011,2,1,20
14011,33,1,10
14011,30,1,10
14011,3,1,10
14012,15,2,5
14012,42,3,10
14012,46,1,0
14012,1,2,0
14013,5,1,0
14014,8,3,5
14014,5,1,10
14014,21,1,0
14015,46,1,10
14015,2,2,5
14015,16,1,0
14016,27,1,0
14016,1,1,20
14016,5,1,0
14017,42,1,5
14017,20,1,0
14018,1,1,10
14018,4,2,5
14018,1,1,0
14018,2,1,20
14019,23,2,0
14019,19,2,20
14019,1,1,10
14019,20,1,20
14020,21,1,0
14020,16,1,10
14020,36,1,0
14020,20,1,10
14021,39,1,5
14021,39,1,5
14021,49,2,0
14021,35,1,5
14022,55,1,20
14023,43,1,0
14024,28,1,5
14024,1,1,5
14025,32,1,0
14025,39,2,0
14025,12,1,5
14025,56,1,0
14026,28,1,0
14027,46,1,5
14028,59,1,20
14028,17,1,5
14028,42,1,0
14028,41,1,5
14029,32,1,0
14030,1,1,5
14030,20,1,20
14031,36,3,0
14032,11,1,0
14033,17,2,0
14033,24,1,20
14033,20,1,20
14034,8,1,0
14034,39,2,20
14034,27,1,10
14035,32,1,0
14035,6,1,10
14035,38,1,0
14035,1,1,0
14036,10,1,10
14036,35,1,0
14037,20,2,0
14037,19,2,5
14037,1,1,0
14037,47,1,0
14038,22,1,0
14039,5,1,10
14040,24,3,20
14040,44,1,10
14040,16,1,0
14041,1,2,5
14041,32,1,20
14042,19,2,10
14043,41,1,5
14043,43,1,0
14044,15,1,0
14045,1,1,10
14045,6,1,10
14045,42,1,5
14045,3,1,0
14046,37,1,20
14046,17,2,5
14047,17,1,0
14047,30,2,5
14048,11,2,0
14048,3,1,10
14049,41,1,10
14049,1,2,0
14049,11,1,5
14050,31,1,0
14050,12,3,10
14050,10,1,5
14050,56,1,20
14051,3,3,20
14051,5,1,5
14051,10,1,20
14052,24,3,0
14053,47,3,5
14053,54,2,5
14053,60,1,0
14054,57,1,5
14055,10,2,10
14055,1,1,0
14055,2,1,5
14055,60,1,10
14056,50,1,20
14056,14,1,20
14056,50,3,10
14057,9,3,5
14057,31,1,0
14058,40,1,0
14058,14,1,5
14058,27,1,5
14059,53,1,0
14059,48,2,0
14059,44,1,0
14059,55,1,10
14060,50,1,0
14061,4,1,10
14062,5,-1,20
14062,1,1,10
14062,1,1,0
14063,3,2,0
14063,15,1,0
14064,22,3,5
14064,11,3,5
14064,16,1,0
14064,7,1,10
14065,5,3,10
14065,32,1,20
14065,7,1,10
14065,1,1,20
14066,6,2,0
14067,42,1,10
14067,16,2,20
14068,23,2,10
14068,55,1,5
14068,1,1,5
14069,49,3,20
14069,29,1,0
14070,45,1,5
14070,51,1,0
14070,1,-1,10
14070,3,3,0
14071,3,2,0
14071,34,1,10
14072,39,1,10
14072,7,1,10
14072,24,1,10
14072,32,1,20
14073,10,1,10
14074,3,1,0
14074,54,3,20
14075,15,3,0
14076,1,1,5
14076,4,2,0
14076,25,3,10
14077,15,1,0
14078,39,1,0
14079,18,1,0
14079,42,2,10
14079,14,1,10
14079,37,1,5
14080,32,1,20
14080,11,2,5
14080,23,1,0
14080,42,1,20
14081,1,1,5
14081,3,1,5
14082,2,2,10
14082,59,1,0
14082,14,2,0
14083,14,1,10
14084,12,1,5
14084,12,1,20
14084,50,1,5
14085,15,1,0
14085,2,1,0
14086,19,1,0
14086,43,2,20
14087,25,1,5
14087,11,1,0
14087,3,1,0
14088,8,1,0
14088,17,2,20
14088,56,1,5
14088,3,1,5
14089,49,2,20
14089,22,3,0
14089,14,1,0
14089,27,1,0
14090,1,3,5
14091,13,2,10
14091,34,1,0
14091,8,1,5
14091,10,1,10
14092,45,1,5
14092,58,2,0
14092,26,1,10
14093,44,1,10
14093,22,3,0
14094,34,1,10
14094,21,1,5
14094,24,1,0
14095,33,1,20
14095,5,1,0
14096,55,1,5
14097,49,2,20
14098,44,2,20
14098,12,1,0
14099,60,1,0
14099,33,1,0
14099,2,1,0
14099,8,1,5
14100,12,1,0
14100,37,2,0
14100,34,2,5
14100,57,1,0
14101,19,2,5
14102,56,1,10
14102,3,1,10
14102,53,2,5
14102,1,1,0
14103,5,1,0
14103,43,1,20
14104,2,2,20
14104,9,3,10
14104,2,1,10
14104,60,1,20
14105,23,1,0
14105,42,1,0
14105,49,1,20
14105,41,3,20
14106,30,3,10
14106,20,1,0
14106,14,2,0
14106,55,1,5
14107,51,2,10
14107,8,1,0
14108,17,2,0
14108,13,1,10
14108,15,2,0
14108,56,1,5
14109,50,1,20
14109,22,1,5
14110,15,2,0
14110,2,3,0
14110,9,1,20
14111,57,1,0
14111,11,1,0
14112,6,1,5
14113,53,3,20
14113,10,3,0
14114,46,1,5
14115,13,1,10
14115,17,1,20
14115,29,1,10
14115,16,1,0
14116,11,1,0
14116,24,1,0
14116,15,3,10
14117,4,1,0
14117,54,1,10
14117,4,1,10
14117,12,1,10
14118,6,2,0
14119,26,2,0
14119,51,1,0
14119,4,1,10
14119,1,1,5
14120,2,1,0
14121,19,1,5
14121,9,2,10
14121,50,2,0
14122,34,1,5
14122,26,1,0
14122,44,1,5
14123,18,1,0
14123,3,2,0
14123,9,3,20
14124,6,1,20
14124,13,1,5
14124,33,1,0
14125,17,1,0
14125,49,1,0
14125,16,1,0
14126,20,1,0
14126,42,2,0
14126,19,1,0
14127,31,2,20
14127,1,1,0
14127,29,1,5
14128,23,1,20
14128,4,1,5
14128,49,3,0
14129,1,1,0
14129,47,1,10
14130,31,1,0
14130,9,1,10
14130,1,1,5
14130,48,1,5
14131,12,1,0
14131,2,1,0
14131,12,1,20
14132,24,1,0
14132,14,1,0
14133,5,1,10
14133,8,1,10
14134,47,2,0
14134,5,1,10
14135,3,1,0
14135,39,1,10
14135,3,1,20
14135,57,1,0
14136,45,1,5
14136,1,1,0
14136,44,1,5
14137,11,1,10
14137,48,2,10
14138,31,2,20
14138,39,3,20
14139,19,1,10
14139,45,2,5
14139,5,3,5
14139,44,1,10
14140,1,3,10
14141,11,1,20
14141,39,1,20
14141,53,1,0
14141,1,2,0
14142,11,1,5
14143,9,1,0
14143,13,1,10
14143,10,1,10
14144,40,2,0
14144,29,2,5
14144,11,2,5
14145,2,1,5
14145,11,1,0
14146,9,1,10
14146,15,1,0
14146,4,1,20
14147,48,1,10
14148,2,1,5
14148,30,1,0
14148,7,2,0
14149,1,3,5
14150,60,1,0
14151,38,1,10
14151,8,3,10
14151,21,1,20
14152,18,1,0
14152,4,1,5
14152,3,2,5
14153,20,3,10
14153,6,1,0
14153,5,3,0
14153,2,2,0
14154,10,2,0
14154,20,2,0
14155,1,1,10
14155,38,1,0
14155,1,1,20
14155,58,1,10
14156,60,1,20
14157,24,2,0
14158,11,2,5
14158,9,1,10
14159,1,2,0
14159,46,2,5
14159,11,1,0
14159,8,1,0
14160,53,1,10
14160,3,1,0
14160,32,2,0
14161,7,3,10
14161,1,1,0
14161,25,2,5
14162,60,1,5
14162,50,1,0
14162,59,1,20
14163,8,1,10
14163,55,2,5
14163,2,1,20
14163,16,1,0
14164,1,1,0
14164,44,1,0
14165,2,1,5
14165,2,3,20
14165,11,1,0
14166,2,1,0
14166,2,2,10
14166,37,1,0
14166,1,1,5
14167,53,1,10
14168,10,1,10
14168,8,1,0
14168,19,1,0
14168,24,1,5
14169,4,1,0
14169,3,2,10
14169,5,1,5
14170,36,1,0
14171,53,1,20
14171,5,1,5
14172,2,3,5
14172,55,3,20
14172,40,2,10
14172,39,1,10
14173,26,1,10
14173,32,1,0
14174,9,1,5
14174,7,1,10
14174,20,2,5
14175,51,2,20
14175,3,3,0
14175,16,1,10
14175,18,1,10
14176,10,2,0
14177,26,2,10
14177,26,1,5
14178,4,1,0
14178,47,2,0
14179,1,1,10
14179,2,1,5
14179,8,1,5
14179,5,2,10
14180,3,1,0
14181,21,3,10
14181,18,2,20
14182,44,1,0
14182,22,2,5
14182,45,1,0
14182,57,1,5
14183,4,1,5
14184,12,1,5
14184,1,-1,5
14184,38,1,5
14185,56,1,0
14185,7,1,5
14185,44,1,0
14185,56,1,0
14186,16,3,0
14186,6,1,0
14186,32,1,20
14186,15,1,0
14187,49,1,10
14187,11,2,10
14187,17,1,0
14188,13,1,10
14188,41,1,10
14188,43,2,10
14189,18,2,5
14189,17,1,0
14190,54,1,10
14190,1,1,0
14190,11,2,5
14190,28,1,20
14191,32,1,0
14191,32,2,5
14192,57,1,0
14193,16,1,0
14193,18,1,0
14193,23,1,10
14193,2,2,5
14194,8,3,20
14194,53,1,20
14194,5,1,0
14195,17,1,20
14196,12,1,10
14197,42,3,5
14197,2,1,0
14198,5,1,10
14198,59,1,0
14198,16,3,0
14198,24,1,0
14199,3,1,10
14199,2,1,10
14200,30,1,5
14201,8,1,0
14201,13,2,10
14201,7,3,10
14201,2,1,20
14202,16,1,10
14202,42,1,0
14202,52,1,10
14203,14,1,10
14203,6,1,0
14203,55,1,0
14204,22,1,0
14204,31,1,20
14204,46,2,5
14205,24,1,0
14205,60,1,0
14206,3,1,10
14207,56,1,0
14207,2,1,5
14207,43,1,10
14207,3,3,10
14208,36,1,0
14208,51,1,20
14208,8,1,10
14209,32,1,10
14209,16,1,0
14209,50,2,5
14210,22,1,0
14210,16,1,0
14211,23,2,20
14211,4,1,5
14211,17,2,20
14211,1,2,20
14212,44,1,5
14213,13,2,0
14213,10,1,0
14213,5,1,5
14214,43,1,0
14214,47,1,0
14214,5,2,20
14215,48,1,0
14215,18,1,5
14215,16,1,0
14215,1,1,0
14216,59,1,10
14216,51,1,5
14217,49,2,5
14217,39,1,0
14217,22,1,5
14217,9,3,0
14218,25,3,0
14219,1,1,0
14220,32,3,0
14221,23,1,0
14221,3,2,0
14221,2,1,5
14221,27,1,0
14222,1,1,10
14222,14,1,5
14222,11,2,0
14223,19,1,10
14223,18,1,10
14224,41,1,0
14224,33,2,0
14225,12,1,10
14225,8,2,5
14225,5,1,10
14226,19,1,0
14226,2,1,0
14226,6,1,10
14226,28,1,20
14227,5,1,0
14227,12,2,20
14227,16,1,20
14227,50,2,5
14228,13,1,20
14228,59,1,10
14228,2,1,10
14228,60,2,0
14229,11,3,20
14229,47,2,10
14229,46,1,20
14229,10,1,0
14230,16,1,5
14231,11,1,5
14232,57,1,0
14233,17,1,5
14233,53,1,20
14233,13,3,5
14234,12,2,20
14234,7,1,5
14234,26,1,10
14235,6,2,0
14235,53,2,0
14236,32,1,10
14237,12,1,0
14237,59,2,5
14237,52,1,5
14238,7,2,0
14238,48,1,20
14239,4,1,0
14240,32,1,5
14241,11,1,10
14241,43,3,5
14242,5,1,0
14242,7,3,20
14243,51,1,0
14243,35,1,0
14244,26,3,0
14245,18,2,0
14246,38,1,0
14246,26,2,5
14246,35,2,10
14246,8,1,5
14247,47,1,20
14248,24,1,0
14249,19,2,5
14250,8,3,0
14251,4,1,20
14251,51,1,0
14251,56,1,10
14251,38,1,0
14252,8,1,10
14253,13,1,5
14254,1,1,0
14254,3,1,10
14255,1,2,0
14256,33,1,20
14257,26,1,10
14257,19,1,20
14257,1,1,5
14258,52,2,0
14258,59,3,10
14259,9,1,0
14259,38,1,0
14259,14,3,0
14260,1,1,10
14260,2,2,10
14261,2,3,5
14261,60,1,10
14262,1,2,0
14262,4,1,20
14262,49,1,5
14262,23,2,5
14263,8,1,10
14263,3,2,5
14264,29,1,0
14264,2,1,20
14264,24,1,20
14265,19,1,5
14266,2,1,0
14266,9,1,0
14266,10,1,0
14266,52,1,0
14267,43,1,10
14267,32,2,0
14267,17,2,10
14268,40,3,0
14268,32,2,0
14268,40,1,20
14268,10,1,0
14269,1,1,0
14269,5,1,10
14269,19,2,5
14269,49,1,10
14270,5,3,20
14270,24,1,5
14271,60,1,0
14271,28,1,5
14271,4,1,10
14272,43,1,20
14273,36,1,0
14274,17,1,20
14274,53,1,5
14274,2,3,0
14274,10,1,0
14275,1,1,0
14275,34,3,10
14275,1,1,0
14276,23,2,0
14276,58,1,20
14277,37,1,20
14277,47,1,10
14278,13,2,0
14278,4,1,0
14278,5,1,0
14278,7,1,0
14279,4,1,0
14280,5,1,5
14280,20,1,10
14280,19,3,5
14280,13,1,10
14281,25,2,0
14282,1,1,20
14282,3,1,0
14283,28,3,0
14283,12,1,0
14283,53,1,20
14284,1,1,0
14284,46,1,10
14284,8,1,0
14284,24,1,10
14285,13,1,10
14285,25,1,5
14286,1,1,5
14286,3,1,20
14287,20,2,0
14288,36,1,10
14288,15,3,0
14288,54,2,0
14289,20,1,5
14289,5,1,0
14289,29,1,20
14290,2,1,10
14290,43,2,0
14290,6,1,10
14290,49,1,10
14291,8,1,10
14292,25,1,0
14292,13,1,0
14292,4,1,10
14292,39,1,10
14293,52,1,20
14294,6,1,5
14295,16,1,20
14295,33,2,0
14295,4,2,10
14295,34,1,10
14296,18,1,10
14297,46,1,0
14298,3,1,10
14298,58,3,5
14298,36,3,5
14299,50,3,0
14299,20,1,0
14299,1,1,10
14299,4,1,0
14300,20,1,0
14300,12,1,0
14301,2,1,5
14301,23,1,0
14301,15,1,0
14302,46,1,10
14302,41,1,20
14302,33,2,10
14303,33,1,5
14303,52,1,10
14304,27,2,0
14304,8,3,10
14305,1,2,0
14305,12,1,10
14305,53,3,20
14306,28,1,20
14306,2,1,5
14306,51,1,10
14306,15,2,20
14307,1,1,20
14307,42,1,0
14307,57,1,0
14307,12,2,0
14308,34,1,10
14308,20,2,5
14308,35,1,0
14309,7,1,10
14310,13,2,20
14310,1,1,0
14311,12,1,0
14311,29,2,0
14311,5,1,10
14312,13,1,5
14312,44,1,0
14312,51,2,20
14312,6,1,5
14313,24,1,20
14313,5,1,10
14314,43,1,5
14315,17,2,5
14315,16,2,5
14315,42,3,20
14316,36,3,20
14316,22,1,10
14316,36,1,0
14317,55,1,10
14317,21,1,0
14318,15,3,20
14319,13,1,0
14319,8,1,0
14320,46,1,5
14321,3,3,20
14321,40,3,0
14321,4,1,0
14322,52,1,10
14322,26,1,10
14323,20,1,10
14323,6,3,0
14323,40,1,20
14323,39,1,5
14324,48,2,20
14324,23,1,10
14324,57,2,20
14324,10,1,20
14325,5,1,0
14326,49,1,20
14326,28,3,0
14327,21,1,0
14328,40,1,10
14329,28,1,10
14330,24,1,0
14330,48,2,0
14331,6,1,10
14331,12,2,0
14331,3,2,5
14332,27,3,20
14332,27,1,10
14333,5,1,0
14334,5,1,10
14334,9,2,20
14334,20,1,5
14335,7,1,10
14335,25,3,0
14335,2,1,10
14336,21,1,10
14336,49,1,0
14337,57,1,0
14338,54,2,0
14338,1,1,0
14339,56,1,5
14339,23,2,20
14340,44,2,5
14340,25,1,0
14340,33,1,10
14340,60,1,0
14341,36,2,0
14342,13,1,20
14342,3,1,0
14342,2,1,5
14343,42,1,5
14343,2,1,10
14343,56,1,10
14343,33,1,0
14344,6,1,10
14344,39,3,10
14344,23,1,10
14345,1,2,0
14345,58,2,5
14345,20,1,0
14345,6,1,5
14346,36,1,10
14347,2,1,10
14347,57,1,10
14347,4,1,5
14347,51,1,20
14348,9,1,20
14348,14,1,10
14349,8,1,0
14349,1,1,5
14349,52,1,5
14350,1,1,10
14350,38,2,10
14351,15,1,20
14352,28,1,10
14352,8,-1,0
14352,33,1,0
14353,9,2,20
14354,47,1,5
14355,12,1,10
14355,8,1,10
14356,21,2,5
14356,45,2,0
14356,6,2,10
14356,38,1,0
14357,13,1,5
14357,16,1,0
14357,1,1,20
14358,28,2,20
14359,12,1,20
14359,28,2,10
14359,46,2,0
14360,48,2,10
14360,53,2,0
14361,31,1,10
14361,48,1,20
14361,35,2,10
14361,36,2,10
14362,49,1,0
14363,1,1,20
14363,8,1,20
14363,47,2,10
14364,9,1,20
14364,39,1,0
14365,10,1,5
14366,8,1,10
14367,7,1,0
14367,55,3,0
14368,18,1,0
14368,4,1,0
14368,40,1,20
14368,35,1,10
14369,39,1,0
14369,1,1,0
14369,33,1,0
14370,59,2,5
14370,34,2,10
14371,11,1,5
14371,1,1,10
14371,57,1,20
14372,14,1,0
14372,56,1,0
14372,17,1,0
14373,39,2,5
14373,23,1,5
14373,53,1,10
14373,2,1,10
14374,3,1,10
14374,3,1,0
14374,18,1,10
14375,4,1,20
14376,11,1,0
14377,14,2,10
14377,1,1,10
14378,13,3,20
14378,2,1,10
14378,27,1,0
14378,12,1,20
14379,7,1,10
14379,2,1,0
14380,5,1,5
14380,26,1,0
14380,40,1,10
14380,39,1,5
14381,5,1,5
14381,13,1,10
14381,28,1,0
14381,43,1,5
14382,6,1,5
14383,57,1,0
14383,4,1,0
14384,1,2,10
14384,9,1,0
14384,13,2,20
14384,42,1,20
14385,42,1,5
14386,2,1,10
14386,2,2,10
14386,39,1,20
14386,57,1,20
14387,22,2,0
14387,6,1,5
14387,15,1,5
14387,25,1,10
14388,5,1,5
14388,36,1,0
14388,1,3,5
14389,5,1,0
14389,1,1,10
14389,41,3,20
14389,1,1,20
14390,4,1,10
14391,19,1,0
14391,47,3,5
14392,11,1,5
14393,38,3,0
14393,18,2,0
14394,56,3,5
14394,35,1,20
14394,39,2,5
14395,16,1,20
14395,25,2,5
14395,38,1,0
14396,2,1,0
14396,14,1,0
14396,8,3,0
14397,31,1,0
14398,46,1,10
14398,27,1,0
14398,1,1,0
14398,16,1,0
14399,30,1,0
14399,15,1,5
14399,47,1,0
14399,37,3,5
14400,1,1,5
14400,7,2,0
14400,9,1,0
14401,27,1,0
14401,16,1,10
14401,18,1,5
14402,33,2,10
14402,31,1,5
14403,39,1,0
14403,51,1,5
14403,53,1,0
14403,1,2,5
14404,31,1,5
14404,18,1,5
14404,31,1,10
14405,39,1,0
14405,41,3,0
14405,29,1,10
14406,16,1,10
14406,10,3,0
14406,11,1,5
14407,16,2,5
14407,32,1,5
14407,1,1,10
14407,10,2,20
14408,24,1,5
14408,28,3,10
14409,11,2,5
14410,52,1,20
14410,24,1,20
14410,16,3,5
14411,14,1,5
14412,5,1,0
14412,21,3,0
14412,51,1,20
14413,1,2,0
14413,60,1,20
14413,42,1,10
14413,14,1,0
14414,1,1,10
14415,12,1,20
14415,60,2,0
14416,32,2,10
14416,27,1,0
14417,53,2,20
14417,23,3,20
14417,3,1,10
14417,44,1,5
14418,12,1,20
14418,47,1,0
14419,40,3,10
14420,3,3,5
14420,31,2,5
14420,46,1,0
14420,11,1,0
14421,51,1,0
14421,22,1,5
14422,11,1,20
14422,54,2,5
14422,56,1,20
14423,27,1,10
14423,42,1,0
14423,9,3,0
14424,24,1,5
14425,17,1,20
14425,27,3,0
14425,33,3,10
14426,30,3,0
14427,9,1,0
14428,40,1,0
14428,10,1,5
14428,22,1,5
14428,7,1,20
14429,2,1,0
14429,13,1,5
14430,2,1,0
14430,45,3,10
14431,31,2,20
14431,44,1,10
14432,41,1,0
14432,5,1,0
14432,39,2,5
14433,3,2,5
14433,4,1,5
14434,2,1,20
14435,12,1,5
14435,36,1,0
14436,31,1,10
14436,30,1,5
14437,15,1,10
14437,47,1,0
14437,50,1,0
14437,18,2,10
14438,27,1,20
14438,2,2,10
14439,6,2,20
14439,47,1,10
14440,4,1,0
14440,1,1,10
14440,2,1,0
14440,14,1,0
14441,3,3,0
14441,49,1,5
14442,49,2,10
14442,3,1,5
14443,4,1,0
14444,54,1,0
14445,23,1,5
14445,8,2,0
14445,12,1,10
14446,27,1,5
14446,35,1,10
14446,50,1,5
14447,7,1,10
14448,6,3,0
14448,2,2,5
14449,2,3,0
14450,40,1,20
14450,18,2,20
14450,19,1,0
14450,4,1,0
14451,35,1,0
14451,13,1,10
14451,56,2,0
14451,45,1,10
14452,27,1,0
14453,54,2,20
14454,35,2,5
14454,13,1,0
14455,28,1,0
14455,6,3,10
14455,20,2,0
14456,7,1,5
14457,5,1,10
14457,50,1,0
14458,14,2,20
14459,16,1,0
14459,2,3,0
14459,24,1,0
14459,53,1,10
14460,13,3,20
14460,7,1,5
14461,3,2,5
14461,24,2,0
14461,44,1,0
14462,3,2,0
14463,42,2,20
14464,29,1,10
14464,5,1,0
14464,39,1,20
14465,25,1,0
14466,19,2,5
14466,5,1,5
14466,24,1,0
14466,33,2,10
14467,19,3,0
14468,1,1,10
14468,47,1,0
14468,4,2,0
14468,24,1,0
14469,33,1,5
14469,8,3,20
14469,11,1,10
14470,25,1,0
14470,35,1,5
14471,28,2,0
14471,49,3,0
14471,29,1,10
14471,59,1,10
14472,22,1,0
14472,9,2,20
14473,56,1,5
14474,59,1,0
14474,50,1,10
14474,29,1,0
14474,11,1,5
14475,11,1,0
14475,6,1,10
14476,28,3,5
14476,5,1,0
14476,48,1,0
14477,34,1,0
14477,17,1,20
14478,14,1,0
14478,13,2,0
14478,47,2,10
14478,2,3,5
14479,11,1,10
14479,29,1,0
14479,26,1,10
14479,1,1,5
14480,33,1,5
14480,5,1,5
14480,30,1,0
14481,23,1,0
14481,38,2,10
14482,4,2,20
14483,33,1,0
14483,1,3,10
14483,12,1,10
14484,13,1,0
14484,10,1,5
14485,56,3,10
14485,46,1,0
14485,2,2,0
14485,10,2,20
14486,21,1,5
14486,58,1,0
14486,16,1,20
14486,42,1,10
14487,21,1,0
14487,31,2,10
14487,32,1,20
14487,4,1,20
14488,25,1,5
14488,41,1,10
14488,14,3,0
14489,47,1,0
14490,7,1,0
14490,7,2,0
14491,23,1,20
14492,44,2,0
14493,31,1,0
14494,53,1,10
14494,4,1,0
14495,58,1,0
14495,27,1,0
14495,22,2,20
14496,6,1,20
14496,12,2,0
14497,6,1,0
14497,46,1,0
14497,54,1,5
14498,43,2,10
14498,23,1,0
14499,7,1,5
14499,5,1,0
14499,2,1,5
14499,11,1,0
14500,40,1,10
14500,46,2,0
14501,50,1,0
14501,24,1,0
14501,9,1,0
14502,44,1,0
14502,29,1,10
14502,13,1,20
14503,44,1,10
14503,29,1,5
14504,12,2,10
14504,30,1,10
14504,3,2,0
14504,43,1,0
14505,59,1,0
14505,38,1,5
14506,37,1,10
14506,11,1,5
14506,8,2,10
14507,54,2,20
14507,56,1,10
14507,20,2,5
14508,3,1,10
14508,4,1,0
14508,1,2,5
14508,5,3,0
14509,2,2,0
14510,22,1,10
14510,4,1,10
14510,18,1,0
14510,22,1,5
14511,47,1,5
14512,2,1,20
14513,55,3,0
14514,5,1,0
14515,33,1,20
14515,3,1,0
14515,36,1,0
14515,21,1,20
14516,27,2,5
14516,51,1,0
14516,56,2,5
14516,44,1,10
14517,25,3,0
14517,16,1,10
14517,52,2,5
14518,14,1,0
14519,6,1,20
14520,12,1,0
14521,29,1,0
14521,6,1,0
14521,2,1,10
14522,19,2,0
14523,21,1,5
14523,37,3,0
14523,39,1,0
14523,6,1,0
14524,10,1,0
14524,25,2,5
14524,8,1,10
14525,42,2,0
14525,21,1,0
14525,58,2,0
14526,11,1,10
14526,2,1,10
14526,30,1,0
14527,16,1,0
14527,16,1,5
14527,3,1,20
14528,52,1,5
14529,2,1,0
14529,25,2,0
14530,2,2,0
14530,5,1,10
14530,5,1,5
14531,35,1,0
14531,3,2,10
14532,19,3,0
14533,50,1,0
14533,9,1,0
14533,7,1,0
14534,40,2,5
14534,7,1,10
14534,20,1,0
14534,1,1,5
14535,23,1,0
14536,5,3,0
14537,1,1,0
14537,30,1,0
14537,7,3,0
14538,3,1,0
14539,24,1,5
14539,15,1,0
14539,17,2,10
14539,19,1,20
14540,46,1,10
14540,17,1,0
14540,16,2,20
14541,16,1,5
14542,11,2,5
14542,17,1,10
14542,2,1,10
14543,38,3,10
14543,1,1,0
14543,1,1,20
14543,12,3,0
14544,28,3,10
14544,3,1,10
14544,1,1,5
14545,10,1,10
14545,7,1,20
14545,48,1,0
14546,7,1,10
14547,3,2,0
14547,13,1,20
14548,23,3,0
14548,3,1,0
14549,36,2,0
14550,53,1,20
14550,44,1,0
14551,1,1,10
14551,1,2,10
14551,36,1,0
14551,7,1,5
14552,1,1,0
14552,20,1,5
14552,28,1,0
14552,4,1,5
14553,14,2,5
14553,37,1,0
14553,26,3,0
14553,18,1,10
14554,11,3,5
14554,29,1,10
14554,28,3,20
14554,5,1,0
14555,36,1,5
14555,10,1,0
14555,14,1,0
14555,36,1,0
14556,2,1,10
14556,47,1,0
14556,14,3,10
14556,33,3,0
14557,10,3,5
14557,4,1,0
14558,18,2,20
14558,38,1,0
14558,8,1,5
14559,45,2,0
14559,55,1,10
14560,15,3,5
14560,3,1,20
14560,26,1,5
14561,4,1,20
14561,40,1,0
14562,6,1,5
14563,37,2,10
14563,59,1,10
14564,34,1,10
14565,3,2,0
14565,2,3,20
14565,17,2,0
14565,52,1,20
14566,28,2,10
14566,16,1,20
14566,3,1,0
14567,9,1,5
14568,5,2,0
14568,12,1,0
14568,2,1,0
14569,1,1,0
14570,2,2,0
14570,3,3,10
14570,36,1,5
14571,8,1,20
14571,8,1,0
14571,21,1,0
14571,55,1,20
14572,30,2,5
14572,38,1,5
14572,37,1,0
14572,1,1,0
14573,24,1,5
14574,1,2,0
14574,25,2,0
14575,2,1,5
14575,6,1,5
14575,50,1,10
14576,23,1,5
14577,4,1,20
14578,45,1,5
14579,51,1,5
14580,9,1,0
14581,2,1,20
14581,3,1,0
14582,8,1,10
14582,5,1,0
14582,27,3,10
14583,36,1,0
14584,15,1,10
14584,10,1,20
14585,25,3,5
14586,3,2,0
14586,54,1,5
14587,24,3,5
14588,16,1,20
14588,7,1,10
14589,12,1,0
14590,12,2,0
14590,1,1,0
14590,18,1,10
14591,47,2,10
14591,50,3,10
14592,16,1,0
14592,3,3,20
14593,3,1,0
14593,33,1,5
14594,59,1,10
14594,4,1,0
14594,54,2,10
14594,40,1,5
14595,14,2,20
14595,23,2,0
14596,36,1,0
14596,58,2,10
14597,20,1,0
14597,22,1,0
14597,42,2,0
14597,37,1,20
14598,53,3,20
14598,12,1,0
14598,48,3,0
14598,58,1,5
14599,1,1,0
14600,6,1,0
14600,60,1,10
14601,18,1,10
14601,16,1,0
14601,10,1,10
14602,2,1,0
14602,48,2,10
14603,5,1,20
14603,25,1,20
14604,16,1,5
14604,45,2,10
14604,8,2,0
14604,1,2,5
14605,30,1,0
14606,1,1,0
14606,2,-1,20
14607,47,1,20
14608,4,2,10
14608,12,1,5
14609,50,1,20
14610,9,1,10
14610,17,1,0
14611,9,1,0
14612,38,3,10
14612,8,2,0
14612,38,1,10
14612,56,2,0
14613,42,1,20
14613,31,1,20
14614,6,1,10
14614,51,1,10
14614,49,1,5
14615,2,1,5
14615,39,1,0
14615,47,2,5
14616,28,1,5
14616,1,3,0
14617,55,1,0
14617,55,1,10
14617,1,3,20
14618,2,3,0
14618,53,1,10
14618,9,1,20
14619,13,2,10
14619,1,1,20
14620,16,2,0
14621,46,2,0
14621,4,2,20
14622,15,2,0
14622,28,1,0
14623,43,1,0
14623,1,2,5
14624,53,1,5
14624,5,1,0
14625,43,2,0
14626,37,1,5
14626,8,3,5
14626,26,1,10
14626,2,1,5
14627,1,1,0
14627,21,2,5
14627,31,1,5
14628,9,1,20
14628,48,1,5
14628,54,1,0
14629,45,1,5
14630,56,1,0
14630,27,1,20
14630,4,1,0
14630,12,1,0
14631,56,1,5
14631,21,1,10
14632,1,2,5
14633,60,1,10
14634,9,1,10
14634,33,1,0
14634,2,1,0
14635,6,3,10
14635,28,2,0
14635,52,1,0
14635,2,1,0
14636,10,1,10
14637,37,2,10
14637,1,1,20
14638,24,3,0
14638,9,2,0
14638,1,1,0
14638,26,1,0
14639,10,2,10
14639,30,1,0
14640,26,2,10
14640,14,1,5
14640,48,1,0
14641,5,1,10
14641,58,1,0
14641,3,1,0
14641,56,1,5
14642,46,3,5
14642,19,3,5
14642,49,1,5
14642,22,1,5
14643,8,3,10
14643,59,2,0
14643,3,1,10
14643,10,1,5
14644,37,1,10
14644,4,1,0
14644,22,1,10
14645,2,1,10
14645,1,2,0
14646,26,1,10
14646,2,1,0
14647,56,1,10
14647,8,1,0
14647,35,1,20
14648,1,2,5
14648,27,1,10
14648,5,1,10
14648,13,1,5
14649,23,1,0
14649,21,1,0
14649,5,1,0
14649,1,1,0
14650,48,1,20
14650,4,2,10
14651,49,1,20
14651,45,2,0
14651,1,1,0
14652,45,-1,0
14653,2,1,10
14653,27,1,20
14653,12,2,0
14654,20,3,0
14654,1,1,0
14655,20,1,0
14655,47,2,20
14655,35,1,5
14655,42,1,5
14656,47,3,0
14656,16,1,0
14656,20,1,20
14656,52,1,0
14657,52,1,0
14657,3,1,10
14657,58,3,0
14658,29,3,20
14659,15,1,5
14659,1,1,10
14659,54,1,0
14659,8,1,0
14660,44,1,20
14661,22,1,0
14661,26,1,10
14662,19,2,0
14663,4,1,20
14663,2,1,0
14663,4,2,0
14664,49,1,10
14664,30,1,0
14664,26,1,20
14665,2,1,0
14666,9,1,0
14666,13,1,0
14666,11,1,0
14666,18,1,0
14667,9,2,0
14667,56,3,0
14667,12,1,5
14667,34,2,0
14668,4,1,20
14669,13,3,10
14669,16,1,10
14669,37,1,5
14670,8,3,5
14670,25,1,10
14670,13,1,5
14670,43,2,0
14671,40,1,0
14671,20,1,0
14671,4,1,10
14671,60,2,10
14672,24,1,0
14673,7,1,10
14673,4,2,10
14674,29,3,0
14674,27,2,20
14675,35,1,10
14675,15,3,0
14676,28,1,20
14676,40,2,0
14676,2,1,20
14677,8,3,10
14677,6,2,0
14677,8,1,20
14677,37,1,0
14678,1,1,0
14678,26,1,5
14678,1,2,0
14678,13,1,0
14679,26,2,5
14680,18,2,20
14680,12,1,5
14680,17,1,0
14680,10,1,5
14681,10,2,20
14681,47,3,10
14681,20,2,10
14681,2,2,5
14682,1,1,0
14683,8,1,10
14684,41,3,5
14684,5,1,5
14684,23,1,20
14684,12,1,5
14685,1,2,5
14685,28,1,0
14686,45,1,0
14686,2,1,5
14686,10,1,20
14686,24,1,0
14687,16,2,0
14687,1,2,0
14687,34,2,0
14688,32,3,5
14688,50,1,10
14689,5,1,20
14689,57,2,10
14690,23,1,20
14690,3,1,0
14690,57,1,5
14691,25,1,10
14691,39,1,0
14691,53,1,5
14692,14,2,20
14692,60,1,20
14692,36,2,20
14693,59,1,0
14693,16,3,5
14693,41,1,10
14694,40,3,0
14694,41,3,0
14694,7,1,10
14694,10,1,10
14695,24,1,0
14695,38,1,0
14696,40,1,10
14696,21,1,10
14697,21,1,0
14697,4,1,20
14698,48,2,0
14698,33,1,0
14698,16,1,0
14698,46,1,20
14699,56,3,5
14699,7,1,0
14699,6,1,20
14699,37,1,10
14700,27,1,20
14700,8,1,0
14700,11,1,20
14700,8,2,10
14701,18,1,0
14701,1,2,0
14701,21,2,20
14702,41,1,5
14703,1,1,20
14703,51,2,10
14703,5,1,5
14703,1,1,20
14704,25,1,0
14704,16,1,0
14705,5,1,20
14705,3,1,20
14705,15,1,0
14705,32,1,5
14706,2,2,10
14706,9,1,0
14706,15,1,0
14706,32,2,10
14707,28,1,5
14707,6,2,10
14708,27,1,10
14708,48,1,5
14708,3,1,0
14708,49,1,5
14709,16,2,5
14709,5,2,20
14709,29,3,10
14709,9,1,0
14710,9,2,5
14711,10,1,5
14711,40,1,10
14711,42,3,5
14712,14,1,0
14712,54,1,0
14712,24,3,0
14712,40,3,10
14713,9,1,0
14713,20,2,5
14713,54,1,0
14714,33,1,5
14714,60,2,10
14714,8,3,10
14714,3,2,0
14715,25,1,0
14715,50,2,10
14715,32,3,0
14715,48,2,0
14716,21,1,10
14716,8,1,20
14716,25,2,0
14717,2,2,10
14717,33,2,10
14718,17,1,0
14718,4,3,0
14719,6,1,10
14719,5,1,5
14719,1,1,20
14719,1,2,20
14720,41,1,0
14720,19,1,10
14720,55,1,0
14720,27,1,0
14721,1,2,5
14721,19,2,5
14721,51,1,5
14722,28,1,0
14722,30,1,5
14723,30,2,20
14724,6,2,0
14725,19,1,0
14725,5,2,10
14726,34,1,5
14727,14,2,10
14727,1,1,5
14727,12,1,10
14727,2,1,0
14728,1,1,20
14728,26,2,5
14729,50,1,20
14729,18,1,0
14730,34,1,0
14730,28,1,10
14730,58,1,10
14731,1,1,10
14731,8,1,0
14731,34,1,5
14732,14,1,5
14733,55,1,10
14734,2,1,0
14735,3,2,20
14735,27,1,0
14736,7,3,10
14737,21,1,0
14737,16,1,10
14737,32,2,0
14738,12,1,0
14738,27,1,10
14738,9,1,20
14739,29,1,0
14739,53,1,0
14739,1,1,10
14740,16,1,0
14740,2,1,10
14741,4,1,0
14741,44,1,0
14742,5,1,10
14742,7,1,0
14742,11,3,0
14743,39,1,20
14743,39,1,0
14744,23,1,10
14744,13,3,10
14745,13,1,0
14745,54,1,10
14746,55,1,0
14747,49,1,20
14748,34,1,0
14749,35,1,20
14750,52,1,0
14751,6,1,0
14751,20,3,20
14751,57,1,20
14751,1,2,0
14752,6,2,10
14752,22,3,10
14753,19,1,10
14754,46,1,5
14755,45,1,10
14755,21,1,10
14755,2,2,0
14756,2,1,10
14756,4,1,0
14756,11,1,10
14756,1,1,5
14757,8,1,10
14758,44,2,0
14758,2,2,5
14759,58,1,0
14759,41,1,10
14759,5,3,0
14760,10,2,20
14760,58,1,5
14760,29,1,0
14760,37,1,20
14761,10,1,5
14761,54,1,10
14761,8,1,5
14761,35,3,0
14762,1,1,5
14763,42,1,20
14763,27,1,5
14763,1,1,20
14763,8,1,0
14764,15,2,20
14765,1,1,10
14765,5,1,5
14766,41,3,0
14766,48,1,0
14767,12,3,0
14768,46,1,10
14768,4,1,20
14768,23,3,0
14768,47,2,10
14769,52,1,0
14770,43,1,0
14770,4,1,5
14770,29,3,5
14771,47,2,0
14771,23,1,20
14771,14,1,10
14772,11,1,0
14773,8,1,0
14773,4,1,0
14773,23,2,0
14774,26,2,5
14774,34,1,5
14775,9,2,0
14775,22,1,10
14776,34,2,5
14776,1,1,0
14776,20,3,0
14777,37,3,0
14777,27,-1,10
14778,60,1,0
14778,58,1,20
14779,20,1,5
14780,8,2,10
14781,16,2,10
14781,55,1,0
14781,3,1,0
14782,4,1,5
14782,3,1,5
14783,51,1,0
14784,29,3,5
14784,48,1,0
14785,19,1,5
14785,43,1,5
14785,27,1,20
14785,3,2,0
14786,2,1,0
14787,4,2,5
14787,6,2,20
14788,20,1,10
14788,8,1,10
14789,22,2,0
14789,4,1,10
14789,19,1,0
14790,8,2,10
14791,3,2,20
14791,1,3,0
14791,20,1,10
14791,24,1,10
14792,43,1,0
14792,27,1,20
14792,12,1,5
14793,34,1,10
14794,20,1,0
14794,36,1,5
14794,39,2,5
14794,40,1,0
14795,1,2,0
14796,10,2,0
14797,24,1,10
14798,35,2,0
14798,2,2,0
14798,49,1,20
14798,52,2,10
14799,2,1,5
14799,43,2,0
14799,25,1,0
14799,33,1,0
14800,7,1,5
14801,31,1,5
14801,59,1,0
14801,1,1,0
14801,50,2,0
14802,26,2,10
14802,20,1,5
14802,48,1,10
14802,22,1,5
14803,19,2,5
14803,1,1,10
14803,56,1,0
14803,60,1,0
14804,16,3,10
14804,20,1,10
14804,17,1,10
14804,9,2,0
14805,27,2,5
14805,12,1,0
14805,3,2,5
14806,16,1,10
14806,8,1,5
14806,6,1,5
14807,35,1,0
14808,13,1,0
14808,13,1,10
14808,56,2,0
14809,60,3,0
14809,1,1,10
14810,23,1,0
14810,1,1,0
14810,54,1,0
14810,26,1,5
14811,36,1,0
14811,32,2,5
14812,28,1,10
14813,16,1,0
14813,1,2,10
14814,13,2,10
14814,19,3,10
14815,19,1,5
14816,3,2,5
14816,11,1,10
14817,33,1,10
14817,13,1,0
14817,9,1,10
14817,22,1,0
14818,2,1,0
14818,3,1,10
14819,5,1,5
14819,38,1,0
14819,51,1,10
14820,9,3,5
14820,12,3,0
14821,4,2,10
14822,1,1,5
14822,12,1,0
14822,14,1,0
14823,4,1,20
14823,14,1,0
14824,10,3,20
14824,39,2,10
14825,10,1,0
14825,52,1,0
14826,50,2,0
14826,51,1,20
14827,42,1,10
14827,4,2,10
14827,57,1,0
14828,9,1,10
14828,1,1,20
14828,2,1,5
14829,2,2,0
14830,26,1,0
14830,52,1,0
14830,38,2,5
14830,9,1,20
14831,17,1,5
14831,5,2,20
14831,2,1,20
14832,21,1,20
14833,39,1,20
14834,2,1,10
14834,43,1,5
14835,36,1,10
14835,20,1,5
14835,41,1,0
14835,46,1,0
14836,60,1,20
14836,4,1,0
14837,43,1,0
14837,10,1,10
14838,20,1,0
14838,49,3,20
14838,16,1,20
14839,12,1,5
14839,5,1,20
14840,46,1,10
14840,4,3,20
14841,44,1,5
14842,32,1,5
14842,48,1,10
14842,17,1,20
14843,46,1,5
14843,4,1,20
14844,38,1,0
14844,11,1,10
14844,43,2,20
14844,43,1,20
14845,15,3,0
14845,8,1,0
14846,6,1,5
14846,54,2,5
14847,1,2,0
14847,4,3,0
14848,38,2,20
14848,2,1,10
14849,23,3,0
14849,24,2,0
14850,21,3,0
14850,16,2,0
14851,18,3,10
14851,9,1,5
14852,19,3,0
14853,6,1,10
14853,5,3,10
14853,37,1,0
14853,53,1,5
14854,3,2,10
14855,29,3,20
14856,1,1,5
14857,8,2,10
14857,49,2,5
14857,12,1,5
14857,8,1,10
14858,24,2,10
14858,2,1,10
14859,12,1,20
14859,32,2,0
14859,54,1,20
14860,32,1,5
14860,6,1,10
14860,51,1,5
14861,46,1,0
14862,32,3,10
14862,18,1,5
14863,7,1,0
14864,32,1,0
14864,23,1,10
14865,22,1,0
14866,3,1,0
14866,49,1,0
14866,56,1,20
14867,17,1,5
14867,20,1,0
14867,50,2,5
14868,16,1,0
14868,3,2,0
14869,1,2,0
14869,18,2,10
14869,16,1,5
14869,3,2,0
14870,44,1,20
14870,22,1,20
14870,19,1,5
14870,3,2,5
14871,8,2,20
14871,1,2,5
14872,56,1,0
14872,1,2,0
14873,3,2,0
14874,42,1,0
14874,28,1,0
14875,40,3,5
14875,32,1,0
14875,52,1,0
14876,12,1,0
14876,55,1,5
14876,11,1,10
14877,53,1,10
14878,1,2,0
14878,15,1,10
14879,43,2,0
14880,59,2,10
14881,52,1,20
14881,32,3,5
14881,1,3,10
14882,14,1,20
14882,20,1,0
14883,33,3,5
14883,39,1,20
14884,40,1,0
14884,12,1,5
14884,22,1,5
14884,54,1,20
14885,12,1,5
14885,15,1,0
14885,5,1,20
14886,15,1,0
14886,48,1,10
14886,51,2,0
14886,17,2,10
14887,6,1,10
14887,25,1,5
14887,3,1,10
14887,22,1,0
14888,36,1,0
14888,46,2,20
14888,1,1,5
14888,1,1,20
14889,8,1,5
14889,19,1,10
14889,59,1,0
14890,33,2,10
14890,21,1,10
14891,51,1,20
14891,26,1,5
14891,8,1,10
14892,43,2,0
14893,1,1,0
14893,3,1,5
14893,12,1,10
14893,23,2,0
14894,2,1,10
14894,47,1,10
14894,54,2,0
14894,39,1,0
14895,6,1,0
14895,25,1,10
14895,45,2,10
14895,32,1,5
14896,3,1,5
14896,11,3,0
14896,32,1,10
14897,4,2,10
14898,6,3,0
14898,10,1,10
14898,25,1,0
14899,46,2,0
14900,20,1,20
14901,54,1,10
14902,28,1,0
14902,14,1,10
14903,36,3,0
14903,6,1,20
14903,13,1,0
14904,8,1,20
14904,3,3,5
14904,13,1,10
14905,1,1,0
14905,30,2,0
14906,25,2,10
14906,1,1,0
14907,32,3,20
14907,21,1,0
14907,23,2,20
14908,4,3,20
14908,3,1,10
14909,26,2,10
14910,8,1,0
14910,25,1,10
14910,34,1,5
14910,56,1,0
14911,25,1,20
14912,3,1,10
14912,33,1,10
14913,58,1,5
14914,12,1,20
14914,1,1,0
14914,31,3,10
14914,5,1,0
14915,1,1,5
14915,2,1,10
14915,53,2,10
14915,42,1,0
14916,49,1,10
14916,28,1,10
14916,35,1,0
14916,11,1,5
14917,14,1,10
14917,60,3,0
14917,27,1,20
14918,5,1,0
14918,21,2,0
14918,14,3,10
14919,22,1,0
14919,7,1,0
14920,51,2,0
14920,1,2,0
14920,1,2,0
14920,1,1,5
14921,17,1,10
14921,4,1,5
14921,16,1,0
14921,58,1,0
14922,24,1,0
14922,10,1,0
14923,19,1,0
14924,3,1,0
14924,11,1,5
14925,7,2,0
14926,9,2,0
14927,11,2,20
14927,2,1,0
14928,7,1,0
14928,9,2,5
14928,13,1,0
14929,6,1,20
14930,8,2,5
14930,11,1,0
14931,21,3,0
14931,1,1,10
14932,22,1,10
14932,52,1,20
14933,49,1,5
14934,14,2,5
14934,27,1,0
14934,2,1,0
14934,8,1,0
14935,6,3,0
14935,31,1,10
14935,54,1,10
14936,5,3,10
14936,1,1,20
14936,8,1,20
14936,27,1,10
14937,42,2,0
14937,40,1,10
14937,3,1,0
14937,3,1,10
14938,27,1,10
14939,5,1,5
14940,16,1,20
14940,17,2,5
14940,37,1,10
14940,57,2,20
14941,10,1,0
14941,47,2,0
14941,27,2,10
14942,58,2,0
14942,32,1,20
14942,4,1,5
14943,25,-1,0
14943,50,1,0
14943,2,1,10
14943,1,2,0
14944,45,1,0
14944,53,1,20
14944,9,1,0
14945,1,2,0
14946,52,1,10
14947,3,1,20
14948,24,3,0
14948,6,1,0
14948,2,1,10
14949,12,1,0
14949,24,1,0
14950,28,1,0
14951,4,1,0
14952,57,1,0
14952,41,2,0
14952,39,3,20
14953,20,1,20
14954,15,1,0
14955,1,2,10
14956,30,1,0
14957,27,1,0
14957,3,1,5
14957,46,-1,0
14957,19,1,0
14958,5,2,10
14959,27,1,0
14959,4,1,10
14959,2,2,5
14959,1,1,5
14960,34,2,10
14960,5,1,20
14960,60,2,20
14961,12,1,0
14961,4,1,20
14961,32,2,5
14961,59,1,20
14962,2,1,0
14962,45,1,10
14963,32,1,0
14963,10,2,5
14964,9,1,20
14964,5,1,20
14964,18,3,20
14965,36,1,0
14966,24,1,5
14966,1,1,5
14967,36,1,5
14967,57,1,5
14968,1,1,5
14968,3,1,10
14968,8,1,5
14969,31,1,20
14970,29,1,10
14970,52,1,0
14971,43,1,0
14971,1,1,10
14971,19,2,20
14971,53,1,0
14972,6,1,5
14972,2,1,10
14973,15,1,0
14973,7,2,10
14973,2,1,0
14973,60,3,10
14974,4,3,0
14974,5,1,5
14974,56,1,0
14974,20,1,10
14975,16,2,0
14975,59,3,20
14975,23,3,5
14976,9,2,5
14976,2,1,5
14977,25,2,0
14977,23,1,0
14977,17,2,5
14977,54,2,10
14978,25,1,10
14978,35,2,10
14978,9,2,5
14979,19,2,0
14979,47,1,0
14979,20,3,0
14980,30,2,0
14981,49,1,0
14981,41,2,5
14982,37,1,0
14982,9,1,0
14982,35,1,20
14982,10,1,20
14983,1,1,10
14983,46,2,10
14984,18,2,0
14985,6,1,10
14986,3,1,5
14986,29,1,0
14986,38,1,10
14986,31,2,0
14987,51,1,20
14987,16,1,5
14988,15,1,0
14989,55,1,0
14990,17,1,0
14990,11,3,0
14991,57,2,0
14991,5,1,0
14991,37,2,0
14992,7,1,5
14992,25,1,0
14992,57,1,10
14993,3,1,0
14993,8,2,10
14994,38,1,5
14995,43,1,0
14995,52,1,0
14995,38,1,5
14996,26,1,5
14996,11,1,0
14996,54,2,10
14996,51,1,0
14997,1,1,20
14997,38,2,5
14997,29,1,0
14998,1,1,5
14998,47,1,0
14998,38,1,20
14999,42,1,0
14999,15,1,0
14999,12,1,10
15000,55,1,0
15000,13,1,0
15001,55,1,5
15001,45,1,20
15002,2,1,20
15002,9,2,10
15002,44,1,0
15003,30,1,0
15003,6,2,10
15003,1,1,20
15003,40,1,0
15004,35,1,0
15004,26,1,5
15004,49,1,10
15004,11,1,10
15005,47,1,5
15005,19,2,5
15006,48,3,10
15006,9,2,5
15007,2,3,0
15007,44,2,20
15007,31,1,5
15008,39,1,0
15008,1,1,10
15009,11,1,20
15010,1,2,20
15011,37,1,5
15011,5,2,0
15011,1,1,0
15011,10,2,0
15012,3,1,0
15012,8,1,20
15012,5,1,0
15012,8,2,10
15013,20,1,0
15013,8,2,10
15013,2,3,10
15013,1,1,10
15014,2,1,0
15014,1,1,10
15014,2,1,20
15014,56,1,10
15015,1,3,5
15015,33,1,0
15016,17,1,5
15016,1,2,5
15017,27,2,10
15017,1,1,10
15018,10,2,5
15018,2,1,0
15018,27,1,0
15019,17,1,10
15020,13,1,10
15020,1,1,20
15020,24,1,0
15021,14,1,20
15021,60,1,5
15021,4,1,0
15021,28,2,20
15022,10,2,0
15022,2,1,10
15023,7,1,0
15024,3,1,20
15024,1,1,10
15024,34,3,0
15024,10,1,0
15025,33,1,5
15025,19,1,10
15025,1,1,0
15025,2,1,20
15026,29,1,5
15026,7,1,10
15027,22,3,10
15027,35,1,0
15028,11,1,10
15028,1,2,20
15028,35,2,0
15028,48,1,10
15029,12,1,20
15030,39,1,0
15030,22,2,10
15030,28,1,0
15031,39,1,0
15031,4,1,10
15031,30,2,0
15031,1,1,10
15032,1,1,10
15032,20,1,0
15032,56,1,10
15033,17,1,10
15034,3,3,10
15034,8,1,5
15035,3,1,0
15035,58,1,20
15036,11,1,5
15036,48,1,0
15036,32,1,10
15037,26,3,20
15037,31,1,20
15037,12,1,20
15037,13,1,0
15038,5,2,0
15038,3,1,0
15038,4,2,20
15038,14,1,20
15039,54,1,10
15040,43,3,10
15040,6,3,10
15040,10,1,0
15041,8,1,0
15041,49,1,0
15042,34,1,0
15042,4,1,5
15043,7,1,20
15043,53,3,10
15043,11,1,5
15043,41,1,0
15044,47,1,10
15044,27,1,0
15044,58,2,5
15045,1,1,20
15046,17,1,20
15046,12,1,10
15046,11,1,0
15046,7,1,0
15047,11,1,5
15047,41,1,20
15047,29,1,0
15048,18,1,5
15048,10,2,10
15048,35,2,0
15048,27,1,0
15049,42,1,0
15049,60,1,20
15049,23,1,0
15049,29,3,20
15050,5,2,10
15050,60,3,5
15050,1,2,10
15051,2,1,0
15052,17,1,5
15052,4,1,5
15053,4,2,20
15053,44,1,10
15054,3,1,10
15054,29,2,10
15054,28,1,0
15055,58,2,0
15055,10,1,5
15055,1,1,10
15055,40,3,5
15056,21,2,20
15056,29,1,0
15057,1,1,5
15058,1,1,0
15058,17,2,5
15059,1,1,0
15059,56,1,0
15060,45,1,10
15061,3,2,10
15061,9,1,0
15061,56,1,5
15062,13,1,0
15062,14,1,10
15063,29,1,0
15063,1,1,10
15063,60,1,5
15063,12,1,0
15064,1,1,0
15064,4,1,10
15064,8,1,5
15064,14,2,0
15065,32,3,10
15065,13,1,10
15065,5,1,10
15065,20,1,20
15066,8,1,0
15066,8,2,0
15066,1,1,5
15067,3,3,10
15067,3,1,20
15067,12,2,0
15067,28,2,0
15068,39,1,5
15068,29,1,0
15068,14,1,0
15069,10,2,20
15070,18,1,0
15070,5,1,5
15070,12,1,5
15071,13,1,0
15071,14,1,0
15071,55,3,5
15071,24,3,5
15072,33,1,0
15072,40,1,10
15073,53,1,0
15074,35,1,0
15075,20,1,0
15075,39,1,5
15075,53,2,0
15075,4,3,5
15076,27,1,0
15077,36,1,10
15078,4,2,0
15079,60,1,20
15079,9,2,0
15079,30,1,5
15080,18,2,0
15081,2,3,10
15082,10,2,10
15083,19,2,5
15084,29,2,5
15084,47,1,5
15084,1,1,0
15084,34,2,0
15085,10,1,10
15085,8,2,10
15086,50,1,20
15086,16,1,10
15087,16,1,20
15087,1,1,5
15088,10,2,10
15088,4,1,10
15088,10,1,5
15088,2,1,10
15089,42,1,5
15090,48,1,0
15090,5,3,20
15091,31,1,5
15091,44,1,0
15091,31,1,0
15092,6,1,0
15092,29,1,20
15092,40,2,10
15093,50,1,0
15093,51,1,0
15093,20,1,5
15094,37,1,0
15094,9,2,0
15095,11,1,0
15095,9,2,0
15096,44,2,0
15096,12,1,0
15096,43,1,5
15097,38,1,5
15098,37,1,10
15099,4,1,20
15099,4,1,5
15099,19,3,0
15099,23,1,5
15100,13,3,20
15101,18,2,10
15101,26,1,20
15102,30,2,0
15102,2,2,0
15103,8,1,0
15103,5,3,20
15103,60,2,20
15104,17,1,5
15104,2,2,0
15104,32,2,10
15105,21,3,10
15105,4,1,0
15105,2,1,20
15105,57,2,10
15106,54,1,0
15106,4,2,5
15106,1,1,10
15106,29,2,0
15107,40,3,20
15108,15,1,10
15108,15,1,5
15108,22,1,5
15108,15,1,20
15109,3,1,10
15109,1,1,5
15109,29,2,10
15109,26,2,0
15110,32,2,0
15110,18,3,20
15110,33,2,0
15110,36,3,0
15111,44,2,0
15111,2,1,0
15111,4,1,0
15111,16,1,5
15112,6,3,0
15112,1,1,0
15112,54,1,0
15113,44,1,10
15114,8,1,5
15114,17,3,0
15115,26,1,5
15115,4,1,5
15116,17,1,0
15116,1,2,10
15116,3,1,5
15116,9,3,0
15117,29,1,10
15117,23,2,5
15117,17,1,0
15117,18,2,0
15118,37,1,10
15119,21,1,0
15119,22,1,0
15120,57,2,10
15121,25,1,10
15121,1,2,5
15121,38,1,0
15121,6,1,20
15122,4,1,5
15122,47,2,10
15122,33,2,5
15122,33,2,0
15123,5,2,0
15124,24,1,5
15124,36,1,0
15124,10,3,0
15124,2,1,0
15125,26,2,0
15126,19,1,5
15127,49,1,20
15128,8,1,10
15128,17,1,5
15129,2,1,0
15129,29,1,0
15129,14,1,10
15130,10,1,0
15130,2,1,5
15131,22,1,5
15131,39,1,0
15131,52,1,0
15131,60,1,0
15132,1,1,10
15132,14,1,5
15133,11,1,0
15133,2,1,0
15134,49,1,10
15134,52,1,10
15134,20,1,20
15135,54,2,10
15136,24,2,0
15136,28,1,10
15136,5,1,0
15136,58,1,10
15137,5,1,0
15137,51,1,0
15137,53,1,0
15138,35,2,20
15139,4,2,10
15139,34,1,0
15139,33,1,20
15140,19,2,0
15140,8,1,0
15140,11,1,5
15141,39,1,20
15141,17,1,5
15141,6,2,10
15142,48,1,20
15143,29,2,5
15144,2,2,10
15144,34,1,0
15144,7,3,5
15144,1,1,5
15145,9,1,10
15145,54,1,20
15146,26,1,10
15146,42,3,0
15147,30,1,0
15148,30,1,10
15148,36,3,20
15148,30,1,0
15149,21,1,0
15149,10,2,0
15149,1,1,5
15150,8,1,0
15150,1,3,0
15150,9,2,10
15151,36,3,10
15151,5,1,0
15151,3,1,10
15151,28,1,5
15152,8,1,0
15152,54,1,5
15152,1,1,10
15152,42,3,20
15153,10,1,10
15153,34,1,0
15153,55,1,0
15153,8,2,10
15154,59,1,0
15155,32,1,20
15155,24,1,10
15156,14,1,5
15156,24,1,5
15157,8,2,5
15157,22,1,5
15158,16,1,10
15158,4,1,0
15159,43,2,0
15159,19,1,0
15159,5,3,20
15160,12,3,10
15160,7,2,5
15160,35,1,10
15160,23,1,5
15161,2,1,0
15162,1,1,20
15162,24,2,0
15163,23,1,0
15163,27,1,5
15163,28,3,0
15164,23,1,10
15164,8,3,20
15164,7,1,10
15165,47,1,0
15165,39,1,0
15166,35,1,0
15166,50,2,0
15166,8,1,20
15167,1,3,20
15167,9,1,0
15167,13,1,20
15168,33,1,0
15169,15,1,0
15169,27,3,5
15170,14,1,0
15170,3,1,10
15170,12,1,0
15170,10,2,0
15171,3,1,0
15171,8,1,5
15172,40,1,5
15172,31,1,20
15173,9,1,5
15173,1,2,10
15173,15,1,10
15174,47,2,10
15174,13,1,10
15175,5,1,0
15175,13,1,5
15176,35,1,0
15176,24,1,0
15176,19,3,20
15176,4,3,5
15177,41,3,20
15177,29,1,5
15177,27,1,20
15178,15,2,5
15179,57,1,0
15180,25,1,5
15180,15,1,10
15181,32,1,0
15181,42,1,0
15181,46,1,0
15182,50,1,20
15182,21,2,10
15183,8,1,20
15183,35,1,20
15183,46,2,10
15183,35,1,5
15184,17,1,10
15184,53,2,20
15184,60,2,5
15184,2,1,0
15185,24,1,10
15185,46,1,5
15186,26,1,10
15186,45,1,10
15187,7,1,10
15187,41,1,0
15187,2,1,0
15188,58,1,0
15188,47,2,10
15188,1,1,20
15189,46,2,5
15190,23,2,20
15190,10,1,10
15191,1,1,0
15192,54,1,0
15192,44,2,10
15192,21,2,0
15192,5,3,20
15193,46,1,0
15193,5,1,20
15193,4,1,5
15193,3,1,10
15194,47,1,5
15194,46,1,10
15194,17,2,20
15195,24,2,10
15195,10,1,5
15196,40,1,10
15197,35,2,0
15198,32,1,0
15198,32,1,10
15198,6,1,10
15199,46,2,0
15199,15,1,10
15199,30,1,5
15200,8,1,20
15201,16,1,10
15201,5,2,10
15201,53,2,0
15201,21,1,0
15202,2,1,0
15202,50,1,0
15203,36,1,5
15203,14,1,5
15203,7,1,5
15204,24,1,0
15204,46,1,0
15205,24,3,0
15205,1,3,0
15205,8,1,20
15206,27,1,10
15206,15,1,20
15206,21,1,20
15206,10,1,5
15207,1,1,20
15207,56,1,20
15207,19,1,0
15208,5,1,5
15208,4,1,5
15208,56,1,0
15208,6,1,5
15209,25,1,20
15209,38,1,10
15209,23,1,0
15210,55,1,0
15211,20,1,0
15211,2,1,10
15211,6,3,0
15212,14,1,5
15212,26,2,0
15212,13,1,10
15212,17,2,10
15213,6,2,0
15213,20,1,0
15214,55,2,5
15215,48,1,0
15215,33,1,20
15215,2,1,10
15215,17,1,10
15216,29,1,10
15216,18,2,0
15216,27,1,10
15217,1,2,0
15217,1,2,0
15217,27,1,5
15218,3,2,10
15218,11,1,0
15219,50,1,10
15220,20,1,5
15220,12,3,0
15220,7,1,5
15221,39,1,5
15221,38,2,10
15222,1,1,20
15222,6,1,0
15222,44,1,0
15222,23,2,10
15223,4,1,0
15224,57,1,20
15224,10,1,0
15225,10,3,5
15225,1,1,5
15225,44,2,5
15226,13,1,0
15227,7,1,5
15227,6,1,0
15227,12,1,20
15228,33,2,0
15228,3,2,20
15228,56,2,0
15229,33,1,0
15230,20,1,5
15230,3,1,10
15230,4,1,5
15231,2,3,0
15231,15,1,0
15231,22,1,10
15231,8,-1,0
15232,12,1,20
15233,18,2,5
15233,27,1,0
15233,3,1,0
15234,55,1,5
15235,8,1,0
15235,5,1,0
15235,43,1,0
15236,23,1,10
15236,18,1,20
15236,36,2,0
15237,15,2,10
15237,6,2,20
15237,1,1,0
15238,3,2,5
15238,6,1,0
15239,21,1,10
15239,47,1,10
15239,1,1,5
15239,9,1,0
15240,42,1,0
15240,7,1,5
15240,55,1,0
15241,3,2,10
15241,9,2,10
15241,14,2,10
15241,21,2,5
15242,9,1,10
15242,1,2,20
15243,9,1,0
15243,22,1,0
15243,50,2,20
15244,44,1,10
15245,39,1,20
15245,58,1,0
15245,3,1,0
15245,34,1,0
15246,18,1,5
15247,53,1,5
15247,54,2,0
15247,18,1,0
15248,46,2,20
15248,20,3,0
15248,44,1,0
15248,58,-1,20
15249,18,1,5
15249,37,1,0
15250,26,2,10
15250,30,3,5
15250,29,1,10
15251,38,1,5
15252,6,1,0
15253,17,1,20
15253,6,3,10
15254,43,1,5
15255,43,2,0
15256,11,1,20
15257,15,1,5
15258,4,1,0
15258,1,1,5
15259,19,1,0
15260,55,1,10
15260,9,3,0
15261,29,2,10
15261,11,1,10
15261,2,1,5
15262,2,1,5
15262,6,1,0
15262,1,1,0
15263,47,1,0
15263,5,1,10
15263,2,1,10
15264,13,1,0
15264,56,1,0
15264,4,3,0
15265,1,1,5
15266,2,1,0
15266,5,2,5
15266,40,1,0
15266,39,1,20
15267,33,3,5
15268,42,1,0
15268,3,2,0
15269,58,1,10
15270,5,3,0
15270,9,3,0
15270,53,1,0
15270,52,1,0
15271,44,1,0
15271,49,1,20
15271,15,1,0
15272,5,1,0
15272,8,1,20
15272,7,1,5
15273,28,1,0
15273,32,1,0
15274,11,1,20
15275,20,1,0
15275,10,1,5
15276,37,1,0
15276,2,1,10
15276,5,2,5
15276,13,1,10
15277,48,1,0
15277,54,1,20
15277,56,1,0
15278,56,3,20
15278,3,1,0
15278,9,1,20
15278,35,1,20
15279,1,1,0
15279,1,1,20
15279,30,2,5
15279,37,2,5
15280,4,1,10
15281,19,2,5
15281,60,1,0
15281,58,1,5
15282,58,3,20
15282,50,1,5
15282,46,1,5
15283,1,1,20
15284,25,2,10
15284,52,1,0
15284,41,2,0
15285,1,1,10
15285,2,2,5
15286,14,3,20
15286,38,2,0
15286,32,2,0
15286,2,3,0
15287,14,1,5
15287,9,1,5
15287,3,1,0
15287,39,3,5
15288,54,2,20
15288,1,1,0
15289,5,1,10
15290,27,1,5
15290,6,1,5
15291,11,2,10
15291,20,2,0
15291,1,2,5
15291,48,1,0
15292,43,1,5
15293,8,1,5
15293,13,1,10
15294,4,2,0
15294,2,3,0
15295,21,1,10
15295,54,2,5
15295,36,1,0
15296,60,2,5
15296,26,3,10
15296,48,1,5
15297,23,1,0
15298,4,1,10
15298,43,2,20
15299,23,1,20
15299,32,1,0
15299,12,1,5
15300,37,1,0
15300,8,1,0
15300,22,1,0
15300,4,1,10
15301,8,2,5
15301,7,1,10
15301,29,1,0
15302,16,2,5
15302,54,1,10
15302,44,2,5
15302,17,1,10
15303,56,2,0
15303,46,1,5
15303,3,1,0
15303,1,1,20
15304,44,1,10
15304,23,3,5
15304,7,1,20
15305,16,1,5
15306,13,1,10
15306,19,1,5
15306,8,2,10
15307,18,1,20
15307,14,1,20
15307,6,1,0
15307,3,1,0
15308,2,3,5
15308,39,3,10
15309,4,2,10
15309,15,1,10
15309,36,3,0
15310,20,1,0
15310,2,1,5
15311,3,1,10
15312,45,1,10
15312,8,1,10
15312,19,1,5
15313,11,1,0
15313,55,1,0
15313,15,1,20
15313,20,1,5
15314,5,1,5
15314,22,3,5
15315,46,1,0
15315,4,1,10
15315,8,1,0
15315,3,1,0
15316,6,1,10
15316,42,1,10
15316,4,1,20
15316,1,1,20
15317,39,1,0
15317,15,1,20
15318,19,1,20
15318,6,2,5
15318,31,2,0
15319,28,3,0
15319,15,1,0
15319,21,1,0
15319,40,1,20
15320,31,1,10
15320,2,1,20
15320,21,1,10
15321,54,1,20
15321,1,1,0
15322,1,1,20
15322,38,2,0
15322,2,1,0
15322,11,1,0
15323,26,1,0
15323,3,3,5
15324,8,2,0
15324,57,1,0
15324,6,1,0
15324,3,3,10
15325,3,1,20
15325,9,1,5
15325,3,3,5
15326,16,2,5
15326,27,2,20
15326,59,1,10
15327,21,1,5
15327,44,1,10
15327,24,3,0
15328,46,1,5
15328,51,1,0
15329,30,2,5
15329,8,2,0
15329,51,1,10
15330,7,1,0
15330,59,1,5
15330,7,1,0
15331,31,1,10
15332,28,2,20
15332,10,1,0
15333,14,1,0
15333,31,1,0
15333,51,1,0
15333,49,2,5
15334,52,1,5
15335,27,1,0
15335,40,2,10
15335,10,1,10
15336,31,2,20
15336,35,3,0
15336,12,1,5
15337,2,2,10
15337,13,1,0
15337,7,1,10
15338,8,1,10
15338,41,1,10
15339,54,2,10
15340,23,1,5
15341,25,1,10
15341,59,1,20
15341,55,1,0
15342,9,1,5
15342,12,2,5
15342,2,1,0
15343,21,1,0
15343,54,1,5
15343,24,1,0
15344,4,1,0
15345,1,1,10
15345,56,1,0
15346,15,1,0
15346,23,2,0
15347,42,2,5
15347,15,2,5
15347,8,1,0
15347,1,1,0
15348,16,1,0
15349,30,3,5
15349,1,1,0
15349,13,3,10
15350,29,1,10
15351,24,1,5
15352,60,2,20
15353,36,3,0
15353,35,1,0
15353,15,1,0
15353,9,2,5
15354,49,2,0
15354,19,1,0
15354,5,3,10
15355,19,1,0
15355,38,2,0
15355,56,1,20
15356,4,1,5
15356,56,1,20
15356,55,2,20
15356,6,3,5
15357,48,1,5
15357,5,1,0
15358,47,1,10
15358,45,2,20
15359,59,2,0
15359,26,1,0
15359,8,1,5
15360,3,1,0
15360,34,3,0
15360,37,1,0
15361,29,2,5
15361,46,1,5
15361,49,1,20
15362,32,2,0
15362,33,1,10
15363,42,1,0
15364,20,1,20
15364,1,2,0
15364,26,1,0
15365,50,2,0
15365,58,1,20
15365,43,1,5
15365,35,1,0
15366,5,1,20
15366,22,1,20
15366,44,3,20
15367,38,1,0
15367,43,1,5
15368,34,1,0
15368,53,1,0
15368,59,2,0
15369,39,1,0
15370,1,2,20
15371,5,2,5
15371,1,1,0
15371,6,1,0
15372,20,3,20
15373,54,1,0
15373,31,1,20
15373,1,2,20
15373,54,1,10
15374,10,2,0
15374,46,1,10
15375,28,1,10
15375,53,1,10
15376,26,1,10
15376,42,1,0
15376,50,1,0
15376,5,1,10
15377,6,3,10
15377,4,1,0
15378,4,1,5
15378,36,1,10
15379,45,1,0
15380,29,3,20
15380,20,1,0
15380,1,2,10
15381,57,1,5
15381,50,2,0
15382,11,1,20
15382,11,1,20
15382,34,1,10
15382,32,2,10
15383,31,2,0
15383,47,3,10
15383,1,1,0
15384,23,3,5
15384,52,1,5
15384,31,1,0
15384,1,1,5
15385,6,1,0
15386,54,1,0
15386,17,1,0
15387,42,2,10
15387,13,1,0
15388,38,1,20
15388,26,3,5
15389,4,1,10
15389,34,1,20
15390,44,1,0
15390,8,1,5
15390,31,1,0
15390,28,1,5
15391,17,1,20
15391,43,1,10
15391,36,2,5
15392,41,1,0
15392,8,3,0
15392,27,3,5
15393,1,1,0
15393,7,1,10
15393,34,2,0
15393,2,1,20
15394,31,1,20
15394,55,1,0
15394,29,1,20
15395,28,1,20
15395,39,1,20
15395,8,3,5
15396,30,1,0
15396,54,3,0
15397,23,2,0
15398,7,1,0
15399,28,1,10
15400,59,2,0
15401,1,1,0
15401,5,1,5
15401,51,2,10
15401,3,1,0
15402,2,2,0
15402,35,1,0
15402,3,2,0
15403,1,1,5
15403,41,1,5
15403,12,1,5
15403,40,1,5
15404,8,1,10
15404,38,1,5
15405,23,2,0
15405,29,1,5
15405,15,2,20
15406,41,1,5
15406,1,1,0
15406,2,1,20
15407,45,1,0
15408,52,1,0
15408,28,1,20
15408,12,2,0
15408,50,1,10
15409,4,1,0
15409,48,1,10
15409,1,1,10
15410,27,1,5
15410,48,1,20
15410,9,3,20
15410,21,1,10
15411,44,1,0
15411,38,3,20
15412,7,1,10
15413,12,1,0
15413,56,1,0
15413,5,1,0
15413,5,1,0
15414,15,1,10
15414,2,2,10
15414,11,2,20
15414,22,1,10
15415,56,1,10
15415,34,1,0
15415,8,3,5
15415,11,1,0
15416,50,1,0
15417,41,1,10
15417,1,3,5
15418,48,1,20
15418,1,2,0
15418,2,3,10
15419,9,1,0
15419,26,2,0
15420,12,3,10
15421,1,1,20
15421,2,1,20
15422,23,1,5
15423,18,1,0
15423,1,2,10
15423,1,1,20
15424,56,2,10
15424,9,1,0
15425,1,1,0
15425,59,1,5
15426,41,2,10
15427,4,2,0
15427,1,1,10
15427,2,1,10
15427,3,1,5
15428,28,1,10
15428,2,2,10
15428,1,1,0
15428,1,1,20
15429,5,1,0
15430,20,1,20
15431,35,2,10
15431,1,1,0
15431,44,1,0
15431,46,3,20
15432,25,1,0
15432,6,1,10
15432,5,1,0
15432,10,1,10
15433,51,1,20
15433,31,1,0
15433,40,1,0
15434,3,1,10
15434,58,1,10
15434,41,3,0
15435,43,1,0
15435,2,1,10
15436,2,1,0
15436,8,1,0
15436,13,3,20
15437,40,1,20
15437,20,1,5
15437,33,1,10
15437,39,2,0
15438,51,1,20
15439,12,2,0
15439,20,1,20
15440,1,1,10
15440,20,2,0
15440,45,2,0
15440,2,1,5
15441,4,1,10
15441,30,1,10
15442,3,1,0
15442,49,1,20
15442,20,1,0
15443,57,1,20
15443,3,1,0
15443,7,1,0
15443,45,1,0
15444,12,2,20
15445,7,1,5
15445,2,3,0
15445,30,3,0
15445,31,1,10
15446,30,1,5
15447,8,2,20
15447,7,1,0
15447,17,1,10
15447,6,1,0
15448,22,1,5
15448,48,1,20
15448,1,2,5
15448,35,1,5
15449,3,1,10
15449,3,1,10
15449,34,2,10
15450,53,2,5
15450,9,1,20
15450,21,1,20
15451,43,3,5
15452,35,1,0
15452,43,2,0
15452,36,1,0
15453,47,1,20
15454,8,1,20
15454,60,1,0
15455,16,1,10
15455,44,1,0
15456,9,1,10
15456,21,1,10
15457,2,1,5
15457,24,1,10
15458,23,1,5
15458,7,1,0
15459,3,1,20
15460,49,2,5
15461,13,1,0
15462,3,1,20
15462,19,2,5
15462,18,1,10
15463,21,1,5
15463,37,1,20
15463,59,3,0
15463,20,3,20
15464,21,1,5
15464,36,1,20
15464,53,1,0
15464,59,1,20
15465,37,1,5
15465,50,1,5
15466,13,1,20
15466,18,1,0
15466,13,1,10
15467,54,1,10
15467,60,1,10
15468,53,1,10
15468,1,1,5
15468,3,1,0
15468,57,1,10
15469,33,2,10
15469,3,1,0
15469,26,1,10
15469,51,3,10
15470,44,1,0
15470,7,1,0
15470,9,1,0
15471,48,1,10
15471,3,2,10
15472,9,1,5
15472,44,1,20
15473,40,2,0
15473,16,1,20
15473,59,1,20
15473,17,1,0
15474,15,1,0
15474,7,1,0
15475,25,2,10
15475,1,1,0
15475,54,3,10
15476,30,1,10
15476,6,3,10
15476,39,1,0
15477,19,1,0
15477,24,1,0
15478,30,1,0
15478,23,1,0
15478,31,2,20
15478,14,1,5
15479,34,1,10
15479,20,1,10
15479,9,3,5
15479,18,1,5
15480,56,1,0
15480,26,1,10
15480,2,1,0
15480,8,3,0
15481,49,1,20
15481,38,1,10
15482,13,1,5
15483,22,3,20
15483,13,2,5
15483,16,2,10
15484,41,1,10
15484,12,2,5
15485,10,1,20
15485,47,2,0
15486,46,3,5
15487,60,1,5
15488,4,1,5
15489,4,1,0
15489,21,3,0
15490,36,2,20
15490,2,2,5
15490,2,1,10
15491,33,1,0
15491,35,1,0
15492,5,1,20
15493,29,2,0
15493,6,2,0
15493,15,1,5
15493,2,1,0
15494,21,1,0
15494,11,1,10
15494,6,1,20
15495,25,3,10
15495,33,1,0
15495,24,1,0
15495,7,1,0
15496,19,3,0
15496,2,1,10
15496,28,1,0
15496,1,1,0
15497,13,1,20
15498,12,1,20
15499,15,1,0
15499,53,1,0
15500,2,2,0
15500,3,3,0
15501,35,2,0
15501,22,1,0
15501,55,1,0
15502,26,1,0
15502,58,1,0
15503,17,1,20
15503,5,1,0
15504,35,1,10
15505,6,1,20
15505,18,2,10
15506,46,1,10
15506,50,1,5
15506,30,1,0
15507,59,2,0
15507,24,1,10
15507,41,1,0
15508,50,1,5
15508,3,2,5
15508,1,1,0
15509,36,1,0
15509,53,1,10
15510,5,1,0
15510,1,1,0
15511,6,1,20
15512,22,1,5
15512,16,1,5
15513,7,1,0
15513,28,1,10
15513,10,1,20
15514,60,1,20
15514,7,1,5
15515,26,2,0
15515,1,3,5
15516,59,1,10
15516,38,1,5
15516,55,1,10
15517,14,1,0
15518,15,1,5
15518,1,1,10
15518,59,1,5
15518,50,1,0
15519,18,1,0
15520,1,1,0
15520,54,1,0
15521,30,1,0
15521,51,1,0
15521,7,1,10
15522,54,1,10
15522,1,1,20
15522,47,1,0
15522,8,2,10
15523,9,3,0
15523,17,3,20
15523,43,1,0
15524,3,1,0
15525,4,1,20
15525,21,2,20
15526,14,2,5
15527,13,1,10
15527,2,3,5
15528,7,1,20
15528,11,1,5
15528,13,2,20
15529,24,1,10
15529,4,3,0
15529,45,1,10
15529,2,1,0
15530,9,1,0
15530,14,1,5
15531,3,1,10
15531,30,1,0
15531,3,2,0
15531,33,1,10
15532,9,1,10
15532,2,1,5
15533,54,1,20
15533,49,1,5
15533,2,3,0
15534,21,1,10
15534,1,1,20
15535,44,2,0
15535,1,1,0
15535,60,1,0
15536,2,3,0
15536,4,1,10
15536,56,1,20
15536,30,1,0
15537,9,1,10
15537,53,1,10
15537,7,1,0
15537,1,1,0
15538,18,1,20
15538,19,1,5
15538,46,2,0
15538,1,1,5
15539,29,1,5
15539,30,1,0
15540,8,2,0
15540,11,2,0
15540,3,1,10
15540,25,3,10
15541,1,1,10
15542,6,1,5
15542,14,2,10
15542,15,1,10
15543,1,1,0
15543,59,3,10
15543,31,1,0
15543,39,1,5
15544,3,2,20
15544,9,1,10
15545,39,1,5
15545,7,3,0
15545,48,1,0
15546,15,2,0
15546,2,1,0
15547,32,1,0
15547,56,1,0
15548,21,1,0
15548,51,1,0
15548,4,1,20
15549,8,2,10
15550,44,3,0
15550,59,2,20
15550,16,2,20
15550,43,1,10
15551,6,1,10
15552,22,1,10
15552,2,2,10
15552,29,1,5
15553,2,2,10
15553,18,3,5
15554,12,1,5
15555,37,1,10
15556,2,1,0
15556,1,2,0
15556,11,1,0
15557,24,1,10
15558,13,1,20
15558,30,2,10
15559,2,1,0
15559,2,1,5
15560,9,1,20
15560,5,2,10
15560,1,1,5
15561,18,1,0
15561,20,2,0
15561,33,2,20
15562,35,3,5
15562,10,1,0
15562,5,1,5
15562,58,1,0
15563,14,1,20
15563,45,1,10
15563,39,2,0
15563,20,1,10
15564,40,3,0
15564,3,2,10
15564,2,1,0
15564,30,1,10
15565,48,1,0
15565,36,1,5
15566,31,1,0
15567,5,1,0
15568,13,1,5
15568,2,1,10
15569,40,2,0
15569,7,1,10
15570,41,1,0
15570,17,1,0
15570,25,3,10
15570,15,1,0
15571,23,3,0
15571,55,2,20
15571,1,1,20
15571,14,1,10
15572,34,1,0
15573,12,1,0
15573,3,1,20
15573,23,1,0
15573,58,1,0
15574,60,3,10
15575,2,2,0
15576,18,3,0
15577,27,1,0
15578,49,1,0
15578,11,3,5
15578,21,2,0
15578,19,1,20
15579,48,1,0
15579,22,1,5
15580,21,2,0
15580,1,1,5
15580,55,3,0
15581,45,2,5
15581,3,1,0
15582,2,1,0
15583,3,1,10
15584,10,1,5
15584,42,2,20
15584,33,1,20
15585,19,1,5
15585,45,1,10
15585,9,3,0
15586,27,3,5
15586,20,2,10
15586,53,1,5
15586,5,1,20
15587,3,1,10
15588,51,2,10
15588,1,1,10
15588,13,1,5
15589,57,1,20
15589,59,1,10
15589,49,1,0
15590,1,1,0
15590,21,1,20
15591,20,3,10
15591,39,3,0
15592,46,1,0
15592,51,1,10
15593,29,1,0
15593,4,3,20
15594,16,1,20
15595,31,1,10
15596,1,1,10
15596,5,1,0
15597,2,1,0
15597,7,1,10
15597,10,1,5
15597,13,1,20
15598,59,1,5
15599,42,1,10
15599,41,1,0
15599,15,1,5
15600,42,2,0
15600,43,1,10
15600,6,1,20
15601,6,3,5
15601,37,1,0
15602,33,1,0
15603,7,2,0
15603,16,1,20
15603,6,2,0
15604,37,1,10
15604,5,2,5
15604,57,1,0
15605,55,3,20
15605,20,1,0
15605,10,1,0
15606,25,1,20
15607,16,1,0
15607,43,1,10
15607,49,3,20
15608,40,1,0
15608,5,2,5
15609,23,1,0
15609,55,1,5
15609,8,2,5
15610,60,1,20
15611,57,3,10
15612,44,1,0
15612,4,1,10
15613,7,2,0
15613,5,1,5
15613,43,1,10
15614,20,1,0
15614,5,1,20
15615,21,2,0
15615,17,2,0
15615,10,1,5
15615,12,1,5
15616,48,1,10
15616,48,1,0
15617,24,1,5
15617,29,1,20
15617,60,2,5
15618,35,2,0
15619,52,2,10
15619,34,1,10
15619,18,1,5
15620,11,2,0
15620,28,2,0
15620,43,1,5
15620,47,1,0
15621,7,1,5
15621,12,1,10
15622,12,1,10
15622,41,2,20
15622,45,1,0
15622,43,1,0
15623,4,1,10
15624,4,3,10
15624,22,1,10
15624,6,1,20
15624,2,1,10
15625,52,1,5
15626,2,1,0
15626,14,1,5
15626,44,3,0
15627,57,1,10
15628,4,1,0
15628,8,1,0
15628,21,1,0
15629,4,2,0
15629,50,1,5
15629,23,1,0
15630,7,1,0
15630,1,1,0
15631,33,1,5
15631,16,1,20
15632,12,2,5
15632,32,1,20
15633,9,1,5
15634,4,1,20
15634,53,2,0
15634,15,1,5
15634,1,1,10
15635,21,1,5
15635,18,2,5
15636,57,2,0
15636,19,1,0
15636,36,2,0
15637,27,1,0
15638,9,3,10
15638,8,1,5
15638,13,1,0
15638,54,1,5
15639,2,2,0
15639,45,1,0
15640,42,2,5
15640,32,1,5
15641,32,1,10
15641,5,2,5
15642,56,1,5
15642,14,1,5
15642,10,1,10
15642,37,1,5
15643,40,1,0
15643,6,1,10
15643,51,2,10
15644,10,1,0
15644,16,2,5
15645,4,1,0
15645,15,1,20
15646,35,2,5
15646,1,1,10
15646,5,1,10
15646,34,2,5
15647,10,1,5
15647,4,1,10
15647,1,1,10
15648,20,1,0
15649,2,1,0
15649,6,1,20
15650,18,2,0
15651,1,1,10
15652,11,1,0
15652,1,3,0
15652,14,1,0
15652,2,1,20
15653,26,2,5
15653,23,1,10
15653,13,1,0
15653,23,1,0
15654,9,1,10
15654,3,1,5
15655,27,3,5
15655,21,2,0
15655,42,3,10
15656,3,1,0
15657,1,3,20
15658,26,1,10
15659,8,1,10
15659,26,2,0
15659,1,2,0
15659,27,1,5
15660,3,2,10
15660,16,1,0
15661,5,1,10
15662,15,1,10
15662,35,3,10
15662,25,1,20
15662,8,1,10
15663,32,2,0
15663,30,1,0
15663,41,1,10
15663,14,1,10
15664,27,2,20
15665,59,1,0
15666,8,1,0
15666,8,1,0
15667,34,1,10
15667,56,1,20
15667,11,1,0
15667,48,3,20
15668,7,1,5
15668,10,2,0
15669,58,1,0
15670,9,1,0
15670,32,1,0
15671,16,1,0
15672,6,1,20
15672,1,2,10
15672,29,1,5
15672,56,1,5
15673,1,1,0
15674,36,1,0
15674,4,1,0
15675,46,2,20
15675,16,1,0
15676,10,1,0
15676,3,1,0
15676,10,2,5
15677,48,1,0
15677,13,2,0
15678,4,1,0
15678,55,1,0
15678,5,1,0
15678,29,2,0
15679,13,1,0
15679,4,2,10
15679,7,2,5
15679,23,1,20
15680,46,1,0
15680,27,1,0
15680,12,2,20
15681,40,1,0
15681,1,3,5
15681,12,1,5
15682,39,1,5
15682,56,2,10
15682,56,2,5
15682,9,1,5
15683,27,2,0
15683,24,1,5
15684,2,1,5
15685,4,1,0
15685,60,1,5
15685,12,2,10
15686,17,1,0
15686,49,1,0
15686,33,2,0
15687,46,3,10
15688,7,2,5
15688,6,2,0
15688,42,1,5
15688,53,1,0
15689,30,1,20
15690,9,1,20
15690,13,1,0
15691,18,1,0
15691,28,1,10
15691,8,3,0
15692,8,1,10
15692,58,1,10
15693,37,3,10
15693,15,2,0
15693,14,2,5
15694,1,1,0
15695,59,1,5
15695,17,1,10
15696,17,1,5
15696,4,1,5
15696,26,1,10
15697,60,2,20
15697,29,3,0
15697,56,1,5
15697,41,1,0
15698,58,3,0
15698,2,1,5
15698,14,1,0
15699,44,3,20
15699,5,2,10
15700,25,3,20
15700,4,2,0
15700,17,-1,10
15700,19,1,20
15701,7,3,10
15701,29,3,10
15701,1,1,20
15701,32,1,10
15702,20,2,10
15702,3,1,0
15703,5,1,0
15703,2,1,0
15703,47,1,5
15704,43,1,5
15704,29,1,0
15704,29,1,10
15705,48,3,20
15705,22,1,5
15705,1,2,20
15705,45,2,10
15706,3,2,0
15706,3,3,20
15706,46,2,5
15707,56,2,5
15707,2,1,5
15707,5,2,0
15707,38,3,20
15708,26,1,5
15708,26,1,10
15708,4,1,5
15709,1,1,10
15710,4,2,0
15710,5,1,20
15710,46,3,5
15710,13,1,0
15711,6,2,10
15712,59,1,10
15713,25,1,0
15713,24,1,10
15713,59,2,20
15713,2,2,5
15714,5,1,0
15714,10,1,10
15715,12,1,0
15715,1,1,0
15716,45,3,0
15716,40,1,20
15716,33,1,20
15717,47,1,10
15717,9,1,20
15717,1,2,20
15717,18,1,0
15718,1,1,0
15718,3,2,0
15718,42,1,0
15719,3,1,10
15719,7,1,20
15719,22,1,0
15720,48,1,20
15720,50,1,0
15721,59,2,10
15721,1,1,0
15721,48,1,0
15722,12,3,20
15723,2,2,20
15724,3,3,10
15724,39,1,0
15725,21,1,5
15725,19,1,10
15725,9,2,10
15725,46,1,10
15726,2,3,5
15726,5,1,20
15726,13,1,20
15726,35,3,0
15727,36,1,10
15728,5,1,0
15728,1,1,5
15728,9,2,5
15729,8,2,10
15729,31,1,0
15729,8,1,20
15729,14,1,0
15730,40,1,10
15730,19,1,0
15730,17,1,0
15730,1,3,10
15731,25,1,0
15732,6,1,10
15732,7,1,10
15733,2,2,0
15733,29,2,0
15733,19,1,10
15734,34,1,0
15734,25,1,5
15734,50,1,0
15735,17,2,20
15735,27,2,0
15735,49,1,0
15736,32,1,0
15737,16,2,5
15737,56,1,20
15737,47,2,0
15738,22,1,5
15738,60,1,0
15738,21,-1,20
15739,5,1,20
15739,22,1,0
15739,56,3,5
15739,1,1,5
15740,7,1,5
15741,33,2,10
15741,60,1,0
15741,43,1,0
15742,4,1,10
15742,1,3,0
15742,1,1,20
15742,10,1,0
15743,11,1,0
15743,31,1,5
15743,10,3,20
15744,54,3,10
15745,12,3,5
15745,4,1,5
15745,38,1,0
15746,1,2,0
15746,24,1,0
15746,46,1,10
15746,13,1,0
15747,57,1,0
15747,27,1,0
15747,23,1,0
15747,14,2,5
15748,4,1,0
15749,2,2,0
15749,48,1,10
15749,2,2,0
15750,24,3,5
15750,1,1,20
15750,50,1,0
15750,13,2,5
15751,28,1,10
15751,7,2,10
15751,1,1,0
15752,2,1,5
15752,53,1,0
15752,1,1,20
15752,30,2,0
15753,49,2,0
15753,9,2,5
15753,45,3,5
15754,4,1,5
15754,1,1,0
15754,36,1,20
15755,19,1,20
15755,27,1,10
15755,9,1,0
15756,25,1,20
15756,1,1,10
15756,25,1,10
15757,22,1,10
15757,18,3,5
15757,2,2,10
15757,1,2,0
15758,8,2,5
15758,20,1,5
15759,38,2,10
15759,3,1,10
15759,38,1,10
15760,12,1,0
15760,5,1,5
15760,14,2,10
15760,23,1,0
15761,33,1,0
15761,16,2,10
15761,34,1,0
15761,31,1,20
15762,49,1,0
15763,16,1,0
15763,27,3,0
15764,12,1,10
15765,26,3,5
15765,25,2,20
15765,3,1,10
15766,15,1,0
15766,48,1,0
15766,6,1,10
15767,24,2,5
15767,16,1,0
15767,41,1,10
15768,42,1,0
15768,15,1,10
15768,8,1,0
15769,8,2,10
15770,30,2,20
15770,21,1,20
15771,55,1,20
15772,50,1,0
15772,16,1,5
15773,1,3,0
15773,9,1,20
15773,22,2,5
15774,28,2,5
15774,44,2,0
15774,22,1,0
15775,20,1,5
15775,47,1,20
15775,54,1,0
15776,8,1,0
15776,22,1,20
15777,35,1,0
15778,12,3,0
15779,54,2,10
15780,12,1,5
15781,22,1,0
15781,1,1,0
15782,19,3,0
15782,13,1,10
15783,1,1,0
15783,5,1,0
15784,51,1,10
15784,27,2,0
15785,17,3,0
15785,40,3,10
15785,14,1,10
15785,5,2,0
15786,34,1,5
15786,16,1,0
15786,3,1,20
15787,2,2,5
15787,42,1,0
15787,23,3,10
15788,40,1,5
15788,5,2,5
15788,22,1,0
15788,1,2,10
15789,32,1,0
15789,21,1,20
15789,44,1,0
15790,30,1,10
15791,55,1,10
15791,3,3,10
15791,7,1,20
15791,10,1,0
15792,29,1,0
15792,29,1,20
15793,42,1,5
15793,31,1,20
15793,12,1,0
15793,2,2,5
15794,18,2,0
15794,4,1,5
15794,4,2,0
15795,60,1,5
15795,49,1,0
15795,1,1,20
15796,40,1,0
15796,32,2,0
15797,4,1,0
15798,23,1,0
15798,9,2,0
15799,2,1,20
15799,1,-1,0
15799,3,1,20
15799,6,1,0
15800,17,1,10
15800,4,1,0
15801,2,2,0
15802,59,1,5
15803,29,2,0
15803,45,1,10
15803,33,1,10
15803,39,2,20
15804,24,1,10
15804,17,1,20
15804,43,1,20
15805,58,1,0
15805,1,3,20
15805,38,3,20
15805,4,2,0
15806,6,3,5
15806,1,1,5
15806,44,1,5
15807,60,1,10
15807,3,2,10
15808,25,1,10
15808,25,1,10
15808,5,1,5
15809,2,2,5
15810,31,1,0
15811,58,1,10
15811,2,1,0
15811,6,2,5
15811,30,1,5
15812,23,1,10
15813,60,1,0
15813,8,1,5
15814,6,3,20
15814,8,1,0
15814,14,1,0
15814,8,2,10
15815,13,1,10
15815,32,1,5
15815,1,2,5
15815,26,1,20
15816,14,1,20
15817,19,1,0
15817,40,2,5
15818,26,1,0
15818,33,1,20
15818,60,1,10
15819,42,1,10
15819,52,1,5
15819,11,3,20
15820,13,1,20
15821,1,1,0
15821,9,1,5
15822,15,1,20
15822,1,2,0
15822,24,1,0
15823,7,2,0
15824,11,1,5
15825,8,1,5
15825,44,2,5
15825,22,1,0
15825,26,2,10
15826,28,1,20
15826,43,1,10
15827,2,2,5
15827,18,3,5
15827,3,1,0
15827,15,1,5
15828,2,1,10
15829,27,1,0
15829,5,1,0
15830,1,1,10
15830,8,1,10
15831,16,1,0
15831,56,1,20
15832,10,1,5
15832,55,1,0
15832,4,1,0
15832,40,2,0
15833,4,1,10
15833,11,3,10
15834,34,1,10
15834,26,1,0
15835,54,3,10
15835,13,1,0
15836,14,2,5
15837,5,1,0
15837,3,1,5
15837,32,3,5
15838,45,1,0
15839,26,1,0
15840,3,1,0
15841,6,1,5
15841,7,2,10
15842,31,3,10
15842,44,1,0
15842,36,1,10
15842,23,1,0
15843,17,1,0
15843,34,2,5
15844,9,3,0
15845,21,1,10
15845,58,1,0
15845,4,1,10
15846,29,2,20
15846,5,1,10
15846,1,1,5
15846,40,1,5
15847,1,1,10
15848,4,3,10
15848,30,1,10
15849,33,1,0
15849,48,2,0
15849,9,1,0
15850,55,1,10
15851,18,2,0
15851,3,1,0
15852,1,1,10
15852,6,1,10
15852,22,3,0
15852,49,3,0
15853,18,1,0
15853,35,1,0
15854,9,1,0
15854,39,1,10
15854,45,1,5
15855,7,1,20
15855,9,1,0
15856,8,2,20
15856,1,1,10
15857,45,1,5
15857,46,2,5
15857,3,2,0
15857,18,1,10
15858,27,1,20
15859,40,1,10
15859,17,1,10
15860,50,1,10
15860,15,2,5
15860,3,3,0
15861,58,1,0
15861,11,1,20
15862,1,1,0
15862,59,1,10
15862,30,1,0
15863,42,3,0
15863,14,1,10
15864,16,3,10
15864,2,2,0
15864,7,2,0
15864,7,3,10
15865,4,2,0
15865,4,1,10
15866,38,1,10
15866,15,1,20
15866,2,1,10
15866,32,1,10
15867,36,1,10
15867,2,3,0
15867,21,3,10
15868,41,1,0
15868,15,1,0
15868,23,1,10
15869,37,2,20
15869,30,1,10
15870,5,1,5
15870,57,2,10
15871,4,1,0
15871,6,1,0
15871,19,3,10
15872,21,1,0
15872,1,1,0
15872,28,1,0
15872,30,2,5
15873,5,2,20
15873,15,1,20
15873,38,1,10
15874,42,1,10
15875,13,1,10
15875,46,1,0
15875,1,2,10
15875,41,2,0
15876,41,1,10
15876,40,2,0
15876,47,1,5
15877,11,1,10
15877,1,1,20
15877,54,1,0
15877,37,1,20
15878,47,1,5
15879,3,1,0
15880,50,1,10
15880,12,1,10
15881,13,2,10
15881,17,3,0
15882,56,1,5
15883,1,1,5
15883,25,2,20
15883,1,1,5
15884,47,1,10
15884,10,1,20
15884,18,1,10
15884,31,1,0
15885,27,2,0
15885,19,2,10
15885,10,3,0
15886,3,2,0
15887,31,2,0
15887,26,3,10
15887,26,1,10
15888,1,3,0
15888,5,3,10
15888,8,1,10
15889,58,2,0
15889,8,1,0
15889,26,2,0
15889,4,1,5
15890,12,1,10
15890,3,2,10
15891,11,1,0
15891,4,1,0
15891,2,2,5
15892,3,2,10
15892,9,1,20
15892,8,1,5
15892,49,1,0
15893,49,1,10
15893,23,1,0
15894,17,2,0
15894,3,2,5
15894,43,1,5
15894,58,-1,0
15895,7,3,5
15896,3,2,0
15896,36,1,10
15896,37,1,0
15896,29,1,0
15897,26,1,0
15897,7,1,10
15898,55,3,10
15898,43,3,20
15898,27,1,10
15899,35,1,5
15899,41,1,5
15900,50,1,10
15900,6,1,20
15901,13,1,10
15901,52,1,0
15901,7,1,10
15902,20,1,10
15902,27,1,5
15902,15,3,10
15903,18,1,10
15904,2,1,20
15905,7,1,0
15905,12,3,0
15906,17,1,0
15907,28,1,10
15907,24,1,0
15907,1,1,20
15907,29,3,0
15908,28,2,10
15908,1,1,0
15909,27,1,5
15910,47,3,5
15910,48,1,0
15911,25,1,0
15911,16,3,10
15911,38,3,0
15911,17,1,0
15912,2,1,5
15912,33,1,0
15912,12,1,20
15912,33,1,20
15913,50,1,0
15913,36,1,0
15914,60,1,0
15914,2,1,0
15914,37,1,0
15915,15,1,0
15915,34,2,0
15915,1,2,0
15916,9,1,10
15916,10,3,0
15916,51,1,5
15916,36,1,0
15917,25,1,0
15917,1,1,0
15917,6,2,5
15917,37,2,20
15918,15,1,10
15919,11,1,0
15919,53,-1,0
15919,9,2,5
15919,18,2,0
15920,25,1,10
15920,2,1,10
15920,1,3,0
15921,2,1,0
15922,24,1,0
15922,57,1,20
15922,41,1,10
15923,35,1,5
15923,27,1,0
15923,5,1,5
15923,32,1,20
15924,15,1,5
15925,3,1,10
15925,47,1,20
15926,12,1,0
15927,17,2,5
15927,4,2,0
15927,1,1,5
15928,26,1,0
15928,21,3,5
15928,11,1,10
15928,6,3,0
15929,9,2,5
15929,56,3,5
15929,1,3,0
15929,30,2,10
15930,1,1,10
15931,30,1,0
15931,29,1,0
15931,20,1,0
15932,32,2,10
15933,11,1,0
15933,25,1,20
15933,50,1,5
15934,42,1,0
15934,57,1,0
15934,23,1,10
15935,3,3,0
15935,40,1,0
15935,32,2,0
15935,16,3,20
15936,10,1,5
15937,12,1,0
15937,39,2,0
15938,1,3,10
15938,43,3,0
15938,52,1,0
15939,14,1,0
15939,47,1,10
15939,42,1,10
15940,47,1,0
15940,23,3,0
15941,31,2,5
15941,4,1,20
15942,48,1,0
15942,20,1,5
15942,17,1,0
15942,13,1,0
15943,47,3,20
15943,20,1,0
15944,27,-1,0
15944,19,1,0
15945,4,1,10
15945,59,3,0
15946,10,2,10
15946,58,1,0
15946,16,1,5
15946,4,1,10
15947,40,1,0
15947,26,1,10
15947,26,1,10
15948,3,2,0
15948,40,1,5
15948,41,1,5
15949,54,2,5
15950,12,1,10
15950,49,1,0
15950,55,1,0
15951,49,1,20
15952,53,1,0
15952,2,2,10
15952,22,1,10
15952,2,1,5
15953,43,2,0
15954,48,3,10
15954,6,2,5
15954,13,1,5
15955,5,1,10
15956,13,1,10
15956,6,1,0
15957,2,1,5
15957,12,2,5
15957,13,1,5
15958,24,1,10
15958,9,2,0
15958,39,1,5
15959,54,1,0
15959,2,3,10
15960,2,1,10
15960,51,1,20
15961,37,1,0
15961,21,1,10
15961,2,1,10
15961,20,1,0
15962,13,1,10
15962,43,3,0
15963,48,1,10
15963,48,1,0
15963,1,2,0
15964,23,1,0
15965,55,1,10
15965,28,1,10
15965,10,1,5
15965,42,3,0
15966,7,1,5
15966,27,2,0
15966,20,1,0
15967,1,1,5
15967,39,1,5
15967,5,1,10
15968,60,2,20
15968,34,1,0
15969,38,1,0
15970,40,3,5
15971,1,1,0
15971,58,1,20
15972,41,1,10
15972,49,2,5
15972,28,2,0
15973,37,1,20
15974,58,1,0
15974,8,3,20
15974,45,1,0
15974,6,1,0
15975,14,1,10
15975,28,2,5
15975,2,1,0
15976,48,1,10
15977,9,1,0
15977,28,1,5
15977,8,1,0
15977,1,1,5
15978,13,1,10
15978,32,3,5
15978,47,1,5
15978,31,2,0
15979,13,3,10
15979,44,1,10
15979,6,1,20
15979,3,1,0
15980,1,1,10
15980,12,2,5
15980,46,1,0
15980,33,1,5
15981,15,3,5
15982,1,2,5
15982,22,3,20
15983,16,2,10
15983,48,1,0
15983,42,1,5
15983,3,2,10
15984,15,1,5
15984,34,1,10
15984,57,1,10
15985,31,1,20
15986,5,1,0
15986,46,1,10
15986,34,1,0
15986,1,1,0
15987,8,2,10
15987,46,2,10
15988,5,1,0
15988,34,1,20
15989,19,1,0
15990,11,2,10
15991,4,2,0
15991,37,2,20
15991,37,1,10
15992,7,1,5
15993,23,3,20
15993,41,1,20
15994,3,2,10
15994,59,1,0
15994,42,1,20
15994,57,1,0
15995,17,1,20
15996,30,1,5
15996,21,1,10
15996,20,3,10
15996,6,1,20
15997,36,1,10
15997,36,1,0
15997,58,1,5
15998,3,2,0
15998,32,1,0
15998,1,3,10
15999,52,1,5
16000,5,2,5
16000,3,3,5
16000,16,1,10
16000,2,1,20
16001,6,1,20
16001,21,1,20
16001,6,1,10
16002,8,1,0
16002,16,1,10
16002,38,2,20
16002,17,1,20
16003,51,1,5
16003,23,1,10
16003,36,2,20
16003,37,3,0
16004,51,3,5
16004,43,1,5
16004,22,1,0
16005,28,2,0
16005,15,1,0
16006,36,1,0
16007,59,1,0
16007,48,1,5
16008,44,1,20
16008,59,1,0
16009,1,1,10
16010,33,3,5
16011,13,2,20
16011,9,2,5
16011,7,1,20
16012,25,1,0
16012,20,1,10
16012,16,1,20
16013,27,3,5
16013,43,3,0
16013,1,2,20
16014,16,1,20
16014,56,2,10
16014,19,2,0
16015,56,1,0
16015,1,1,0
16016,35,1,5
16016,2,2,20
16016,4,1,10
16016,1,1,0
16017,13,1,10
16018,26,1,5
16018,40,2,0
16018,14,2,0
16018,8,1,0
16019,55,1,0
16019,60,1,10
16019,28,1,10
16020,1,3,0
16021,23,3,10
16021,14,1,5
16022,10,1,10
16022,1,2,10
16022,22,3,10
16022,39,1,0
16023,51,1,20
16023,32,1,0
16024,4,1,5
16024,1,2,0
16025,37,3,10
16025,2,2,20
16026,11,2,5
16026,8,1,10
16026,54,1,10
16026,20,1,5
16027,43,1,0
16027,25,2,20
16027,35,2,0
16028,19,1,10
16029,20,1,10
16029,4,1,10
16029,12,1,0
16030,50,1,10
16030,2,3,20
16031,6,1,10
16031,9,1,0
16031,33,1,0
16032,53,2,10
16032,5,1,0
16033,26,3,0
16034,6,1,0
16034,23,3,20
16035,19,1,0
16035,16,2,20
16035,3,1,0
16035,13,1,5
16036,53,2,0
16036,44,1,0
16036,20,1,0
16037,7,2,0
16037,48,3,0
16038,56,2,10
16038,4,1,0
16038,6,1,0
16039,15,2,5
16039,30,3,0
16039,13,1,10
16040,5,1,0
16041,9,2,0
16041,46,1,0
16041,33,1,5
16041,23,2,0
16042,1,1,10
16043,8,1,20
16043,53,1,20
16043,52,1,0
16043,11,1,10
16044,2,1,0
16044,29,1,10
16044,24,1,5
16045,7,2,0
16045,41,1,0
16045,32,1,20
16046,48,2,5
16046,30,1,10
16046,1,1,0
16046,46,3,20
16047,55,2,0
16047,2,1,10
16048,13,2,0
16048,8,1,0
16048,23,1,20
16048,5,2,5
16049,12,1,10
16050,58,1,10
16051,3,3,10
16051,60,3,10
16051,3,1,0
16051,42,1,10
16052,21,2,0
16052,9,1,0
16053,34,1,20
16054,20,1,0
16054,35,1,10
16054,27,2,5
16054,8,1,5
16055,2,2,10
16056,1,2,5
16056,25,1,0
16056,30,1,20
16057,1,1,0
16058,9,3,20
16059,4,1,10
16059,3,1,5
16059,1,1,0
16060,10,1,10
16061,22,1,5
16062,13,1,0
16062,1,2,20
16063,18,1,0
16063,29,1,5
16064,14,1,5
16064,1,1,10
16064,25,1,10
16064,40,1,10
16065,11,1,20
16065,17,1,20
16066,55,1,0
16066,54,2,0
16066,5,1,0
16067,17,3,0
16067,33,1,0
16067,7,1,5
16067,17,1,5
16068,11,3,20
16068,6,1,0
16069,21,1,0
16069,4,2,20
16069,45,1,20
16069,34,3,0
16070,5,2,0
16070,8,3,10
16070,53,1,10
16071,39,1,5
16071,29,1,10
16071,35,1,5
16072,33,2,0
16072,2,1,5
16073,2,1,10
16074,11,1,0
16074,39,1,0
16075,5,1,0
16075,26,1,0
16075,20,1,0
16076,60,1,0
16077,27,3,0
16077,7,1,10
16077,20,1,0
16077,44,2,0
16078,6,1,0
16078,11,2,10
16078,38,1,0
16079,22,1,0
16079,6,1,0
16079,22,1,20
16080,7,1,5
16080,1,2,5
16080,5,1,0
16080,12,1,5
16081,25,2,10
16081,2,2,20
16081,15,2,5
16081,18,1,20
16082,47,1,0
16082,12,1,0
16082,2,2,0
16083,50,1,0
16083,15,3,0
16083,6,2,0
16084,2,1,0
16084,3,1,0
16084,52,2,10
16084,44,1,5
16085,11,1,5
16086,44,1,20
16086,31,1,20
16086,2,1,20
16087,4,1,0
16088,28,1,5
16088,16,1,0
16088,38,1,0
16089,54,1,10
16089,18,2,10
16089,2,1,0
16089,35,1,5
16090,33,2,20
16090,28,1,0
16090,3,1,20
16091,48,1,10
16091,50,1,5
16091,2,1,0
16091,43,3,10
16092,50,1,20
16093,52,1,10
16094,7,3,0
16094,46,1,0
16094,15,1,10
16094,4,1,10
16095,7,1,0
16096,37,1,0
16096,30,3,20
16096,26,2,10
16096,32,2,0
16097,43,1,0
16097,4,1,5
16098,8,1,0
16099,16,1,0
16099,20,1,0
16099,37,1,5
16100,39,1,10
16100,11,1,0
16100,26,2,10
16100,11,1,10
16101,11,1,0
16101,3,1,10
16101,30,1,20
16101,1,3,0
16102,10,3,10
16103,60,2,0
16103,40,1,20
16104,9,1,0
16105,7,1,20
16106,44,2,0
16106,18,1,0
16107,5,1,0
16107,25,1,10
16107,6,2,20
16108,8,1,10
16109,17,1,0
16109,16,2,10
16110,55,1,20
16111,30,1,10
16111,5,1,10
16111,57,2,0
16111,5,1,20
16112,8,1,10
16112,23,1,0
16113,54,1,20
16113,52,1,10
16114,3,2,0
16114,47,1,20
16115,1,1,5
16116,36,1,0
16116,3,2,0
16116,26,1,0
16117,52,1,5
16117,51,1,0
16117,29,2,20
16118,4,1,10
16118,8,2,20
16118,29,1,20
16118,47,1,0
16119,1,1,10
16120,3,1,0
16120,1,1,5
16120,5,3,0
16121,3,1,5
16121,7,1,0
16121,46,2,5
16122,11,1,0
16122,54,1,0
16122,13,1,5
16122,51,1,5
16123,3,1,0
16123,10,1,0
16124,1,2,0
16124,21,1,10
16124,43,1,0
16125,1,1,0
16125,38,1,5
16125,30,1,0
16125,2,3,0
16126,23,1,5
16126,42,1,0
16126,31,1,5
16126,15,1,10
16127,12,1,5
16127,18,1,0
16127,3,1,0
16127,3,1,20
16128,15,2,0
16128,39,3,10
16128,18,2,0
16129,60,1,10
16129,42,1,20
16130,10,1,5
16130,5,1,0
16131,5,2,0
16131,58,1,20
16131,28,1,10
16131,59,1,0
16132,25,1,0
16132,54,1,20
16132,11,1,5
16132,1,1,20
16133,16,1,5
16134,34,1,0
16134,60,3,0
16134,58,1,5
16135,33,1,0
16135,4,3,0
16135,37,1,10
16136,6,1,5
16136,36,1,0
16136,1,1,5
16136,30,1,20
16137,10,1,5
16137,9,1,5
16138,41,1,20
16138,20,1,5
16138,53,1,5
16139,30,1,20
16139,1,1,20
16140,18,2,10
16141,18,2,0
16141,48,2,5
16142,5,1,10
16142,1,1,10
16142,29,2,0
16143,30,3,0
16143,30,2,0
16144,4,3,10
16144,43,1,10
16144,1,3,5
16144,3,1,10
16145,48,1,0
16145,9,3,5
16146,41,1,20
16146,3,1,10
16146,1,1,0
16147,5,2,10
16148,24,1,10
16148,44,2,0
16148,3,1,10
16149,47,1,5
16150,19,1,20
16151,2,2,0
16151,19,2,20
16152,50,1,0
16152,25,1,0
16152,4,1,0
16152,42,1,0
16153,1,1,0
16153,8,1,10
16153,1,1,5
16154,42,3,5
16155,26,1,0
16155,7,1,10
16155,7,1,10
16155,31,1,10
16156,3,2,0
16156,10,1,10
16156,1,2,0
16156,22,1,0
16157,6,1,10
16158,50,3,20
16158,17,3,0
16159,2,2,10
16159,16,1,0
16159,56,1,20
16159,7,1,0
16160,40,2,5
16161,3,1,20
16161,1,2,10
16161,4,2,20
16162,33,1,20
16162,3,2,0
16162,20,1,0
16162,44,3,10
16163,4,1,5
16163,6,1,10
16163,6,3,20
16163,55,1,5
16164,16,1,20
16164,28,1,20
16165,37,1,20
16165,9,1,0
16166,27,1,10
16166,40,1,5
16167,3,1,10
16167,22,3,20
16167,57,2,0
16167,24,2,5
16168,1,1,0
16168,1,1,0
16169,21,2,0
16169,5,1,0
16169,52,1,0
16170,10,1,0
16170,32,1,10
16170,19,1,20
16171,17,1,5
16171,1,2,0
16172,9,1,20
16172,44,3,0
16172,25,1,5
16172,7,1,0
16173,11,1,5
16173,2,1,5
16173,46,1,20
16174,3,1,10
16174,27,1,20
16174,20,1,0
16174,19,2,10
16175,18,2,5
16175,48,1,20
16175,13,1,0
16176,7,2,0
16176,14,2,0
16176,25,1,10
16177,28,1,0
16178,2,1,10
16178,1,1,5
16178,2,1,0
16178,58,1,0
16179,12,2,0
16179,1,2,0
16179,57,1,0
16180,52,2,20
16181,56,1,10
16181,42,1,0
16181,18,1,0
16181,14,1,5
16182,12,1,10
16182,10,1,10
16182,10,1,0
16182,37,1,10
16183,1,2,5
16184,9,2,0
16184,50,1,10
16185,39,1,10
16186,1,1,20
16187,3,1,0
16188,1,2,10
16188,2,1,10
16188,15,1,5
16188,37,1,0
16189,1,1,10
16189,34,1,20
16189,32,1,0
16189,40,2,10
16190,18,1,10
16190,59,1,0
16191,26,1,0
16192,36,1,10
16193,30,1,0
16194,4,2,20
16194,17,1,20
16194,21,2,10
16194,44,1,10
16195,8,2,20
16195,20,1,20
16195,35,1,20
16196,4,1,0
16197,45,1,5
16198,26,2,0
16198,5,1,10
16198,10,1,0
16199,56,1,10
16199,30,1,0
16199,27,1,20
16199,53,1,0
16200,1,1,0
16200,13,2,0
16201,28,1,0
16202,1,3,0
16202,7,1,0
16202,8,1,10
16202,8,2,0
16203,31,1,0
16203,50,1,10
16203,46,1,5
16203,31,2,0
16204,60,1,20
16205,28,1,10
16205,55,1,0
16205,21,1,0
16205,18,1,5
16206,5,1,20
16206,23,1,0
16207,1,1,20
16207,60,1,10
16208,20,1,5
16209,1,3,10
16209,30,3,0
16210,1,1,5
16211,30,2,20
16212,2,2,10
16212,32,1,10
16212,45,1,0
16213,50,1,10
16213,18,1,5
16213,13,1,5
16213,58,1,20
16214,5,1,0
16214,2,1,10
16215,3,1,5
16215,38,1,5
16215,4,1,0
16215,11,2,0
16216,2,1,10
16216,53,3,0
16217,15,1,5
16217,20,3,0
16218,5,1,20
16218,16,1,0
16218,25,2,20
16219,1,1,0
16219,3,1,5
16219,31,1,20
16219,15,1,0
16220,27,2,10
16221,9,1,10
16222,33,3,0
16222,19,3,10
16222,46,1,0
16222,45,1,5
16223,27,1,5
16223,12,1,0
16224,14,1,20
16224,38,1,0
16225,13,3,20
16225,28,1,0
16225,31,1,5
16225,44,1,0
16226,33,1,0
16226,24,2,5
16227,45,1,10
16227,2,1,20
16227,17,1,5
16227,9,2,5
16228,58,1,0
16228,18,2,0
16228,2,1,20
16228,1,2,0
16229,22,2,10
16229,49,1,10
16229,25,3,0
16229,1,1,10
16230,28,1,0
16231,10,1,0
16231,36,2,10
16231,49,1,20
16232,4,1,0
16232,1,1,10
16232,19,1,0
16233,53,1,20
16233,44,1,0
16234,18,1,20
16235,2,1,0
16235,7,1,5
16236,6,1,10
16236,1,1,0
16236,37,1,0
16237,1,1,0
16237,14,1,5
16237,9,1,20
16238,39,1,0
16238,51,1,5
16239,53,1,5
16239,46,2,20
16239,10,2,0
16240,6,1,0
16240,4,1,10
16240,28,1,10
16240,51,1,0
16241,40,1,0
16241,24,1,0
16241,14,2,10
16242,54,2,10
16242,21,1,0
16243,40,1,0
16243,22,3,5
16243,29,1,0
16244,4,1,5
16244,1,1,10
16244,1,1,20
16245,18,2,5
16245,49,1,10
16246,2,2,10
16246,10,1,10
16246,32,1,20
16246,22,1,0
16247,24,1,5
16248,40,1,0
16249,60,1,10
16249,57,1,5
16249,10,2,20
16250,26,2,0
16251,18,1,0
16251,5,1,0
16251,5,1,10
16252,13,1,20
16252,13,1,0
16252,1,1,0
16253,20,2,5
16253,52,1,10
16254,1,1,0
16255,59,1,10
16255,52,1,20
16255,18,1,0
16255,8,1,0
16256,6,2,20
16257,45,1,0
16257,26,1,0
16258,2,1,10
16258,20,1,5
16258,24,1,0
16258,6,3,5
16259,30,3,5
16259,21,1,0
16259,7,1,0
16259,4,1,5
16260,7,3,10
16260,22,3,0
16261,15,3,5
16261,26,1,0
16261,23,2,0
16262,25,2,0
16262,4,2,0
16262,25,1,0
16262,23,2,10
16263,3,1,10
16264,58,1,0
16265,10,2,0
16266,1,2,0
16266,38,1,5
16266,41,1,0
16266,52,1,10
16267,47,1,5
16267,1,1,0
16267,5,2,0
16267,3,2,5
16268,35,1,0
16269,36,1,0
16269,1,2,5
16269,49,1,5
16269,43,2,0
16270,9,1,0
16270,2,1,5
16270,39,3,0
16271,43,2,0
16271,55,1,10
16271,3,1,10
16272,6,1,5
16272,5,1,20
16272,32,1,10
16273,39,1,0
16273,12,2,0
16274,8,2,0
16274,25,1,5
16274,34,3,10
16275,50,1,10
16275,3,2,20
16275,49,3,20
16276,34,1,10
16276,22,1,10
16276,53,1,5
16276,17,1,0
16277,9,1,10
16278,7,1,0
16278,25,1,5
16278,2,1,5
16278,14,1,0
16279,1,1,10
16279,53,3,10
16280,1,1,20
16280,3,2,0
16281,7,3,0
16281,35,1,0
16282,30,1,20
16282,6,1,5
16282,42,3,0
16283,27,1,10
16283,42,1,20
16283,42,1,20
16283,58,1,0
16284,2,3,0
16284,45,3,0
16284,15,2,5
16285,12,1,10
16285,27,1,0
16286,31,1,5
16286,32,1,5
16286,32,2,10
16286,53,1,10
16287,21,1,0
16287,39,1,0
16287,58,1,5
16287,36,3,5
16288,26,3,20
16289,5,3,10
16289,20,2,5
16289,8,1,0
16290,43,1,0
16291,14,1,0
16291,2,1,10
16291,3,2,10
16292,7,1,5
16292,36,1,0
16292,23,2,0
16292,23,1,20
16293,60,2,0
16293,38,1,0
16293,57,3,0
16293,59,1,10
16294,43,1,5
16295,1,1,0
16295,58,1,0
16296,32,2,5
16296,32,1,5
16297,18,1,5
16298,2,1,5
16298,6,1,10
16299,17,2,5
16299,4,2,0
16300,40,3,20
16300,16,3,0
16301,19,1,10
16301,47,2,20
16301,16,1,20
16302,14,2,5
16302,20,1,0
16302,1,1,10
16303,36,1,10
16303,43,1,20
16304,8,1,10
16304,6,1,0
16304,54,1,5
16304,18,2,5
16305,2,1,0
16306,55,1,10
16306,1,1,20
16306,37,1,5
16307,9,1,5
16307,56,3,5
16307,3,1,20
16307,38,1,10
16308,60,1,10
16308,16,3,0
16308,9,1,5
16309,3,1,0
16309,18,3,0
16309,3,3,5
16310,53,1,0
16310,10,2,20
16311,30,1,5
16311,16,2,5
16311,18,1,0
16312,3,2,5
16312,23,1,0
16312,48,1,0
16313,25,1,10
16313,5,2,10
16313,21,3,10
16313,31,1,0
16314,13,1,10
16315,8,2,5
16316,14,1,5
16316,19,2,10
16316,2,1,0
16317,21,2,5
16317,53,1,20
16317,59,1,10
16318,20,1,0
16318,51,2,10
16318,26,1,10
16318,1,1,0
16319,17,1,10
16319,17,2,10
16319,30,1,0
16319,5,2,10
16320,39,1,10
16320,8,2,20
16320,12,3,10
16320,7,3,10
16321,5,1,20
16322,58,3,0
16322,41,1,10
16323,13,1,0
16324,31,1,20
16324,3,2,10
16324,2,1,10
16324,3,1,20
16325,7,1,0
16326,39,1,0
16327,10,1,0
16327,21,3,5
16327,41,1,0
16328,57,1,0
16328,57,3,5
16328,16,1,10
16329,3,2,10
16329,49,1,0
16329,19,1,5
16329,14,3,10
16330,32,2,10
16330,39,3,20
16331,1,1,10
16331,21,1,0
16331,32,3,10
16332,2,1,20
16332,28,1,10
16332,5,2,10
16333,3,1,5
16333,32,2,20
16333,2,1,5
16334,2,1,5
16335,33,3,0
16335,56,1,5
16335,24,1,0
16335,5,1,0
16336,60,1,20
16336,54,2,0
16337,45,2,0
16337,5,3,20
16338,3,3,0
16338,48,1,10
16339,1,1,0
16339,22,2,0
16339,1,2,5
16339,3,1,10
16340,11,1,0
16340,17,1,20
16340,30,2,20
16340,60,1,0
16341,41,1,5
16341,33,1,5
16341,2,2,5
16342,54,2,20
16342,9,1,5
16342,7,1,0
16342,21,1,10
16343,4,1,10
16343,9,2,0
16343,1,2,5
16343,45,1,10
16344,24,1,5
16344,11,2,10
16344,37,1,20
16345,47,1,5
16346,12,1,0
16347,6,2,10
16347,23,1,20
16347,37,2,10
16348,37,1,0
16348,17,3,10
16348,45,1,0
16349,1,3,5
16350,4,1,10
16350,57,2,0
16350,20,2,10
16350,5,2,0
16351,38,1,0
16351,19,1,0
16351,1,1,10
16352,4,1,0
16352,6,1,20
16352,16,1,5
16353,40,1,5
16353,14,1,10
16353,12,1,20
16354,51,1,10
16355,13,1,20
16356,28,1,5
16357,46,2,10
16358,28,1,0
16358,47,1,0
16358,54,1,5
16359,2,1,20
16359,11,1,10
16360,26,1,5
16360,29,3,0
16360,19,1,0
16361,46,1,10
16361,26,2,10
16361,55,1,0
16361,7,2,10
16362,49,1,10
16363,2,3,0
16363,57,1,10
16363,45,3,10
16363,5,2,20
16364,18,3,10
16365,18,1,10
16365,33,2,20
16365,35,1,10
16366,3,2,5
16366,6,3,0
16367,2,2,20
16367,3,1,0
16368,29,1,10
16368,16,1,10
16369,22,2,10
16369,38,1,10
16370,11,1,0
16371,39,1,10
16372,11,2,10
16372,53,1,10
16373,48,2,5
16373,30,1,10
16374,59,1,5
16374,52,1,0
16374,33,2,0
16374,10,1,0
16375,7,1,0
16375,22,1,0
16375,18,1,0
16375,17,1,20
16376,26,1,20
16376,13,1,0
16376,29,2,20
16376,4,2,0
16377,47,1,10
16377,40,2,10
16377,12,1,5
16377,24,1,10
16378,16,1,10
16378,12,1,0
16379,40,1,5
16380,28,1,10
16380,18,1,5
16380,50,1,0
16380,7,1,10
16381,46,2,0
16381,26,1,10
16381,9,1,10
16381,11,2,10
16382,18,2,0
16382,44,1,0
16382,10,1,0
16383,33,1,20
16384,7,1,5
16384,8,1,0
16384,10,1,0
16385,17,1,0
16385,1,2,0
16386,48,1,0
16386,3,1,0
16386,15,2,10
16386,33,1,0
16387,15,2,10
16388,1,3,0
16388,10,1,5
16388,26,2,0
16388,54,1,5
16389,3,1,5
16389,6,1,5
16390,56,1,10
16390,1,1,10
16390,60,1,5
16391,30,1,5
16391,5,2,10
16392,32,2,20
16392,7,1,0
16392,33,1,10
16393,6,1,5
16393,4,3,10
16393,5,1,20
16393,13,1,5
16394,7,1,20
16395,48,1,0
16396,48,1,0
16397,36,1,10
16397,1,1,0
16397,4,2,5
16398,39,1,10
16399,53,1,5
16400,2,1,10
16400,2,1,0
16401,35,2,0
16401,9,3,10
16401,17,1,0
16402,2,1,20
16403,42,2,0
16403,46,1,5
16403,8,1,5
16404,2,1,5
16404,35,1,10
16404,39,3,10
16404,18,3,5
16405,47,2,0
16405,35,2,0
16406,34,1,0
16406,23,1,20
16407,52,3,10
16407,23,2,10
16407,36,1,5
16408,29,1,20
16409,12,1,0
16409,21,2,5
16409,5,1,20
16410,57,1,0
16410,3,1,5
16411,15,1,5
16412,1,1,10
16412,4,1,0
16413,19,1,20
16413,16,1,0
16413,53,1,20
16414,23,1,0
16414,19,3,10
16414,7,1,5
16414,22,1,5
16415,23,2,10
16416,49,1,10
16416,50,1,0
16416,13,1,0
16417,11,1,0
16418,37,1,0
16419,2,1,0
16419,5,2,5
16419,7,3,0
16419,21,1,10
16420,4,1,10
16420,6,1,20
16421,2,1,5
16421,17,1,5
16421,22,3,10
16421,1,3,10
16422,2,1,10
16422,47,1,10
16422,28,3,10
16422,60,1,10
16423,15,1,20
16423,4,1,10
16423,39,1,10
16423,6,1,0
16424,16,1,0
16424,16,3,5
16424,47,2,5
16424,12,1,0
16425,38,2,0
16425,34,1,20
16426,47,1,10
16426,21,1,10
16426,16,1,0
16427,14,1,20
16427,8,2,5
16427,51,1,20
16428,29,1,10
16428,16,2,10
16428,5,2,0
16429,9,1,5
16429,40,3,20
16429,38,1,5
16429,35,1,20
16430,52,2,0
16431,10,2,0
16432,29,1,10
16432,9,1,10
16433,55,1,0
16434,27,1,5
16434,43,2,10
16435,1,2,0
16435,39,1,20
16436,34,1,0
16436,1,1,10
16437,23,1,0
16437,6,1,0
16437,58,1,10
16437,52,1,0
16438,8,1,0
16438,11,1,10
16439,6,2,10
16439,18,1,20
16439,60,1,0
16439,4,-1,0
16440,56,2,20
16441,1,1,0
16442,38,1,20
16442,43,1,0
16442,7,2,20
16442,34,1,20
16443,21,1,5
16443,36,3,5
16443,14,1,0
16444,57,1,0
16444,22,1,5
16444,56,3,10
16445,57,1,10
16445,22,1,10
16445,44,1,20
16445,43,1,5
16446,8,1,5
16446,20,1,0
16446,1,1,10
16447,9,1,10
16447,15,1,0
16447,39,1,0
16448,18,1,5
16449,38,1,5
16449,5,2,5
16450,34,1,5
16451,45,3,10
16451,6,1,5
16451,43,2,0
16451,25,1,10
16452,16,2,5
16452,31,1,5
16453,34,1,20
16453,28,1,0
16453,27,1,20
16453,13,2,0
16454,33,1,0
16454,6,2,20
16454,2,1,5
16455,52,1,5
16455,39,1,5
16456,21,2,0
16456,39,1,10
16456,2,1,5
16457,13,1,5
16457,4,1,5
16458,29,1,10
16459,37,1,10
16459,12,1,0
16459,6,2,10
16459,9,1,20
16460,22,1,5
16461,1,3,0
16461,2,3,5
16461,59,1,10
16462,5,1,0
16462,20,2,10
16462,50,1,5
16463,48,1,10
16463,1,1,20
16463,6,1,20
16464,5,1,0
16464,37,2,10
16464,1,1,0
16464,2,1,0
16465,13,2,20
16465,36,1,0
16465,46,1,0
16465,2,1,20
16466,41,1,10
16466,1,1,10
16467,43,1,20
16467,3,2,0
16467,14,1,5
16467,3,2,0
16468,5,1,0
16468,35,3,5
16468,46,2,10
16469,34,1,10
16469,1,1,0
16469,3,1,5
16470,5,1,5
16471,2,1,0
16471,3,1,10
16472,59,1,0
16472,36,1,10
16473,31,-1,5
16473,27,1,0
16474,40,2,0
16475,2,1,0
16475,50,1,0
16475,38,1,5
16475,6,2,0
16476,15,1,0
16476,2,2,0
16477,23,1,0
16477,21,1,5
16477,34,1,0
16478,60,1,0
16478,5,1,0
16478,23,1,0
16479,2,1,10
16479,19,1,10
16480,14,1,5
16481,10,1,5
16482,59,1,20
16482,22,3,20
16482,13,1,0
16483,5,1,10
16483,23,1,0
16483,17,2,5
16483,15,1,0
16484,58,1,0
16484,32,2,10
16485,40,1,10
16485,9,2,5
16485,18,2,5
16486,46,1,5
16486,26,1,5
16486,7,1,20
16486,2,1,0
16487,56,1,20
16488,11,2,0
16488,27,1,5
16489,11,3,0
16490,3,1,0
16490,1,3,10
16490,2,3,0
16491,27,1,0
16491,9,2,5
16491,47,1,5
16491,24,2,0
16492,12,1,10
16492,56,3,10
16493,30,1,0
16494,39,2,20
16494,8,1,10
16495,29,1,0
16495,1,2,10
16495,4,1,0
16496,19,2,0
16497,5,1,0
16497,18,2,10
16497,5,1,20
16498,18,1,20
16499,31,1,10
16499,2,1,20
16500,33,1,0
16500,44,1,20
16500,49,1,10
16501,6,1,10
16501,7,2,0
16501,1,2,20
16502,55,1,0
16502,52,2,0
16503,45,1,5
16504,30,2,0
16504,11,1,10
16504,27,1,10
16504,26,1,20
16505,31,1,0
16505,42,1,10
16506,8,1,0
16506,4,1,0
16506,15,1,5
16507,2,1,0
16508,8,1,5
16509,49,3,0
16509,21,2,0
16510,23,1,10
16510,27,1,10
16510,25,2,5
16511,13,1,0
16511,23,1,0
16511,37,1,5
16512,1,1,0
16513,5,1,10
16513,4,1,20
16513,1,2,5
16514,19,1,0
16514,8,-1,5
16514,8,1,5
16514,43,1,5
16515,36,1,20
16515,26,3,10
16515,6,1,0
16515,5,1,5
16516,14,2,0
16516,49,2,10
16517,6,2,20
16517,33,1,5
16518,57,1,10
16518,56,2,0
16518,6,1,10
16519,4,2,10
16520,17,1,10
16520,44,1,5
16521,2,2,5
16521,28,2,0
16521,15,2,20
16522,1,1,20
16522,4,2,10
16523,33,2,20
16523,21,2,5
16523,10,1,10
16524,5,2,10
16524,53,1,0
16524,16,2,0
16525,24,-1,10
16525,13,1,20
16526,3,1,0
16526,51,1,20
16527,16,1,0
16527,36,1,0
16527,11,3,0
16527,21,1,0
16528,11,1,10
16529,4,2,20
16530,12,1,20
16530,47,1,0
16530,17,1,5
16531,35,2,0
16532,9,1,0
16533,9,1,0
16533,1,1,20
16533,6,1,0
16533,14,1,5
16534,5,1,0
16534,50,1,5
16534,30,1,5
16535,13,3,0
16535,23,1,0
16536,46,2,0
16536,10,1,10
16537,9,1,10
16537,17,1,20
16537,40,3,10
16537,41,1,10
16538,15,2,10
16539,2,1,0
16539,36,1,0
16539,38,2,5
16540,1,1,0
16540,20,1,0
16541,6,2,20
16541,1,1,0
16541,42,1,5
16542,37,1,20
16542,1,1,0
16542,3,1,0
16542,36,1,0
16543,14,3,10
16543,4,1,0
16544,37,1,5
16544,1,1,0
16544,2,1,10
16545,10,3,0
16546,17,2,10
16546,19,2,5
16546,38,1,0
16547,51,1,5
16548,59,1,0
16548,48,1,10
16548,10,2,5
16548,6,1,20
16549,7,1,10
16550,27,1,0
16550,4,1,10
16550,29,1,5
16551,5,2,10
16551,39,1,0
16551,31,2,5
16552,3,1,0
16552,4,1,0
16552,15,1,0
16553,12,2,0
16553,21,1,10
16553,23,2,5
16554,10,1,10
16554,10,1,10
16554,56,1,0
16554,11,1,0
16555,47,1,0
16555,26,1,10
16555,22,1,5
16555,21,1,10
16556,4,1,5
16557,21,1,0
16557,48,1,5
16558,25,3,20
16558,26,2,0
16558,3,1,5
16558,38,1,20
16559,1,1,10
16559,38,1,10
16560,2,2,10
16560,30,1,0
16560,5,-1,0
16560,47,1,10
16561,9,2,5
16561,50,1,20
16562,1,1,20
16563,6,3,5
16564,3,1,10
16564,41,1,0
16564,4,1,10
16564,1,2,0
16565,9,1,0
16566,9,2,0
16567,39,1,10
16567,1,1,20
16567,43,3,0
16568,3,1,10
16569,8,1,10
16569,37,1,10
16570,34,1,0
16570,44,1,0
16570,8,1,0
16570,54,1,5
16571,18,3,10
16571,2,2,0
16572,3,1,10
16573,3,2,5
16573,17,1,0
16573,17,1,5
16574,22,1,5
16575,5,2,0
16575,11,1,5
16575,10,2,10
16576,23,1,0
16576,29,1,0
16576,2,2,0
16576,39,1,10
16577,11,1,0
16577,8,1,0
16577,16,1,0
16577,1,1,10
16578,4,1,20
16578,25,1,20
16578,47,1,0
16578,12,1,0
16579,5,2,0
16579,44,1,10
16579,8,3,20
16579,3,1,0
16580,34,1,0
16580,3,2,20
16580,21,1,0
16580,2,2,0
16581,4,1,0
16581,26,1,5
16581,4,1,0
16582,2,1,10
16583,5,1,10
16583,60,1,0
16583,30,1,10
16584,1,1,20
16584,40,1,0
16584,36,1,5
16585,30,3,20
16585,13,1,5
16585,33,1,0
16586,15,2,10
16587,6,1,10
16587,45,3,0
16587,28,1,0
16587,2,1,20
16588,28,1,20
16588,2,1,20
16588,35,1,5
16589,37,1,0
16590,26,2,5
16590,3,1,10
16590,45,1,0
16590,9,1,10
16591,1,1,0
16591,50,1,5
16591,23,2,20
16592,31,1,20
16593,28,2,0
16593,41,2,0
16594,11,1,0
16594,48,1,5
16595,54,1,0
16596,2,3,0
16597,48,1,10
16597,3,2,10
16597,16,1,0
16597,50,1,0
16598,39,3,10
16599,33,1,0
16600,8,1,5
16600,18,2,0
16600,4,1,20
16600,60,3,0
16601,1,1,20
16602,39,1,5
16603,6,1,0
16603,23,1,0
16603,39,1,10
16604,3,2,5
16604,20,1,0
16604,47,1,20
16605,8,2,0
16605,7,1,10
16606,20,1,0
16607,52,1,5
16607,3,2,0
16607,19,1,0
16608,1,1,20
16608,1,1,10
16609,49,2,0
16609,10,1,10
16609,46,1,0
16609,4,1,0
16610,5,2,20
16610,8,1,0
16610,47,1,5
16610,33,1,0
16611,27,2,0
16611,7,1,5
16611,10,1,0
16611,5,1,0
16612,2,1,10
16613,7,1,0
16613,24,1,0
16614,52,1,0
16614,4,1,5
16615,13,1,0
16615,38,1,10
16615,18,1,10
16616,9,1,0
16617,42,1,20
16617,2,2,20
16617,1,1,5
16617,24,3,5
16618,12,1,0
16618,28,1,10
16618,2,1,0
16619,20,2,0
16620,21,1,0
16620,51,3,10
16620,47,1,20
16620,56,1,0
16621,41,1,0
16621,32,1,10
16621,18,1,0
16621,24,2,10
16622,18,1,0
16622,4,1,10
16623,52,2,0
16623,6,1,5
16624,14,1,20
16625,4,2,5
16625,3,3,0
16626,17,1,0
16627,4,1,0
16628,48,1,10
16629,22,1,0
16629,32,1,20
16630,38,1,20
16631,23,1,10
16632,3,1,0
16632,44,3,0
16633,54,1,5
16633,5,3,5
16633,9,1,0
16633,12,1,10
16634,3,1,20
16635,2,1,5
16636,3,1,5
16637,8,1,10
16637,5,3,0
16638,22,1,5
16638,26,3,0
16638,27,2,5
16639,56,2,0
16640,29,2,0
16640,13,1,0
16641,8,1,0
16642,1,1,10
16642,8,1,5
16642,21,3,0
16642,5,2,0
16643,49,2,0
16643,16,1,20
16643,39,1,10
16644,34,2,5
16644,22,1,5
16644,4,2,0
16645,3,1,0
16645,34,2,10
16646,2,3,20
16646,14,1,10
16647,23,2,10
16647,1,3,0
16647,1,1,0
16647,5,1,10
16648,45,1,0
16648,2,1,0
16648,2,1,10
16648,30,2,10
16649,19,1,5
16649,13,1,0
16649,31,2,5
16650,5,1,0
16650,17,1,0
16651,37,1,0
16651,21,1,20
16652,47,1,0
16652,16,1,5
16652,24,2,0
16653,41,1,0
16653,6,1,0
16653,27,1,5
16654,33,1,0
16654,1,2,0
16655,1,1,0
16655,41,1,5
16655,38,1,0
16656,26,1,0
16657,11,1,5
16657,22,1,10
16658,13,1,0
16658,18,1,0
16659,4,2,5
16659,8,3,0
16660,1,2,0
16660,5,1,0
16660,23,1,0
16661,3,1,20
16661,28,1,10
16661,17,2,5
16662,39,1,10
16662,6,2,20
16662,48,1,20
16662,19,1,0
16663,1,1,0
16663,10,1,0
16664,17,2,10
16664,20,2,5
16664,2,1,0
16665,1,1,0
16665,15,2,5
16665,3,2,0
16666,5,1,0
16667,54,3,10
16668,13,2,10
16668,20,-1,5
16669,22,1,10
16669,19,1,5
16669,58,1,0
16669,16,1,10
16670,12,1,0
16671,8,1,10
16671,34,1,0
16671,12,3,0
16672,42,1,0
16672,5,2,10
16673,1,1,0
16673,39,1,10
16674,1,2,5
16674,39,1,10
16674,36,1,0
16674,35,2,20
16675,8,1,10
16675,16,1,0
16675,27,2,5
16675,3,2,5
16676,36,1,10
16676,21,1,10
16676,10,3,5
16676,2,1,5
16677,2,3,0
16678,5,3,5
16678,60,1,5
16679,14,1,0
16679,23,1,0
16679,26,1,10
16679,26,1,0
16680,18,2,5
16680,35,1,0
16680,38,1,10
16680,29,1,10
16681,4,1,5
16681,32,1,0
16682,25,2,10
16683,5,1,20
16684,28,1,0
16684,2,1,20
16684,17,1,0
16684,16,2,5
16685,19,1,5
16685,40,1,0
16685,8,1,0
16686,20,3,10
16686,24,1,0
16686,14,1,10
16687,59,1,0
16687,42,3,0
16687,50,1,10
16687,2,1,0
16688,12,2,0
16688,33,2,5
16688,32,1,0
16688,26,2,0
16689,20,1,5
16689,47,3,10
16689,47,2,0
16690,31,1,5
16690,27,1,10
16691,20,1,0
16691,3,1,0
16691,1,3,5
16692,2,1,5
16692,34,1,0
16692,3,2,0
16693,49,1,0
16693,24,1,0
16694,29,1,5
16694,8,1,0
16694,8,1,0
16694,41,1,10
16695,57,1,10
16695,12,3,0
16695,46,1,10
16696,51,2,5
16696,3,2,0
16696,25,2,5
16697,10,2,0
16698,1,1,20
16699,30,1,0
16699,36,3,0
16699,25,2,0
16700,19,1,5
16700,54,1,0
16700,4,3,20
16701,57,1,0
16701,23,2,0
16701,51,1,0
16701,49,1,20
16702,1,1,5
16703,29,1,0
16704,27,1,0
16705,11,2,5
16705,10,1,10
16705,22,1,20
16706,27,1,20
16707,3,1,5
16707,47,3,0
16707,18,2,5
16708,11,2,10
16709,44,1,5
16709,47,1,20
16709,1,1,10
16709,17,1,5
16710,32,1,0
16710,9,1,0
16711,27,2,20
16711,5,1,0
16712,6,1,20
16712,27,1,5
16712,10,1,20
16713,27,2,10
16714,11,1,20
16714,5,1,10
16714,2,2,10
16715,56,1,10
16715,49,1,0
16715,34,2,10
16716,14,1,10
16716,23,1,20
16716,14,1,10
16717,53,1,0
16717,10,1,10
16717,19,1,5
16718,14,2,10
16718,33,3,10
16718,8,1,10
16718,45,2,10
16719,5,1,5
16719,34,2,0
16720,20,1,20
16720,17,2,0
16721,35,1,0
16721,53,1,20
16721,16,1,10
16722,6,1,0
16722,5,1,10
16723,1,1,10
16724,4,1,20
16724,45,2,20
16724,9,1,0
16724,36,1,20
16725,24,2,0
16725,37,1,0
16725,9,3,0
16725,50,2,0
16726,7,1,10
16726,8,2,0
16726,38,1,20
16727,5,1,20
16727,38,1,10
16727,27,2,0
16727,33,1,0
16728,21,1,5
16728,25,1,5
16729,19,3,10
16730,18,1,10
16730,2,1,10
16730,1,1,5
16730,1,1,0
16731,13,1,20
16732,51,1,0
16732,36,1,10
16732,1,3,5
16732,2,1,10
16733,17,1,20
16733,3,2,0
16733,20,2,20
16734,1,2,20
16734,38,1,0
16735,34,2,5
16736,60,2,10
16736,14,1,0
16737,1,2,10
16737,30,3,0
16737,34,2,5
16738,29,1,0
16738,35,1,10
16739,58,1,20
16739,3,2,0
16740,5,1,5
16741,28,1,10
16741,4,1,10
16741,6,1,0
16741,12,1,10
16742,17,1,0
16742,1,1,20
16742,37,1,5
16742,50,1,10
16743,6,2,5
16743,27,1,10
16744,50,2,0
16744,6,1,0
16744,25,1,0
16745,5,1,0
16746,1,3,10
16747,60,1,10
16747,40,1,0
16747,38,2,10
16748,4,1,5
16749,12,1,0
16749,36,1,0
16749,9,1,20
16749,5,1,5
16750,4,1,5
16750,9,1,0
16751,5,1,0
16751,18,3,0
16751,33,1,20
16752,43,2,0
16752,10,1,0
16753,23,3,0
16753,15,2,10
16753,24,1,0
16753,17,1,5
16754,2,3,5
16754,1,1,10
16754,2,2,20
16754,12,1,0
16755,12,1,5
16756,55,1,5
16756,1,1,10
16756,1,1,10
16756,23,1,10
16757,52,1,10
16757,11,1,10
16758,22,1,0
16758,32,1,0
16758,31,3,0
16758,21,2,10
16759,49,1,20
16759,53,1,0
16760,42,3,5
16760,55,2,0
16760,11,1,0
16760,19,1,5
16761,30,1,20
16761,5,1,0
16762,1,2,0
16762,4,1,5
16762,3,1,5
16762,30,1,0
16763,24,2,5
16763,59,1,0
16763,31,2,0
16764,10,2,0
16764,49,2,0
16764,35,2,0
16765,3,1,0
16765,11,1,0
16766,35,1,0
16766,57,1,10
16767,6,1,20
16767,60,2,10
16767,8,3,10
16767,23,1,0
16768,12,2,0
16768,29,2,5
16768,15,1,10
16768,6,1,10
16769,5,1,0
16769,7,1,10
16769,54,2,0
16770,12,1,10
16771,46,2,0
16771,11,1,5
16771,34,1,10
16772,6,3,0
16772,13,2,20
16772,32,3,0
16772,23,1,0
16773,21,1,10
16773,26,1,5
16773,17,1,20
16773,29,1,5
16774,6,1,0
16774,21,1,10
16775,40,1,0
16775,7,1,0
16776,46,1,5
16776,1,1,0
16776,17,1,0
16776,27,1,0
16777,10,1,0
16777,10,1,10
16777,1,1,20
16778,16,1,0
16778,51,1,10
16779,23,2,0
16779,45,1,0
16779,44,3,5
16780,38,3,0
16780,28,1,10
16781,1,3,0
16781,35,1,20
16782,45,2,20
16782,13,1,10
16782,35,2,10
16782,6,1,0
16783,9,1,0
16783,5,1,5
16783,1,1,20
16783,24,1,0
16784,46,1,5
16785,11,1,0
16785,19,3,20
16786,29,1,0
16787,12,2,10
16787,20,3,20
16787,60,1,0
16788,23,1,0
16788,21,1,5
16789,11,1,10
16789,17,1,0
16790,20,1,10
16791,9,1,0
16791,50,3,10
16791,9,3,10
16791,20,1,0
16792,1,1,5
16792,43,1,10
16793,29,1,0
16793,6,1,0
16794,23,1,20
16795,2,1,0
16795,7,1,10
16795,18,1,0
16795,4,1,5
16796,23,2,20
16796,25,3,0
16796,2,1,0
16797,14,3,5
16797,24,1,10
16798,17,1,0
16798,52,1,0
16798,52,1,20
16799,12,1,0
16800,8,1,10
16801,32,1,0
16801,32,1,10
16801,4,1,20
16801,27,2,20
16802,58,2,10
16802,42,1,10
16803,2,2,20
16804,4,1,5
16804,14,2,0
16805,19,1,20
16805,6,1,20
16805,26,1,0
16806,7,1,20
16806,16,1,10
16806,28,3,0
16806,12,1,0
16807,19,1,10
16808,7,1,0
16808,2,2,20
16809,20,1,5
16809,38,1,10
16809,10,2,10
16810,5,1,0
16811,3,2,10
16811,16,1,20
16811,11,2,5
16811,41,1,0
16812,29,2,0
16813,60,2,10
16813,48,1,10
16813,9,1,10
16814,25,2,0
16814,37,2,10
16814,25,1,5
16814,20,1,0
16815,28,1,5
16815,4,1,0
16815,15,2,5
16816,16,2,10
16817,1,1,0
16817,8,2,5
16818,2,3,20
16818,39,1,20
16818,57,1,10
16818,45,2,0
16819,10,1,0
16820,5,1,0
16820,19,1,10
16821,59,1,0
16821,17,1,5
16822,1,2,0
16822,6,1,0
16823,7,2,10
16823,27,3,0
16823,45,1,0
16823,6,3,10
16824,17,1,5
16824,44,3,10
16824,5,1,5
16825,7,2,5
16825,56,3,0
16825,24,1,10
16826,44,1,10
16827,15,1,0
16828,2,1,0
16828,56,1,20
16829,15,1,0
16829,30,1,20
16829,53,1,20
16829,31,1,10
16830,14,2,0
16830,1,1,5
16830,11,1,0
16831,25,1,0
16831,15,1,20
16831,30,3,20
16831,4,2,10
16832,4,1,0
16832,6,2,10
16832,31,1,20
16832,5,1,0
16833,59,1,0
16833,6,1,0
16833,14,1,10
16834,22,1,0
16834,37,1,5
16834,21,1,0
16835,18,1,0
16835,14,2,0
16835,1,3,5
16835,2,2,0
16836,41,1,5
16837,9,1,0
16837,15,2,20
16837,25,3,10
16837,1,1,10
16838,46,1,0
16838,21,2,20
16838,13,2,0
16838,1,1,10
16839,39,3,0
16839,3,3,10
16840,44,2,5
16840,16,1,5
16840,4,1,20
16840,2,1,0
16841,11,1,5
16841,19,1,0
16842,55,1,0
16842,4,1,5
16842,7,1,20
16842,6,2,0
16843,5,2,0
16843,1,1,10
16843,45,1,5
16843,12,2,0
16844,11,3,0
16844,31,2,0
16845,9,2,0
16846,42,2,10
16846,7,1,20
16846,15,2,10
16847,5,1,10
16847,47,2,0
16847,36,1,10
16847,24,1,5
16848,21,2,20
16848,10,1,5
16849,28,1,0
16849,9,2,10
16849,3,1,10
16849,8,1,10
16850,18,1,5
16850,5,2,10
16851,41,2,0
16851,21,1,5
16851,34,2,10
16852,33,1,20
16852,7,1,5
16852,22,2,5
16853,49,1,0
16853,1,2,0
16853,4,1,10
16854,2,1,20
16854,2,1,0
16855,3,1,5
16856,57,1,10
16857,14,1,10
16857,48,1,0
16858,26,3,5
16859,8,1,10
16860,51,1,0
16860,38,2,0
16860,22,1,0
16861,13,2,0
16861,5,1,0
16862,30,1,10
16862,60,1,5
16862,3,1,10
16863,31,1,5
16863,32,3,10
16864,29,1,0
16865,2,1,10
16865,11,1,0
16866,25,2,10
16866,9,1,20
16866,40,1,0
16866,45,1,0
16867,53,1,5
16868,22,1,20
16869,30,2,10
16869,45,1,10
16869,50,1,20
16870,14,1,5
16870,30,2,5
16871,5,1,0
16871,39,3,20
16871,54,1,10
16872,6,1,5
16872,25,1,0
16872,2,1,0
16872,55,2,20
16873,13,2,0
16874,6,1,0
16874,52,1,0
16875,3,2,5
16875,5,1,10
16875,19,1,10
16875,25,1,0
16876,5,3,20
16877,4,1,0
16878,58,1,0
16878,2,1,0
16878,1,1,0
16878,2,1,20
16879,20,1,0
16880,21,1,0
16880,34,2,5
16880,6,1,0
16880,6,2,0
16881,25,1,0
16881,16,1,20
16881,4,1,0
16881,6,1,0
16882,14,1,10
16882,27,2,10
16883,6,2,0
16883,19,3,0
16883,60,1,10
16884,31,1,0
16884,25,1,5
16884,19,1,10
16884,59,3,0
16885,10,2,5
16885,18,1,10
16885,11,1,0
16885,3,2,0
16886,46,1,0
16886,5,1,0
16886,35,2,0
16886,7,2,5
16887,59,1,0
16888,1,1,20
16889,35,1,10
16889,22,1,10
16890,37,1,10
16890,10,2,0
16890,49,1,20
16891,13,1,5
16891,32,1,0
16892,20,3,0
16892,7,1,10
16892,43,1,10
16892,28,2,0
16893,9,1,10
16893,13,2,0
16893,1,1,10
16894,5,1,0
16894,42,2,20
16894,54,3,0
16894,25,1,0
16895,3,3,20
16896,33,1,10
16896,19,1,0
16896,11,1,0
16896,22,1,0
16897,13,1,0
16897,6,1,0
16897,7,1,0
16898,2,1,10
16899,19,1,20
16899,7,1,0
16900,28,1,20
16901,11,1,10
16901,39,1,0
16902,10,2,20
16902,53,1,10
16903,21,1,10
16903,23,1,10
16904,19,3,0
16904,42,2,0
16904,49,1,0
16905,9,1,10
16905,24,1,0
16905,7,3,0
16905,40,2,5
16906,2,2,10
16906,54,1,5
16906,9,1,0
16906,28,1,0
16907,55,1,10
16907,1,2,10
16907,3,1,20
16907,5,1,5
16908,2,2,20
16908,44,1,0
16908,28,1,10
16909,14,3,0
16909,4,2,20
16909,57,1,20
16910,11,1,10
16910,2,1,20
16911,23,1,5
16911,2,1,10
16911,5,1,10
16912,14,1,0
16912,1,1,10
16912,30,2,20
16912,38,2,10
16913,31,1,0
16914,53,2,0
16914,5,1,20
16914,55,3,5
16914,1,1,20
16915,12,3,10
16915,15,3,5
16916,13,1,10
16917,42,2,0
16917,32,1,0
16917,15,1,20
16917,25,2,20
16918,1,1,10
16918,4,2,0
16919,6,1,0
16919,33,2,5
16919,27,1,0
16920,17,1,5
16920,36,1,0
16921,31,1,20
16921,37,2,20
16921,7,1,20
16922,14,1,20
16923,7,1,10
16923,45,1,0
16923,4,1,10
16924,1,3,0
16924,53,1,10
16924,8,1,20
16925,19,2,5
16925,34,1,10
16925,42,1,20
16926,52,1,10
16927,3,1,20
16927,25,2,20
16927,50,1,5
16928,41,1,10
16928,14,1,0
16928,31,3,0
16928,36,1,10
16929,30,2,10
16930,13,1,10
16930,2,1,0
16930,12,1,10
16930,14,1,10
16931,27,2,10
16931,38,1,20
16931,4,1,0
16932,45,1,10
16932,27,1,0
16932,5,1,0
16933,1,1,20
16934,1,1,10
16934,16,1,5
16934,41,1,10
16935,16,1,5
16935,15,1,0
16935,19,3,10
16936,7,2,5
16937,28,1,10
16937,20,1,0
16937,21,3,5
16938,38,2,5
16938,22,3,0
16938,60,1,10
16938,13,1,0
16939,39,1,10
16939,18,1,0
16939,28,1,0
16939,41,1,20
16940,32,2,0
16940,11,1,5
16940,31,1,0
16940,18,-1,10
16941,24,1,20
16941,14,1,10
16942,15,1,20
16942,56,1,20
16942,55,3,20
16943,1,-1,10
16943,23,1,0
16944,22,2,20
16945,28,1,0
16945,59,2,0
16945,3,1,20
16946,12,1,20
16946,37,1,0
16946,45,2,20
16946,1,1,10
16947,1,1,10
16947,3,1,0
16947,8,1,5
16947,3,1,0
16948,12,1,5
16948,19,1,0
16948,2,1,10
16949,6,1,0
16950,48,3,10
16951,7,1,5
16952,29,1,20
16952,28,1,5
16952,20,3,5
16953,4,1,20
16953,24,2,10
16954,15,1,0
16955,55,3,0
16955,9,1,0
16955,37,2,0
16956,23,1,10
16957,34,2,0
16958,7,2,10
16958,49,1,10
16958,23,1,20
16959,3,1,5
16959,18,1,10
16959,5,3,5
16959,19,2,0
16960,3,1,0
16960,1,1,5
16960,36,1,20
16960,3,1,10
16961,15,1,0
16962,26,1,0
16962,44,2,5
16962,35,3,10
16963,5,1,0
16963,59,1,0
16963,32,1,0
16963,23,3,0
16964,33,2,20
16965,56,1,5
16965,4,1,20
16966,2,2,10
16967,41,2,20
16968,10,2,5
16968,2,1,5
16969,9,1,0
16969,29,1,10
16969,2,1,10
16969,5,1,5
16970,22,1,0
16970,26,1,5
16971,45,1,20
16972,6,1,10
16972,40,1,10
16972,26,1,0
16972,41,1,0
16973,12,1,0
16973,12,1,0
16973,59,2,10
16974,49,1,20
16974,27,2,5
16974,1,2,10
16974,2,1,0
16975,55,3,0
16975,9,1,10
16976,25,1,0
16976,3,1,10
16977,10,1,0
16978,49,2,20
16978,3,1,0
16978,4,1,0
16978,44,1,5
16979,2,1,20
16979,55,1,0
16980,33,1,10
16980,42,1,5
16980,8,1,5
16980,9,1,5
16981,30,3,0
16981,7,1,0
16981,21,1,0
16982,3,3,5
16982,46,1,0
16983,32,1,5
16984,6,1,0
16984,16,3,0
16984,51,1,0
16984,36,1,5
16985,36,1,10
16985,18,1,10
16985,46,2,0
16985,2,1,5
16986,3,1,10
16986,6,1,0
16987,9,1,5
16987,1,1,10
16987,21,2,10
16987,34,1,20
16988,38,1,10
16989,25,1,5
16989,1,1,20
16990,1,1,0
16990,18,2,20
16990,4,1,0
16990,7,2,5
16991,45,1,10
16992,32,1,5
16992,17,1,10
16992,58,2,5
16992,34,1,20
16993,2,1,5
16993,48,1,10
16994,15,1,10
16995,7,2,10
16996,20,2,5
16996,2,1,0
16996,59,1,0
16997,1,2,10
16998,1,2,5
16998,33,1,0
16999,1,1,5
16999,17,1,5
17000,4,2,0
17000,8,2,0
17000,14,1,10
17001,43,1,5
17002,10,2,0
17002,8,3,0
17003,47,2,10
17004,41,3,10
17004,44,1,0
17004,9,1,20
17004,25,2,20
17005,31,1,0
17005,59,1,0
17005,35,1,5
17006,24,1,0
17006,2,2,5
17007,14,2,10
17007,20,1,10
17007,47,1,20
17007,11,3,0
17008,3,1,20
17009,5,1,0
17009,28,2,0
17009,3,2,5
17010,32,1,5
17011,1,1,10
17012,33,1,10
17012,6,1,5
17012,53,2,10
17012,25,3,20
17013,47,3,10
17013,43,1,0
17013,18,3,0
17014,26,1,0
17014,56,1,0
17014,2,1,0
17015,26,1,10
17015,15,2,5
17015,34,1,0
17015,7,2,5
17016,9,1,0
17017,60,3,5
17017,8,3,10
17017,7,1,0
17017,55,1,0
17018,3,2,20
17018,30,1,5
17019,4,3,20
17019,12,3,0
17019,11,1,5
17020,29,1,10
17020,46,2,0
17020,5,1,10
17020,11,1,10
17021,23,1,20
17021,60,1,20
17022,1,3,20
17022,13,1,5
17023,24,3,5
17023,1,2,0
17024,40,1,0
17024,1,1,0
17025,38,3,0
17025,7,2,10
17026,15,2,10
17027,5,1,0
17027,27,1,20
17027,2,1,10
17028,7,2,10
17028,7,1,20
17028,2,1,20
17028,21,2,5
17029,20,1,10
17029,43,1,0
17029,23,1,0
17029,42,1,10
17030,16,1,5
17030,2,3,10
17031,12,1,10
17031,7,1,0
17031,51,1,10
17032,8,1,10
17032,43,3,10
17032,22,1,0
17032,51,1,5
17033,7,1,0
17034,11,1,0
17035,7,3,20
17035,21,3,10
17036,55,1,10
17037,1,1,20
17038,16,2,5
17038,38,1,20
17038,9,1,0
17039,3,2,0
17039,26,1,0
17039,10,1,5
17039,58,1,0
17040,11,1,10
17041,13,3,0
17041,33,1,10
17041,1,1,10
17041,17,1,5
17042,10,1,5
17042,10,2,10
17042,4,1,20
17043,12,1,20
17043,58,1,0
17043,15,1,5
17044,4,1,0
17045,18,1,5
17046,2,1,10
17047,26,3,0
17047,46,3,0
17047,2,1,10
17048,17,1,10
17048,38,1,5
17048,8,1,5
17049,11,2,0
17049,20,2,0
17049,12,1,10
17050,49,3,10
17051,20,1,10
17052,59,1,10
17052,16,1,20
17053,14,1,20
17054,38,2,10
17054,29,2,5
17054,60,1,0
17055,32,1,0
17055,2,2,20
17055,9,1,0
17056,50,1,10
17056,16,1,0
17057,2,1,0
17057,5,3,0
17057,35,1,10
17058,5,1,10
17058,36,1,20
17059,28,2,0
17059,22,1,10
17059,28,1,10
17060,54,1,10
17060,12,1,10
17060,30,3,20
17060,4,1,5
17061,18,2,0
17061,6,2,10
17062,1,2,0
17062,37,1,5
17062,15,2,10
17063,35,2,5
17063,4,3,0
17064,3,1,20
17064,2,2,0
17064,49,2,0
17065,2,1,20
17065,5,1,5
17065,4,1,0
17065,40,1,20
17066,44,3,20
17067,11,1,5
17068,12,1,5
17068,29,3,10
17068,59,1,5
17069,4,1,5
17069,4,1,5
17070,21,1,0
17070,24,2,20
17070,4,1,5
17070,11,1,0
17071,1,2,10
17072,33,1,20
17072,56,1,10
17072,44,1,0
17072,1,1,0
17073,11,1,20
17073,32,2,0
17074,2,3,5
17075,34,1,20
17075,13,-1,10
17075,41,2,20
17075,7,1,5
17076,26,1,0
17077,33,2,20
17077,37,2,0
17077,23,2,0
17078,2,1,0
17078,10,1,5
17078,41,1,0
17078,40,3,0
17079,16,1,0
17079,53,1,5
17079,20,1,0
17079,46,1,0
17080,1,1,5
17080,1,2,0
17080,20,2,5
17081,54,-1,0
17082,7,1,10
17083,51,2,10
17084,38,1,0
17084,10,2,10
17084,23,1,0
17084,53,1,0
17085,3,2,5
17085,44,1,10
17086,19,1,0
17086,47,3,20
17086,25,1,10
17086,3,1,0
17087,54,1,10
17087,58,1,5
17088,4,1,10
17088,4,1,0
17088,44,1,0
17089,3,3,0
17089,1,3,0
17089,4,1,20
17089,19,1,10
17090,36,1,20
17090,12,1,10
17090,19,1,10
17090,12,1,0
17091,6,1,0
17091,4,3,10
17091,2,1,10
17091,4,1,0
17092,7,1,0
17093,7,1,0
17093,2,1,0
17094,43,1,0
17094,18,1,10
17094,26,1,20
17095,54,2,20
17095,14,3,10
17096,34,3,0
17096,11,3,0
17097,55,1,10
17098,23,1,5
17098,2,3,20
17098,2,1,10
17098,3,1,10
17099,15,1,10
17099,42,1,5
17100,3,1,10
17100,41,1,10
17100,38,3,20
17100,9,1,20
17101,47,3,0
17101,2,1,0
17102,31,1,10
17102,46,3,0
17102,15,1,10
17102,4,2,10
17103,53,1,0
17103,49,1,10
17104,18,1,0
17104,21,1,0
17105,32,3,10
17105,1,1,10
17105,9,1,0
17105,52,1,0
17106,27,1,0
17107,15,1,0
17107,1,1,5
17107,37,2,5
17108,22,1,20
17108,39,1,0
17108,3,1,0
17108,7,1,5
17109,28,2,0
17109,9,1,5
17109,2,1,0
17110,2,1,0
17110,40,2,10
17111,24,2,5
17111,24,1,0
17112,27,2,20
17113,2,1,10
17114,55,3,10
17114,1,1,0
17114,16,1,20
17114,47,2,0
17115,30,1,5
17115,16,1,10
17115,3,1,0
17116,11,2,10
17116,3,2,10
17116,7,1,5
17116,18,1,10
17117,15,1,5
17117,9,3,20
17117,2,1,10
17117,7,1,5
17118,1,2,20
17118,6,1,10
17119,16,3,20
17119,4,1,20
17119,3,3,0
17119,2,1,20
17120,54,1,10
17120,18,2,10
17120,32,1,0
17120,60,1,10
17121,20,1,0
17121,26,1,0
17121,1,3,0
17122,43,1,5
17122,2,1,0
17122,1,1,0
17122,17,1,10
17123,42,1,20
17123,49,2,5
17123,22,1,0
17123,24,1,5
17124,10,1,5
17124,30,1,20
17125,33,1,5
17125,10,1,0
17125,15,2,10
17125,37,2,5
17126,38,2,0
17127,9,1,5
17127,9,1,20
17127,1,1,10
17128,12,1,10
17128,36,2,20
17129,8,3,0
17129,55,1,0
17129,15,1,20
17130,9,2,10
17130,27,1,20
17130,20,3,0
17130,41,1,5
17131,21,1,20
17132,7,1,10
17132,41,2,0
17132,20,2,0
17133,5,1,20
17133,35,1,20
17134,34,3,0
17134,1,3,0
17135,22,1,0
17136,3,2,5
17137,40,1,0
17137,19,1,0
17138,45,2,20
17138,1,3,5
17139,5,1,5
17139,51,1,10
17140,2,1,0
17140,10,1,10
17141,38,2,5
17141,1,1,0
17141,33,2,5
17142,17,1,5
17142,27,1,5
17142,59,1,0
17142,2,1,0
17143,36,1,5
17143,36,1,0
17143,54,1,10
17144,28,1,0
17145,17,-1,10
17145,16,2,5
17145,8,1,20
17146,19,2,20
17146,31,1,20
17146,56,1,20
17146,1,3,0
17147,3,2,10
17147,4,1,10
17147,59,1,20
17148,57,2,10
17148,15,1,0
17148,5,1,0
17148,1,3,10
17149,4,1,5
17149,6,2,0
17150,51,1,5
17151,13,1,5
17151,20,3,5
17151,9,3,10
17152,14,1,5
17152,13,2,20
17152,1,1,0
17153,24,1,0
17154,34,2,10
17154,47,1,5
17154,43,2,20
17154,6,2,5
17155,50,1,0
17155,57,2,0
17156,4,2,5
17156,1,2,20
17156,28,2,0
17156,5,1,0
17157,42,1,0
17157,44,1,20
17158,5,1,10
17158,31,1,20
17158,3,1,0
17159,46,1,5
17159,2,3,10
17159,4,3,20
17159,1,1,0
17160,40,1,0
17160,13,1,5
17160,2,1,10
17160,6,1,10
17161,14,2,0
17162,1,1,5
17162,20,1,10
17163,11,1,0
17163,34,1,10
17163,6,1,10
17164,4,2,5
17164,17,2,0
17164,3,1,5
17165,1,1,0
17166,13,1,10
17166,22,2,0
17167,14,1,10
17168,51,1,10
17168,4,1,10
17168,28,1,0
17168,31,2,5
17169,3,1,5
17169,5,1,20
17170,28,2,10
17170,34,1,10
17171,12,1,0
17171,25,1,0
17171,4,2,10
17171,24,3,10
17172,16,1,5
17173,4,3,10
17173,36,1,0
17173,31,1,10
17173,6,1,20
17174,25,1,0
17174,24,1,5
17174,30,1,10
17175,12,1,0
17175,2,3,0
17176,17,1,0
17176,11,1,10
17177,33,1,0
17177,18,1,20
17177,54,1,0
17178,28,2,10
17178,52,1,0
17178,14,1,20
17178,12,2,0
17179,50,1,0
17179,4,1,10
17179,54,1,0
17179,3,1,10
17180,1,2,0
17180,8,2,5
17180,11,1,0
17181,13,1,10
17182,5,1,5
17183,36,1,0
17183,28,1,5
17183,6,1,0
17184,9,2,10
17184,16,1,10
17184,23,2,10
17185,3,1,10
17186,4,3,10
17187,30,3,10
17187,15,1,20
17187,28,1,10
17187,50,2,0
17188,7,2,0
17188,52,1,10
17189,2,1,10
17189,34,2,10
17189,19,1,20
17190,41,1,5
17190,5,1,20
17191,34,2,5
17191,52,1,0
17191,32,1,10
17192,17,2,10
17192,8,3,10
17193,14,1,10
17193,43,1,5
17194,42,1,10
17194,11,2,0
17194,15,1,10
17194,23,1,20
17195,54,1,0
17195,4,1,0
17195,4,1,20
17195,45,1,0
17196,22,3,0
17196,46,1,10
17196,54,1,10
17197,27,1,20
17198,1,3,10
17198,3,2,20
17199,40,1,0
17199,40,1,0
17200,5,1,10
17200,31,1,0
17200,35,1,5
17201,2,1,5
17201,1,1,10
17201,2,2,0
17201,27,1,5
17202,8,2,20
17202,26,1,20
17202,22,1,0
17203,12,3,0
17203,46,1,20
17203,12,1,0
17203,10,1,0
17204,3,3,10
17204,34,3,0
17204,11,2,20
17204,50,1,20
17205,13,3,5
17205,5,3,10
17205,25,1,10
17206,26,1,20
17207,18,1,0
17208,26,1,0
17208,42,2,10
17209,3,1,10
17209,14,1,20
17209,58,2,0
17210,17,3,0
17210,8,1,0
17210,9,1,5
17211,22,2,10
17212,17,2,0
17212,14,1,0
17212,18,2,10
17212,12,1,0
17213,30,3,0
17214,4,1,0
17214,7,3,10
17214,37,2,0
17215,22,1,0
17215,17,2,20
17215,60,1,20
17215,14,1,5
17216,51,1,10
17216,12,1,5
17216,54,1,0
17217,1,2,20
17218,60,1,10
17218,2,2,0
17219,58,1,0
17219,18,1,0
17219,58,2,0
17220,1,3,0
17220,25,1,20
17220,2,1,5
17220,50,1,20
17221,2,1,0
17221,6,1,5
17221,7,2,10
17221,4,1,5
17222,2,3,10
17222,13,1,5
17222,52,1,0
17222,14,1,0
17223,35,3,20
17223,7,2,0
17223,11,1,10
17224,2,1,5
17224,44,1,20
17224,12,1,10
17225,19,1,0
17225,3,3,10
17226,24,3,5
17227,2,2,10
17227,17,3,0
17228,50,1,20
17228,55,1,10
17228,53,1,0
17228,52,3,0
17229,24,1,0
17229,6,1,0
17230,40,1,0
17231,1,1,5
17231,58,1,0
17231,38,1,0
17231,19,3,0
17232,57,1,0
17232,25,3,20
17232,1,1,10
17232,28,1,0
17233,29,1,20
17233,1,1,10
17233,15,1,0
17233,32,2,10
17234,43,1,10
17234,3,1,20
17234,2,3,5
17235,5,2,10
17235,15,2,20
17235,7,3,10
17236,33,1,0
17237,28,3,0
17237,18,1,10
17238,56,3,0
17239,54,1,0
17239,13,2,10
17239,7,1,5
17240,28,2,20
17240,24,1,5
17240,31,1,0
17240,3,2,0
17241,14,1,5
17241,56,1,0
17242,42,1,20
17242,46,3,0
17243,41,3,0
17243,4,1,20
17243,42,2,0
17243,3,1,0
17244,6,2,20
17244,16,1,0
17245,14,3,0
17245,43,1,20
17246,18,3,0
17247,1,1,0
17247,40,3,0
17247,16,3,10
17248,4,1,10
17249,2,1,10
17250,58,1,10
17251,11,2,0
17252,18,1,10
17252,35,1,10
17253,49,1,20
17253,3,2,0
17254,9,1,5
17254,11,2,0
17254,17,1,0
17255,22,1,5
17255,5,1,0
17255,24,1,20
17255,1,2,5
17256,55,1,10
17256,48,1,0
17256,3,1,0
17257,2,1,20
17258,34,3,5
17258,16,1,0
17258,39,1,5
17259,1,1,10
17259,32,1,0
17259,24,1,20
17259,33,2,10
17260,36,1,10
17260,47,1,0
17260,4,1,20
17261,52,1,0
17262,24,1,0
17262,12,2,5
17263,10,1,5
17264,60,2,20
17264,17,3,20
17264,15,1,10
17264,15,2,20
17265,58,1,20
17266,49,1,20
17267,3,2,0
17268,58,1,5
17268,14,1,0
17268,13,2,0
17269,3,1,0
17270,3,1,0
17270,8,1,0
17270,3,1,0
17270,9,1,10
17271,16,1,0
17271,11,1,0
17272,37,1,20
17272,5,1,20
17273,4,2,20
17274,18,1,10
17274,45,1,0
17274,16,1,5
17275,45,2,0
17275,17,1,5
17276,27,3,10
17276,21,3,10
17276,60,1,0
17277,17,1,20
17277,31,1,0
17278,34,1,0
17278,44,2,0
17278,30,2,20
17278,54,1,5
17279,44,2,20
17280,46,1,20
17281,57,1,0
17281,9,1,5
17281,25,2,0
17282,2,1,0
17282,25,2,20
17283,4,1,20
17284,19,1,0
17285,6,2,0
17285,52,2,0
17286,2,1,20
17286,17,1,0
17286,39,2,10
17286,13,2,10
17287,16,2,5
17287,43,1,0
17287,19,2,5
17288,30,2,10
17289,4,1,10
17289,52,1,5
17290,32,1,0
17290,58,1,10
17291,45,1,20
17291,48,2,20
17292,23,3,0
17293,29,1,0
17293,30,1,20
17293,19,1,10
17294,19,1,0
17294,47,1,0
17295,18,1,10
17295,10,1,10
17296,18,2,20
17296,43,1,10
17296,32,2,10
17296,1,1,0
17297,25,1,0
17298,36,2,20
17299,38,1,0
17299,2,3,20
17299,33,1,0
17299,2,1,0
17300,13,2,20
17300,41,2,0
17300,18,1,5
17300,13,1,20
17301,14,1,0
17302,27,1,0
17302,2,2,20
17303,30,1,0
17303,57,1,5
17304,6,1,5
17305,8,1,20
17306,45,1,0
17306,36,2,0
17306,27,1,20
17306,9,3,10
17307,8,1,5
17307,27,1,10
17307,50,2,20
17307,18,1,0
17308,58,2,5
17308,19,1,5
17308,12,1,5
17308,48,1,10
17309,22,1,20
17310,14,1,10
17310,1,2,20
17311,15,1,20
17312,1,1,10
17312,57,3,0
17312,41,1,5
17312,46,2,20
17313,31,1,20
17314,9,1,0
17315,17,1,0
17316,8,2,0
17316,53,1,10
17317,3,1,0
17317,42,1,0
17317,15,3,10
17317,51,3,10
17318,4,1,5
17318,1,3,0
17318,33,1,0
17318,21,1,0
17319,7,1,0
17319,49,1,5
17320,37,1,5
17321,57,1,0
17321,1,2,5
17321,1,1,0
17322,20,1,0
17323,12,1,0
17323,6,1,0
17323,49,3,20
17324,3,1,20
17324,47,1,10
17324,4,3,20
17325,42,2,0
17325,2,1,20
17325,2,3,0
17326,59,2,10
17326,45,1,0
17326,1,1,0
17326,25,2,5
17327,38,1,0
17327,2,3,20
17327,10,1,10
17327,1,1,0
17328,8,3,10
17329,12,1,0
17329,56,1,0
17329,50,2,20
17329,1,1,5
17330,15,1,20
17331,57,1,0
17331,32,1,0
17331,6,1,0
17332,2,1,0
17333,31,1,10
17333,54,2,0
17333,30,1,0
17334,30,1,5
17334,41,2,20
17334,5,1,10
17335,2,1,0
17335,13,1,0
17336,37,1,10
17337,10,1,20
17337,18,2,10
17338,12,1,0
17338,19,2,5
17338,48,2,0
17338,1,1,10
17339,50,1,0
17339,4,3,0
17340,3,1,0
17341,59,1,5
17341,22,1,5
17342,10,2,10
17342,42,1,5
17342,18,1,0
17342,55,2,10
17343,59,2,0
17343,6,1,0
17343,54,2,10
17343,1,3,0
17344,25,1,0
17344,16,1,0
17345,28,1,0
17345,6,1,10
17345,48,2,10
17345,21,1,0
17346,58,1,0
17347,29,1,10
17348,11,2,20
17349,8,1,5
17349,18,1,5
17349,13,1,0
17350,21,1,0
17350,4,2,5
17350,1,1,0
17350,53,1,5
17351,13,3,20
17351,10,1,0
17351,4,1,0
17351,46,1,0
17352,30,1,10
17352,10,3,0
17352,19,1,10
17353,16,2,0
17354,1,1,10
17354,13,1,5
17354,28,3,0
17355,12,1,10
17356,54,2,0
17357,13,1,10
17358,58,2,0
17358,11,1,20
17358,2,2,10
17359,1,1,10
17359,24,1,0
17359,33,1,20
17360,19,2,20
17361,2,1,0
17361,2,1,0
17362,21,1,10
17363,60,1,10
17363,3,1,10
17364,3,1,0
17365,4,2,10
17366,42,1,5
17366,38,1,0
17366,6,3,10
17367,6,1,5
17367,25,1,0
17368,43,3,10
17368,1,1,0
17368,15,2,0
17368,60,1,5
17369,42,1,10
17369,1,3,10
17370,32,1,10
17370,59,2,0
17370,16,1,0
17371,58,1,0
17372,41,1,20
17373,1,1,10
17373,23,1,0
17373,23,1,0
17374,38,3,0
17375,58,3,5
17375,36,1,5
17375,1,3,5
17375,6,1,0
17376,2,1,20
17376,39,3,0
17377,24,1,5
17377,8,1,0
17378,7,1,10
17378,14,2,0
17379,58,1,10
17379,53,1,0
17379,6,2,0
17379,57,1,5
17380,38,1,0
17381,1,1,0
17381,15,1,10
17382,21,2,0
17383,1,1,10
17383,30,1,0
17383,6,1,20
17383,15,1,20
17384,17,1,0
17384,19,1,5
17384,2,2,10
17384,8,1,20
17385,32,2,5
17385,22,2,10
17386,1,1,0
17386,57,3,10
17386,13,1,0
17386,14,2,5
17387,58,1,10
17387,1,1,10
17388,5,3,10
17388,21,3,0
17389,6,1,10
17390,17,1,0
17390,28,1,5
17390,36,2,5
17391,32,1,5
17392,32,1,20
17393,57,1,10
17393,19,3,0
17393,1,1,0
17394,3,1,0
17394,26,1,0
17395,4,1,0
17395,36,1,0
17395,1,2,5
17396,52,1,0
17397,5,1,0
17397,47,1,10
17398,12,1,10
17399,16,3,10
17399,47,1,0
17399,36,1,5
17400,17,1,20
17400,26,1,0
17400,1,2,5
17400,6,3,0
17401,15,2,10
17402,15,2,20
17402,57,1,10
17402,3,1,10
17403,16,1,0
17404,3,1,0
17404,47,1,10
17405,9,3,10
17405,12,1,0
17405,34,2,10
17406,7,2,5
17407,58,1,0
17408,2,1,10
17408,5,1,20
17408,5,1,10
17409,15,1,0
17410,32,1,5
17410,12,3,10
17410,1,1,10
17411,2,1,5
17411,2,1,5
17411,12,1,10
17412,14,1,10
17412,42,2,10
17412,43,1,5
17413,30,2,10
17413,17,1,0
17413,8,1,10
17414,15,2,0
17414,32,1,0
17415,55,1,10
17416,48,1,5
17416,11,1,10
17417,40,1,20
17417,9,1,0
17418,2,1,0
17419,5,1,0
17419,17,1,0
17419,34,1,0
17419,32,1,20
17420,28,1,20
17420,39,2,20
17420,27,1,0
17420,2,1,10
17421,44,1,5
17421,20,1,5
17421,16,3,5
17422,9,1,10
17422,39,1,0
17423,38,1,5
17423,36,3,0
17423,4,1,0
17423,6,3,0
17424,26,1,10
17425,12,1,0
17425,1,3,5
17426,1,2,5
17427,10,3,0
17427,6,1,20
17428,2,1,0
17428,60,1,20
17429,1,1,0
17430,21,1,10
17430,13,1,0
17430,50,1,0
17430,31,2,0
17431,2,1,0
17432,47,3,0
17432,11,1,10
17433,1,3,10
17433,20,1,10
17433,11,2,0
17434,9,1,10
17434,34,1,10
17435,9,1,10
17435,17,2,0
17436,42,1,10
17437,22,2,5
17437,40,1,0
17438,38,1,5
17438,27,1,5
17438,29,1,0
17438,57,2,20
17439,59,3,20
17440,49,3,10
17440,59,1,5
17441,12,1,0
17441,4,3,10
17442,8,1,20
17443,2,1,0
17443,14,1,0
17444,2,1,5
17445,27,1,20
17446,5,2,10
17446,59,1,5
17447,35,2,20
17447,11,1,0
17448,37,1,5
17449,14,1,20
17449,4,1,5
17449,4,1,0
17450,12,1,0
17450,19,1,0
17451,50,1,0
17451,10,1,0
17451,42,1,0
17452,2,1,0
17452,38,1,20
17452,12,2,20
17453,8,1,10
17453,20,1,5
17453,39,2,5
17453,17,1,10
17454,14,1,0
17454,40,1,0
17454,39,1,10
17454,24,1,5
17455,20,2,10
17455,4,1,0
17455,20,2,0
17456,2,1,0
17456,50,1,10
17457,11,1,5
17457,17,1,10
17458,12,2,0
17458,34,2,0
17459,15,1,10
17459,43,1,0
17460,23,2,5
17460,2,1,20
17461,7,1,10
17461,51,1,0
17461,1,1,5
17461,56,1,0
17462,45,1,0
17462,40,1,0
17462,44,1,0
17462,29,1,0
17463,2,2,10
17464,20,1,10
17464,22,1,0
17464,4,3,0
17464,52,1,10
17465,38,2,5
17465,31,1,10
17465,18,1,10
17466,59,1,0
17467,4,3,0
17467,21,3,0
17467,6,1,0
17467,1,2,10
17468,1,1,0
17468,57,1,0
17468,20,1,0
17469,39,1,10
17469,40,1,10
17470,1,1,20
17471,41,1,0
17471,17,1,0
17472,13,1,5
17472,48,3,0
17472,48,2,5
17473,38,1,20
17474,17,1,0
17474,11,1,5
17474,3,2,5
17474,58,1,0
17475,1,2,0
17475,41,1,10
17475,9,1,20
17476,2,1,5
17477,1,1,10
17478,3,1,0
17478,2,1,0
17478,28,1,10
17478,39,1,5
17479,1,1,0
17479,13,1,5
17479,2,2,0
17479,6,3,0
17480,26,2,5
17480,40,1,0
17480,2,1,20
17480,3,1,0
17481,1,3,10
17481,8,1,20
17481,47,3,10
17482,14,1,10
17482,38,1,0
17483,7,1,0
17483,2,1,0
17483,6,2,0
17484,1,3,0
17485,53,1,0
17485,41,2,20
17485,7,1,0
17486,57,1,5
17486,56,2,20
17487,14,2,0
17487,4,1,5
17488,56,1,20
17488,32,1,5
17489,3,1,10
17489,48,2,0
17489,17,1,0
17489,11,1,10
17490,5,1,10
17490,8,1,10
17490,7,1,10
17490,13,1,10
17491,59,3,10
17491,3,1,5
17492,55,2,10
17492,3,1,20
17493,18,1,0
17493,1,1,0
17494,2,1,10
17495,1,2,20
17495,2,1,10
17496,41,3,5
17496,9,2,10
17497,6,1,10
17497,15,1,0
17497,7,1,0
17497,33,1,0
17498,28,1,0
17498,4,1,0
17499,6,1,20
17499,13,1,0
17500,48,1,0
17500,14,1,0
17500,1,1,5
17501,1,1,5
17501,15,1,0
17501,60,1,0
17501,18,2,0
17502,29,1,0
17503,46,1,5
17503,6,2,10
17503,1,2,10
17503,10,1,5
17504,2,1,20
17505,8,1,0
17505,10,2,10
17506,1,2,5
17506,8,1,20
17507,35,1,0
17507,29,1,0
17507,6,1,5
17508,1,2,0
17508,13,3,20
17508,20,2,5
17509,1,3,5
17509,8,3,5
17509,26,1,20
17509,13,1,5
17510,25,2,10
17510,38,3,10
17511,9,1,0
17511,22,1,20
17511,59,2,0
17512,29,2,5
17512,50,2,10
17513,35,1,5
17514,55,1,0
17514,27,1,0
17514,60,1,20
17515,1,1,0
17515,59,1,0
17515,59,2,0
17516,3,1,10
17516,52,2,20
17516,4,1,0
17517,57,1,5
17518,15,3,5
17519,25,1,0
17520,11,1,0
17521,54,1,0
17522,24,2,5
17522,54,1,0
17523,5,1,5
17523,16,1,5
17523,31,2,0
17523,7,2,20
17524,34,2,0
17525,1,1,5
17525,1,1,0
17526,1,1,0
17526,30,3,0
17526,29,1,10
17526,1,1,0
17527,14,1,0
17528,23,1,0
17528,8,1,0
17528,30,1,10
17529,23,1,20
17529,3,1,0
17529,21,1,0
17530,42,3,0
17531,39,1,0
17531,2,1,10
17532,57,1,10
17532,12,1,10
17532,8,1,20
17533,32,2,10
17534,32,1,0
17534,40,2,0
17535,20,3,0
17535,42,1,0
17535,22,1,0
17535,4,1,10
17536,4,2,0
17537,1,1,0
17537,26,1,20
17537,8,2,20
17538,5,2,0
17538,13,1,5
17538,7,1,0
17538,8,1,10
17539,7,1,10
17539,55,1,20
17539,17,1,0
17539,13,2,0
17540,33,1,0
17541,6,1,10
17542,24,1,0
17542,25,1,0
17542,24,1,5
17542,1,1,0
17543,16,1,10
17543,2,1,20
17544,47,-1,20
17544,19,3,20
17544,56,1,10
17545,60,1,5
17546,22,1,0
17546,39,2,5
17546,30,1,10
17547,15,3,0
17547,6,2,20
17547,3,1,5
17547,2,1,20
17548,13,2,0
17548,23,1,5
17548,60,1,10
17549,30,1,10
17550,34,1,0
17550,40,3,10
17550,27,1,20
17550,20,1,0
17551,1,1,0
17552,1,1,5
17552,6,1,0
17553,17,2,0
17553,13,2,5
17553,57,1,0
17554,13,2,10
17555,10,1,0
17556,39,1,0
17556,16,1,10
17556,31,1,0
17556,20,1,5
17557,25,2,20
17557,24,2,0
17557,2,1,5
17558,7,1,0
17559,32,1,0
17560,2,3,10
17561,3,1,20
17562,9,3,0
17562,3,1,10
17563,45,1,0
17563,4,2,10
17563,2,1,20
17563,24,1,20
17564,31,2,5
17564,35,3,10
17564,7,1,5
17564,2,2,0
17565,59,1,20
17565,6,2,5
17566,11,1,5
17567,4,2,20
17567,2,2,10
17567,37,1,0
17568,33,1,5
17569,51,1,20
17569,10,2,0
17569,18,1,10
17570,11,1,5
17570,50,2,0
17570,2,1,10
17571,59,1,20
17571,5,3,0
17571,3,1,5
17572,1,1,5
17573,40,2,0
17573,34,1,20
17574,41,1,0
17574,44,1,0
17575,26,1,20
17575,1,2,10
17575,1,1,5
17576,54,1,10
17576,53,2,10
17576,23,1,20
17577,43,3,20
17577,50,1,5
17577,2,3,0
17578,2,1,0
17579,44,3,0
17579,1,1,20
17580,6,1,5
17580,6,1,0
17580,5,2,10
17581,29,1,5
17581,32,1,10
17581,10,1,10
17582,2,2,20
17582,37,1,10
17582,14,1,10
17583,12,1,10
17584,4,1,10
17584,10,1,0
17585,33,2,0
17585,10,2,5
17585,33,1,10
17586,26,1,0
17586,2,1,0
17587,51,1,20
17587,31,1,0
17588,5,1,5
17588,60,1,20
17588,16,1,0
17588,59,1,0
17589,1,1,10
17590,10,1,10
17590,3,2,10
17591,33,1,0
17591,35,3,20
17591,1,2,0
17591,25,1,5
17592,4,1,10
17592,4,1,0
17593,30,3,10
17594,49,3,5
17594,2,1,20
17595,8,1,5
17595,5,1,0
17596,1,1,10
17596,36,1,10
17597,10,2,20
17598,1,1,5
17598,3,1,5
17598,4,1,10
17598,22,1,20
17599,60,1,0
17599,2,1,5
17600,3,1,5
17600,14,2,0
17600,51,1,20
17601,38,1,0
17601,13,1,0
17601,55,1,10
17601,24,1,10
17602,26,1,20
17602,11,3,0
17602,40,2,5
17602,52,1,0
17603,36,2,0
17603,12,1,20
17604,1,1,0
17605,2,1,0
17605,10,1,10
17605,43,1,0
17606,46,1,0
17606,59,3,0
17606,1,1,10
17607,22,1,10
17608,19,1,5
17608,59,1,5
17608,12,1,5
17608,49,1,0
17609,57,2,20
17609,19,2,10
17609,51,2,0
17610,11,1,20
17610,9,1,10
17610,1,3,20
17611,5,1,10
17611,54,2,0
17611,5,1,10
17612,41,1,0
17612,28,3,10
17613,22,1,20
17613,44,1,0
17614,14,2,0
17614,15,1,0
17614,12,2,10
17615,19,1,20
17615,29,1,5
17616,3,2,0
17617,26,1,10
17617,3,1,20
17617,47,1,0
17618,19,1,20
17619,2,1,0
17619,10,1,0
17620,16,1,20
17620,3,1,10
17620,38,1,0
17620,5,1,10
17621,17,1,0
17621,38,1,5
17622,10,1,5
17622,56,2,10
17622,58,1,20
17622,18,2,0
17623,12,1,5
17623,8,2,10
17623,29,3,0
17623,9,1,0
17624,26,3,10
17624,3,1,0
17625,3,1,0
17625,3,1,0
17626,19,2,0
17626,15,1,0
17626,13,1,0
17626,6,1,20
17627,47,2,0
17628,27,2,10
17628,3,1,0
17629,45,2,5
17630,1,1,5
17630,55,3,0
17630,28,1,5
17630,7,3,10
17631,7,1,0
17631,51,1,5
17632,4,1,0
17633,1,1,20
17633,11,1,0
17633,28,1,5
17634,50,1,20
17634,21,1,20
17634,49,1,10
17635,47,3,0
17635,15,1,10
17635,37,3,10
17635,17,1,5
17636,3,1,10
17637,3,1,5
17637,53,3,20
17638,22,1,10
17638,30,1,0
17638,14,2,10
17639,14,2,5
17640,56,1,20
17640,46,1,5
17640,37,1,0
17640,23,1,0
17641,16,1,5
17642,53,1,0
17642,1,1,10
17642,2,1,5
17642,33,1,10
17643,1,1,0
17643,24,1,10
17643,4,2,5
17644,6,1,20
17644,3,1,5
17644,28,1,0
17644,18,1,0
17645,2,1,10
17646,3,1,5
17646,21,3,10
17646,8,1,0
17646,15,1,20
17647,10,1,10
17647,53,1,20
17647,22,1,5
17648,2,1,10
17648,59,2,10
17648,10,2,0
17648,1,1,10
17649,41,1,10
17649,7,2,0
17649,46,1,20
17650,58,1,5
17650,31,2,0
17651,37,1,5
17651,40,1,0
17652,38,1,0
17652,50,1,0
17652,2,1,20
17653,17,1,0
17653,10,1,20
17653,13,2,0
17654,3,1,0
17654,26,1,10
17654,25,1,0
17654,1,1,10
17655,11,1,0
17656,9,1,0
17656,6,3,10
17657,4,1,10
17657,36,1,10
17658,9,1,10
17659,10,1,0
17660,1,2,0
17660,1,1,0
17660,20,3,20
17660,3,2,0
17661,12,1,10
17661,31,1,0
17662,9,1,10
17662,51,2,0
17662,22,2,5
17662,1,3,5
17663,20,3,20
17663,13,1,10
17663,7,1,20
17663,1,3,0
17664,56,1,5
17665,7,2,10
17665,39,1,5
17666,9,2,5
17666,24,1,0
17667,51,1,20
17667,30,1,0
17667,11,3,0
17668,15,1,0
17669,47,1,10
17669,16,1,10
17669,16,1,0
17670,1,1,10
17670,49,2,0
17670,3,1,10
17671,20,1,20
17671,20,1,20
17672,2,1,5
17673,8,1,0
17673,18,1,10
17674,27,1,10
17674,17,1,0
17674,9,1,0
17675,12,1,20
17675,39,1,0
17675,59,1,5
17676,3,1,20
17677,52,1,20
17677,20,1,10
17678,52,1,10
17678,36,1,5
17678,39,2,10
17678,3,3,0
17679,53,2,10
17679,9,2,0
17680,46,1,5
17680,34,2,0
17680,16,3,0
17680,11,1,10
17681,11,1,10
17681,5,1,0
17682,14,1,5
17682,14,1,5
17682,7,3,5
17682,27,1,0
17683,1,1,5
17683,10,1,20
17683,30,2,10
17683,22,2,0
17684,57,1,10
17684,6,2,0
17684,40,1,10
17685,10,1,0
17685,12,3,0
17685,30,2,10
17685,4,1,10
17686,6,1,5
17687,32,1,5
17687,18,2,5
17688,27,1,10
17688,15,1,0
17689,1,1,5
17689,1,1,0
17689,54,2,20
17690,3,1,0
17690,1,2,10
17690,28,1,5
17690,52,1,20
17691,26,1,20
17691,12,1,5
17691,28,3,10
17692,23,1,20
17692,7,2,0
17693,48,1,20
17693,22,1,0
17693,44,1,10
17694,29,2,10
17694,31,2,20
17694,1,1,5
17694,40,2,20
17695,28,1,10
17695,30,2,10
17695,36,3,0
17695,58,1,5
17696,29,2,10
17696,49,1,10
17696,11,2,0
17696,6,1,10
17697,22,1,10
17697,4,2,0
17698,18,3,0
17698,1,1,0
17698,42,1,10
17699,31,1,20
17700,1,1,5
17701,14,2,20
17701,55,1,5
17701,41,1,10
17701,6,2,20
17702,22,1,5
17702,41,1,10
17702,10,1,10
17703,60,1,20
17703,46,3,0
17703,13,1,20
17704,30,1,0
17704,50,1,0
17704,22,1,0
17705,53,1,10
17705,58,2,10
17705,14,2,0
17705,30,1,20
17706,7,2,0
17707,7,1,10
17708,21,1,5
17708,35,2,0
17709,31,1,10
17710,13,1,5
17710,3,1,5
17711,58,2,0
17711,3,1,0
17711,10,1,0
17712,27,1,0
17712,1,1,0
17712,13,1,10
17713,23,3,5
17714,10,1,20
17715,45,3,5
17715,6,2,5
17716,58,1,0
17717,7,1,0
17718,29,2,10
17718,14,1,0
17718,54,2,5
17719,27,3,0
17720,22,2,10
17720,48,2,20
17720,23,1,0
17720,24,2,0
17721,8,1,20
17721,1,2,0
17722,48,2,5
17722,1,1,5
17722,52,1,10
17723,41,1,0
17723,7,1,20
17723,2,3,0
17723,57,1,0
17724,58,1,0
17724,8,2,5
17724,46,1,0
17724,23,2,0
17725,11,2,5
17725,16,1,5
17725,9,1,5
17725,2,1,10
17726,25,2,10
17726,53,1,0
17727,21,3,5
17727,31,1,20
17727,11,2,5
17728,19,3,0
17728,16,1,0
17728,8,1,0
17729,32,1,0
17730,2,1,0
17730,1,1,0
17730,59,1,10
17731,52,2,5
17732,1,1,20
17733,6,2,10
17733,11,2,0
17733,53,1,0
17734,12,2,5
17734,34,1,20
17735,60,1,10
17735,43,1,5
17735,39,2,0
17735,29,3,0
17736,30,2,0
17736,10,1,5
17736,1,1,0
17737,4,1,10
17737,1,1,0
17738,8,1,5
17738,15,2,5
17738,26,1,5
17738,1,2,20
17739,57,2,0
17739,40,2,10
17739,10,1,20
17740,58,1,0
17740,26,1,10
17740,52,1,10
17740,6,1,10
17741,21,1,0
17742,10,1,10
17743,47,1,0
17744,13,1,10
17744,22,1,10
17745,3,1,5
17745,36,1,0
17746,1,1,0
17746,60,1,0
17746,10,1,10
17747,1,1,0
17747,4,3,0
17747,20,1,20
17747,55,1,0
17748,16,3,5
17748,16,1,5
17748,13,1,5
17748,5,3,0
17749,3,3,10
17749,25,1,10
17750,32,1,20
17750,38,1,10
17750,34,2,10
17750,1,3,0
17751,17,1,0
17751,46,2,10
17751,2,1,20
17751,28,2,10
17752,22,2,20
17753,39,2,0
17754,15,1,10
17754,35,3,0
17754,1,1,10
17754,12,1,5
17755,4,3,5
17755,3,1,20
17755,27,2,20
17755,40,1,0
17756,49,1,10
17756,2,1,10
17756,48,1,5
17757,13,2,0
17757,10,1,20
17757,2,1,0
17758,3,1,10
17759,35,1,20
17759,12,1,10
17759,2,1,10
17759,3,1,20
17760,10,1,0
17760,2,2,0
17760,41,1,20
17760,45,1,5
17761,46,1,5
17761,31,1,20
17762,4,1,10
17763,25,-1,0
17763,41,3,20
17764,42,1,0
17764,11,1,5
17764,52,2,5
17765,23,1,0
17765,7,1,10
17765,1,1,0
17766,25,1,0
17766,51,1,20
17766,1,1,0
17766,23,1,0
17767,13,3,0
17768,18,1,20
17768,19,2,10
17768,12,2,0
17768,18,1,5
17769,10,1,20
17769,18,1,10
17770,15,2,10
17771,12,2,5
17771,28,2,0
17771,10,1,10
17772,38,1,5
17772,7,2,10
17773,59,1,20
17773,55,2,10
17774,8,1,20
17774,1,1,0
17775,2,1,0
17775,42,1,5
17776,4,1,5
17776,44,1,10
17776,36,1,0
17776,3,1,0
17777,17,1,0
17777,31,1,20
17777,15,2,10
17778,10,1,5
17778,56,2,10
17778,14,3,0
17778,1,1,0
17779,31,1,20
17780,1,1,0
17780,24,3,0
17780,45,2,0
17781,18,1,0
17782,20,1,5
17783,30,2,0
17783,43,1,0
17784,22,1,5
17784,15,1,0
17784,8,1,0
17784,11,1,5
17785,51,1,10
17785,43,2,5
17785,2,1,5
17786,31,1,20
17786,42,1,20
17787,4,1,0
17788,32,1,0
17788,4,1,0
17788,10,1,20
17788,39,1,5
17789,1,1,0
17789,8,1,5
17789,3,1,20
17790,22,1,0
17791,41,1,20
17791,28,3,10
17791,26,3,5
17792,7,1,10
17792,54,2,0
17793,38,2,0
17794,55,1,5
17794,45,2,0
17794,54,1,0
17794,53,-1,0
17795,20,1,20
17796,23,1,5
17797,2,1,10
17797,2,1,5
17797,25,1,0
17797,24,1,10
17798,9,1,20
17798,33,1,10
17798,22,3,10
17798,12,1,10
17799,24,1,5
17800,11,1,20
17800,47,1,5
17800,9,1,5
17800,42,2,10
17801,9,2,10
17801,1,1,5
17802,19,2,20
17803,24,1,10
17803,7,2,0
17803,1,3,0
17803,19,1,10
17804,23,1,0
17804,2,1,10
17805,12,1,10
17805,19,1,0
17806,23,1,20
17807,30,1,0
17807,2,1,10
17807,31,1,20
17808,22,1,10
17808,5,2,0
17808,9,2,10
17808,1,1,5
17809,43,1,0
17809,40,1,10
17809,29,2,10
17809,4,1,10
17810,35,1,10
17810,1,3,10
17810,42,1,10
17810,7,1,0
17811,8,1,0
17811,39,2,0
17811,28,3,10
17812,8,1,0
17813,13,2,5
17813,1,1,20
17813,41,2,20
17814,3,1,0
17814,1,1,0
17814,41,1,10
17814,11,1,5
17815,1,2,0
17816,45,1,20
17816,41,2,10
17816,35,1,10
17816,50,1,0
17817,37,1,0
17818,36,1,0
17818,39,1,0
17819,14,1,5
17819,31,1,20
17819,52,1,0
17820,23,1,20
17820,2,2,0
17820,50,2,10
17820,3,2,0
17821,16,1,0
17821,33,2,0
17821,6,1,5
17821,26,1,0
17822,19,1,10
17822,15,1,0
17822,12,2,5
17823,33,2,0
17823,19,2,0
17824,35,1,20
17824,11,1,5
17825,55,1,10
17825,7,2,20
17826,38,1,10
17827,56,2,0
17827,53,-1,5
17828,21,1,5
17829,2,1,0
17829,10,1,5
17829,17,1,5
17830,48,1,10
17830,4,1,10
17830,3,1,5
17830,38,3,10
17831,1,2,5
17832,1,1,10
17832,5,1,0
17833,1,1,0
17833,18,1,10
17833,21,2,0
17833,14,1,0
17834,14,1,0
17834,7,1,0
17834,48,2,10
17835,16,2,0
17835,36,2,10
17835,32,1,0
17836,1,1,5
17837,51,1,20
17838,13,1,0
17839,35,1,0
17840,19,1,0
17841,1,1,5
17842,54,1,20
17842,3,1,10
17842,39,1,5
17842,55,1,0
17843,34,3,5
17843,20,2,10
17844,7,1,0
17844,26,1,5
17844,8,1,0
17845,5,1,5
17845,21,1,10
17845,5,1,0
17845,25,1,5
17846,25,1,0
17846,15,1,20
17846,39,1,10
17846,28,1,20
17847,52,1,10
17847,7,1,5
17847,45,1,5
17847,5,1,10
17848,1,2,0
17848,3,1,20
17848,45,1,5
17849,34,1,5
17850,4,1,5
17850,58,1,10
17850,22,2,0
17850,12,1,0
17851,11,2,10
17852,29,1,10
17852,60,1,5
17852,44,2,0
17853,1,1,5
17853,45,1,10
17853,50,1,0
17853,2,1,10
17854,51,1,0
17855,50,1,20
17855,43,1,10
17855,17,3,0
17856,7,1,10
17856,4,1,0
17857,4,1,0
17857,58,1,0
17857,26,1,10
17857,22,1,0
17858,1,1,5
17858,11,1,5
17858,25,1,10
17859,50,2,0
17859,23,1,0
17859,20,1,0
17860,5,3,5
17860,2,1,0
17860,17,2,0
17861,17,1,20
17861,40,1,10
17861,1,3,0
17861,57,3,20
17862,4,1,0
17862,44,1,0
17862,14,2,5
17862,55,1,10
17863,34,1,20
17863,13,2,10
17863,59,1,5
17864,10,2,5
17864,1,2,0
17865,1,2,0
17866,12,3,10
17866,49,1,5
17866,2,2,0
17867,23,3,0
17867,17,1,0
17868,29,1,0
17868,46,1,10
17868,30,2,5
17868,2,1,10
17869,11,1,10
17870,22,2,0
17871,19,1,10
17871,42,1,20
17871,11,1,5
17871,7,3,10
17872,57,2,20
17873,16,3,0
17873,29,1,0
17873,4,3,5
17874,20,1,10
17874,37,2,0
17874,36,1,5
17875,52,2,20
17875,51,2,0
17876,41,3,10
17876,4,1,5
17877,7,1,5
17877,39,1,5
17878,2,1,20
17878,3,1,20
17878,15,1,0
17878,29,2,0
17879,25,1,0
17879,3,1,5
17879,31,3,0
17880,21,1,10
17880,47,1,5
17881,8,1,20
17881,4,1,0
17881,11,2,5
17881,35,2,0
17882,9,2,0
17882,37,1,5
17882,8,1,20
17882,19,1,0
17883,7,2,10
17883,4,1,10
17884,6,1,0
17884,53,2,20
17885,57,2,20
17886,24,3,10
17887,4,3,5
17888,2,1,20
17888,9,3,5
17889,50,1,20
17889,4,2,20
17890,14,1,5
17890,17,1,20
17890,48,1,5
17890,50,2,20
17891,5,1,0
17891,3,3,10
17891,3,2,5
17892,18,1,0
17893,21,1,0
17894,9,3,10
17894,43,1,10
17895,19,1,0
17895,37,1,0
17895,1,2,0
17896,11,1,0
17896,37,2,0
17897,10,1,0
17897,1,1,20
17897,6,3,0
17898,25,3,0
17898,19,2,0
17898,1,2,5
17898,39,1,10
17899,2,1,10
17899,1,2,0
17899,47,1,10
17900,54,1,5
17901,52,2,10
17901,4,2,10
17901,47,3,0
17901,1,1,0
17902,1,1,0
17903,51,1,10
17903,32,1,20
17903,12,1,0
17903,29,1,20
17904,36,1,0
17904,46,1,20
17905,15,1,5
17906,39,1,10
17906,33,1,10
17906,5,1,0
17906,55,1,5
17907,8,1,0
17907,29,1,10
17907,17,1,0
17907,18,1,5
17908,55,2,0
17908,5,1,10
17909,24,1,20
17910,47,1,5
17910,6,1,0
17910,22,1,20
17910,35,3,5
17911,32,2,0
17911,24,1,0
17912,9,1,0
17912,31,1,0
17913,41,2,0
17913,29,2,0
17913,33,2,0
17914,43,1,10
17915,1,1,0
17915,1,2,5
17915,3,1,10
17915,21,1,5
17916,39,1,0
17916,16,1,0
17916,18,2,5
17916,2,1,20
17917,10,1,5
17917,8,1,20
17917,42,1,0
17918,39,3,0
17918,3,1,0
17919,54,3,5
17920,21,1,10
17920,26,3,10
17920,9,1,0
17920,11,1,0
17921,14,1,10
17922,4,1,0
17922,30,1,10
17922,13,1,10
17922,16,3,0
17923,24,2,0
17923,28,2,5
17923,8,1,20
17923,45,1,0
17924,6,2,5
17924,18,1,10
17925,2,2,0
17926,6,1,10
17927,36,1,0
17927,20,3,5
17928,8,2,10
17928,2,1,10
17928,37,1,10
17928,15,2,5
17929,54,2,10
17930,19,3,5
17930,7,1,10
17931,13,1,10
17931,38,2,0
17931,6,1,0
17931,15,1,20
17932,30,1,0
17932,56,1,5
17932,59,2,0
17933,4,3,0
17933,8,1,5
17933,49,1,10
17933,5,1,10
17934,15,1,5
17934,2,3,10
17934,36,1,5
17935,13,1,0
17935,60,1,0
17935,21,1,10
17935,16,1,0
17936,12,1,0
17936,22,1,0
17936,21,2,0
17937,8,2,10
17937,54,1,0
17937,46,1,0
17938,2,1,10
17938,8,1,10
17938,2,1,5
17939,17,1,0
17940,41,1,5
17940,40,2,0
17941,43,3,20
17941,6,1,20
17941,53,1,10
17941,54,1,5
17942,8,1,20
17942,13,3,0
17943,43,1,0
17943,11,1,0
17943,10,1,0
17943,24,1,10
17944,44,1,5
17944,4,1,0
17944,43,1,5
17945,41,2,20
17945,54,2,5
17946,4,1,0
17946,31,1,10
17947,34,1,0
17948,1,1,10
17948,8,-1,5
17948,49,1,0
17948,4,1,0
17949,55,1,0
17949,17,1,5
17950,2,1,20
17950,22,1,0
17951,7,1,5
17952,39,3,0
17952,2,3,0
17952,5,1,5
17952,53,1,0
17953,1,1,0
17953,26,1,0
17954,29,1,20
17955,30,3,0
17955,10,2,10
17956,7,3,0
17957,52,2,0
17957,49,2,20
17957,22,2,5
17958,59,1,5
17959,7,1,10
17959,21,1,0
17959,52,3,5
17959,5,3,5
17960,13,1,5
17960,44,1,0
17961,55,3,0
17961,1,1,10
17962,7,1,5
17962,1,1,20
17962,23,1,10
17962,4,1,0
17963,27,2,0
17963,36,1,0
17964,5,2,20
17964,21,2,0
17964,2,3,0
17964,55,1,5
17965,30,1,5
17965,28,1,0
17965,41,3,0
17966,43,1,5
17966,6,1,20
17966,22,1,0
17967,8,1,5
17967,26,1,5
17967,8,1,10
17968,28,1,5
17969,35,1,10
17969,6,1,20
17970,42,1,10
17970,4,2,5
17970,11,1,20
17970,1,1,10
17971,7,1,20
17972,40,1,10
17972,2,2,10
17972,2,1,0
17973,5,1,10
17973,55,1,20
17974,10,2,10
17974,57,2,10
17975,17,1,20
17975,10,1,0
17976,55,1,0
17976,54,1,5
17976,58,1,10
17977,3,1,5
17978,8,3,10
17978,26,1,20
17979,1,1,0
17979,51,1,10
17979,9,1,0
17980,36,1,0
17980,13,1,0
17980,3,1,0
17981,30,1,5
17981,21,3,0
17981,35,1,0
17981,12,1,20
17982,31,1,20
17983,54,1,20
17983,1,2,10
17983,50,1,20
17983,57,1,10
17984,35,1,20
17984,10,1,0
17985,29,1,0
17986,20,1,20
17986,21,1,5
17986,17,3,20
17986,39,3,5
17987,17,1,20
17987,32,3,10
17987,1,2,20
17988,2,1,20
17989,43,1,0
17989,43,2,20
17989,32,1,0
17989,12,1,10
17990,52,1,20
17991,8,1,0
17992,9,3,5
17993,13,2,5
17993,1,1,10
17993,5,3,5
17993,2,1,5
17994,20,1,0
17994,32,1,0
17995,24,1,20
17995,29,1,20
17996,42,1,10
17996,58,1,0
17996,3,3,20
17997,3,2,5
17997,45,3,10
17997,22,2,0
17997,56,1,5
17998,13,1,5
17998,35,1,0
17999,10,1,5
18000,30,1,10
18000,26,1,0
18001,21,1,20
18001,8,1,10
18001,46,1,20
18001,2,3,0
18002,46,1,0
18002,7,1,10
18003,40,1,5
18003,56,1,0
18003,2,1,10
18004,17,1,0
18004,57,3,5
18005,1,1,0
18005,1,1,0
18005,17,1,5
18006,20,1,5
18006,27,1,0
18007,33,1,5
18008,4,1,10
18009,5,1,10
18010,1,1,20
18010,1,1,0
18010,12,1,0
18011,47,2,10
18011,23,3,10
18012,13,1,10
18012,2,3,10
18013,35,1,0
18013,50,1,0
18013,1,1,0
18014,31,1,10
18014,28,1,5
18014,51,1,0
18014,20,2,0
18015,3,1,10
18016,16,2,5
18017,57,1,0
18017,27,1,0
18017,2,1,10
18017,18,2,0
18018,26,1,5
18018,4,1,5
18019,42,2,5
18019,1,2,0
18019,34,1,10
18019,16,2,10
18020,20,2,0
18021,16,1,20
18021,4,3,0
18021,19,1,20
18022,1,1,5
18022,57,1,0
18023,5,1,5
18024,31,1,0
18024,19,2,20
18025,5,1,5
18025,8,1,5
18025,5,1,0
18025,48,2,0
18026,3,2,0
18026,1,1,10
18027,25,1,0
18028,10,1,0
18029,14,1,0
18029,17,1,0
18029,57,2,20
18029,2,1,10
18030,1,1,5
18031,44,1,10
18032,33,1,0
18032,4,1,5
18033,19,1,10
18034,2,3,10
18034,26,1,0
18034,25,1,0
18035,28,1,5
18035,7,3,10
18035,21,3,20
18035,25,2,10
18036,3,2,10
18036,56,1,10
18037,45,1,5
18037,49,3,20
18037,37,1,20
18038,40,1,0
18038,16,1,10
18038,18,1,0
18039,45,1,0
18039,2,2,20
18040,4,1,0
18041,11,3,0
18041,14,1,20
18041,44,1,10
18042,58,1,10
18042,41,1,5
18042,2,1,10
18043,21,1,20
18044,34,1,20
18044,22,1,10
18044,15,1,0
18045,14,1,0
18046,26,1,0
18046,27,3,0
18046,8,1,5
18046,13,1,5
18047,3,1,20
18047,48,1,10
18047,47,1,5
18047,29,1,0
18048,58,1,20
18049,17,1,5
18049,48,2,5
18050,36,1,10
18050,4,1,10
18050,47,1,0
18051,4,1,20
18051,26,1,10
18051,4,1,5
18052,56,1,0
18052,29,1,20
18052,3,1,0
18053,2,1,0
18054,4,1,5
18054,21,1,5
18055,1,1,0
18055,54,1,20
18056,5,1,5
18056,18,1,0
18056,32,1,10
18057,36,1,10
18058,18,1,0
18058,2,1,10
18058,4,2,0
18058,48,3,10
18059,1,-1,5
18059,13,1,10
18059,14,1,5
18060,57,1,10
18060,41,1,5
18061,34,1,0
18062,17,1,10
18062,30,1,0
18063,6,1,20
18064,6,1,5
18065,31,2,0
18065,11,1,0
18066,19,1,20
18066,7,1,5
18066,3,2,20
18066,15,1,0
18067,59,1,10
18067,2,1,10
18067,19,1,5
18067,8,1,10
18068,13,1,0
18068,24,2,5
18068,12,1,0
18069,3,1,0
18069,10,2,5
18070,21,1,0
18071,35,1,10
18071,4,1,10
18071,21,2,5
18071,48,1,10
18072,59,1,0
18072,9,1,0
18072,5,1,10
18072,44,1,0
18073,56,1,10
18073,50,2,0
18073,11,2,0
18074,34,2,10
18074,7,2,10
18074,24,1,10
18074,27,1,0
18075,36,2,10
18076,59,3,0
18076,36,1,20
18076,1,2,0
18077,15,1,0
18078,34,1,0
18078,51,3,0
18078,4,1,5
18078,2,1,0
18079,12,1,20
18079,30,1,10
18080,26,1,0
18080,6,1,10
18081,12,1,10
18082,32,1,0
18082,23,1,20
18083,38,3,0
18084,2,2,20
18084,59,1,20
18085,24,2,0
18085,1,1,20
18085,33,1,0
18086,1,2,10
18086,5,2,20
18086,28,1,5
18087,9,1,0
18087,46,1,0
18087,49,1,0
18088,31,2,5
18089,51,2,0
18089,1,1,10
18090,13,1,0
18090,17,1,0
18090,10,1,10
18090,8,1,0
18091,7,1,0
18092,24,2,20
18092,16,2,10
18093,41,1,5
18094,16,1,10
18095,3,1,10
18095,36,2,5
18095,1,2,10
18096,18,1,0
18096,7,1,5
18096,27,2,20
18097,23,1,0
18097,8,2,0
18097,37,1,5
18097,9,1,5
18098,33,1,10
18098,2,2,10
18098,43,2,0
18098,51,1,10
18099,1,1,10
18099,54,1,0
18100,8,1,10
18100,14,1,0
18100,18,1,10
18100,41,1,10
18101,8,1,0
18101,21,2,10
18101,4,2,5
18101,35,1,10
18102,30,1,5
18103,17,3,10
18103,58,2,0
18103,11,1,20
18103,1,1,5
18104,49,1,5
18104,23,1,5
18104,50,1,5
18104,49,1,20
18105,41,1,0
18106,2,1,10
18106,44,1,5
18107,60,1,0
18107,27,3,0
18108,60,1,0
18109,21,1,10
18109,1,2,0
18109,13,1,20
18109,7,1,20
18110,2,1,10
18110,11,1,0
18110,2,2,20
18110,21,1,0
18111,31,2,20
18111,1,1,0
18111,20,1,20
18112,33,3,20
18113,3,2,5
18114,55,3,0
18114,53,1,20
18115,45,1,20
18115,31,1,0
18115,9,1,0
18116,14,3,5
18117,49,3,10
18117,14,1,0
18118,10,1,0
18118,19,1,5
18118,19,2,0
18119,40,1,5
18119,12,2,0
18120,9,1,0
18121,16,2,20
18122,42,3,0
18123,52,1,5
18124,14,1,5
18124,19,1,5
18124,39,2,0
18124,8,1,0
18125,5,1,0
18125,34,3,0
18126,14,1,20
18126,8,3,0
18126,6,1,0
18126,19,1,5
18127,14,3,20
18127,59,1,10
18127,45,1,5
18127,48,1,5
18128,54,2,0
18128,1,2,10
18128,16,3,0
18129,3,1,10
18129,33,1,20
18129,39,1,20
18130,2,1,0
18130,19,1,0
18131,29,2,0
18131,21,2,20
18131,1,1,0
18132,10,1,0
18132,36,2,0
18132,5,3,0
18132,4,1,0
18133,22,2,0
18133,43,1,0
18134,35,3,10
18134,31,2,10
18134,46,2,10
18135,25,2,0
18136,15,1,5
18136,26,2,0
18137,27,1,20
18137,28,1,10
18137,50,3,0
18137,58,3,5
18138,23,1,0
18138,28,1,10
18138,5,1,5
18138,38,2,10
18139,3,2,0
18140,18,1,5
18140,3,2,0
18140,21,1,20
18141,20,1,0
18141,20,2,5
18141,5,1,5
18141,21,2,0
18142,39,1,5
18142,7,2,10
18142,19,1,20
18142,31,1,0
18143,40,1,0
18143,27,1,10
18144,39,1,20
18144,7,1,10
18144,8,1,0
18144,10,1,0
18145,49,2,20
18145,31,1,0
18145,54,2,0
18146,11,1,20
18146,14,1,0
18146,28,1,0
18146,56,1,10
18147,5,1,5
18147,9,3,10
18147,6,1,20
18148,10,2,5
18148,33,3,0
18148,56,1,0
18149,58,1,0
18149,30,1,5
18149,45,1,10
18149,23,2,0
18150,45,2,0
18150,8,1,5
18150,7,2,10
18150,8,1,20
18151,20,1,10
18151,4,1,0
18151,40,3,10
18151,24,3,20
18152,1,1,10
18152,2,1,5
18152,57,2,0
18152,1,1,10
18153,30,1,5
18153,24,1,10
18154,52,3,10
18154,6,2,0
18155,1,1,5
18155,48,1,0
18156,53,2,10
18156,41,1,0
18157,4,3,10
18157,17,1,0
18158,6,1,20
18158,23,3,10
18158,26,1,20
18159,46,2,0
18159,10,1,20
18160,4,1,20
18160,42,1,0
18161,1,1,10
18162,7,1,5
18162,20,2,5
18162,25,2,5
18162,42,1,10
18163,26,1,5
18163,8,1,10
18164,9,1,10
18164,3,3,20
18164,4,1,20
18165,44,1,0
18165,19,3,20
18165,56,2,20
18165,10,1,0
18166,16,1,0
18167,60,1,10
18168,23,1,5
18168,14,1,0
18168,3,2,20
18168,2,1,5
18169,19,2,0
18169,42,1,0
18169,50,1,5
18169,2,1,20
18170,23,1,0
18170,14,1,0
18171,15,1,0
18171,6,1,0
18171,36,1,20
18172,17,1,0
18172,1,2,0
18172,7,3,0
18172,47,1,10
18173,30,1,0
18174,34,1,5
18175,40,2,10
18175,7,1,0
18175,4,1,0
18176,7,1,10
18176,1,2,0
18176,55,1,0
18176,25,2,5
18177,20,1,0
18177,52,1,0
18177,14,2,5
18177,10,1,20
18178,1,1,10
18179,49,2,5
18179,44,1,10
18179,2,1,10
18180,1,1,10
18181,19,2,0
18181,26,1,0
18181,1,1,20
18182,29,2,10
18182,23,2,0
18183,37,1,0
18183,53,1,10
18184,4,2,0
18184,39,1,5
18184,6,3,20
18184,46,1,10
18185,13,2,5
18185,52,1,0
18186,25,3,5
18186,1,1,10
18186,46,2,20
18187,15,1,10
18187,27,1,0
18187,56,1,10
18187,15,1,5
18188,12,1,10
18189,55,2,5
18189,6,1,5
18189,13,1,0
18189,37,1,5
18190,23,2,20
18190,8,2,5
18190,14,1,10
18190,60,1,0
18191,36,3,0
18191,57,3,10
18191,2,1,5
18191,1,1,10
18192,1,1,20
18192,51,1,10
18193,30,3,10
18194,6,1,10
18194,22,1,20
18194,5,1,20
18195,25,1,0
18195,9,3,10
18195,27,1,0
18196,3,1,20
18197,6,1,0
18198,1,3,10
18198,43,1,10
18198,41,1,20
18198,10,1,5
18199,4,1,0
18200,1,2,20
18200,32,1,5
18200,3,1,5
18200,9,1,5
18201,45,2,20
18202,1,1,5
18202,7,2,0
18203,57,1,0
18203,2,1,10
18203,2,2,5
18204,50,1,5
18204,50,3,20
18205,33,1,20
18205,32,2,20
18205,27,1,5
18205,26,1,10
18206,23,1,5
18206,53,1,0
18206,22,1,20
18206,32,1,5
18207,21,1,0
18207,15,1,10
18207,24,2,0
18208,15,2,0
18209,13,1,20
18209,1,2,0
18209,21,1,0
18209,32,1,0
18210,31,2,0
18210,10,3,10
18210,46,1,10
18210,6,3,10
18211,8,1,5
18211,32,1,5
18211,4,1,0
18211,1,1,0
18212,36,3,0
18212,3,1,0
18212,14,1,0
18212,17,1,20
18213,25,2,5
18213,14,1,10
18213,6,3,10
18214,38,1,0
18214,6,2,5
18214,16,3,10
18215,1,1,10
18215,4,1,10
18215,3,1,20
18215,14,1,0
18216,13,1,20
18216,4,2,10
18217,45,2,0
18217,18,3,0
18218,39,1,10
18218,25,1,0
18219,1,1,10
18219,25,1,0
18219,5,1,5
18220,10,1,0
18220,47,1,5
18221,30,1,5
18221,20,1,5
18221,3,1,5
18222,2,1,0
18222,16,1,10
18222,11,2,5
18222,40,1,0
18223,3,1,10
18224,10,1,0
18225,28,3,20
18225,54,1,10
18225,2,-1,5
18226,46,2,10
18227,40,2,0
18227,26,1,20
18227,4,1,10
18227,18,1,10
18228,29,1,0
18228,2,2,20
18228,39,1,5
18228,57,1,10
18229,28,1,5
18229,12,2,5
18229,35,2,10
18229,15,3,0
18230,23,1,10
18230,1,1,10
18231,15,1,0
18231,60,1,20
18231,3,1,20
18232,43,2,0
18232,11,1,10
18232,7,2,0
18233,53,2,10
18233,16,1,0
18233,60,2,20
18233,22,3,0
18234,15,1,10
18234,7,1,0
18234,1,1,0
18235,38,1,5
18236,10,2,5
18236,36,3,20
18236,50,1,10
18236,8,1,10
18237,9,2,0
18237,60,2,10
18237,13,1,0
18238,42,3,20
18239,27,2,0
18239,1,1,5
18239,4,3,20
18239,28,1,20
18240,52,1,20
18240,1,1,0
18240,1,1,0
18240,6,1,0
18241,11,1,0
18241,5,1,10
18241,6,2,10
18241,3,2,20
18242,9,1,0
18242,16,1,0
18242,48,1,5
18242,13,1,0
18243,53,1,0
18244,23,1,0
18245,29,1,10
18245,52,1,20
18245,3,3,0
18245,20,1,0
18246,8,1,5
18246,56,2,5
18247,51,2,0
18247,21,1,0
18247,15,2,5
18247,8,3,0
18248,18,1,20
18248,30,1,20
18248,21,1,5
18248,44,1,10
18249,10,1,0
18249,3,1,20
18250,47,1,20
18250,9,3,10
18250,34,1,10
18251,2,3,10
18252,37,1,0
18253,1,1,10
18253,2,1,0
18254,3,1,10
18255,18,1,0
18256,4,-1,10
18256,49,3,10
18257,24,1,0
18258,2,1,20
18258,22,1,10
18258,16,3,20
18259,45,1,0
18259,10,1,5
18260,3,1,5
18260,29,1,10
18260,51,1,0
18261,27,1,5
18261,43,1,0
18261,1,1,20
18261,6,2,10
18262,39,1,0
18262,2,1,20
18262,2,2,0
18263,47,1,5
18264,49,1,0
18264,47,1,0
18264,51,2,0
18265,8,1,10
18265,14,1,20
18266,15,1,0
18266,33,1,10
18267,3,1,0
18267,23,1,0
18268,18,2,10
18269,43,1,0
18269,7,1,0
18270,8,1,10
18270,26,1,10
18270,10,1,0
18270,25,1,5
18271,19,3,0
18271,60,1,0
18272,16,2,0
18273,34,1,5
18274,17,1,10
18274,15,1,0
18274,3,2,5
18275,35,1,5
18275,36,1,0
18275,3,2,5
18276,35,2,5
18276,1,1,0
18276,5,1,10
18276,2,2,10
18277,1,2,10
18278,5,1,0
18279,11,1,10
18280,40,1,0
18280,3,2,0
18281,16,1,20
18281,19,1,20
18282,26,1,20
18283,3,1,5
18283,23,1,20
18283,5,1,10
18283,24,1,10
18284,1,1,10
18284,1,1,0
18284,14,1,0
18285,36,1,10
18285,25,1,5
18286,19,1,5
18286,58,1,10
18286,27,2,5
18287,7,1,20
18287,13,3,5
18287,1,1,10
18288,33,1,20
18288,16,2,10
18289,35,2,5
18289,57,1,10
18289,2,1,10
18289,50,1,0
18290,7,2,0
18290,21,1,0
18290,40,3,5
18290,22,1,20
18291,20,1,5
18291,29,2,20
18292,2,2,20
18292,55,1,0
18292,31,2,10
18292,33,1,0
18293,37,1,10
18293,25,3,0
18294,47,1,0
18294,53,2,5
18294,44,1,0
18295,3,2,10
18296,6,1,0
18296,27,2,0
18296,22,1,5
18296,33,1,0
18297,8,1,10
18297,18,1,10
18298,58,3,10
18298,42,1,0
18299,34,1,10
18300,35,1,10
18300,1,1,0
18301,4,1,0
18302,22,1,0
18303,17,2,0
18303,5,2,5
18304,26,2,0
18304,35,3,5
18304,1,1,0
18305,22,1,10
18305,19,1,0
18305,3,2,5
18305,34,1,10
18306,2,1,10
18306,59,1,0
18306,1,3,20
18306,29,1,10
18307,8,1,5
18307,19,3,20
18307,8,1,5
18308,23,3,5
18308,4,3,5
18309,24,1,5
18310,58,1,20
18310,4,1,0
18311,39,1,0
18312,22,1,5
18313,13,1,0
18314,24,2,20
18314,26,3,10
18314,35,1,0
18314,4,2,0
18315,36,1,20
18316,26,1,10
18316,45,2,5
18317,7,2,10
18317,37,1,0
18317,6,2,5
18318,28,1,0
18319,25,1,0
18319,6,2,0
18320,58,1,0
18320,60,1,0
18321,56,2,10
18321,50,2,5
18321,39,2,20
18321,1,1,20
18322,8,1,10
18322,60,1,5
18323,26,1,5
18324,30,1,0
18324,9,1,0
18324,31,1,0
18324,10,1,0
18325,34,3,0
18325,53,2,0
18326,16,1,0
18326,42,1,5
18326,52,1,10
18327,5,1,0
18327,43,1,5
18327,29,1,10
18328,20,2,0
18328,27,3,20
18328,2,1,0
18328,46,1,5
18329,9,2,0
18329,10,1,5
18329,25,2,0
18330,4,2,5
18330,56,1,0
18330,7,2,0
18331,9,3,5
18332,26,3,20
18333,14,1,0
18333,26,1,0
18333,38,1,0
18333,4,1,20
18334,36,2,0
18334,7,1,10
18334,10,1,0
18334,36,3,5
18335,27,1,10
18336,22,1,10
18336,10,1,5
18336,15,2,10
18337,32,1,0
18337,33,1,10
18337,54,1,0
18337,29,1,10
18338,32,1,5
18338,18,2,0
18338,20,2,0
18339,38,1,10
18339,42,1,0
18340,4,2,0
18340,1,1,0
18340,54,2,0
18341,2,1,0
18342,37,1,0
18342,45,1,0
18343,10,1,20
18344,5,1,0
18344,1,1,5
18344,42,2,20
18344,17,1,0
18345,6,1,0
18345,53,1,5
18345,15,1,10
18345,7,3,10
18346,7,3,20
18346,18,3,0
18347,27,1,0
18347,57,1,0
18347,11,1,5
18347,28,1,20
18348,17,1,10
18348,44,1,10
18349,47,1,20
18349,1,1,10
18349,2,1,0
18350,4,2,0
18351,3,1,0
18351,8,1,10
18352,58,2,20
18352,39,1,20
18352,2,3,0
18352,55,3,0
18353,37,2,0
18353,4,2,0
18353,52,2,5
18353,22,1,20
18354,60,1,0
18355,54,1,20
18355,9,2,0
18356,52,3,0
18356,23,2,0
18356,6,1,0
18356,59,3,0
18357,1,1,0
18357,46,1,10
18358,1,1,10
18358,23,1,0
18358,22,1,0
18358,1,1,5
18359,1,2,20
18359,17,1,0
18359,11,3,0
18359,54,3,0
18360,34,2,0
18360,6,1,5
18360,7,1,10
18360,42,3,5
18361,59,1,10
18362,15,1,0
18363,6,1,5
18363,29,1,0
18363,2,1,0
18363,30,1,20
18364,1,2,5
18364,56,1,0
18364,1,1,0
18365,15,1,0
18366,24,1,10
18367,41,2,0
18367,4,2,0
18368,26,2,0
18369,4,3,0
18369,8,1,10
18369,28,1,20
18369,1,1,20
18370,5,3,0
18370,3,1,10
18370,2,2,5
18370,50,2,0
18371,35,2,0
18372,3,3,20
18372,54,1,0
18373,19,1,10
18374,33,1,5
18374,21,3,0
18374,57,1,0
18375,11,1,20
18375,2,1,0
18376,37,1,0
18376,33,1,5
18376,2,2,0
18377,3,1,0
18378,50,3,10
18378,1,1,0
18379,11,1,10
18379,33,1,0
18380,30,2,0
18380,2,1,20
18380,6,1,5
18380,56,1,10
18381,20,2,0
18381,25,1,10
18381,23,2,20
18382,3,2,10
18382,9,2,0
18382,49,3,0
18382,25,1,0
18383,6,3,10
18384,14,2,0
18384,2,1,10
18384,28,2,5
18384,4,2,0
18385,1,1,10
18385,24,2,0
18385,30,1,0
18386,2,1,0
18386,8,1,5
18386,51,1,0
18386,52,2,0
18387,48,2,5
18387,50,1,0
18388,7,2,5
18388,16,1,20
18389,58,1,10
18389,13,1,0
18390,9,1,5
18390,39,1,10
18391,25,3,0
18392,6,1,10
18392,20,1,0
18392,11,1,5
18392,6,1,0
18393,50,3,0
18394,19,1,20
18394,33,1,0
18395,16,2,5
18395,8,2,10
18396,44,1,0
18396,43,1,0
18396,4,3,10
18396,2,1,0
18397,21,1,10
18397,19,3,10
18397,3,2,5
18397,24,1,0
18398,48,2,10
18399,42,1,5
18399,37,1,10
18399,45,2,10
18400,2,2,10
18400,14,1,0
18400,5,1,5
18401,45,2,0
18402,3,1,0
18403,49,1,10
18403,58,1,0
18404,23,2,0
18404,34,1,5
18404,1,2,0
18404,8,1,5
18405,43,1,5
18405,46,1,5
18405,27,1,0
18406,53,1,10
18406,1,1,20
18407,47,2,0
18407,57,1,0
18407,38,1,20
18408,49,1,0
18408,13,2,10
18408,37,3,0
18408,9,1,0
18409,22,2,10
18409,36,1,5
18409,2,2,20
18409,9,1,5
18410,3,3,0
18410,24,1,0
18411,36,1,10
18411,3,2,0
18411,24,1,0
18411,1,1,0
18412,5,1,0
18412,52,1,20
18412,5,1,10
18412,40,1,10
18413,16,3,20
18413,48,3,10
18414,37,1,5
18414,5,1,5
18415,1,2,20
18415,51,1,0
18415,8,3,5
18416,28,3,10
18416,6,2,0
18417,4,2,0
18418,28,1,20
18418,22,1,0
18418,10,1,5
18418,1,3,0
18419,17,1,20
18420,58,1,0
18421,8,1,10
18421,32,1,10
18421,2,2,0
18421,52,2,0
18422,6,1,0
18423,5,1,5
18423,3,3,0
18423,52,3,10
18424,4,1,0
18425,5,1,5
18425,55,1,0
18425,1,1,0
18425,42,3,0
18426,6,2,0
18426,4,1,0
18426,2,1,20
18427,16,3,5
18427,9,1,10
18427,5,1,0
18428,5,1,0
18428,12,1,0
18429,46,1,10
18430,56,3,0
18430,2,3,20
18430,7,1,10
18430,2,1,10
18431,30,1,20
18431,45,1,0
18432,1,1,0
18432,18,2,20
18433,1,1,5
18433,54,3,20
18433,5,2,0
18434,27,1,20
18434,11,1,20
18434,12,1,5
18434,10,2,10
18435,12,1,10
18435,18,1,5
18435,21,1,10
18435,40,3,0
18436,30,1,10
18436,31,1,0
18437,43,1,10
18437,11,1,5
18437,55,1,5
18437,19,2,0
18438,6,2,0
18438,1,3,0
18439,46,3,10
18439,15,3,0
18439,18,1,0
18439,4,1,10
18440,23,1,0
18440,13,-1,5
18441,9,1,20
18441,34,2,10
18442,14,2,0
18442,27,1,10
18442,16,1,0
18443,42,3,10
18443,25,1,5
18443,15,3,0
18443,8,1,0
18444,14,1,0
18444,60,2,10
18444,10,2,0
18445,1,1,0
18445,1,1,5
18445,27,3,10
18446,1,1,10
18446,1,1,5
18447,30,1,5
18447,27,1,20
18448,34,1,5
18448,52,1,5
18448,17,1,20
18449,49,3,10
18450,23,1,10
18450,48,2,10
18451,59,3,0
18451,6,1,0
18451,34,1,0
18451,48,1,0
18452,1,3,5
18452,1,1,0
18452,5,1,0
18452,4,1,0
18453,15,1,0
18453,50,1,20
18454,49,2,0
18454,2,1,0
18454,46,1,0
18454,3,1,0
18455,10,1,5
18455,25,1,0
18456,7,3,10
18457,8,2,0
18457,8,1,10
18458,15,3,10
18458,1,1,0
18458,25,1,10
18459,11,1,5
18459,26,-1,10
18460,3,1,0
18460,34,1,20
18460,17,3,10
18460,2,1,0
18461,29,1,0
18461,27,2,0
18461,41,2,0
18461,50,3,10
18462,27,2,5
18462,13,3,10
18462,38,1,10
18463,37,2,20
18463,49,1,0
18463,38,1,0
18463,25,1,0
18464,23,1,0
18465,23,1,5
18465,17,3,0
18465,31,2,20
18466,47,1,5
18466,5,2,0
18467,26,2,5
18468,27,1,5
18468,37,1,10
18469,26,1,20
18469,8,1,10
18470,1,1,0
18470,10,2,5
18470,10,3,0
18470,24,1,5
18471,34,2,10
18472,48,3,5
18472,8,2,10
18472,30,2,0
18473,5,1,0
18473,1,1,10
18473,32,2,10
18473,22,1,20
18474,50,1,0
18475,25,1,10
18475,46,2,20
18476,60,1,10
18476,14,1,20
18477,11,1,5
18477,2,1,10
18478,49,1,5
18478,56,3,20
18478,60,1,0
18479,9,2,0
18479,15,-1,20
18479,4,1,10
18480,20,2,5
18480,5,1,5
18481,2,1,0
18481,2,2,5
18481,3,2,10
18482,16,2,0
18483,8,1,10
18484,23,1,10
18484,17,1,10
18485,22,2,0
18486,12,2,10
18487,1,1,10
18487,10,1,10
18488,23,1,0
18488,12,2,5
18488,3,1,0
18488,10,1,0
18489,3,1,5
18490,59,1,5
18490,17,1,0
18490,51,1,10
18491,3,1,0
18491,14,2,0
18492,16,2,0
18493,12,1,10
18494,8,1,0
18494,26,3,10
18494,55,1,5
18495,47,1,0
18496,31,2,5
18496,25,3,20
18497,11,1,0
18497,22,2,5
18497,48,1,10
18497,52,1,0
18498,18,1,0
18499,32,2,5
18499,22,1,5
18500,1,1,0
18501,29,1,5
18502,2,1,0
18503,3,3,10
18503,13,1,5
18503,42,1,20
18503,10,1,0
18504,27,1,0
18504,4,1,5
18505,56,2,0
18505,2,1,0
18505,5,1,10
18505,17,2,5
18506,60,1,5
18506,1,2,5
18506,13,2,0
18506,27,1,10
18507,1,1,0
18508,25,1,0
18508,2,1,20
18509,15,3,5
18509,7,2,0
18509,40,1,5
18510,20,2,0
18510,25,2,0
18510,9,2,5
18511,5,1,5
18511,28,1,5
18511,7,1,0
18512,2,1,0
18513,3,1,0
18513,12,2,0
18514,39,1,5
18514,17,1,10
18514,59,1,5
18515,2,1,5
18515,4,2,5
18515,2,1,0
18515,11,1,5
18516,3,1,0
18516,42,2,5
18516,7,3,10
18517,2,1,5
18517,7,2,0
18517,58,1,0
18518,35,1,0
18518,41,1,0
18518,2,1,0
18518,45,2,0
18519,32,2,5
18519,4,1,0
18520,21,1,10
18520,26,1,5
18521,16,1,0
18521,2,2,0
18522,16,2,0
18523,19,2,0
18523,36,2,5
18523,17,2,0
18524,17,1,5
18524,9,1,5
18525,43,2,0
18525,11,1,0
18525,26,1,0
18525,59,2,5
18526,17,2,20
18527,36,2,0
18527,21,1,10
18528,50,1,0
18528,36,2,5
18528,6,1,20
18529,49,1,0
18529,8,1,0
18529,1,1,0
18530,7,1,20
18531,50,1,5
18531,12,1,0
18532,2,2,5
18532,1,1,5
18532,3,1,5
18533,22,1,0
18533,1,3,5
18534,10,1,20
18534,21,2,0
18535,47,1,5
18535,12,2,0
18536,24,2,20
18536,18,1,0
18536,7,1,0
18536,39,1,0
18537,20,1,0
18538,2,1,5
18538,4,1,20
18538,14,1,0
18538,9,2,20
18539,27,1,0
18540,32,2,10
18541,12,3,5
18542,5,1,5
18542,1,1,10
18542,35,2,10
18542,3,1,10
18543,52,1,0
18543,18,1,0
18543,4,1,20
18544,57,1,0
18544,6,3,0
18544,46,1,5
18544,30,1,20
18545,3,2,20
18545,43,3,5
18545,46,1,0
18546,50,1,10
18546,1,1,0
18546,31,2,0
18546,38,2,0
18547,27,2,5
18548,45,1,10
18548,18,1,20
18549,26,1,0
18549,24,1,10
18550,37,1,0
18550,1,1,0
18550,11,3,0
18551,6,1,0
18551,11,1,10
18552,36,3,20
18552,60,1,10
18552,38,1,10
18553,5,1,0
18554,3,2,0
18555,4,2,20
18555,4,2,5
18555,37,2,20
18555,1,1,10
18556,35,1,20
18556,2,1,0
18556,15,3,0
18556,38,1,5
18557,43,1,0
18557,58,1,20
18557,7,2,20
18557,13,1,0
18558,37,1,0
18558,39,1,5
18558,39,1,0
18558,20,2,0
18559,51,1,10
18559,19,1,20
18560,8,2,5
18560,2,1,5
18561,55,2,10
18561,9,1,5
18561,49,1,10
18562,27,1,0
18562,7,1,10
18562,37,1,0
18563,31,1,20
18563,53,3,10
18563,4,1,20
18564,14,1,10
18564,4,1,10
18564,26,1,0
18564,41,1,0
18565,6,3,0
18565,23,1,10
18565,8,1,0
18566,20,1,0
18566,54,1,0
18566,38,1,10
18566,21,1,0
18567,20,2,0
18567,1,1,5
18567,49,1,5
18568,51,1,10
18569,12,1,0
18569,39,3,10
18570,53,2,5
18570,59,1,0
18570,32,1,10
18571,9,1,5
18571,1,1,0
18571,2,1,0
18572,25,1,0
18572,1,1,20
18572,47,2,5
18573,7,1,20
18574,34,1,5
18574,43,2,0
18574,28,1,0
18575,6,3,0
18575,23,3,0
18575,5,1,20
18576,27,1,0
18576,2,1,10
18577,5,2,10
18577,54,2,0
18577,5,3,0
18578,45,1,0
18578,41,1,10
18578,2,1,10
18579,50,1,0
18579,14,2,20
18579,37,1,10
18579,16,3,20
18580,1,1,5
18580,59,2,5
18581,3,1,5
18582,2,1,5
18582,2,2,10
18582,38,1,10
18582,5,1,20
18583,2,2,5
18583,8,2,0
18584,55,1,10
18584,13,2,10
18584,28,1,0
18584,13,2,0
18585,12,3,20
18585,48,2,10
18585,4,1,20
18585,22,1,10
18586,51,1,20
18586,2,1,0
18586,46,1,10
18587,15,1,0
18587,38,1,5
18588,18,1,0
18588,8,2,10
18589,5,1,0
18589,1,1,5
18590,43,3,20
18591,36,1,5
18592,12,1,0
18592,11,3,0
18593,28,1,5
18593,40,2,20
18593,1,1,10
18594,43,1,0
18594,4,1,0
18595,3,1,20
18595,36,1,20
18595,52,2,20
18596,16,1,10
18596,19,2,0
18597,7,2,10
18597,7,3,0
18597,16,2,0
18597,15,2,5
18598,1,1,5
18598,1,1,10
18599,18,1,10
18599,11,1,20
18600,34,3,20
18600,8,1,20
18601,18,1,0
18601,10,1,0
18601,3,1,5
18601,20,1,10
18602,41,1,20
18602,50,1,10
18602,31,2,20
18603,1,1,10
18603,6,2,10
18603,6,1,10
18603,47,1,20
18604,43,1,0
18604,32,1,20
18604,4,1,0
18604,55,1,20
18605,44,2,10
18605,36,1,0
18605,43,1,0
18606,8,1,0
18606,49,1,10
18607,5,1,10
18607,20,1,10
18608,48,1,0
18608,8,1,20
18608,31,1,0
18608,5,1,0
18609,4,1,20
18609,3,1,10
18610,2,1,0
18610,36,1,5
18610,33,1,0
18611,7,1,20
18612,13,3,10
18612,47,1,10
18613,1,1,5
18613,10,2,0
18613,52,1,5
18614,32,1,20
18614,17,1,0
18614,32,1,5
18615,20,3,5
18615,2,3,10
18615,4,2,5
18615,10,1,0
18616,2,1,10
18617,5,1,10
18618,48,1,10
18618,14,1,5
18618,6,1,20
18619,9,2,0
18620,27,2,0
18620,1,1,0
18620,27,2,5
18621,1,1,20
18621,1,2,0
18621,1,1,5
18621,1,1,5
18622,5,1,20
18622,2,1,0
18622,24,1,0
18622,33,2,0
18623,4,2,10
18624,60,1,5
18624,55,1,5
18624,13,2,20
18625,57,1,0
18625,7,2,5
18626,17,1,5
18626,60,1,0
18626,31,1,5
18627,52,3,0
18627,19,3,10
18627,6,1,20
18628,10,1,0
18628,59,2,10
18628,2,1,0
18629,31,1,10
18629,56,1,5
18629,50,1,5
18630,46,1,20
18631,2,1,0
18632,56,2,10
18632,1,1,0
18632,8,1,5
18632,55,1,0
18633,38,1,10
18633,56,1,0
18633,6,2,5
18633,34,1,20
18634,37,1,0
18634,44,1,0
18634,40,1,5
18635,18,1,0
18635,1,1,0
18635,23,3,0
18636,44,3,0
18636,14,2,0
18637,9,1,20
18637,10,1,10
18638,28,1,20
18639,13,1,10
18639,16,1,10
18639,35,1,0
18639,23,1,0
18640,24,1,0
18640,32,1,5
18641,49,3,5
18641,16,1,0
18641,3,1,0
18641,45,1,0
18642,15,2,0
18642,40,1,0
18642,38,1,5
18643,9,1,20
18643,15,1,5
18644,59,1,0
18644,22,3,10
18645,11,2,0
18645,59,2,10
18645,39,1,10
18646,1,1,10
18646,9,1,20
18646,32,1,0
18647,22,1,0
18648,38,2,10
18649,33,2,20
18649,27,2,10
18650,50,1,0
18651,30,1,5
18651,31,2,10
18651,5,1,0
18652,8,1,0
18652,8,1,0
18652,25,1,10
18652,4,1,10
18653,4,1,10
18653,30,1,5
18654,1,1,0
18655,5,1,0
18655,3,1,5
18655,38,1,0
18655,5,1,10
18656,23,2,0
18656,5,1,0
18656,24,2,10
18657,12,2,10
18657,16,2,10
18657,14,-1,0
18657,16,1,5
18658,8,1,10
18658,57,1,10
18658,17,2,0
18659,10,1,5
18659,2,1,20
18659,4,1,0
18659,8,1,10
18660,37,1,5
18660,2,3,20
18660,1,1,10
18660,54,3,0
18661,24,1,0
18661,37,1,0
18662,13,1,10
18662,31,3,5
18663,59,2,10
18663,35,2,20
18663,1,1,0
18664,36,2,5
18664,1,1,5
18665,42,1,5
18666,20,-1,0
18667,1,2,0
18667,25,2,0
18667,11,1,5
18667,32,3,0
18668,12,1,0
18668,28,1,0
18668,3,1,10
18668,1,2,5
18669,51,1,20
18670,37,3,0
18670,3,3,20
18670,15,1,10
18670,1,1,10
18671,60,1,5
18672,45,1,20
18672,16,2,20
18673,1,1,10
18673,38,1,10
18674,4,1,10
18674,27,1,10
18675,22,1,0
18676,19,2,5
18676,12,1,0
18677,38,1,5
18677,28,1,0
18677,2,1,20
18678,24,1,10
18678,14,2,10
18678,11,1,0
18678,11,1,20
18679,15,1,0
18679,7,1,5
18680,12,1,0
18680,7,2,20
18681,40,3,20
18681,2,3,0
18681,28,2,5
18681,23,1,10
18682,54,1,0
18682,26,1,0
18682,55,1,10
18683,28,2,10
18683,55,2,0
18683,1,2,10
18683,35,3,5
18684,15,1,5
18684,10,1,0
18684,38,2,10
18685,2,1,0
18685,27,1,20
18686,56,1,10
18686,3,1,10
18687,28,3,20
18688,29,1,0
18688,12,1,0
18689,33,1,20
18689,15,3,0
18690,10,1,0
18690,45,2,10
18690,7,2,5
18691,46,1,10
18691,19,1,0
18691,6,1,0
18692,12,2,10
18692,1,1,5
18693,5,3,20
18693,40,3,0
18693,8,1,10
18694,19,1,0
18695,29,1,10
18696,38,3,0
18696,1,1,10
18697,53,3,20
18698,11,1,0
18698,12,1,10
18698,50,1,10
18698,54,1,10
18699,9,2,5
18700,9,1,10
18700,4,2,0
18701,38,2,10
18701,2,2,0
18701,49,1,0
18702,21,1,10
18702,28,2,5
18702,44,1,20
18702,14,1,0
18703,1,1,0
18704,40,1,5
18704,2,1,10
18705,60,2,0
18706,11,1,5
18707,17,3,10
18707,32,1,0
18708,20,1,10
18708,13,1,0
18709,6,1,0
18709,54,1,0
18710,8,2,10
18711,38,1,0
18711,29,1,0
18712,1,3,0
18713,1,1,10
18714,15,1,0
18715,28,1,0
18715,40,1,5
18715,24,1,5
18715,5,2,0
18716,15,3,20
18717,2,1,10
18717,5,3,20
18717,15,1,0
18717,13,1,0
18718,52,1,10
18719,1,1,5
18719,2,1,10
18719,54,1,0
18720,9,1,0
18720,8,1,0
18720,59,2,5
18720,7,1,5
18721,5,3,20
18721,4,2,0
18722,26,1,0
18722,25,1,0
18723,10,2,10
18724,17,1,10
18724,33,1,10
18724,17,2,5
18724,41,3,0
18725,9,2,10
18726,1,1,10
18727,3,1,0
18727,26,1,0
18728,15,1,0
18729,53,1,0
18729,5,3,5
18729,3,1,0
18730,25,1,10
18731,40,3,5
18731,20,1,10
18731,11,1,0
18731,13,1,0
18732,16,1,10
18732,55,2,5
18733,5,1,5
18734,2,1,5
18735,21,1,0
18736,25,1,5
18737,41,1,20
18738,41,1,5
18738,10,1,0
18738,33,2,0
18739,25,1,5
18739,57,1,10
18739,9,1,5
18739,60,1,0
18740,10,1,5
18740,15,1,10
18740,2,1,5
18740,14,1,10
18741,1,3,5
18741,15,1,0
18741,2,1,0
18741,11,1,20
18742,13,2,5
18742,48,1,5
18742,49,3,20
18743,1,1,0
18743,13,1,10
18743,16,1,5
18743,46,1,0
18744,28,3,20
18744,17,1,10
18744,12,1,0
18745,23,1,5
18746,16,1,0
18747,16,1,5
18747,14,1,0
18747,43,1,10
18748,3,1,0
18748,11,1,0
18748,51,2,0
18749,56,1,10
18749,36,1,10
18749,3,1,5
18749,1,1,5
18750,56,1,0
18750,24,1,0
18750,42,1,20
18751,34,2,0
18751,53,3,0
18752,59,1,10
18752,7,1,20
18753,50,1,0
18754,7,1,0
18754,33,1,0
18754,22,1,20
18754,7,1,0
18755,1,1,10
18755,8,1,0
18756,28,1,10
18756,20,3,5
18756,35,1,0
18757,20,2,0
18757,13,2,0
18757,47,3,10
18758,44,1,0
18759,14,1,10
18759,36,1,0
18759,25,2,0
18759,32,1,10
18760,12,1,5
18761,39,1,0
18761,20,2,20
18761,55,1,5
18762,3,1,0
18763,1,1,0
18763,53,1,20
18763,36,1,5
18763,47,1,5
18764,3,1,0
18765,23,1,0
18765,46,1,10
18765,30,2,10
18765,60,1,20
18766,49,3,10
18766,58,3,5
18766,38,1,10
18766,1,1,10
18767,6,1,10
18768,24,1,0
18768,12,1,10
18768,32,2,0
18768,50,1,10
18769,1,2,10
18769,2,1,5
18770,6,1,0
18771,2,2,0
18771,6,2,0
18772,4,1,10
18772,32,1,10
18772,6,1,0
18773,23,1,5
18773,39,2,0
18773,8,2,5
18774,60,1,20
18774,6,3,10
18774,12,1,10
18775,31,1,0
18775,4,2,0
18775,9,1,20
18775,28,2,5
18776,40,2,0
18777,48,1,5
18777,7,1,0
18777,2,1,10
18777,42,1,0
18778,26,3,10
18778,36,1,0
18779,1,1,20
18779,39,1,5
18779,56,1,0
18780,54,2,0
18780,4,3,5
18780,59,1,10
18781,11,1,5
18782,36,1,10
18783,33,1,10
18784,8,1,5
18785,33,1,10
18785,36,1,0
18786,60,1,0
18786,4,1,20
18787,54,2,0
18788,38,1,20
18789,1,1,10
18789,28,2,0
18790,24,1,0
18790,4,1,20
18790,58,2,0
18791,46,1,10
18792,11,1,10
18792,45,1,5
18793,16,1,0
18793,10,2,20
18794,1,1,0
18795,30,1,10
18796,27,2,5
18797,49,1,20
18797,11,2,0
18797,17,1,5
18797,14,1,0
18798,24,1,20
18799,21,1,5
18799,16,1,20
18800,11,3,0
18800,10,2,0
18801,6,3,20
18801,10,1,10
18802,31,2,10
18802,22,1,10
18802,2,1,0
18803,58,1,5
18803,30,1,10
18804,21,1,5
18804,2,2,20
18804,50,3,10
18804,32,1,10
18805,40,1,5
18806,5,1,0
18806,3,2,0
18806,41,1,10
18806,6,1,5
18807,6,1,10
18807,23,1,10
18807,26,1,20
18808,25,1,10
18808,46,1,0
18808,43,1,10
18809,60,1,0
18809,26,1,0
18810,17,2,0
18810,6,1,5
18810,24,1,0
18811,15,1,0
18811,1,1,0
18812,2,1,0
18813,13,1,10
18813,37,1,0
18814,16,1,20
18815,2,1,0
18815,47,1,0
18815,46,1,0
18816,39,3,5
18817,36,1,10
18817,52,1,0
18817,25,2,10
18818,12,1,0
18819,51,2,0
18819,9,1,0
18820,12,1,5
18820,36,1,0
18821,31,3,20
18821,2,1,0
18821,10,1,20
18822,39,1,10
18822,21,1,5
18823,6,2,0
18823,32,2,0
18823,1,1,0
18824,24,2,10
18824,13,2,10
18824,38,1,0
18824,50,1,0
18825,15,3,10
18825,1,1,0
18826,13,2,5
18826,17,1,10
18826,8,2,10
18826,48,2,10
18827,17,2,20
18827,8,1,20
18828,12,1,10
18829,3,1,20
18829,13,1,0
18830,2,1,10
18830,12,1,20
18830,31,1,0
18830,2,1,0
18831,15,1,5
18831,37,3,0
18832,3,1,10
18832,48,1,20
18832,45,1,5
18832,44,2,10
18833,52,3,10
18833,44,1,20
18834,23,1,0
18834,3,1,0
18834,54,1,0
18835,1,2,5
18835,11,1,20
18835,54,1,0
18836,43,1,10
18836,17,1,10
18837,5,1,5
18837,34,2,5
18837,50,1,20
18838,11,2,0
18838,36,1,0
18838,1,1,5
18838,14,2,10
18839,25,1,0
18839,9,3,20
18839,11,1,0
18839,19,1,10
18840,44,1,10
18841,46,1,5
18841,8,1,10
18841,22,1,5
18842,58,1,5
18843,38,2,10
18843,2,1,0
18843,3,1,5
18843,30,1,5
18844,1,1,0
18844,20,3,5
18844,27,1,10
18844,4,1,5
18845,60,1,0
18846,53,2,5
18846,18,2,0
18847,43,1,5
18847,29,1,0
18848,10,2,0
18848,5,1,0
18849,1,1,10
18849,29,1,5
18850,27,1,0
18850,44,1,5
18851,18,3,20
18852,18,2,0
18852,38,2,20
18852,5,1,0
18852,52,1,5
18853,5,2,5
18853,45,1,10
18854,37,2,10
18854,3,1,10
18855,34,1,10
18855,2,1,0
18856,25,2,20
18857,15,2,10
18857,42,1,20
18857,50,1,10
18858,11,1,5
18858,54,3,10
18859,45,2,10
18859,39,2,0
18860,2,2,10
18860,16,1,5
18860,41,1,5
18861,14,1,0
18861,46,1,0
18862,51,2,5
18863,25,1,10
18863,1,1,20
18863,16,1,5
18863,6,1,10
18864,20,1,0
18864,18,1,0
18865,40,1,10
18865,1,2,0
18865,1,1,10
18866,37,1,20
18866,51,1,10
18867,5,1,0
18868,10,1,10
18868,38,2,0
18868,19,1,5
18869,25,2,5
18869,1,3,0
18870,47,1,0
18870,3,1,5
18870,35,2,0
18871,1,1,10
18871,60,1,20
18871,50,2,0
18872,49,1,10
18872,1,1,10
18873,6,2,0
18873,59,1,10
18873,27,1,10
18874,3,1,10
18874,22,1,10
18874,53,1,10
18874,53,1,20
18875,5,1,10
18875,13,1,0
18875,8,2,20
18876,1,1,10
18876,54,1,0
18876,31,1,0
18877,34,1,5
18877,3,1,0
18878,8,1,0
18878,21,2,10
18878,12,1,0
18878,54,1,0
18879,38,1,5
18879,12,1,5
18879,41,1,5
18879,27,2,10
18880,54,1,0
18880,14,1,10
18880,28,3,0
18881,52,1,0
18881,49,1,20
18881,31,1,10
18881,53,1,5
18882,27,1,0
18882,5,2,0
18882,2,3,0
18882,2,1,10
18883,4,1,10
18883,30,2,10
18883,6,2,0
18884,1,2,10
18884,2,3,5
18885,25,1,5
18886,21,1,0
18886,10,2,20
18886,48,1,0
18886,12,1,10
18887,45,1,10
18887,57,1,5
18887,40,1,0
18887,57,1,10
18888,23,3,10
18888,50,3,10
18888,2,1,0
18889,13,1,0
18890,34,1,20
18890,31,1,20
18891,5,2,0
18891,51,3,5
18891,8,1,0
18891,6,1,0
18892,49,1,10
18892,54,3,5
18892,6,1,10
18893,31,1,10
18894,32,1,0
18894,5,1,5
18894,19,2,20
18894,56,2,0
18895,7,1,20
18895,40,-1,10
18895,60,2,5
18895,40,1,10
18896,10,2,0
18896,5,2,10
18896,4,2,10
18897,57,1,0
18898,47,1,0
18898,6,2,5
18898,16,2,10
18899,35,1,0
18899,45,1,0
18899,51,1,10
18900,47,1,0
18900,45,2,10
18900,9,1,0
18900,59,1,5
18901,14,1,0
18901,34,2,10
18901,3,1,5
18902,1,1,10
18902,3,2,20
18903,17,2,5
18903,1,1,0
18903,31,1,5
18904,26,3,0
18904,15,1,20
18904,12,2,0
18904,28,2,5
18905,1,2,0
18905,2,1,0
18905,1,1,5
18905,58,1,5
18906,58,1,5
18907,9,1,0
18908,3,1,20
18908,24,1,5
18908,26,1,5
18908,34,2,0
18909,13,1,20
18909,24,1,0
18909,9,1,10
18910,1,2,0
18910,4,1,5
18911,1,1,0
18911,2,1,5
18911,4,3,0
18912,4,1,0
18912,4,1,10
18912,36,1,20
18912,60,1,10
18913,57,1,5
18913,4,1,20
18913,47,1,0
18913,40,2,20
18914,11,1,5
18915,34,1,0
18916,1,1,5
18916,3,1,10
18916,3,3,0
18916,5,1,5
18917,29,1,0
18918,22,1,10
18918,15,1,10
18918,17,1,0
18919,46,1,0
18919,3,1,10
18920,32,1,20
18920,4,1,0
18920,21,1,10
18920,4,3,10
18921,19,1,5
18922,1,1,0
18923,29,2,20
18923,19,1,10
18924,1,1,10
18924,1,1,0
18924,29,1,10
18925,3,1,20
18925,8,1,0
18925,47,1,0
18925,38,1,5
18926,25,3,5
18926,51,2,0
18926,23,1,20
18927,2,1,10
18927,18,1,0
18927,2,2,10
18927,46,1,5
18928,59,2,0
18928,17,1,0
18928,55,1,10
18929,58,2,0
18930,8,1,20
18930,18,1,10
18930,5,1,0
18930,51,1,10
18931,38,1,0
18931,15,3,0
18931,45,2,5
18932,28,2,0
18933,2,1,0
18933,14,1,0
18933,10,1,10
18933,8,1,10
18934,36,3,0
18934,49,3,5
18934,15,2,10
18935,25,1,20
18936,1,1,10
18936,2,3,5
18936,20,1,5
18937,14,1,0
18937,8,1,0
18937,30,2,0
18937,2,2,0
18938,44,1,20
18938,52,1,10
18939,18,1,20
18939,24,1,0
18939,27,2,0
18940,53,1,5
18940,4,3,0
18941,10,3,5
18941,39,3,5
18941,7,2,10
18942,49,1,20
18942,57,3,0
18943,43,1,10
18944,46,1,20
18944,50,2,20
18944,24,1,10
18945,14,2,0
18945,4,1,0
18945,35,2,10
18946,41,1,5
18946,5,1,0
18946,11,2,0
18946,10,1,0
18947,3,1,5
18948,17,2,5
18948,59,1,0
18949,45,1,0
18949,2,1,10
18949,13,1,5
18949,51,3,0
18950,2,2,0
18950,1,1,5
18951,30,1,5
18951,35,3,10
18951,29,3,0
18951,37,1,0
18952,19,1,10
18953,7,1,5
18953,8,3,5
18953,7,3,20
18953,12,1,0
18954,5,2,5
18954,9,2,0
18954,10,1,5
18955,32,2,0
18956,6,2,0
18956,53,2,20
18956,58,1,0
18957,46,2,0
18957,20,1,0
18957,18,3,0
18957,9,2,10
18958,22,1,20
18958,8,1,10
18958,20,1,20
18959,26,1,5
18959,48,3,5
18960,44,2,5
18961,42,1,5
18961,55,1,5
18961,30,1,10
18962,33,2,10
18962,28,2,20
18962,22,2,5
18963,2,1,0
18963,11,1,0
18964,2,2,0
18964,25,1,0
18964,5,2,0
18964,34,1,0
18965,8,2,10
18965,4,1,0
18965,7,1,10
18965,22,1,5
18966,17,1,0
18967,58,1,10
18968,1,1,0
18969,57,2,0
18969,4,1,20
18969,4,1,20
18970,1,1,0
18970,17,2,5
18970,30,2,5
18971,4,1,5
18972,7,1,0
18972,41,1,10
18972,58,2,10
18972,3,1,0
18973,1,1,0
18973,43,1,5
18973,1,1,0
18973,2,1,0
18974,27,2,0
18974,26,1,0
18974,55,3,5
18974,24,2,0
18975,28,2,10
18975,1,1,10
18975,8,1,0
18975,24,1,0
18976,18,1,0
18976,3,1,5
18977,4,1,0
18978,13,2,10
18978,22,1,0
18979,3,2,0
18979,5,1,10
18979,57,1,0
18980,3,1,0
18980,22,1,0
18980,1,2,10
18981,1,2,20
18981,26,1,0
18982,41,2,10
18982,4,1,0
18983,9,1,0
18984,30,2,0
18985,2,1,10
18985,2,2,20
18985,43,1,5
18986,48,1,10
18986,5,1,5
18987,30,1,0
18988,27,1,0
18988,44,1,5
18988,15,1,0
18988,20,1,0
18989,7,2,10
18989,39,2,20
18990,58,2,20
18990,9,2,10
18991,2,1,0
18991,15,1,10
18991,1,1,0
18991,33,1,10
18992,26,1,5
18992,7,1,0
18992,38,1,10
18992,36,1,5
18993,17,1,0
18993,18,2,5
18993,27,1,0
18993,54,2,5
18994,2,1,20
18994,44,1,5
18994,9,1,10
18994,22,1,10
18995,14,1,10
18996,1,2,0
18996,11,2,10
18996,55,1,10
18997,6,1,0
18997,35,1,5
18997,1,1,20
18997,6,1,10
18998,18,1,0
18998,17,1,20
18998,60,1,10
18999,30,1,5
19000,23,1,20
19000,33,1,0
19000,59,2,0
19001,13,1,5
19002,34,2,5
19002,19,2,20
19003,28,2,10
19003,6,1,5
19003,41,1,5
19004,16,2,20
19004,18,1,0
19004,45,1,20
19005,3,1,10
19005,26,1,0
19006,1,1,10
19006,3,1,10
19007,2,1,20
19007,33,1,0
19007,10,1,5
19007,60,1,0
19008,1,1,0
19008,1,3,0
19008,42,1,0
19009,19,2,0
19009,35,1,0
19009,42,1,10
19010,38,1,10
19010,36,1,0
19010,10,1,5
19011,26,2,0
19012,18,1,10
19012,58,1,20
19012,3,1,0
19013,6,1,10
19013,15,1,0
19014,4,1,10
19014,30,1,0
19014,1,2,20
19014,23,2,5
19015,26,2,20
19015,6,1,0
19016,4,1,0
19016,11,1,20
19016,3,1,0
19017,9,1,0
19017,59,1,0
19017,20,2,0
19017,5,1,10
19018,1,2,10
19019,13,1,20
19019,44,2,5
19019,4,1,10
19020,6,1,5
19020,16,1,10
19020,1,2,0
19021,28,1,0
19022,25,1,10
19022,16,1,20
19022,3,1,5
19023,12,1,0
19023,54,1,10
19023,2,1,10
19024,20,1,10
19024,25,1,0
19024,15,1,0
19025,17,1,5
19026,42,2,0
19027,13,1,0
19028,1,1,0
19028,39,2,10
19029,1,2,10
19030,18,1,0
19030,25,2,0
19030,1,1,0
19031,3,2,0
19031,6,3,5
19032,60,1,0
19033,3,2,0
19034,50,1,5
19034,50,3,0
19034,49,3,5
19035,14,3,0
19035,8,1,20
19035,24,1,0
19036,45,2,0
19037,50,1,0
19037,20,2,0
19037,34,3,0
19038,48,1,20
19038,27,1,5
19038,18,1,10
19039,5,1,5
19039,40,1,5
19039,59,2,0
19040,56,1,5
19040,5,2,0
19040,40,1,20
19041,4,2,20
19041,47,1,0
19042,39,1,10
19042,49,1,0
19042,1,1,0
19042,8,3,0
19043,50,3,20
19044,7,1,5
19045,8,3,20
19045,6,2,10
19045,9,1,5
19045,31,1,5
19046,41,1,5
19046,29,1,5
19047,39,1,0
19047,4,1,0
19048,31,3,10
19048,13,1,10
19049,6,3,10
19049,37,1,5
19049,13,1,0
19049,29,2,0
19050,10,1,20
19050,34,1,0
19050,22,1,10
19051,12,1,0
19051,2,1,20
19052,31,1,0
19052,20,3,0
19052,29,1,5
19052,52,1,5
19053,6,2,5
19053,39,1,0
19053,24,1,10
19054,26,1,10
19054,15,1,0
19054,29,1,5
19054,12,1,0
19055,21,3,0
19055,6,1,5
19055,10,1,0
19055,21,1,0
19056,12,1,0
19056,21,1,0
19056,2,1,0
19056,18,1,5
19057,17,1,10
19057,15,1,10
19057,23,1,0
19057,36,2,0
19058,60,1,10
19059,11,1,5
19059,55,1,5
19059,57,1,10
19060,1,2,20
19061,43,1,0
19062,10,1,0
19062,14,3,0
19063,6,2,5
19064,57,1,20
19064,15,1,0
19065,45,3,10
19065,6,2,20
19065,11,1,0
19065,20,1,20
19066,44,3,20
19066,32,1,10
19066,31,2,5
19066,4,-1,5
19067,9,2,0
19067,13,1,5
19068,32,1,10
19068,39,2,20
19069,19,1,20
19069,23,2,0
19069,1,2,5
19070,43,2,10
19070,55,1,0
19070,31,3,10
19070,9,1,5
19071,15,1,10
19071,46,1,5
19071,8,3,5
19071,17,1,10
19072,5,1,5
19073,5,1,5
19073,1,1,5
19073,10,2,10
19073,39,1,0
19074,31,1,0
19074,32,1,10
19074,1,1,5
19074,13,1,20
19075,18,1,0
19075,1,1,0
19075,29,1,20
19076,9,2,20
19076,19,1,10
19076,1,-1,0
19077,28,1,0
19077,21,1,10
19077,44,2,10
19077,7,1,20
19078,7,3,5
19078,50,1,0
19078,3,2,0
19078,4,1,10
19079,1,1,5
19080,3,1,20
19080,23,1,20
19081,13,1,0
19081,18,1,10
19082,5,3,10
19083,1,2,20
19084,5,2,0
19085,11,1,10
19085,37,2,5
19085,2,2,0
19086,1,2,0
19086,53,2,10
19086,6,1,0
19087,32,1,20
19087,15,1,20
19087,12,2,10
19088,18,1,0
19088,2,1,5
19088,56,1,0
19088,14,1,0
19089,14,1,10
19089,1,1,0
19090,53,3,10
19090,33,2,10
19090,1,1,0
19090,25,1,0
19091,25,1,0
19091,18,2,20
19092,12,1,5
19093,8,1,20
19093,30,1,0
19094,33,1,5
19095,1,1,0
19095,40,1,0
19095,24,1,5
19095,36,1,0
19096,12,1,0
19096,18,2,0
19097,6,2,10
19098,37,1,5
19099,9,1,0
19100,10,3,10
19100,29,1,20
19100,25,1,10
19100,14,3,5
19101,35,1,20
19101,46,1,0
19102,10,1,5
19102,7,1,20
19103,12,2,0
19103,10,1,20
19103,37,1,0
19103,16,1,0
19104,2,3,20
19104,3,3,0
19105,3,1,10
19106,8,2,20
19107,26,1,0
19108,11,1,0
19109,13,1,10
19109,25,1,20
19109,31,1,0
19110,20,1,20
19110,49,1,0
19110,9,1,0
19111,11,1,0
19111,21,3,20
19111,5,1,0
19112,23,3,20
19112,5,2,5
19112,4,3,10
19112,1,1,20
19113,7,1,20
19113,54,2,0
19113,3,1,5
19114,14,1,0
19114,15,2,20
19115,8,1,10
19115,40,1,0
19115,11,1,0
19115,16,1,0
19116,36,1,10
19116,54,1,0
19116,15,3,10
19116,23,1,0
19117,10,1,20
19117,4,1,20
19118,2,3,0
19119,37,1,10
19119,45,1,5
19119,44,2,10
19120,42,1,0
19120,8,1,10
19120,53,1,20
19120,21,2,0
19121,27,3,20
19121,33,1,20
19122,1,1,20
19122,7,1,5
19122,7,3,0
19123,24,1,10
19123,23,1,0
19124,38,2,0
19124,27,2,0
19125,31,1,0
19126,1,1,5
19127,9,2,10
19127,2,1,0
19128,56,1,5
19129,3,1,10
19129,2,1,0
19129,45,1,0
19129,2,1,10
19130,51,1,20
19130,44,1,0
19130,2,1,0
19130,7,1,0
19131,18,1,0
19132,2,2,5
19132,1,2,20
19132,33,1,0
19132,28,3,20
19133,10,1,0
19133,9,1,0
19133,8,3,5
19133,5,2,10
19134,34,1,20
19135,2,1,0
19135,2,2,0
19136,17,1,5
19137,11,1,20
19137,26,1,10
19137,7,3,5
19138,36,1,0
19138,28,1,10
19139,56,1,20
19140,43,2,10
19140,1,1,20
19140,1,1,0
19140,2,1,5
19141,3,3,0
19141,18,1,5
19142,5,2,5
19143,30,1,10
19143,50,1,5
19144,11,2,0
19144,2,1,10
19144,4,1,10
19144,51,1,0
19145,34,1,5
19146,16,1,0
19146,28,2,20
19147,24,1,5
19148,9,1,5
19148,2,1,0
19149,7,3,0
19150,25,1,5
19150,20,1,20
19151,22,1,0
19151,3,1,10
19151,7,1,20
19151,13,1,0
19152,2,1,10
19152,57,2,0
19152,3,1,10
19153,3,2,5
19153,28,1,10
19153,22,1,10
19153,20,1,5
19154,17,3,20
19155,41,1,0
19155,1,2,0
19155,30,1,0
19155,25,1,5
19156,12,1,5
19156,3,1,10
19156,3,1,0
19156,18,1,10
19157,25,1,0
19157,34,2,0
19157,8,1,0
19158,52,1,5
19158,22,3,0
19159,37,2,5
19159,46,1,0
19159,23,3,0
19159,52,1,10
19160,2,1,20
19161,24,1,0
19161,59,2,0
19161,6,1,5
19162,3,1,10
19162,22,1,0
19163,6,1,10
19163,1,1,10
19164,12,1,0
19165,8,1,0
19166,9,1,0
19166,38,1,5
19166,40,1,5
19167,5,1,5
19167,2,1,0
19168,9,1,0
19168,36,1,0
19168,30,1,20
19168,12,2,0
19169,17,1,5
19169,17,1,0
19169,37,2,20
19169,46,1,0
19170,47,1,0
19171,29,1,20
19171,15,1,0
19171,15,1,10
19171,32,1,10
19172,2,1,10
19172,3,2,10
19172,45,1,10
19172,43,1,0
19173,30,1,10
19174,43,2,20
19174,23,2,20
19175,18,3,0
19175,12,1,10
19175,4,1,0
19175,17,1,20
19176,50,1,20
19177,8,2,10
19177,1,1,10
19177,25,1,10
19178,33,2,0
19178,28,1,5
19178,3,1,5
19178,17,1,10
19179,10,3,10
19179,59,1,20
19179,27,1,5
19180,24,1,10
19180,59,2,0
19180,21,2,0
19181,1,1,10
19181,12,1,0
19181,39,1,10
19182,46,3,0
19182,6,1,0
19183,6,2,5
19183,41,1,0
19183,22,3,10
19184,2,1,10
19184,3,3,0
19184,2,3,10
19185,10,1,20
19186,14,2,5
19186,53,1,10
19187,58,1,20
19187,12,1,5
19188,49,1,10
19189,3,1,5
19189,27,2,20
19190,3,1,5
19190,34,1,5
19190,8,2,10
19191,38,1,10
19191,59,1,0
19191,17,2,0
19192,47,1,0
19192,3,1,10
19192,7,1,0
19193,54,3,10
19193,1,2,0
19194,21,3,5
19194,1,1,5
19195,50,1,5
19196,3,2,0
19196,27,1,20
19196,15,1,0
19197,30,1,20
19197,7,3,0
19197,17,1,5
19198,37,1,5
19199,1,1,0
19199,47,2,0
19200,7,1,0
19200,19,2,20
19201,25,2,0
19201,5,1,20
19201,1,3,10
19201,14,1,10
19202,52,1,5
19203,13,1,0
19203,34,1,5
19203,34,1,10
19203,50,3,0
19204,42,1,10
19204,15,2,0
19204,10,3,10
19204,38,1,20
19205,6,1,0
19206,24,1,5
19207,1,1,0
19207,4,1,5
19207,9,1,0
19207,43,1,0
19208,1,1,10
19208,11,3,0
19208,10,2,0
19208,58,1,0
19209,18,2,5
19209,15,1,0
19209,6,1,0
19210,14,1,5
19210,10,2,5
19210,56,1,10
19211,4,2,0
19211,26,2,0
19211,3,2,20
19212,6,1,5
19212,60,2,10
19213,9,1,5
19213,22,3,20
19213,8,1,0
19214,1,1,0
19214,29,1,5
19214,39,1,0
19215,26,1,0
19215,28,3,0
19215,16,1,20
19215,2,1,0
19216,36,1,10
19216,21,1,20
19217,3,1,5
19217,42,1,0
19218,20,2,20
19218,23,1,20
19218,47,1,5
19219,21,1,5
19219,1,1,10
19219,11,1,0
19219,13,1,5
19220,35,1,5
19220,55,1,10
19220,2,3,10
19220,54,1,20
19221,12,1,0
19221,8,1,0
19221,3,1,5
19221,43,1,5
19222,13,1,5
19222,1,3,10
19223,47,1,0
19224,13,1,5
19224,31,1,10
19224,60,1,5
19224,1,1,0
19225,2,-1,0
19225,24,1,10
19226,54,1,20
19226,49,2,0
19227,7,3,10
19227,6,1,0
19227,5,2,20
19228,57,1,10
19228,56,1,0
19228,58,1,0
19229,20,1,10
19229,21,1,20
19229,3,1,10
19229,20,3,20
19230,9,1,10
19230,2,1,20
19230,39,1,0
19230,20,2,5
19231,14,2,20
19231,36,1,0
19231,33,2,0
19231,60,1,20
19232,53,1,5
19233,31,1,0
19233,39,1,5
19233,21,1,10
19234,8,1,0
19234,25,2,5
19234,23,1,0
19235,58,1,0
19235,60,1,0
19236,22,1,0
19236,5,2,20
19236,31,1,0
19236,7,1,0
19237,6,2,10
19237,27,1,0
19237,2,1,10
19237,3,1,10
19238,32,1,0
19239,32,1,10
19239,20,1,0
19240,20,1,10
19240,26,3,0
19241,31,1,20
19242,41,2,0
19243,12,1,10
19243,6,1,5
19243,52,1,5
19243,3,2,0
19244,9,2,10
19244,4,2,0
19244,7,1,20
19245,27,1,5
19245,2,2,20
19245,4,1,5
19246,18,1,5
19247,22,1,5
19247,23,1,5
19247,56,1,5
19247,4,2,0
19248,1,1,10
19248,18,1,10
19248,13,1,10
19248,40,1,5
19249,1,3,0
19249,3,1,0
19249,36,3,5
19250,15,1,0
19251,39,1,0
19251,31,1,0
19251,5,1,0
19251,5,1,10
19252,10,2,10
19252,54,1,5
19252,16,1,20
19252,4,1,10
19253,4,1,0
19254,59,1,20
19254,54,1,0
19254,41,1,20
19254,58,1,0
19255,52,1,20
19255,4,2,10
19255,10,1,10
19255,7,1,5
19256,7,1,0
19256,13,1,5
19257,31,1,10
19257,37,1,0
19258,35,1,10
19258,27,2,0
19258,20,2,0
19259,17,1,10
19259,13,2,20
19259,54,1,10
19259,50,1,0
19260,57,1,10
19260,17,1,0
19260,5,1,10
19260,4,3,0
19261,11,3,10
19261,23,1,5
19261,23,1,5
19261,1,1,5
19262,59,1,0
19263,19,1,0
19263,56,1,0
19264,18,1,0
19264,50,2,0
19264,18,1,10
19265,14,2,10
19265,50,1,0
19265,2,1,10
19265,1,1,10
19266,17,1,20
19266,30,2,10
19266,32,1,5
19266,26,3,20
19267,2,1,0
19268,43,1,10
19269,18,1,0
19269,7,1,10
19269,2,1,10
19270,34,1,10
19270,4,3,20
19270,22,3,20
19271,2,1,0
19272,34,1,0
19272,4,2,10
19272,24,1,5
19272,5,1,10
19273,49,1,5
19274,55,1,0
19274,60,1,0
19274,23,2,0
19274,7,1,0
19275,9,1,20
19275,55,1,10
19276,38,1,5
19276,16,1,10
19276,36,1,5
19277,9,3,0
19277,26,1,0
19278,2,1,10
19278,4,2,0
19279,35,2,10
19279,7,1,0
19279,15,2,0
19280,6,1,10
19281,7,1,5
19281,6,2,5
19281,9,1,0
19282,56,1,20
19282,1,1,0
19283,40,1,0
19283,46,1,10
19284,29,1,0
19284,7,1,10
19284,8,1,20
19285,3,1,5
19285,33,2,0
19286,9,2,0
19286,46,1,20
19286,44,1,5
19287,23,1,0
19287,16,1,10
19288,7,2,10
19288,34,1,0
19288,55,1,5
19288,36,2,5
19289,24,1,20
19290,5,1,0
19290,45,3,0
19291,30,1,5
19291,34,1,5
19292,5,3,10
19292,13,1,10
19292,2,1,20
19293,5,1,5
19293,3,1,5
19294,2,1,10
19295,59,1,20
19295,8,2,5
19295,28,-1,5
19295,39,1,5
19296,25,1,0
19297,30,1,5
19297,7,2,10
19297,3,3,5
19298,35,2,0
19299,11,2,0
19299,58,3,10
19300,19,1,20
19300,2,1,0
19300,22,1,10
19300,57,2,0
19301,18,1,10
19302,11,2,10
19302,1,3,0
19302,12,3,0
19302,12,2,0
19303,27,2,20
19303,58,2,20
19303,1,1,5
19303,3,2,0
19304,2,1,20
19304,10,1,0
19304,6,2,0
19304,40,1,0
19305,21,1,5
19305,2,1,20
19306,38,1,0
19306,1,1,10
19306,20,1,0
19306,21,1,10
19307,36,1,20
19307,4,1,20
19308,54,2,5
19308,2,1,20
19308,54,1,10
19308,8,1,10
19309,28,1,5
19309,28,1,5
19310,8,2,0
19310,37,2,5
19310,9,2,0
19311,25,1,0
19312,53,1,20
19312,26,1,0
19313,36,1,5
19313,59,1,5
19314,18,1,10
19314,27,2,20
19314,1,1,20
19314,34,1,0
19315,45,1,0
19315,7,1,0
19315,1,2,0
19316,5,1,10
19317,3,1,10
19317,40,1,0
19317,22,2,5
19317,4,3,5
19318,4,3,20
19319,9,1,0
19320,13,2,0
19320,16,1,10
19321,1,1,0
19321,21,1,5
19321,37,1,10
19321,4,1,0
19322,13,1,10
19322,38,2,20
19322,35,1,0
19323,31,1,20
19323,41,1,0
19323,11,2,0
19323,3,1,10
19324,9,1,0
19324,7,3,0
19324,7,1,0
19325,11,3,0
19325,1,1,5
19325,9,2,10
19325,2,1,0
19326,57,1,0
19326,24,1,20
19326,3,1,0
19327,7,1,0
19327,26,1,10
19327,17,2,10
19327,11,1,10
19328,47,1,10
19328,5,1,5
19328,24,1,10
19329,31,1,5
19330,60,1,0
19330,1,3,20
19331,22,1,5
19332,1,1,5
19332,2,1,10
19333,12,1,10
19333,39,2,0
19334,1,1,10
19334,19,1,0
19335,36,3,10
19335,44,1,0
19336,5,1,0
19336,2,1,10
19336,39,1,0
19337,30,1,0
19338,18,2,10
19339,26,1,5
19339,46,1,5
19340,26,1,0
19340,5,1,5
19340,24,1,10
19340,51,1,0
19341,7,1,0
19341,9,2,20
19341,55,1,20
19341,59,1,0
19342,18,1,0
19342,5,1,20
19343,18,1,0
19343,49,1,5
19343,13,2,20
19343,4,1,10
19344,56,2,10
19344,20,1,10
19345,1,1,0
19345,6,1,10
19345,9,1,5
19346,47,1,5
19346,4,2,10
19346,30,1,0
19347,7,1,0
19348,11,1,0
19348,4,1,10
19349,46,2,5
19350,9,1,5
19350,49,2,10
19350,59,1,10
19351,23,1,20
19351,20,2,5
19352,9,1,20
19352,41,3,20
19352,1,1,0
19352,43,2,10
19353,44,1,0
19353,22,1,20
19354,35,2,0
19355,38,2,10
19356,1,1,10
19356,20,1,5
19356,46,1,5
19356,54,1,0
19357,5,1,10
19358,23,1,0
19358,1,1,20
19359,18,1,10
19359,11,2,10
19359,37,2,10
19360,9,1,20
19361,31,1,10
19361,41,1,10
19362,2,2,0
19363,5,2,5
19363,9,1,0
19364,47,1,0
19364,17,2,0
19364,3,1,20
19365,4,1,0
19365,10,1,5
19366,28,3,5
19366,50,1,0
19367,4,1,0
19367,45,1,20
19368,7,1,5
19368,31,3,0
19368,48,1,5
19369,18,2,0
19370,29,1,5
19370,12,1,20
19370,42,1,5
19370,33,1,20
19371,43,1,10
19372,41,3,5
19373,26,1,10
19373,29,1,20
19373,56,1,0
19373,28,1,0
19374,57,1,20
19374,1,1,10
19374,9,1,0
19374,24,2,20
19375,59,2,0
19375,7,2,0
19376,6,2,0
19376,48,1,10
19377,3,1,0
19377,2,1,5
19377,5,3,5
19378,50,1,5
19378,49,1,20
19378,33,2,10
19378,39,3,10
19379,38,1,0
19379,13,1,10
19379,14,1,0
19379,19,1,0
19380,6,1,0
19380,3,1,5
19381,47,1,10
19382,48,1,5
19383,7,1,0
19383,12,1,20
19384,32,1,0
19385,1,1,10
19385,5,1,0
19386,4,1,0
19387,9,1,0
19388,5,1,10
19388,49,1,0
19388,9,1,0
19388,1,1,5
19389,31,1,5
19389,10,1,10
19389,49,2,20
19390,25,1,0
19390,4,2,10
19391,6,3,10
19391,5,2,0
19392,52,1,0
19392,3,2,10
19393,42,1,0
19393,4,1,10
19393,8,1,10
19394,12,2,0
19395,6,2,20
19396,22,1,0
19397,4,1,0
19397,2,2,10
19397,34,1,10
19398,6,1,20
19398,1,1,10
19399,14,2,10
19399,11,1,0
19399,14,2,5
19399,8,1,0
19400,5,1,5
19400,15,1,0
19400,12,1,0
19401,1,1,10
19401,32,1,0
19401,26,1,5
19402,16,1,10
19402,31,1,10
19402,1,1,5
19403,12,1,0
19403,1,1,0
19403,37,2,5
19404,12,2,20
19405,1,1,0
19405,17,1,5
19406,38,1,10
19406,1,2,10
19406,10,3,5
19406,1,1,5
19407,27,1,5
19407,18,1,20
19407,2,2,0
19408,4,2,5
19408,25,1,0
19409,3,3,10
19410,20,1,0
19410,15,1,10
19410,5,1,10
19411,49,2,0
19411,22,2,20
19411,51,2,10
19411,2,2,0
19412,1,1,0
19413,47,2,5
19413,18,1,20
19413,25,1,10
19413,3,1,20
19414,20,2,10
19414,23,1,0
19414,46,1,5
19415,33,1,5
19415,4,1,20
19415,11,1,0
19416,39,1,10
19416,36,1,0
19416,36,1,20
19416,36,1,5
19417,2,1,0
19417,3,1,0
19417,51,1,0
19418,25,3,5
19418,17,2,5
19418,14,1,0
19419,2,2,0
19419,53,1,5
19419,20,1,0
19419,8,1,5
19420,7,1,20
19420,55,1,5
19421,37,1,0
19421,48,3,0
19421,5,1,10
19421,45,1,0
19422,36,1,5
19422,19,1,20
19422,59,1,20
19423,31,1,5
19424,15,3,5
19424,19,1,10
19425,7,1,10
19425,53,1,0
19425,1,1,10
19426,42,1,10
19427,56,1,5
19427,18,2,5
19428,8,1,5
19428,26,1,0
19428,46,1,5
19429,25,1,5
19429,33,1,0
19430,11,1,0
19430,4,1,0
19430,25,1,10
19431,34,1,20
19431,54,2,0
19431,41,1,10
19432,5,1,0
19433,13,1,0
19433,19,1,0
19433,45,3,5
19433,8,1,0
19434,3,-1,5
19434,58,2,10
19435,12,1,20
19436,4,1,10
19437,56,3,5
19437,6,2,0
19438,10,2,0
19438,7,1,0
19438,32,1,0
19438,8,1,5
19439,7,1,20
19439,6,1,0
19439,42,1,0
19440,26,3,10
19440,39,1,0
19440,11,1,0
19441,1,1,5
19441,17,3,10
19441,50,1,0
19441,21,2,10
19442,12,2,0
19442,20,1,5
19442,14,1,5
19442,53,1,10
19443,55,1,5
19444,8,1,10
19444,35,1,0
19444,3,1,0
19445,36,1,10
19445,1,1,10
19445,5,1,10
19446,26,1,5
19446,10,1,0
19446,3,1,0
19447,4,2,0
19447,39,1,10
19447,54,1,20
19447,32,1,0
19448,3,1,0
19448,5,1,5
19448,23,1,0
19449,17,2,0
19449,18,1,10
19449,17,1,0
19450,10,1,0
19450,2,3,5
19450,18,2,10
19451,53,1,0
19451,26,1,10
19452,25,1,0
19452,41,1,10
19452,42,1,0
19452,8,1,10
19453,40,1,10
19454,44,2,10
19454,16,1,0
19455,21,2,5
19455,31,1,20
19455,38,3,0
19456,4,1,0
19456,38,1,10
19456,1,1,0
19457,40,1,0
19457,3,1,5
19457,10,1,5
19458,36,1,10
19458,11,1,0
19458,1,2,0
19458,2,1,0
19459,15,3,5
19459,24,1,5
19460,11,1,0
19460,43,2,10
19460,38,3,10
19460,9,1,0
19461,24,1,5
19461,26,3,0
19461,14,1,10
19462,1,1,10
19462,35,1,0
19463,29,1,20
19463,6,1,10
19464,20,2,0
19464,34,1,0
19464,48,2,0
19464,43,1,5
19465,28,1,5
19465,1,2,5
19465,39,1,0
19466,3,1,0
19466,41,1,0
19466,28,1,20
19467,56,1,0
19467,19,1,20
19467,16,1,0
19467,9,2,10
19468,5,2,10
19468,1,2,0
19469,56,2,0
19469,2,1,0
19469,4,1,0
19470,56,1,10
19470,30,1,0
19470,3,1,0
19470,31,1,0
19471,35,1,5
19471,17,1,10
19471,26,2,20
19471,16,1,5
19472,2,2,10
19472,5,2,20
19472,22,1,5
19473,2,1,0
19473,37,1,0
19473,51,3,0
19473,6,1,0
19474,7,2,5
19474,10,1,20
19475,33,1,0
19475,9,3,0
19475,1,2,0
19475,7,2,10
19476,2,1,0
19476,1,2,0
19477,3,1,0
19477,8,2,10
19478,34,2,0
19478,34,1,0
19478,26,1,0
19478,18,1,5
19479,1,1,0
19479,32,1,10
19479,14,2,0
19479,8,1,10
19480,29,1,10
19480,3,3,10
19481,38,1,10
19481,28,3,0
19481,7,3,0
19482,8,1,20
19482,16,1,10
19482,39,1,10
19483,7,1,20
19483,15,1,10
19483,17,1,0
19483,33,1,0
19484,6,1,5
19484,59,2,5
19485,1,1,0
19485,4,1,20
19485,12,1,10
19486,17,1,10
19486,8,1,10
19486,22,1,10
19487,28,1,10
19487,6,2,5
19487,4,1,5
19487,46,1,0
19488,2,2,10
19488,45,1,5
19488,51,1,0
19489,1,1,5
19489,45,2,5
19489,15,1,20
19489,45,1,20
19490,12,1,0
19490,9,1,20
19491,11,1,5
19491,23,1,5
19491,42,3,20
19491,7,2,10
19492,21,1,0
19492,8,1,10
19492,15,2,0
19492,30,3,20
19493,11,3,20
19493,32,3,10
19493,28,1,5
19494,2,1,5
19495,5,1,5
19495,19,2,10
19496,2,1,0
19496,45,1,10
19496,38,1,20
19496,34,1,5
19497,3,1,10
19497,1,1,20
19497,49,1,0
19498,8,1,0
19499,7,1,5
19499,10,1,0
19499,24,1,0
19500,38,1,0
19501,7,3,0
19502,15,1,5
19502,11,1,0
19502,6,2,10
19503,18,1,0
19504,1,1,5
19504,6,2,5
19505,1,1,10
19505,2,2,0
19506,1,-1,20
19506,41,3,0
19507,38,3,0
19508,9,2,10
19508,21,1,20
19508,6,1,20
19508,1,1,20
19509,16,3,10
19510,3,1,0
19510,18,3,0
19511,9,3,20
19511,33,1,0
19511,23,1,5
19511,19,1,0
19512,7,2,20
19512,5,1,10
19512,45,1,0
19513,10,1,10
19513,3,1,0
19514,14,2,0
19514,26,2,5
19514,1,2,10
19515,8,1,0
19515,44,1,10
19515,54,1,5
19516,28,1,10
19517,59,1,20
19517,3,3,20
19518,36,3,10
19518,47,3,10
19518,28,2,5
19519,42,1,20
19519,30,2,0
19520,26,1,0
19520,36,2,10
19520,14,1,0
19520,12,2,0
19521,2,1,20
19522,57,1,5
19523,2,1,5
19523,59,1,0
19524,1,1,5
19525,53,2,0
19526,12,2,0
19526,54,1,0
19527,24,1,10
19528,10,1,10
19528,2,3,0
19528,35,1,0
19529,25,1,0
19529,16,1,10
19529,22,1,10
19529,5,3,5
19530,27,1,10
19530,20,2,0
19531,2,1,0
19531,43,1,0
19532,22,1,20
19532,51,1,0
19532,20,1,10
19532,53,1,20
19533,30,1,20
19533,5,1,20
19533,44,1,10
19534,3,1,20
19534,13,1,20
19534,44,1,20
19534,11,1,5
19535,1,1,0
19535,2,1,0
19535,5,2,10
19536,1,1,20
19536,17,1,20
19536,12,1,5
19537,12,1,5
19537,23,2,10
19537,17,3,10
19538,41,2,5
19538,7,1,0
19538,12,2,0
19539,9,1,10
19539,3,1,5
19540,16,2,10
19541,5,1,20
19542,13,1,0
19543,10,1,0
19544,56,1,5
19544,20,3,5
19544,49,1,10
19544,5,1,0
19545,8,1,0
19545,1,1,20
19545,41,1,20
19545,5,1,20
19546,39,1,0
19546,1,1,5
19546,6,2,0
19547,37,1,0
19548,30,3,0
19549,48,2,5
19549,22,1,0
19549,5,3,0
19549,48,3,5
19550,9,1,5
19550,1,3,20
19550,4,1,0
19551,25,1,5
19551,3,3,5
19551,2,1,10
19552,1,2,0
19552,34,1,10
19553,5,1,0
19553,12,1,10
19553,1,3,0
19554,47,1,0
19554,2,1,10
19554,33,2,10
19554,1,1,10
19555,18,1,0
19555,5,1,20
19556,4,1,0
19556,50,1,0
19557,14,3,0
19557,2,1,0
19557,7,1,20
19558,22,1,20
19558,27,1,20
19558,35,1,10
19559,1,1,5
19559,1,2,0
19560,1,1,5
19560,1,1,10
19560,6,1,10
19561,2,2,0
19561,22,1,0
19561,31,1,0
19561,43,1,0
19562,56,3,5
19562,17,1,10
19562,15,1,0
19563,4,1,0
19563,39,1,5
19563,16,3,5
19564,14,3,0
19564,9,1,10
19564,13,1,10
19564,12,1,10
19565,35,3,0
19565,44,3,10
19565,1,1,20
19565,3,1,20
19566,1,1,5
19566,21,1,0
19567,5,1,0
19567,11,1,0
19568,1,3,20
19568,14,1,0
19568,12,1,20
19568,41,3,20
19569,3,2,10
19569,5,1,5
19569,28,1,5
19570,19,1,5
19570,29,2,0
19570,14,1,10
19570,2,2,0
19571,21,2,10
19571,25,1,0
19571,1,1,5
19572,2,2,10
19572,7,1,0
19572,9,3,10
19572,3,2,0
19573,47,1,0
19573,14,1,0
19573,46,2,10
19573,18,1,0
19574,50,1,0
19575,15,2,0
19575,19,1,10
19576,6,1,10
19576,55,1,0
19577,52,1,10
19578,1,1,0
19578,4,1,0
19578,28,1,5
19579,53,1,0
19579,3,1,20
19579,10,1,0
19579,2,1,0
19580,19,3,5
19580,2,3,5
19581,10,1,0
19581,54,1,5
19582,48,1,0
19582,55,2,5
19582,1,2,0
19583,3,2,10
19584,2,1,10
19584,28,2,0
19584,40,1,5
19584,58,1,20
19585,23,1,20
19585,33,1,5
19586,2,1,10
19586,17,1,10
19586,25,1,20
19587,26,1,10
19587,5,1,0
19587,9,1,20
19587,31,1,20
19588,15,3,10
19588,54,1,0
19588,29,1,0
19588,7,1,20
19589,4,2,5
19590,29,2,20
19590,42,1,10
19590,10,1,0
19591,53,3,20
19591,31,3,10
19591,60,1,0
19592,16,1,0
19593,23,3,0
19593,24,1,20
19593,31,1,10
19594,12,1,5
19594,28,1,10
19594,4,1,0
19595,49,1,10
19595,23,1,20
19595,8,1,0
19596,15,2,20
19596,57,1,20
19596,12,1,5
19597,56,1,0
19597,35,1,0
19597,7,2,0
19598,40,1,10
19598,49,2,0
19598,9,1,5
19599,27,1,20
19599,30,1,0
19600,12,1,0
19600,36,1,10
19600,19,1,0
19601,16,1,20
19601,3,1,10
19602,18,1,10
19602,6,1,10
19602,24,1,0
19603,9,1,5
19603,35,3,0
19603,35,3,0
19603,26,1,5
19604,12,1,5
19604,1,1,5
19604,11,1,5
19604,14,3,0
19605,30,2,20
19605,15,3,0
19605,28,3,0
19605,24,1,10
19606,7,1,5
19606,38,2,10
19606,34,1,10
19606,4,1,5
19607,18,1,5
19607,1,1,0
19608,12,1,0
19608,2,1,20
19608,5,1,20
19609,12,1,5
19610,53,1,5
19610,20,1,10
19611,6,1,0
19611,5,1,0
19611,14,1,0
19611,31,1,0
19612,15,2,20
19612,50,1,10
19612,39,1,10
19613,33,1,20
19613,1,1,10
19613,32,2,0
19613,7,2,5
19614,4,2,10
19614,3,1,10
19614,43,1,0
19615,25,1,20
19615,34,1,10
19616,17,1,20
19616,50,3,20
19617,56,1,0
19617,35,1,10
19617,56,1,10
19617,55,3,5
19618,3,1,0
19618,22,3,20
19618,33,1,10
19619,8,2,0
19619,22,1,10
19619,6,2,5
19620,38,3,0
19620,5,1,20
19620,24,1,10
19620,47,3,10
19621,50,1,10
19621,9,1,0
19621,8,1,10
19622,3,2,10
19623,14,1,20
19623,47,2,5
19624,1,1,0
19625,17,3,10
19625,48,1,0
19626,13,1,10
19626,23,1,5
19626,53,1,20
19626,45,2,0
19627,39,3,5
19627,22,1,0
19627,7,3,0
19627,31,1,20
19628,13,3,20
19628,46,2,10
19628,17,3,0
19628,54,1,5
19629,50,1,5
19629,42,1,5
19630,15,2,5
19630,22,2,5
19630,6,1,5
19631,1,1,0
19631,23,1,0
19631,21,1,20
19632,24,1,0
19632,40,1,10
19633,1,1,10
19633,27,1,5
19633,2,1,5
19633,26,1,0
19634,4,1,10
19634,53,1,10
19634,50,1,0
19635,59,1,0
19635,10,2,10
19636,11,1,5
19636,58,2,20
19636,4,1,5
19636,25,1,5
19637,4,2,10
19637,2,1,5
19638,12,1,20
19639,32,2,5
19639,12,1,10
19639,10,1,0
19640,29,1,0
19640,2,1,0
19641,53,2,10
19641,49,1,20
19641,1,2,0
19641,10,1,0
19642,30,2,5
19642,2,1,0
19642,1,1,20
19642,51,1,5
19643,47,2,20
19644,1,1,10
19644,36,2,0
19644,11,2,20
19645,38,1,20
19645,6,1,10
19645,8,2,5
19646,16,1,10
19646,32,1,0
19646,8,1,10
19646,18,2,0
19647,1,1,10
19648,55,1,20
19649,8,1,10
19650,6,1,0
19650,40,1,10
19650,38,1,0
19650,9,2,0
19651,51,1,10
19651,3,2,20
19651,11,2,5
19651,2,1,0
19652,32,1,5
19652,50,3,0
19652,31,1,0
19653,46,1,0
19653,27,2,20
19654,1,1,0
19654,19,1,20
19655,10,1,20
19655,56,1,0
19656,38,3,0
19656,50,1,10
19656,30,2,10
19657,8,3,20
19657,53,1,0
19657,47,1,0
19658,10,3,5
19658,52,1,20
19658,10,1,0
19658,31,2,10
19659,29,1,0
19659,6,1,10
19659,60,1,0
19660,37,1,20
19660,48,1,0
19661,11,2,0
19661,56,3,10
19661,15,1,10
19661,10,1,0
19662,9,1,20
19662,23,1,5
19663,36,1,20
19663,45,1,5
19663,23,1,5
19664,6,1,0
19664,1,1,0
19664,50,2,5
19665,1,1,20
19665,7,1,0
19665,2,1,10
19666,14,1,20
19666,55,1,10
19666,47,1,10
19666,16,2,0
19667,37,1,5
19667,5,1,5
19667,49,2,0
19668,2,2,0
19668,29,2,0
19668,1,1,0
19669,13,1,10
19670,7,1,0
19671,28,3,0
19671,59,2,10
19672,11,1,0
19672,51,1,0
19672,25,1,0
19672,48,1,0
19673,11,1,10
19674,19,2,0
19674,2,1,5
19674,5,1,5
19674,2,1,10
19675,22,1,10
19675,5,2,0
19676,44,3,5
19676,20,1,5
19677,12,1,0
19678,1,1,10
19679,16,1,0
19680,15,2,5
19680,2,1,5
19680,47,1,10
19680,2,1,0
19681,3,1,10
19681,14,1,0
19681,48,2,10
19681,4,1,5
19682,28,1,20
19683,4,1,0
19684,13,1,0
19684,23,1,10
19685,8,2,5
19685,4,1,0
19685,50,3,0
19686,25,1,10
19686,13,1,10
19686,8,2,0
19686,58,1,0
19687,15,1,5
19687,21,2,0
19688,60,2,5
19689,57,1,0
19690,36,1,10
19690,6,1,20
19690,22,1,10
19691,12,1,0
19692,29,1,5
19692,22,2,0
19693,1,1,0
19693,2,1,5
19694,9,3,5
19694,11,1,10
19694,1,1,10
19695,1,2,0
19696,44,2,0
19696,4,1,20
19697,33,3,10
19697,37,1,0
19698,18,1,5
19698,1,1,10
19698,12,1,0
19698,29,2,10
19699,39,2,0
19699,43,2,20
19700,1,2,0
19700,14,1,0
19700,22,1,5
19700,49,1,0
19701,38,1,10
19702,35,1,20
19703,6,1,0
19703,17,1,10
19703,36,1,0
19704,26,3,0
19704,15,1,20
19704,23,1,5
19704,8,1,10
19705,14,1,10
19705,15,1,10
19705,40,1,10
19706,8,1,5
19706,18,1,20
19706,57,2,20
19707,6,1,0
19708,5,3,0
19708,25,3,20
19709,24,2,10
19709,23,1,0
19709,25,3,20
19709,18,1,0
19710,38,2,0
19711,27,1,10
19711,2,1,0
19711,45,1,0
19712,30,1,0
19712,13,1,5
19712,25,2,0
19713,25,1,5
19714,3,1,5
19714,37,1,0
19715,33,1,10
19715,43,1,0
19716,21,2,0
19716,5,2,0
19716,48,1,0
19716,8,2,5
19717,12,1,20
19717,59,1,10
19718,5,1,20
19718,11,2,0
19718,8,1,0
19719,52,1,0
19719,23,1,10
19720,2,1,5
19720,6,3,20
19721,17,1,10
19721,47,1,0
19721,42,3,20
19722,5,1,20
19722,19,1,20
19722,19,2,0
19722,52,2,10
19723,34,1,10
19723,50,1,10
19723,50,1,10
19723,3,1,20
19724,58,1,5
19725,1,2,10
19726,22,1,5
19726,57,1,20
19727,37,3,5
19727,5,1,10
19727,1,3,0
19728,48,1,0
19728,33,1,10
19729,36,2,10
19730,40,1,0
19730,2,1,20
19731,8,1,20
19731,10,1,0
19731,7,2,0
19732,56,1,10
19732,7,1,0
19733,38,1,10
19733,30,1,20
19734,2,1,10
19734,4,2,10
19735,27,1,20
19735,21,1,20
19735,29,3,20
19736,39,1,20
19736,6,3,0
19737,29,1,10
19737,15,2,5
19737,16,1,10
19738,45,1,0
19738,5,2,10
19738,3,1,10
19739,32,1,0
19739,32,1,10
19739,31,2,10
19740,1,3,0
19740,4,2,5
19740,6,2,5
19741,2,3,0
19742,4,1,0
19743,6,2,20
19743,2,2,5
19743,21,1,10
19744,6,1,10
19744,32,2,20
19744,6,1,5
19744,45,2,0
19745,16,1,0
19745,1,1,0
19745,40,1,0
19746,1,3,0
19746,51,1,0
19746,1,2,0
19746,37,1,10
19747,13,1,0
19747,6,3,0
19747,28,2,0
19748,4,1,0
19749,9,1,20
19749,8,1,0
19749,3,1,0
19749,2,1,0
19750,31,1,0
19750,11,1,0
19750,1,1,0
19750,58,3,0
19751,27,1,0
19751,3,2,0
19751,54,1,5
19751,5,3,5
19752,46,2,20
19752,1,2,5
19752,2,1,0
19752,6,1,0
19753,6,2,10
19753,7,1,5
19753,6,2,10
19753,1,2,20
19754,4,1,20
19754,58,1,0
19755,38,1,0
19756,6,1,0
19756,1,1,10
19756,2,2,0
19756,13,1,0
19757,47,1,0
19757,49,2,5
19758,7,2,10
19758,22,1,0
19759,4,1,10
19759,49,1,0
19759,47,2,0
19760,13,2,20
19761,10,1,20
19761,39,1,5
19761,43,1,20
19761,47,2,20
19762,2,1,5
19763,30,2,0
19763,9,3,10
19764,7,1,0
19764,5,1,0
19764,41,1,20
19765,16,1,20
19766,7,2,5
19766,5,3,5
19766,1,2,10
19767,10,1,20
19768,16,1,0
19769,50,3,20
19769,1,2,0
19769,15,3,20
19770,17,2,0
19770,1,1,20
19771,3,1,10
19771,1,2,10
19772,56,2,10
19772,19,1,0
19772,49,2,0
19773,19,2,0
19773,15,1,0
19773,9,1,5
19773,22,3,20
19774,33,1,0
19774,5,1,10
19775,57,2,20
19775,3,1,5
19775,51,1,0
19776,51,1,10
19776,56,1,20
19777,48,1,5
19778,36,1,0
19779,33,1,10
19779,47,2,0
19779,44,1,0
19780,4,1,0
19780,27,1,20
19781,3,2,10
19781,9,1,10
19782,23,2,10
19783,41,3,0
19784,59,2,10
19784,23,3,0
19784,2,1,5
19784,57,1,5
19785,5,1,20
19785,1,1,10
19785,56,2,0
19785,1,1,5
19786,1,1,20
19786,15,3,5
19786,21,1,0
19787,5,1,0
19788,9,1,10
19788,58,1,10
19788,8,1,5
19789,31,2,0
19789,25,1,20
19789,2,3,0
19789,8,1,20
19790,13,3,0
19791,27,1,0
19792,49,2,5
19792,25,1,10
19792,15,1,5
19793,41,1,0
19793,1,2,5
19793,39,2,0
19793,23,2,20
19794,42,2,5
19794,43,1,0
19794,1,3,0
19795,50,1,5
19796,44,1,0
19797,33,1,10
19797,9,3,5
19797,2,1,0
19797,11,1,10
19798,6,1,0
19798,21,3,0
19798,17,1,5
19799,24,2,0
19799,3,1,0
19799,14,1,0
19800,6,2,10
19800,11,1,20
19800,7,1,10
19800,11,1,5
19801,14,1,0
19801,41,2,0
19801,13,1,10
19802,3,1,20
19802,56,1,10
19802,33,1,0
19803,16,1,0
19803,50,3,10
19803,4,3,20
19803,14,1,10
19804,48,1,0
19804,31,1,0
19804,1,3,20
19805,21,1,0
19805,1,2,10
19805,1,1,20
19805,57,3,0
19806,52,2,0
19806,19,1,20
19807,19,1,0
19808,43,1,10
19808,6,1,10
19809,53,3,0
19810,44,1,0
19810,39,1,10
19810,37,2,0
19810,3,2,0
19811,9,1,10
19811,8,3,10
19811,1,1,10
19812,4,2,0
19812,38,1,10
19813,35,1,0
19813,33,2,5
19813,12,2,0
19814,11,1,0
19814,44,1,0
19814,13,2,10
19814,25,2,5
19815,37,1,0
19816,1,1,5
19816,57,1,5
19817,1,1,10
19817,39,2,5
19818,14,1,0
19818,3,1,20
19818,39,2,5
19818,13,3,5
19819,2,1,0
19819,6,2,20
19819,17,1,5
19819,4,3,5
19820,37,1,10
19820,24,3,0
19820,48,1,10
19821,6,2,0
19822,20,1,5
19822,1,2,0
19822,6,2,10
19822,17,1,10
19823,4,1,20
19823,33,2,0
19823,8,3,5
19824,6,1,0
19824,53,1,5
19825,2,1,5
19826,15,3,10
19827,7,1,10
19827,56,1,10
19827,52,1,0
19827,45,1,0
19828,34,1,0
19828,1,2,20
19829,9,1,10
19830,14,1,10
19831,13,1,0
19831,2,1,10
19832,13,1,5
19833,10,1,10
19833,2,1,0
19833,47,1,0
19833,36,1,5
19834,11,1,10
19834,52,1,0
19834,11,3,10
19835,2,1,5
19836,37,1,20
19837,1,2,0
19837,30,3,0
19837,37,1,10
19837,6,1,0
19838,11,3,20
19838,12,1,10
19839,6,1,0
19839,25,2,5
19840,58,2,5
19841,48,1,20
19841,4,2,0
19841,37,3,0
19841,1,2,0
19842,22,1,20
19842,47,1,20
19842,12,2,0
19842,11,1,5
19843,34,1,0
19844,13,1,0
19845,56,1,10
19845,23,1,0
19846,12,1,10
19846,17,2,10
19846,4,3,10
19846,1,1,20
19847,3,1,10
19847,32,1,20
19848,60,1,20
19848,26,1,5
19848,23,1,5
19849,52,1,20
19849,8,1,10
19850,48,1,0
19850,60,2,0
19850,1,2,0
19851,44,1,0
19852,50,2,5
19853,4,1,0
19853,2,1,5
19853,30,1,10
19853,40,1,5
19854,60,1,0
19854,1,1,5
19854,44,3,10
19855,9,1,10
19855,11,1,5
19855,16,2,5
19856,51,1,0
19856,15,2,0
19857,9,1,10
19857,12,1,0
19857,17,2,0
19858,12,1,20
19858,52,1,0
19858,60,1,10
19859,5,2,0
19859,2,1,20
19860,11,1,0
19861,24,1,10
19861,6,1,10
19861,50,3,0
19861,35,1,5
19862,2,1,10
19862,23,1,5
19863,36,1,10
19863,47,2,0
19864,56,1,20
19865,5,1,5
19865,43,2,0
19866,12,1,10
19866,20,1,0
19866,1,1,0
19867,14,3,10
19867,4,1,5
19868,13,1,5
19868,51,1,10
19869,19,2,0
19869,4,1,20
19870,7,1,0
19871,31,2,20
19871,37,2,0
19871,22,1,0
19872,50,1,10
19872,8,1,0
19873,7,2,5
19873,33,1,5
19873,30,2,0
19874,21,1,20
19874,15,1,5
19874,3,1,0
19874,60,1,10
19875,26,1,5
19875,27,2,20
19875,41,1,0
19876,6,1,10
19876,4,1,0
19876,1,1,20
19876,40,1,20
19877,27,1,0
19877,57,1,5
19877,4,1,0
19877,37,1,20
19878,1,1,0
19878,1,1,20
19878,16,1,0
19878,43,3,0
19879,36,2,5
19879,21,1,0
19879,39,1,5
19879,51,2,0
19880,5,1,10
19880,22,1,0
19880,26,1,0
19881,49,2,20
19881,2,1,10
19882,2,1,0
19882,30,2,10
19883,45,1,10
19883,10,1,10
19884,21,1,5
19884,21,1,20
19884,15,1,10
19885,3,1,5
19885,59,1,5
19885,39,1,20
19886,8,1,0
19886,26,2,20
19887,8,1,10
19887,55,1,0
19887,27,2,0
19888,33,3,5
19888,14,1,20
19888,1,1,5
19889,13,1,10
19889,21,1,20
19890,54,1,10
19890,5,3,10
19891,37,1,20
19891,1,1,0
19891,25,1,0
19891,21,3,5
19892,34,1,0
19892,30,3,10
19892,45,1,0
19892,5,1,20
19893,11,1,0
19893,22,1,5
19893,2,1,0
19893,17,2,10
19894,32,3,10
19895,47,1,0
19895,53,1,20
19895,25,1,5
19895,39,1,5
19896,3,1,5
19896,1,1,10
19896,18,2,10
19897,3,3,10
19898,39,1,20
19898,2,1,20
19898,2,1,20
19899,8,3,0
19899,11,1,10
19899,54,2,10
19899,55,1,0
19900,54,1,10
19900,3,1,0
19900,7,1,10
19900,8,1,10
19901,15,1,10
19902,4,1,10
19902,34,1,10
19903,1,1,5
19903,3,1,10
19903,32,1,0
19903,7,1,20
19904,6,3,10
19905,43,1,10
19906,8,2,0
19907,12,2,0
19907,19,1,5
19908,10,1,0
19908,18,1,10
19908,30,1,20
19909,5,1,0
19909,26,1,20
19909,52,1,5
19909,4,1,0
19910,6,1,5
19911,16,1,0
19911,26,1,0
19911,12,1,20
19911,45,1,20
19912,1,1,0
19912,31,1,0
19912,38,1,5
19913,22,1,20
19914,35,1,10
19914,33,1,5
19914,52,2,20
19915,18,1,5
19915,20,1,0
19915,45,1,20
19915,18,1,0
19916,22,2,5
19916,55,2,5
19917,4,1,5
19917,24,3,0
19917,5,1,0
19917,47,1,0
19918,44,1,20
19919,49,1,0
19920,22,1,20
19920,43,2,5
19920,17,1,10
19921,25,2,20
19921,28,1,0
19921,28,1,0
19921,2,1,0
19922,29,1,0
19922,1,1,0
19922,10,1,10
19922,10,1,5
19923,21,-1,5
19924,32,1,0
19924,49,2,5
19924,40,2,10
19924,34,1,20
19925,30,1,5
19925,22,1,5
19926,14,1,0
19926,20,1,10
19926,13,1,0
19926,1,1,0
19927,2,1,5
19927,2,3,5
19927,16,3,20
19927,7,3,0
19928,25,2,0
19929,36,1,0
19930,23,2,10
19930,33,2,5
19931,54,1,5
19931,10,2,0
19931,36,3,5
19931,55,1,10
19932,25,2,0
19932,58,2,0
19932,1,1,0
19932,5,1,0
19933,57,3,5
19933,7,2,0
19933,2,2,10
19934,2,1,10
19934,10,1,10
19934,15,1,20
19934,34,2,0
19935,4,1,20
19935,14,1,0
19935,19,1,0
19935,56,2,10
19936,21,2,0
19936,20,1,20
19937,53,1,10
19937,40,2,20
19937,16,1,0
19937,20,2,10
19938,53,1,5
19938,4,1,0
19938,28,1,0
19939,60,2,0
19939,41,1,0
19939,54,1,0
19940,3,2,5
19940,10,2,10
19941,32,1,0
19941,2,1,20
19941,27,1,10
19941,56,1,0
19942,12,2,0
19942,40,3,20
19942,3,1,10
19943,16,1,0
19943,23,1,0
19944,1,1,5
19944,20,1,0
19944,35,1,0
19945,53,1,10
19946,11,1,0
19946,23,1,5
19946,56,1,10
19946,36,1,20
19947,36,2,10
19947,23,1,0
19948,5,1,20
19949,16,3,0
19949,7,1,5
19949,5,1,20
19949,21,1,5
19950,13,2,5
19950,22,1,0
19951,46,1,0
19951,1,1,5
19951,3,2,5
19952,18,1,0
19952,31,1,5
19953,27,2,0
19953,57,1,0
19954,20,2,10
19954,1,1,0
19954,43,2,20
19955,19,2,5
19955,49,1,0
19956,25,1,0
19956,57,1,10
19956,8,2,5
19956,5,1,0
19957,47,1,0
19957,5,1,0
19957,23,3,0
19958,14,3,20
19959,24,1,10
19960,3,1,0
19960,35,3,5
19960,2,2,10
19961,4,2,0
19961,27,1,10
19962,40,1,10
19962,33,1,5
19962,16,2,5
19962,10,1,20
19963,1,1,0
19963,5,3,20
19964,5,3,0
19965,1,3,5
19966,19,1,10
19966,33,1,0
19967,23,1,10
19967,30,2,20
19967,1,1,0
19967,41,2,10
19968,44,1,10
19968,51,3,5
19969,13,1,5
19970,59,2,0
19970,1,1,10
19971,48,2,0
19971,13,2,5
19971,4,1,0
19971,22,1,20
19972,48,2,20
19972,5,1,0
19973,1,1,20
19973,11,1,0
19974,2,1,10
19975,36,2,10
19975,33,1,0
19975,12,3,0
19975,32,2,10
19976,8,2,10
19977,3,1,20
19977,17,1,20
19977,59,1,20
19978,40,1,0
19978,1,1,0
19978,5,1,0
19978,14,1,0
19979,13,1,0
19979,15,3,0
19979,46,2,5
19979,26,1,20
19980,3,1,5
19980,18,1,0
19980,5,1,5
19980,1,1,5
19981,3,3,0
19981,30,1,10
19981,55,2,0
19981,8,1,10
19982,59,3,0
19983,1,1,10
19983,21,3,0
19983,39,1,5
19984,15,1,10
19984,24,1,20
19984,18,1,5
19985,39,1,0
19985,46,1,5
19985,6,1,20
19985,30,2,20
19986,13,1,10
19986,1,1,10
19986,41,3,0
19986,42,2,5
19987,10,3,5
19988,12,1,0
19988,8,2,20
19989,52,1,0
19989,54,2,20
19990,43,1,5
19991,16,1,0
19991,13,1,0
19991,58,1,10
19991,4,1,20
19992,24,1,5
19992,55,2,0
19993,47,1,0
19993,1,1,20
19993,1,2,10
19994,3,2,0
19994,17,1,0
19994,24,1,10
19994,7,2,10
19995,9,1,20
19995,6,1,0
19995,57,1,0
19995,45,1,0
19996,5,1,5
19996,2,1,10
19997,35,1,20
19997,15,1,10
19997,3,2,0
19998,19,1,5
19998,2,1,10
19998,3,1,5
19999,29,1,10
19999,15,2,10
19999,14,1,0
20000,28,1,0
20001,5,2,5
20002,40,3,20
20003,5,1,0
20004,29,1,20
20004,10,1,10
20004,8,2,10
20004,9,1,10
20005,3,1,20
20005,9,1,10
20005,6,1,0
20006,30,2,10
20007,38,2,20
20007,9,1,20
20008,10,2,20
20008,53,1,10
20009,1,1,10
20009,4,1,0
20009,21,1,0
20010,1,1,0
20010,4,2,0
20010,20,2,10
20010,3,1,20
20011,51,1,10
20011,13,2,20
20011,1,1,0
20012,7,1,10
20012,25,1,0
20012,28,1,10
20013,5,2,5
20013,7,1,0
20013,57,2,10
20014,40,1,10
20014,2,2,5
20015,23,1,0
20015,4,1,0
20015,8,1,10
20016,24,3,10
20016,11,1,20
20016,22,1,0
20017,15,3,10
20018,55,1,0
20019,3,1,5
20019,58,1,0
20020,31,2,5
20020,43,1,10
20021,60,1,0
20022,29,1,0
20022,24,1,5
20022,2,1,10
20023,3,1,0
20024,38,1,0
20024,19,1,0
20024,29,1,0
20025,4,1,0
20025,37,3,0
20026,1,1,0
20026,45,1,20
20026,43,3,10
20027,4,1,0
20027,11,1,10
20028,19,1,20
20028,44,1,0
20028,7,1,10
20029,7,1,0
20029,2,2,0
20029,51,1,10
20030,9,1,5
20030,15,1,0
20031,34,-1,10
20031,1,1,5
20031,4,1,10
20031,13,3,20
20032,4,2,0
20032,46,2,0
20032,57,1,10
20033,47,1,10
20034,42,2,5
20034,28,1,5
20034,52,1,20
20035,50,1,10
20035,13,1,10
20035,48,1,10
20036,21,1,0
20036,18,1,0
20037,33,1,10
20037,11,2,5
20037,48,1,5
20037,51,1,10
20038,2,1,10
20038,13,3,0
20039,1,1,10
20039,21,1,10
20039,2,1,10
20040,4,1,20
20040,1,2,5
20040,22,1,5
20040,1,1,0
20041,9,3,10
20042,28,2,5
20042,24,1,0
20042,1,1,0
20042,23,1,0
20043,12,1,20
20044,4,3,20
20044,5,1,0
20044,35,2,5
20045,44,1,0
20046,17,1,5
20046,33,3,0
20046,17,1,10
20047,9,1,20
20047,53,1,0
20047,26,1,10
20048,5,1,10
20048,48,1,10
20048,4,3,10
20048,8,1,0
20049,34,1,5
20049,1,2,5
20050,4,1,0
20051,15,1,0
20051,32,1,10
20052,16,1,20
20053,1,3,0
20053,60,3,0
20053,43,2,10
20053,21,1,10
20054,52,1,10
20054,4,2,20
20054,1,1,5
20054,33,1,20
20055,1,1,10
20056,8,3,20
20056,20,1,0
20056,3,1,5
20056,8,3,0
20057,9,1,0
20057,1,2,0
20057,18,1,0
20057,29,1,20
20058,1,2,20
20058,15,2,5
20058,6,2,5
20058,10,1,5
20059,40,1,0
20059,20,3,10
20059,5,2,0
20059,1,1,10
20060,58,1,5
20060,5,3,10
20060,2,2,10
20060,12,1,10
20061,56,1,20
20061,18,3,0
20061,2,1,10
20062,29,3,0
20063,32,2,0
20064,1,2,0
20065,1,1,10
20065,7,1,0
20065,18,1,5
20066,53,1,5
20066,25,1,20
20067,40,1,10
20067,29,3,0
20067,49,2,5
20067,46,1,5
20068,1,1,5
20068,9,1,10
20069,6,1,10
20070,1,2,0
20071,3,1,0
20071,6,1,20
20071,60,2,10
20071,35,1,20
20072,4,1,0
20072,7,1,5
20073,9,1,20
20073,31,2,10
20074,31,1,20
20074,3,3,0
20074,16,1,20
20075,3,1,10
20076,13,2,5
20076,31,3,0
20076,34,1,0
20077,2,3,10
20077,34,1,20
20077,19,1,10
20078,19,3,10
20078,33,2,5
20078,25,1,10
20078,2,1,10
20079,7,1,10
20079,22,1,0
20079,49,2,20
20079,14,1,0
20080,21,1,10
20081,42,1,10
20082,41,1,0
20083,6,1,10
20084,19,1,10
20084,31,1,10
20084,45,1,5
20084,32,1,5
20085,28,1,0
20085,10,2,0
20086,17,1,20
20086,49,2,0
20087,41,2,20
20087,16,1,0
20088,51,1,5
20089,51,3,5
20090,11,2,10
20091,21,1,10
20092,14,1,0
20092,26,1,5
20093,13,3,0
20094,43,3,10
20094,35,1,10
20094,13,1,0
20095,8,3,0
20095,20,1,0
20095,31,1,20
20096,14,2,0
20096,11,1,0
20097,39,1,0
20097,17,3,20
20097,23,1,0
20098,19,1,5
20098,5,1,0
20098,43,1,0
20099,30,1,20
20099,53,1,10
20100,2,2,10
20101,33,3,0
20101,2,2,5
20101,24,1,0
20102,47,2,20
20102,24,3,0
20102,8,3,5
20103,42,1,20
20103,46,3,0
20104,1,2,0
20104,10,1,10
20105,5,1,0
20105,4,3,10
20105,9,1,0
20106,23,1,0
20106,8,2,0
20107,9,1,0
20107,57,2,0
20107,1,1,0
20107,2,2,20
20108,59,2,0
20108,25,1,10
20108,3,1,20
20109,1,1,20
20109,37,1,0
20110,16,1,0
20110,2,1,0
20111,52,1,0
20111,9,2,0
20111,9,1,0
20111,39,1,10
20112,1,2,0
20112,12,1,0
20112,12,1,0
20112,5,1,5
20113,26,2,5
20113,5,1,0
20113,1,1,0
20113,38,1,20
20114,23,1,10
20114,14,2,10
20115,36,1,0
20115,53,1,0
20115,3,1,0
20115,29,1,10
20116,50,1,10
20116,1,2,20
20116,14,1,0
20116,34,1,0
20117,5,2,20
20117,6,1,20
20117,4,1,0
20118,22,2,0
20118,26,1,10
20119,9,1,0
20119,40,2,5
20119,3,1,5
20120,46,1,5
20120,6,1,20
20120,14,1,20
20120,16,1,0
20121,31,3,10
20121,2,3,20
20121,14,1,10
20122,17,1,0
20123,34,2,5
20123,18,1,5
20124,36,1,0
20125,8,1,10
20125,4,3,10
20126,40,1,0
20126,9,1,10
20126,1,2,20
20126,7,3,0
20127,9,1,0
20127,33,3,10
20128,1,1,0
20128,23,1,5
20128,32,1,0
20128,5,1,10
20129,52,1,20
20129,1,1,5
20129,7,1,0
20129,7,1,10
20130,56,1,0
20130,33,2,0
20130,2,1,20
20130,25,1,20
20131,16,1,10
20131,36,1,20
20131,4,3,10
20132,36,1,20
20132,3,1,20
20132,18,2,10
20133,2,1,10
20133,57,2,10
20134,11,3,0
20134,5,1,10
20135,25,1,0
20135,46,2,20
20136,17,1,20
20137,45,1,5
20137,2,3,10
20137,3,1,0
20137,20,2,5
20138,60,1,20
20138,37,1,5
20138,32,1,0
20139,16,1,0
20140,19,1,5
20140,10,1,20
20140,19,1,5
20140,15,1,0
20141,32,1,5
20141,51,3,20
20141,24,3,0
20142,42,1,0
20142,1,1,20
20143,30,3,10
20143,22,3,0
20143,14,1,10
20143,54,1,20
20144,1,3,5
20144,1,2,0
20144,43,2,5
20144,54,2,10
20145,7,1,0
20145,8,2,0
20145,8,2,10
20146,53,1,0
20146,5,1,0
20146,27,1,0
20146,1,1,20
20147,53,2,0
20147,17,2,5
20147,57,1,5
20147,46,2,0
20148,4,2,5
20148,21,1,20
20149,1,1,20
20149,10,2,5
20149,37,1,5
20150,10,1,5
20150,12,1,5
20151,24,1,0
20151,6,1,0
20151,17,2,20
20152,1,3,0
20152,48,3,0
20153,50,1,0
20153,1,1,5
20153,15,1,10
20154,42,1,0
20155,50,1,5
20156,1,1,5
20156,21,2,0
20156,3,1,0
20157,50,1,0
20157,33,1,5
20157,40,2,10
20157,39,2,10
20158,59,1,0
20158,53,2,0
20158,9,1,10
20158,50,1,5
20159,1,1,5
20159,32,1,0
20159,50,1,10
20159,33,1,0
20160,12,1,0
20161,17,1,0
20161,52,1,0
20162,32,3,0
20163,10,1,10
20163,8,1,10
20163,2,3,20
20163,17,2,0
20164,25,1,5
20164,4,2,10
20164,46,1,20
20164,2,1,5
20165,10,1,20
20165,6,1,5
20166,25,2,20
20166,16,1,0
20166,16,1,20
20167,22,1,0
20167,45,1,0
20167,54,1,0
20168,25,1,0
20169,1,1,10
20169,21,3,10
20169,2,1,5
20169,12,1,5
20170,33,1,10
20170,34,1,0
20171,7,1,20
20172,21,1,0
20172,6,1,10
20172,46,2,0
20172,30,1,10
20173,43,1,5
20173,27,1,0
20173,1,1,5
20173,5,1,5
20174,48,2,5
20174,3,3,0
20175,33,1,10
20176,4,1,0
20176,4,1,10
20176,1,1,5
20177,15,1,5
20177,2,1,20
20178,30,1,0
20178,52,1,10
20179,53,1,10
20179,51,1,5
20179,23,1,5
20180,57,1,0
20181,21,1,0
20181,3,3,10
20181,22,2,5
20181,22,1,10
20182,24,1,0
20182,19,2,10
20183,32,3,0
20183,41,2,5
20183,39,1,0
20184,34,1,5
20185,16,1,10
20185,1,1,0
20185,20,1,0
20186,43,1,5
20187,43,1,5
20187,7,1,5
20187,54,1,10
20188,45,3,10
20188,38,1,0
20188,1,1,0
20189,4,2,20
20189,9,1,0
20190,10,2,20
20190,24,1,0
20190,38,1,0
20190,60,2,20
20191,23,2,0
20191,12,1,20
20191,3,1,0
20191,3,1,0
20192,1,1,5
20193,2,2,20
20194,5,2,0
20194,1,1,5
20195,17,1,0
20195,60,3,20
20196,15,1,0
20196,41,3,0
20197,50,3,20
20197,3,3,0
20197,8,1,0
20197,44,1,10
20198,8,1,10
20198,15,1,5
20199,2,1,0
20200,33,2,20
20201,6,2,5
20201,29,1,20
20201,6,1,0
20202,8,3,0
20202,52,1,0
20202,30,1,10
20202,52,2,20
20203,9,2,20
20203,22,2,10
20203,1,1,20
20204,34,1,0
20204,6,2,5
20204,7,3,0
20205,13,3,0
20205,2,2,5
20205,8,1,20
20205,18,1,10
20206,56,1,0
20206,4,1,5
20206,21,1,20
20207,30,1,10
20208,30,1,0
20209,1,2,5
20210,60,1,5
20210,47,1,20
20210,7,1,0
20211,28,1,10
20212,38,1,0
20213,39,1,10
20213,29,1,10
20214,6,1,0
20214,19,3,20
20214,14,1,20
20215,8,1,5
20215,58,1,10
20215,8,1,5
20215,43,2,10
20216,45,1,5
20216,2,1,0
20216,37,3,10
20217,49,1,0
20217,22,1,10
20218,14,2,5
20219,53,1,0
20220,7,1,10
20221,6,1,0
20221,55,2,10
20221,59,3,10
20222,2,1,10
20222,26,1,10
20222,40,1,0
20223,53,1,5
20223,4,2,0
20224,21,3,0
20224,23,3,5
20224,58,1,10
20225,33,1,10
20225,46,1,10
20225,8,1,0
20225,18,1,20
20226,11,3,20
20227,19,1,10
20227,5,1,0
20227,4,1,0
20228,35,2,0
20228,9,3,0
20229,1,1,0
20230,2,2,0
20230,35,3,0
20230,32,1,0
20230,2,1,10
20231,6,1,0
20231,44,1,0
20231,1,1,10
20231,8,1,10
20232,20,1,0
20232,39,1,20
20232,25,2,0
20233,45,1,20
20233,20,1,0
20233,7,3,10
20233,36,1,0
20234,26,1,5
20234,11,1,0
20235,19,1,0
20235,18,1,0
20236,39,2,20
20237,29,2,10
20237,5,1,0
20237,1,3,5
20238,48,2,10
20238,37,2,10
20238,38,1,10
20239,9,2,10
20239,12,1,5
20240,4,1,10
20240,23,1,0
20240,36,1,20
20241,52,2,5
20242,10,1,0
20242,57,1,20
20242,29,2,10
20243,3,1,0
20243,54,1,0
20243,5,1,20
20244,6,1,0
20245,54,1,5
20245,37,1,10
20245,3,1,5
20246,52,1,5
20246,21,2,0
20247,55,2,0
20247,42,1,0
20248,48,1,5
20248,5,1,0
20249,2,1,20
20249,52,2,0
20249,12,2,10
20250,11,1,5
20251,3,1,5
20251,14,2,0
20252,32,1,5
20252,44,1,5
20252,18,2,10
20253,1,1,5
20253,29,1,5
20254,8,1,5
20254,7,1,20
20255,4,1,5
20255,3,1,0
20255,31,2,20
20255,46,1,5
20256,31,1,0
20256,53,1,10
20257,51,1,0
20257,1,2,10
20257,7,2,10
20257,13,1,10
20258,22,1,10
20258,38,2,20
20258,4,1,5
20259,10,2,20
20260,49,1,5
20261,47,1,0
20261,55,1,5
20262,34,2,0
20262,53,3,10
20262,1,1,0
20262,1,1,0
20263,24,1,10
20263,1,2,0
20263,1,2,20
20264,15,1,5
20264,6,1,0
20264,42,3,10
20264,47,1,0
20265,58,1,20
20266,54,1,10
20266,13,1,0
20266,2,1,0
20266,10,1,5
